measurement_condition_key	hard_within_source_conflict	rows	record_ids	source_ids	targets_json	interpretation
MLMEASURE1:000f0171c0ff0fd3c9dd6125	true	2	PV13:0be3831b800c61038499f42c;PV13:c75a05d1b4e95a4226c2677a	swemacrocycledb_figshare_v1_ar_gt_0_3	"[[""-5.275"",""="",""""],[""-6.201"",""="",""""]]"	replicate_variability_or_condition_conflict_review
MLMEASURE1:005b8578a8bed293109a5d62	true	2	PV13:6503e196403e136f274d869c;PV13:e4f4c67704c950c61be06c03	swemacrocycledb_figshare_v1_ar_gt_0_3	"[[""-5.928"",""="",""""],[""-6.215"",""="",""""]]"	replicate_variability_or_condition_conflict_review
MLMEASURE1:00abffa40a820ea7d8d24189	true	2	PV13:8fa49a03c56032d5c3593da5;PV13:a97d69602bdadd11981f83e4	swemacrocycledb_figshare_v1_ar_gt_0_3	"[[""-6.071"",""="",""""],[""-6.357"",""="",""""]]"	replicate_variability_or_condition_conflict_review
MLMEASURE1:00ba86e5bd471fdff6cec2b7	true	2	PV13:567d9858b9b3cd0634ce0e59;PV13:5790aadd1e9bea46cc534659	CycPeptMPDB	"[[""-5.32"",""="",""""],[""-5.4"",""="",""""]]"	replicate_variability_or_condition_conflict_review
MLMEASURE1:00da98918b364f433bbe4628	true	2	PV13:ccffcb547b415eca8be20748;PV13:d7e7a86d64d5f50f4cae46e0	swemacrocycledb_figshare_v1_ar_gt_0_3	"[[""-6.022"",""="",""""],[""-6.26"",""="",""""]]"	replicate_variability_or_condition_conflict_review
MLMEASURE1:0127ec61eafad7ff65be6995	true	2	PV13:316a888c0c9561eb26026a07;PV13:95e5fad7f8e64362b68c9df3	CycPeptMPDB	"[[""-5.85"",""="",""""],[""-5.89"",""="",""""]]"	replicate_variability_or_condition_conflict_review
MLMEASURE1:015ee70ed33cc49e765738c7	true	2	PV13:cc3c35ce19dd6b7141f53cdd;PV13:f190515e59395092d513ce40	swemacrocycledb_figshare_v1_ar_gt_0_3	"[[""-5.403"",""="",""""],[""-6.149"",""="",""""]]"	replicate_variability_or_condition_conflict_review
MLMEASURE1:01ba637e600cce1849be389d	true	2	PV13:b348073e20bbe5321f188212;PV13:b86a9b6201a8874bdebedd4e	PEPlife2	"[[""3.2552725051"",""~"",""""],[""3.30535136945"",""~"",""""]]"	replicate_variability_or_condition_conflict_review
MLMEASURE1:027a835f53b3a90a0b3abd6b	true	9	PV13:009b4d78a28949f4d7c56723;PV13:0eeb02ed2e2005e6a89b3b94;PV13:4b46330e3f686f484505a75d;PV13:55b59211fd74e71ffb96f33e;PV13:65f93f5955bdaebed08fe112;PV13:90aa1bdf4f320431c1b86019;PV13:9f50f17a8c4e9c8d89169ce6;PV13:c00bad774cda71513765b738;PV13:e06fbd8804fd5a0b62aa531c	PEPlife2	"[[""-0.0969100130081"",""="",""""],[""-0.119186407719"",""="",""""],[""-0.130768280269"",""="",""""],[""-0.154901959986"",""="",""""],[""-0.161150909263"",""="",""""],[""-0.173925197299"",""="",""""],[""-0.200659450546"",""="",""""],[""-0.481486060122"",""="",""""],[""-1.31875876262"",""="",""""]]"	replicate_variability_or_condition_conflict_review
MLMEASURE1:028298e72748b3802c3de02a	true	2	PV13:29a6f25137d57fee4f36a18b;PV13:4fbfd1a1b0075db59e36d3ab	PEPlife2	"[[""2.38738982634"",""="",""""],[""2.86332286012"",""="",""""]]"	replicate_variability_or_condition_conflict_review
MLMEASURE1:02b4aef094cefb41d02293e0	true	2	PV13:d2f98d516ea0082c3a027937;PV13:eb2443fb15e6bf72dde28c00	CycPeptMPDB	"[[""-5.57"",""="",""""],[""-5.62"",""="",""""]]"	replicate_variability_or_condition_conflict_review
MLMEASURE1:02c79114e98be064c8ca6f49	true	2	PV13:65aeb06864cde58a238e4c60;PV13:a21875ecffd507da411dcfb0	swemacrocycledb_figshare_v1_ar_gt_0_3	"[[""-5.542"",""="",""""],[""-5.735"",""="",""""]]"	replicate_variability_or_condition_conflict_review
MLMEASURE1:02d2c7d8755342a7d46d75bd	true	2	PV13:041b06a84053c8d9fe75f58e;PV13:3714829b67fb8a7fd2e50a38	PEPlife2	"[[""-0.492593941376"",""="",""""],[""-0.805023396784"",""="",""""]]"	replicate_variability_or_condition_conflict_review
MLMEASURE1:02f4d1a8addbbca47a1b20ae	false	2	PV13:04bdbd6cc6da762925a4bf64;PV13:411fd5f54a25528ccb9f25ca	PEPlife2	"[[""-1.1153934187"",""="",""""],[""1.38021124171"",""="",""""]]"	replicate_variability_or_condition_conflict_review
MLMEASURE1:031d4ff1ad662277657bff91	true	3	PV13:56ec85b198bc3b4bd4dbe55a;PV13:7f22c578ab815d2982292d1e;PV13:f2b9846a954890b3fb3e08f3	PEPlife2	"[[""-0.638272163982"",""="",""""],[""0.734799829589"",""="",""""],[""0.882524537955"",""="",""""]]"	replicate_variability_or_condition_conflict_review
MLMEASURE1:034f652524b0470e315d4e98	true	2	PV13:696a9d4ee86f4bb10abffb75;PV13:ac4577417f60744926b5df96	PEPlife2	"[[""1.95424250944"",""="",""""],[""2.22901594276"",""="",""""]]"	replicate_variability_or_condition_conflict_review
MLMEASURE1:040b6c27b35ae53d8f01c00d	true	2	PV13:f1e073bda42f8337b5180460;PV13:f48b19b960dfd78d15fba86c	PEPlife2	"[[""-0.25701316668"",""="",""""],[""-0.853871964322"",""="",""""]]"	replicate_variability_or_condition_conflict_review
MLMEASURE1:055a44fbaca6bec26498819c	true	2	PV13:bb91acf302f0e2dc4f9cf41e;PV13:eb714914ec745e1061a90ba4	PEPlife2	"[[""-1.28678955655"",""="",""""],[""1.04921802267"",""="",""""]]"	replicate_variability_or_condition_conflict_review
MLMEASURE1:05c68b082c289692a8fba120	true	3	PV13:624ba866896c6a0d012f1b0a;PV13:e7da6edf0208154c940885a8;PV13:f9ce958a0ae4e5795f93afbf	PEPlife2	"[[""-0.493494967595"",""="",""""],[""-1.49485002168"",""="",""""],[""0.794488046659"",""="",""""]]"	replicate_variability_or_condition_conflict_review
MLMEASURE1:0628358c3f5de298a657f7bf	true	4	PV13:453cc277acd2fa5e5279b70d;PV13:81b238bfc327ed327e310805;PV13:b33de04716ef33b09fc3d422;PV13:cb51bc4f991d13a56806dc8d	swemacrocycledb_figshare_v1_ar_gt_0_3	"[[""-5.978810701"",""="",""""],[""-6.193820026"",""="",""""],[""-6.853871964"",""="",""""],[""-6.886056648"",""="",""""]]"	replicate_variability_or_condition_conflict_review
MLMEASURE1:06684cb39c44b1ccba14e9d7	true	2	PV13:0dbea61dadea938c776d7876;PV13:f9f93823d90e14e2212b21d4	PEPlife2	"[[""0.886490725172"",""="",""""],[""1.52244423351"",""="",""""]]"	replicate_variability_or_condition_conflict_review
MLMEASURE1:06768bf6e8433cfe0dc3d0f2	true	6	PV13:3d61cd8e8b139f95e4e98bf5;PV13:9fb5b8a2e67d1e49a458d6d9;PV13:aa14315f795eda3111310ebf;PV13:e34c061538e010641d26c256;PV13:ed7dbf98b571f71770c4e21a;PV13:eea128785a23613b62164bfc	PEPlife2	"[[""-0.38721614328"",""="",""""],[""-0.445712790468"",""="",""""],[""-0.492593941376"",""="",""""],[""1.32221929473"",""="",""""],[""1.34242268082"",""="",""""],[""1.34830486305"",""="",""""]]"	replicate_variability_or_condition_conflict_review
MLMEASURE1:07ae2a9c5c6ccf050f2c1e6a	true	3	PV13:7aeb6d9d08c2663bb03bd451;PV13:870da87107e3e6e0dfada1b2;PV13:bd56914e96eff18211c30205	PEPlife2	"[[""0.539076098793"",""="",""""],[""0.579783596617"",""="",""""],[""0.638489256955"",""="",""""]]"	replicate_variability_or_condition_conflict_review
MLMEASURE1:07ee6fe1b4ec3a5016a352ae	true	3	PV13:59953066a35e005e452abe0c;PV13:6cf8934020b0d7c1241c5bf0;PV13:90dc0fb26ac769fac9c06d8d	PEPlife2	"[[""2.18469143082"",""="",""""],[""2.19865708695"",""="",""""],[""2.20682587603"",""="",""""]]"	replicate_variability_or_condition_conflict_review
MLMEASURE1:0838b6ec3b9c346bd1c8f350	true	5	PV13:83a926e1dc4d4561579c6a28;PV13:871ed722b336a2021550f78e;PV13:89b9aaef1e703925e0310ae3;PV13:b3bf5c6d053c114ffc1dc529;PV13:c513ea66af55ea4b1fd72560	PEPlife2	"[[""-0.301029995664"",""="",""""],[""-2.07918124605"",""="",""""],[""0.431363764159"",""="",""""],[""0.845098040014"",""="",""""],[""1.05307844348"",""="",""""]]"	replicate_variability_or_condition_conflict_review
MLMEASURE1:084c30f6beb54bade7ba1ea5	false	2	PV13:3be870056492b09177f99831;PV13:5915ccd863800240fcede8ea	PEPlife2	"[[""0.13353890837"",""="",""""],[""0.247973266362"",""="",""""]]"	replicate_variability_or_condition_conflict_review
MLMEASURE1:091286e303c81c4f48170767	true	3	PV13:19c76c83067321422df1c3b3;PV13:5dd1b8752050b7ae90319499;PV13:dfb0ea71cb0d8b3c7587ca18	CycPeptMPDB	"[[""-5.04"",""="",""""],[""-5.66"",""="",""""],[""-6.12"",""="",""""]]"	replicate_variability_or_condition_conflict_review
MLMEASURE1:09bc2536a66ebb645e1e043e	true	3	PV13:7748a6f4a8ca79a2818bac3e;PV13:866f95d6dfe4ac2333fa380d;PV13:8b416859a6af32c63a2f58a6	PEPlife2	"[[""-0.301029995664"",""<"",""""],[""0.535294120043"",""="",""""],[""0.602059991328"","">"",""""]]"	replicate_variability_or_condition_conflict_review
MLMEASURE1:0a20a464a65a6d69f312ea2a	true	2	PV13:1d16903db98b4c362e4103bc;PV13:d396c07b1c393c3158aa43ef	PEPlife2	"[[""1.02530586526"",""="",""""],[""1.06445798923"",""="",""""]]"	replicate_variability_or_condition_conflict_review
MLMEASURE1:0af51500ddb3fe7aad80bb4d	true	2	PV13:3b6e674edef7ecc3387190f9;PV13:62f048013933f9c879238691	swemacrocycledb_figshare_v1_ar_gt_0_3	"[[""0.301029995664"",""="",""""],[""1"",""="",""""]]"	replicate_variability_or_condition_conflict_review
MLMEASURE1:0b171eb2efcdf3e00e2a922b	true	5	PV13:2681840d143f4a9092f79dea;PV13:2815ebab9f6385e9e89e9f8f;PV13:349083141387951b27dc8d21;PV13:b340d2af058d788a7c06eb82;PV13:c471acc9ba2ee794831b7942	PEPlife2	"[[""0.361727836018"",""="",""""],[""0.380211241712"",""="",""""],[""0.518513939878"",""="",""""],[""0.54406804435"",""="",""""],[""0.556302500767"",""="",""""]]"	replicate_variability_or_condition_conflict_review
MLMEASURE1:0b25951145d503665dee1772	true	5	PV13:2fb9ef80751f915ab959d3eb;PV13:5221cb340476cde5d39bbe45;PV13:78481b504fdd74bc5ee91892;PV13:bbcabb3030dadb4c4a9b9691;PV13:dc715f772d3ac198421092d2	PEPlife2	"[[""-0.590630529547"",""="",""""],[""-0.684729565221"",""="",""""],[""-0.752845385119"",""="",""""],[""1.26245108973"",""="",""""],[""1.30102999566"",""="",""""]]"	replicate_variability_or_condition_conflict_review
MLMEASURE1:0b2a12ced4a2f3d3f3c0f21d	true	5	PV13:9c3c82a1fa6067250eb1f363;PV13:9fd793738a54d852d4ec4fd1;PV13:a4d0e0c5ee1b45919c5e21f4;PV13:b5448b8b88d533a30cfbdd8b;PV13:b578011d44d58d2b775c0601	NIST ThermoML	"[[""-3.4020855288"",""="",""""],[""-3.61332271604"",""="",""""],[""-3.75399409592"",""="",""""],[""-3.77884667805"",""="",""""],[""-3.91009488856"",""="",""""]]"	replicate_variability_or_condition_conflict_review
MLMEASURE1:0b505d44ff249e50ea155389	true	3	PV13:90228b5bd0de0e929f4d5603;PV13:c1e4127784719f06ae6891e7;PV13:de9de4d6abdd00ca41125471	PEPlife2	"[[""0.27607865948"",""="",""""],[""0.813358558611"",""="",""""],[""1.11226976842"",""="",""""]]"	replicate_variability_or_condition_conflict_review
MLMEASURE1:0be6833a82f3321cdb642b9e	true	3	PV13:07f6d88cdd00e4c251a70204;PV13:5191e698f8d803a99b7d07a4;PV13:82d3ba3b588fb337b720a163	PEPlife2	"[[""-0.115393418702"",""="",""""],[""-1.77815125038"",""<"",""""],[""0.47712125472"","">"",""""]]"	replicate_variability_or_condition_conflict_review
MLMEASURE1:0c320e6b2946fa33bde3e0a6	true	4	PV13:6d23ab4f4deeda43b95f2007;PV13:965d9acfd2ebf7bd0a942a83;PV13:c637c009ae1447441684ab13;PV13:db7ec4627cac15865fa74430	CycPeptMPDB	"[[""-4.7"",""="",""""],[""-4.75"",""="",""""],[""-4.8"",""="",""""],[""-5.31"",""="",""""]]"	replicate_variability_or_condition_conflict_review
MLMEASURE1:0c874809070d4125aa0e2c90	true	2	PV13:0cccf87a9013fd6d7805d9cd;PV13:55a6e2b48f565b3a1d3d76b6	PEPlife2	"[[""0.0791812460476"",""="",""""],[""1.02118929907"",""="",""""]]"	replicate_variability_or_condition_conflict_review
MLMEASURE1:0cb4e3b977378b00650412ee	true	2	PV13:9eaa1c272d8c59aef3885728;PV13:d7a63ef33c3a74e9996fc081	PEPlife2	"[[""-0.0457574905607"",""="",""""],[""0.462397997899"",""="",""""]]"	replicate_variability_or_condition_conflict_review
MLMEASURE1:0cc84f8a85cc461ef38d98f2	true	3	PV13:420bf6776b37a12aec579ccf;PV13:639b89edcb718dddafbc5487;PV13:78509d59e452a1515037fa4c	PEPlife2	"[[""1.71600334363"",""="",""""],[""1.73239375982"",""="",""""],[""1.83884909074"",""="",""""]]"	replicate_variability_or_condition_conflict_review
MLMEASURE1:0d544deddcbdc210a18720c3	true	2	PV13:051afc428006cf788fbc0aab;PV13:ef11043a9735039ae4cb5045	PEPlife2	"[[""-0.170696227169"",""="",""""],[""-1.69536588007"",""="",""""]]"	replicate_variability_or_condition_conflict_review
MLMEASURE1:0d72ef1b75ae717fc8a98c32	true	6	PV13:2bead3268f46da71695d341a;PV13:54039ce1325b8253451713dd;PV13:57ca6db074eb118288896a8e;PV13:8b463ac4918695db02a60146;PV13:da85fb29ae17430e23b1ddf8;PV13:f0d4d1a8683ade5b1864acdf	PEPlife2	"[[""-0.0791812460476"",""="",""""],[""-0.0969100130081"",""="",""""],[""-0.124938736608"",""="",""""],[""-0.134698573897"",""="",""""],[""0.0969100130081"",""="",""""],[""0.102662341897"",""="",""""]]"	replicate_variability_or_condition_conflict_review
MLMEASURE1:0db5c6cc033ac1b8e89c0f8f	false	2	PV13:38ba71db35949f3071d5bad4;PV13:4df536a0fca4ff97d4c00aae	PEPlife2	"[[""0.556302500767"",""="",""""],[""0.591064607026"",""="",""""]]"	replicate_variability_or_condition_conflict_review
MLMEASURE1:0dc8ce91ed9e797dea0ab6a3	true	2	PV13:5a4434681a7330a7d00d92e0;PV13:b99432e640ccb84cd7448324	swemacrocycledb_figshare_v1_ar_gt_0_3	"[[""-6.208"",""="",""""],[""-6.284"",""="",""""]]"	replicate_variability_or_condition_conflict_review
MLMEASURE1:0e3c76f305dbfc609d22afe9	true	2	PV13:2eb56752dd8126e5aa7ebafa;PV13:6699156bc4c03dbee007022c	swemacrocycledb_figshare_v1_ar_gt_0_3	"[[""-6.678"",""="",""""],[""-7"",""="",""""]]"	replicate_variability_or_condition_conflict_review
MLMEASURE1:0e6c2284bcc7977096bb8ac4	true	2	PV13:1883f31f7160e6ec2f491b2c;PV13:dc4fe5cb9c2271d1a15335f8	PEPlife2	"[[""-0.14670748137"",""="",""""],[""-0.17826817831"",""="",""""]]"	replicate_variability_or_condition_conflict_review
MLMEASURE1:0e8d3d8ec0c28e757385aed8	true	2	PV13:18f3390da13a962ef1be6d12;PV13:5cfd579765ec3409bc345331	swemacrocycledb_figshare_v1_ar_gt_0_3	"[[""-5.399"",""="",""""],[""-5.409"",""="",""""]]"	replicate_variability_or_condition_conflict_review
MLMEASURE1:0ee715ca8123e5efb52a51fb	true	2	PV13:099e92b2cf8c740efaff1872;PV13:c6922d88fad821998a5d876b	PEPlife2	"[[""1.11394335231"",""="",""""],[""1.38021124171"",""="",""""]]"	replicate_variability_or_condition_conflict_review
MLMEASURE1:0f203a97328776bb0f4a6248	true	2	PV13:06f3d8d50c57bd1d4b5b0cf1;PV13:d212f5356b7228b8b14d61b6	swemacrocycledb_figshare_v1_ar_gt_0_3	"[[""-5.845"",""="",""""],[""-5.947"",""="",""""]]"	replicate_variability_or_condition_conflict_review
MLMEASURE1:0f6e001d37fece05471a4187	true	2	PV13:9558cced76e41889847a8b3b;PV13:a8f3a0254f383379354ec9ea	PEPlife2	"[[""-0.0393706918993"",""="",""""],[""-1.38021124171"",""="",""""]]"	replicate_variability_or_condition_conflict_review
MLMEASURE1:0f864708d724d3b5f5c47d65	true	2	PV13:993f5ef69bd7369957b81d10;PV13:d3a0806e396b1e8feff44288	PEPlife2	"[[""-1.07918124605"",""="",""""],[""-1.58781955221"",""="",""""]]"	replicate_variability_or_condition_conflict_review
MLMEASURE1:100f039276685d6f30bec938	true	2	PV13:112d067f43632020554cbfc5;PV13:5ff91079728e6cce087ada2e	PEPlife2	"[[""-1"",""="",""""],[""0"",""="",""""]]"	replicate_variability_or_condition_conflict_review
MLMEASURE1:1013137197f930e77ab5a21c	true	3	PV13:37a0c955dbae344a5e1446c0;PV13:a17c979a3a48f4eb272a3155;PV13:d7b0e95bb891e271f619b61c	PEPlife2	"[[""-0.234083206033"",""="",""""],[""-0.246672333341"",""="",""""],[""0.301029995664"",""="",""""]]"	replicate_variability_or_condition_conflict_review
MLMEASURE1:106435db51ce4c96c6306656	true	2	PV13:4755093285556743959babca;PV13:b39b6239d7ac8fabf32579e2	PMC12990038 primary article tables	"[[""-0.00436480540245"",""="",""""],[""0.49831055379"",""="",""""]]"	replicate_variability_or_condition_conflict_review
MLMEASURE1:10a21458f9166bd002e5aac7	true	2	PV13:6d3fff03e73eed5ea069e3f6;PV13:f7e61068c4143dc34a9d4a1b	CycPeptMPDB	"[[""-6.008306921"",""="",""""],[""-7.812398536"",""="",""""]]"	replicate_variability_or_condition_conflict_review
MLMEASURE1:1142ed1ce226d8aabdbe0410	true	3	PV13:0de6cadbb6b30e4988d59cc4;PV13:0fda815c21a859c0060b9a4a;PV13:2c3684f4a135e4c18db60957	PEPlife2	"[[""-0.375030729208"",""="",""""],[""-0.613798394599"",""="",""""],[""0.0737183503461"",""="",""""]]"	replicate_variability_or_condition_conflict_review
MLMEASURE1:12ef798013c84086986667cf	true	2	PV13:39c28523bcc472a63ac0e343;PV13:720ed56bac44dcd7e338cba9	swemacrocycledb_figshare_v1_ar_gt_0_3	"[[""-6.377"",""="",""""],[""-6.456"",""="",""""]]"	replicate_variability_or_condition_conflict_review
MLMEASURE1:12fff63b2b5b1128d4a41a31	true	4	PV13:127967d0c92cd06b43b72ee2;PV13:432e910b3dfdaf033785f091;PV13:588f0ecc18c1f8dfcde8438a;PV13:aea89d4329cbdceda02ebf04	PEPlife2	"[[""-0.769551078622"",""="",""""],[""0.643452676486"",""="",""""],[""0.698970004336"",""="",""""],[""1.07918124605"","">"",""""]]"	replicate_variability_or_condition_conflict_review
MLMEASURE1:13c60a602b12d821ad046aa3	true	2	PV13:32b7bef78392fd7e719114ff;PV13:733cbbb464694ee09ce26f60	CycPeptMPDB	"[[""-5.36"",""="",""""],[""-5.68"",""="",""""]]"	replicate_variability_or_condition_conflict_review
MLMEASURE1:13c6efa7c909af2a9eb857f3	true	2	PV13:2ff79556680fb2285e2c7778;PV13:3d383bbc420d5039ccafac1b	swemacrocycledb_figshare_v1_ar_gt_0_3	"[[""-5.833"",""="",""""],[""-5.854"",""="",""""]]"	replicate_variability_or_condition_conflict_review
MLMEASURE1:1480eac025cf98baa0647468	true	2	PV13:64e324e3be7994e00e8c1d27;PV13:e98da14eb7998d8dc027b315	PEPlife2	"[[""0.523746466812"",""="",""""],[""0.901458321396"",""="",""""]]"	replicate_variability_or_condition_conflict_review
MLMEASURE1:14c6eaa6d3b0bb2d727ae40a	true	2	PV13:6e1518978a823eb4d6211e09;PV13:70aec4b1afa3d8ae534a63f1	CycPeptMPDB	"[[""-5.54"",""="",""""],[""-5.55"",""="",""""]]"	replicate_variability_or_condition_conflict_review
MLMEASURE1:1514cbe53536e7a58fdf6f75	true	3	PV13:35d9cb9c7c5d844b7cbd21c1;PV13:5575c859d2f8bbf84c4a89ef;PV13:9e1f4b9d18d5e669a97a2dfd	PEPlife2	"[[""-0.267606240177"",""="",""""],[""-1.08354605145"",""="",""""],[""-1.12013985373"",""="",""""]]"	replicate_variability_or_condition_conflict_review
MLMEASURE1:153dd454e9dbe021e92d4d04	true	7	PV13:23d203cf0e3cbcbe618cd3df;PV13:23d458eaa47bea2eda61fd83;PV13:5ccd6d80e79ff62e52a93aba;PV13:5fa8a1e68afeae864e4f666d;PV13:96467d74fc0d1733966d4ca4;PV13:a116e32394d33b9b10b210d8;PV13:a574f796042a0b47ba1b51aa	PEPlife2	"[[""-1.43969475678"",""="",""""],[""-1.49034952045"",""="",""""],[""-1.50399340112"",""="",""""],[""-1.63827216398"",""="",""""],[""-1.71745341003"",""="",""""],[""-1.81436342304"",""="",""""],[""-1.88052415909"",""="",""""]]"	replicate_variability_or_condition_conflict_review
MLMEASURE1:1547f6ed5ce4bf92c2d1d886	true	2	PV13:3ec57db13385f13b617d0c46;PV13:c0f4b8e2694cf2491bc5d50d	PEPlife2	"[[""-0.0195421077239"",""="",""""],[""-0.0515870342214"",""="",""""]]"	replicate_variability_or_condition_conflict_review
MLMEASURE1:157978fa553b07a55b1dd845	true	4	PV13:155574e6423d16ac90782761;PV13:7a1720e1dd1425962247e013;PV13:b5d98f0b2356a6d4d6f63dc4;PV13:c791d95592adf476bba3f05a	PEPlife2	"[[""-0.736758565225"",""="",""""],[""-0.958607314842"",""="",""""],[""-1.02227639471"",""="",""""],[""-1.02996322338"",""="",""""]]"	replicate_variability_or_condition_conflict_review
MLMEASURE1:15de72398ce826705f9e0e54	true	3	PV13:0e92ae7d77f4b383b5b73a3f;PV13:7ce183d50199595ce9b31a3b;PV13:eeacb22c039d806382414ba6	PEPlife2	"[[""1.02530586526"",""="",""""],[""1.69019608003"",""="",""""],[""1.95327633667"",""="",""""]]"	replicate_variability_or_condition_conflict_review
MLMEASURE1:162adf09fbce52627a94c735	true	2	PV13:77a46cb72c8ae8a8d5fc4c91;PV13:87be275292c67001a523503e	PEPlife2	"[[""0.0791812460476"",""="",""""],[""0.672097857936"",""="",""""]]"	replicate_variability_or_condition_conflict_review
MLMEASURE1:16a71b405425e389e440a923	true	4	PV13:5911b84377a15cd9c9bd544c;PV13:8cb192d4f5c49678014e36b6;PV13:b7ed650309c64ce93044a53c;PV13:cb3c74a29255325037bdf7f5	PEPlife2	"[[""-0.301029995664"",""="",""""],[""-2.07918124605"",""="",""""],[""0.431363764159"",""="",""""],[""1.05307844348"",""="",""""]]"	replicate_variability_or_condition_conflict_review
MLMEASURE1:173b3530e1209a30997ff7cf	true	2	PV13:4c9c33ea5bae6c4dae5d5065;PV13:7a3651e2d4b4be5b5d088eee	PEPlife2	"[[""-0.0457574905607"",""="",""""],[""1.47712125472"","">"",""""]]"	replicate_variability_or_condition_conflict_review
MLMEASURE1:175b597ae1b74c406fd7b995	true	3	PV13:01173c51ec52c459527e2fda;PV13:4a15bece4d6c1ee84226bab2;PV13:5983be9b9f4f1da92f312c8e	PEPlife2	"[[""0.919601023784"",""="",""""],[""1.37162192718"",""="",""""],[""1.40500466505"",""="",""""]]"	replicate_variability_or_condition_conflict_review
MLMEASURE1:178e77f365f2cfa71033363f	true	2	PV13:1f9fbfcbd77ff1abeff0c62f;PV13:73a88e6fe50101704f7abeb0	PEPlife2	"[[""0.662757831682"",""="",""""],[""0.954242509439"",""="",""""]]"	replicate_variability_or_condition_conflict_review
MLMEASURE1:1797b62c6a51adf9c97e86ab	true	6	PV13:19906db78d8d4090289e728a;PV13:229ea351ea1e26cf993a61f4;PV13:4d97c8f6c8e6e51fe26fd9ac;PV13:6f521c16b950ba6b14e68fa4;PV13:97c4455f142cd4ae527fe107;PV13:ee2ea20ced6169434927afba	CycPeptMPDB	"[[""-5.01"",""="",""""],[""-5.71"",""="",""""],[""-5.72"",""="",""""],[""-6.15"",""="",""""],[""-6.2"",""="",""""],[""-6.6"",""="",""""]]"	replicate_variability_or_condition_conflict_review
MLMEASURE1:183ce5dd7f57d96361c872ea	true	2	PV13:7322cda1fb8e0a2511a635ac;PV13:864d0c8daf50a31a685f434e	PEPlife2	"[[""-1.07918124605"",""="",""""],[""0.0543576623226"",""="",""""]]"	replicate_variability_or_condition_conflict_review
MLMEASURE1:18637069ec8ab532110694a2	true	4	PV13:9f15135c13f800e78cb68deb;PV13:b765862d510c9d13c9e72d0f;PV13:ba707072b06c2a41dd590d0b;PV13:e2793ecebe4ce4cf784fb60d	swemacrocycledb_figshare_v1_ar_gt_0_3	"[[""-5.850780887"",""="",""""],[""-5.879426069"",""="",""""],[""-6"",""="",""""],[""-6.045757491"",""="",""""]]"	replicate_variability_or_condition_conflict_review
MLMEASURE1:18e729c400b484a965b4ea09	true	2	PV13:7b2e455bc890eaa7560aca82;PV13:e57cdb6ca4fa89ea040bb5d7	PEPlife2	"[[""-0.602059991328"",""="",""""],[""0.903089986992"",""="",""""]]"	replicate_variability_or_condition_conflict_review
MLMEASURE1:199aa1a32841b5982d643202	true	2	PV13:230e269e52a06edd35995efc;PV13:892a81eb6b8c541b8e8aba57	swemacrocycledb_figshare_v1_ar_gt_0_3	"[[""-6.721"",""="",""""],[""-7.699"",""="",""""]]"	replicate_variability_or_condition_conflict_review
MLMEASURE1:19c7fee0f1ff28b9521f9347	true	2	PV13:958a8ac4efc2584a4a78961f;PV13:cf4a2af84a0d555a88aee581	PEPlife2	"[[""-0.45593195565"",""="",""""],[""-0.933053210369"",""="",""""]]"	replicate_variability_or_condition_conflict_review
MLMEASURE1:19e86e4eb9501ae0da4372ac	true	4	PV13:00d1944b40bf3892a111f861;PV13:1f5f568cdc624d1941b4aeee;PV13:a061bf81d59c1e2b171f413f;PV13:ce7965cbb813a60aeb7ad299	NIST ThermoML	"[[""-2.57186520597"",""="",""""],[""-2.69680394258"",""="",""""],[""-2.85387196432"",""="",""""],[""-3.0043648054"",""="",""""]]"	replicate_variability_or_condition_conflict_review
MLMEASURE1:1b2f1e5ec8f332c5c9936e46	true	2	PV13:87732947f2e09eb29718bf0f;PV13:8c5db59b1bad03f7882e1bb4	PEPlife2	"[[""2.87506126339"",""="",""""],[""2.95424250944"",""="",""""]]"	replicate_variability_or_condition_conflict_review
MLMEASURE1:1b44b9d16548d59ea4ab080c	true	4	PV13:29b0c3cedab8662d21c91794;PV13:5bf5b1486a7fcad1b78124f8;PV13:62f217b72a96d27edc95a52b;PV13:e9030a248570e5b5e3456b0f	PEPlife2	"[[""-0.124938736608"",""="",""""],[""-0.967246969715"",""="",""""],[""0.430021276283"",""="",""""],[""0.845098040014"",""="",""""]]"	replicate_variability_or_condition_conflict_review
MLMEASURE1:1bf481ab8113ac32d6434ac9	true	2	PV13:18a3a2d36967f28383959f79;PV13:2a01c5cb14af9ae4c3204ada	PEPlife2	"[[""1.1105897103"",""="",""""],[""1.20682587603"",""="",""""]]"	replicate_variability_or_condition_conflict_review
MLMEASURE1:1cef9a9fb79502313a5db418	true	2	PV13:447e9c3a3d2165dc2335ba29;PV13:ab19784c4cfaa3501cf6f7af	swemacrocycledb_figshare_v1_ar_gt_0_3	"[[""-4.268"",""="",""""],[""-4.456"",""="",""""]]"	replicate_variability_or_condition_conflict_review
MLMEASURE1:1d2871344500649e577d3075	true	4	PV13:18549b8bee974410e3ccefab;PV13:1cf24926820b48bdfb7921ec;PV13:23180c215c7162a8d504e132;PV13:735976236f267c5b1b025909	PEPlife2	"[[""-0.0222763947112"",""="",""""],[""-0.602059991328"",""="",""""],[""-0.698970004336"",""="",""""],[""0.13353890837"",""="",""""]]"	replicate_variability_or_condition_conflict_review
MLMEASURE1:1d90ccf421bd4e14426326b5	true	2	PV13:25cf2def6f0ec8778a0e43bb;PV13:ed8d1c681d9515e1390de2be	swemacrocycledb_figshare_v1_ar_gt_0_3	"[[""-5.721"",""="",""""],[""-5.848"",""="",""""]]"	replicate_variability_or_condition_conflict_review
MLMEASURE1:1da2fda2b7cba1afa9764bd7	true	12	PV13:0596b3eba7cd0144cef622cd;PV13:168e747c6a4de70f210ec12c;PV13:4be7f549a5c899e8b276854d;PV13:65a84f3c15a37ea55714e2fc;PV13:6ccb98175e5a2e22bec9b192;PV13:7bd247b2261433681fbe3559;PV13:8b14196db02d0d202b303bf8;PV13:a4d9844a095039ece10ddb51;PV13:a6e730fee3ced9608a82f749;PV13:dfc53c8eab2d0086c445baf1;PV13:f338aae2f92a5cef23406e37;PV13:fd1a0a3e8b4edae1568efc6a	PEPlife2	"[[""-0.95926583579"",""="",""""],[""-0.990690775865"",""="",""""],[""-0.996395875731"",""="",""""],[""-0.999276778381"",""="",""""],[""-1"",""="",""""],[""-1.00729923874"",""="",""""],[""-1.02227639471"",""="",""""],[""-1.04495398528"",""="",""""],[""-1.07143346805"",""="",""""],[""-1.09420411963"",""="",""""],[""-1.10790539731"",""="",""""],[""-1.10976533369"",""="",""""]]"	replicate_variability_or_condition_conflict_review
MLMEASURE1:1f04819d9137a47c3be39e47	true	2	PV13:0185f4908a88be0d48715bc5;PV13:5b81c77c96b71af0e80bc90a	PEPlife2	"[[""1.5759956202"",""="",""""],[""1.59900923982"",""="",""""]]"	replicate_variability_or_condition_conflict_review
MLMEASURE1:1f18056667e0554e58d98386	true	2	PV13:a05f38f555e4e3bc0a1e7970;PV13:ce27a2c39490068b927b59b5	swemacrocycledb_figshare_v1_ar_gt_0_3	"[[""-5.633"",""="",""""],[""-5.983"",""="",""""]]"	replicate_variability_or_condition_conflict_review
MLMEASURE1:1f3a0c3fc26ea1b516227712	true	2	PV13:31c7b2621849a7a96756dacd;PV13:5d3e4222adcbab931d319314	PEPlife2	"[[""0.322219294734"",""="",""""],[""1.47712125472"","">"",""""]]"	replicate_variability_or_condition_conflict_review
MLMEASURE1:1f6afcfcd511e9e2167ea4db	true	3	PV13:a85cca4f50a4a58896f294a8;PV13:e54d3d1bac3d80a770abf456;PV13:ecee1ffc29e14cefae8c4056	PEPlife2	"[[""1.7923916895"",""="",""""],[""1.92427928606"",""="",""""],[""2.05307844348"",""="",""""]]"	replicate_variability_or_condition_conflict_review
MLMEASURE1:1f7efb584381cea0ceff2167	true	2	PV13:758494d1393f58718820052f;PV13:83bd44d7fdc82885cad23063	swemacrocycledb_figshare_v1_ar_gt_0_3	"[[""-5.475"",""="",""""],[""-6.292"",""="",""""]]"	replicate_variability_or_condition_conflict_review
MLMEASURE1:1faca545d1c525d916d27835	true	6	PV13:0ea9abd9959da712622fc22f;PV13:64a07b1204913352fc3663e6;PV13:8c0a7089ca8efecca75ecde5;PV13:a516ca611c6a5edbcca73b18;PV13:cb716baba264b2e18abbb19c;PV13:de52d308e538f099bbb65e10	PEPlife2	"[[""2.03342375549"",""="",""""],[""2.16554107672"",""="",""""],[""2.34869419027"",""="",""""],[""2.45939248776"",""="",""""],[""2.49415459402"",""="",""""],[""2.55630250077"",""="",""""]]"	replicate_variability_or_condition_conflict_review
MLMEASURE1:1fea8758c8668e00b67f2114	true	3	PV13:648595b245340f26f1f12e80;PV13:8d594f4d00fdd3fbf48f7438;PV13:c81c89eebc5856fb5109e82e	PEPlife2	"[[""0.315970345457"",""="",""""],[""0.41830129132"",""="",""""],[""0.550228353055"",""="",""""]]"	replicate_variability_or_condition_conflict_review
MLMEASURE1:2048058f734fa832f6fc4e2d	true	3	PV13:061e71947af51416743b8a7d;PV13:8f2e0aaaf82f8b467704dc49;PV13:dfe6b992f503ffeb10010b99	PEPlife2	"[[""1.61647551389"",""="",""""],[""1.76514679011"",""="",""""],[""1.87972649664"",""="",""""]]"	replicate_variability_or_condition_conflict_review
MLMEASURE1:205e96581c4447a639c08c33	true	2	PV13:01c56f960764e6a086239066;PV13:6665a5ec238e553e38273427	swemacrocycledb_figshare_v1_ar_gt_0_3	"[[""-5.939"",""="",""""],[""-6.119"",""="",""""]]"	replicate_variability_or_condition_conflict_review
MLMEASURE1:208b51aadf3c13285dcb5056	true	6	PV13:3e66bfb5fd242844b5401ad7;PV13:3f19458a0f58aca9226505c6;PV13:4aa44c9a5d1223efe02b0c5e;PV13:5d1a802c35d8febe6944f67d;PV13:7147567942ac7999e573199a;PV13:7b5453ef1b6f049cf10a0f7c	PEPlife2	"[[""-1.14066152087"",""="",""""],[""-1.33567148132"",""="",""""],[""-1.65104645202"",""="",""""],[""-1.70996538864"",""="",""""],[""-1.88052415909"",""="",""""],[""-2.07058107429"",""="",""""]]"	replicate_variability_or_condition_conflict_review
MLMEASURE1:20b03616fda1170ed4308acc	true	2	PV13:14f9144011a70738d6f78bea;PV13:acb0f83ef5c1f70289abf23a	CycPeptMPDB	"[[""-5.86"",""="",""""],[""-6.11"",""="",""""]]"	replicate_variability_or_condition_conflict_review
MLMEASURE1:20d944d22f5d17852d45f9d0	true	2	PV13:7b0f9e5050bcd67f7cac96fa;PV13:ca2b7588605cb04c7aae06b5	PEPlife2	"[[""-0.0377885608894"",""="",""""],[""0.697519937941"",""="",""""]]"	replicate_variability_or_condition_conflict_review
MLMEASURE1:20de5d3eae0d29ef80bc5da3	true	6	PV13:086a9012cbf05b31ae1c4660;PV13:2bf33afe70a76a0a56715562;PV13:62944e5ef68a673fc245e02b;PV13:64404feca38f81f0395abd19;PV13:9acc5cc9c28075959192cbce;PV13:cfde9ef6e53bdc170160acf3	PEPlife2	"[[""2.50731604008"",""="",""""],[""2.60809794633"",""="",""""],[""2.80345711565"",""="",""""],[""2.81157500587"",""="",""""],[""2.82736927305"",""="",""""],[""3.11581014141"",""="",""""]]"	replicate_variability_or_condition_conflict_review
MLMEASURE1:211fa65f4cae4a6a29bdad1a	true	2	PV13:a0af378222efc462a6ac24f4;PV13:e04dd325d3fe75ca34dd7b87	PEPlife2	"[[""0.602059991328"",""="",""""],[""1.30102999566"","">"",""""]]"	replicate_variability_or_condition_conflict_review
MLMEASURE1:21616d13bac5ec8daf1d8a88	true	2	PV13:968b084f5de73233bade8408;PV13:9e96b98848eb09f52950a7a8	swemacrocycledb_figshare_v1_ar_gt_0_3	"[[""-5.893"",""="",""""],[""-6.292"",""="",""""]]"	replicate_variability_or_condition_conflict_review
MLMEASURE1:21ad9896c5442d4f11cb844f	true	2	PV13:c765bdf002671e21798606d5;PV13:f395b79fe351eca95ad206a3	PEPlife2	"[[""-0.782516055786"",""="",""""],[""-0.945642337677"",""="",""""]]"	replicate_variability_or_condition_conflict_review
MLMEASURE1:21ba1c093038ccc15f005d99	true	2	PV13:16d0dfc06da5494eff0b1fe7;PV13:6ff6ce19bad34d0027915dc0	acs_jmedchem_5c00544	"[[""1.2"",""="",""""],[""1.86"",""="",""""]]"	replicate_variability_or_condition_conflict_review
MLMEASURE1:222091a517b15b324ab4821f	true	2	PV13:3ed26978435a3905f0450eb6;PV13:f5e56234e19ec02ffacb480b	PEPlife2	"[[""-0.891660525211"",""="",""""],[""-1.87506126339"",""="",""""]]"	replicate_variability_or_condition_conflict_review
MLMEASURE1:224410a239710ce4d86aedfb	true	6	PV13:18984f742ea62b0fa4595609;PV13:2d2ad31d8f1ee1de08a99722;PV13:476cca24565d3b95498d7436;PV13:581236b568b9bab61b511d8f;PV13:6f02aff449523170dc9fb493;PV13:701494b1674f68ccce0bc6f4	PEPlife2	"[[""-0.908919530653"",""="",""""],[""-0.939302159646"",""="",""""],[""-0.958607314842"",""="",""""],[""-0.985759560885"",""="",""""],[""-1.00729923874"",""="",""""],[""-1.10605339245"",""="",""""]]"	replicate_variability_or_condition_conflict_review
MLMEASURE1:22bcda2647e25393dcbf5b5b	true	2	PV13:ec6b5aa7085c625e2e8155c2;PV13:fbb9fb10b81a9bb788ca0950	swemacrocycledb_figshare_v1_ar_gt_0_3	"[[""-6.62"",""="",""""],[""-7.097"",""="",""""]]"	replicate_variability_or_condition_conflict_review
MLMEASURE1:22ee13bbbef2bb813f1789ee	true	2	PV13:13dafb0332de3508c358872a;PV13:ff3e8cc27c55573e33537ee2	PEPlife2	"[[""-0.462180904927"",""="",""""],[""-1.18708664336"",""="",""""]]"	replicate_variability_or_condition_conflict_review
MLMEASURE1:22f9630768ea21ead3821a33	true	2	PV13:07f4fe4287aa2f3b1356dbc5;PV13:dcde35eabe9e67039c7a0b9b	PEPlife2	"[[""-0.234083206033"",""="",""""],[""-0.363177902413"",""="",""""]]"	replicate_variability_or_condition_conflict_review
MLMEASURE1:2305bff359aef42e71f28f9a	true	2	PV13:89ab2117502f0fc7a71a0299;PV13:fb279c9b6b28b7c85825b28a	CycPeptMPDB	"[[""-5.547767803"",""="",""""],[""-7.752085706"",""="",""""]]"	replicate_variability_or_condition_conflict_review
MLMEASURE1:23431c4028bf563b250ede00	true	2	PV13:6a7e61d0505e5de44ed6a496;PV13:d70aeb09478f471e32db8985	swemacrocycledb_figshare_v1_ar_gt_0_3	"[[""-6.602"",""="",""""],[""-6.886"",""="",""""]]"	replicate_variability_or_condition_conflict_review
MLMEASURE1:237bcceea4db0cf3fbbc41c8	true	2	PV13:4050e5e542f1858688a3ef7f;PV13:bd780e324664c7fa938ecc55	swemacrocycledb_figshare_v1_ar_gt_0_3	"[[""-5.304"",""="",""""],[""-6.215"",""="",""""]]"	replicate_variability_or_condition_conflict_review
MLMEASURE1:23a1a482e11937138f123cb8	true	2	PV13:143c3282590b0cd9bb6060eb;PV13:908523f982ea37c943ed5f12	PEPlife2	"[[""-0.187086643357"",""="",""""],[""-1"",""="",""""]]"	replicate_variability_or_condition_conflict_review
MLMEASURE1:23ef57cfbf798c490fa52e00	true	2	PV13:430a25e224f13932d4aaaf6f;PV13:75cae99b5e808f7304bcffe0	PEPlife2	"[[""-0.442292339064"",""="",""""],[""-0.819587367162"",""="",""""]]"	replicate_variability_or_condition_conflict_review
MLMEASURE1:241a17f2b109ddc37c791821	true	3	PV13:11e6ed2f8852c097f1099474;PV13:2fb0776a49cc210c9b1a030f;PV13:805e0b57c9c7a85a8e583e60	PEPlife2	"[[""0.350248018334"",""="",""""],[""0.408239965312"",""="",""""],[""0.469822015978"",""="",""""]]"	replicate_variability_or_condition_conflict_review
MLMEASURE1:245eda0ae2aeae469cca5e45	true	2	PV13:bf9d5ed103b0697dab310d57;PV13:e7cc13494965ce678e7ed321	PEPlife2	"[[""-0.542622803476"",""="",""""],[""-0.721246399047"",""="",""""]]"	replicate_variability_or_condition_conflict_review
MLMEASURE1:251b43abaa9ddc36d3470403	true	2	PV13:bb7da20ba128ccf791d1748b;PV13:c89e64dc7953ec10de7c0b4b	PEPlife2	"[[""-0.329599511182"",""="",""""],[""-1.56543109597"",""="",""""]]"	replicate_variability_or_condition_conflict_review
MLMEASURE1:2543dd94d3f6fecc06e74d5b	true	6	PV13:0b6261e431b2c2682a4737ef;PV13:3f4fc095c9c801b9c1c20499;PV13:c11d0f6ea51439ad6e0f97a8;PV13:d368b174f6aeca8e7c837c32;PV13:f21f4adcef5b7325e05922b9;PV13:f8e81695705bda363a035089	PEPlife2	"[[""1.39794000867"",""="",""""],[""1.42975228"",""="",""""],[""1.47567118832"",""="",""""],[""1.47712125472"",""="",""""],[""1.49136169383"",""="",""""],[""1.50242711998"",""="",""""]]"	replicate_variability_or_condition_conflict_review
MLMEASURE1:256c93da40abba045bc2f3eb	true	4	PV13:24a33364875116a1689ce13d;PV13:27d5c64f917402d8f20d8b07;PV13:cf38f28ba7608d1ea0a3b9c6;PV13:d6abc8ea03e7a0f1ead08bae	PEPlife2	"[[""-0.615586843861"",""="",""""],[""-0.70590135277"",""="",""""],[""-1.49034952045"",""="",""""],[""-1.75284538512"",""="",""""]]"	replicate_variability_or_condition_conflict_review
MLMEASURE1:258c41fcf17c1c5719783e24	true	2	PV13:d18ccad4ae07cc3b16c61038;PV13:fd291252835f4fd5ed559164	CycPeptMPDB	"[[""-5.19"",""="",""""],[""-5.46"",""="",""""]]"	replicate_variability_or_condition_conflict_review
MLMEASURE1:25dd8bb50fee4ab63637c886	true	2	PV13:c923f4e99ee581a8e7527738;PV13:d6f075d365f08f531233fea7	PEPlife2	"[[""2.16435285578"",""="",""""],[""2.19865708695"",""="",""""]]"	replicate_variability_or_condition_conflict_review
MLMEASURE1:25e89f4cb72dc0ecd6300c54	true	2	PV14:63dd5009ac2880944ee5ab64;PV14:90b666c15be3ef73f7a9abde	primary_pk_literature_v14	"[[""4.216666666666666666666666668"",""="",""""],[""4.250000000000000000000000001"",""="",""""]]"	replicate_variability_or_condition_conflict_review
MLMEASURE1:25ecfe77c327c2fcb25d39e0	true	9	PV13:01e34f1f4c2e300afa46870c;PV13:1a0bdf7aadf0da7d706bacf4;PV13:339be3a5966e9b1cc4c6347f;PV13:6c1b96d71a52787916e6a4fd;PV13:6d161214c34743b10c12c29c;PV13:7468ccacb1f4d46accabfe58;PV13:79fe9dd234b8dd1c3b1cd66c;PV13:89ef3bf175bfcdcb67e09c75;PV13:da27f46378be1c4c4a276e2f	PEPlife2	"[[""-0.293993826018"",""="",""""],[""-0.340717806586"",""="",""""],[""-0.384751555091"",""="",""""],[""-0.791827473333"",""="",""""],[""-0.845677485706"",""="",""""],[""-0.866993641644"",""="",""""],[""-1.61678324815"",""="",""""],[""-1.66420789808"",""="",""""],[""-1.68472956522"",""="",""""]]"	replicate_variability_or_condition_conflict_review
MLMEASURE1:262e9f3fcb26146c83c882e1	true	6	PV13:29da5fc5de7c44e720f8eee4;PV13:6463f781e5250ea0752e5bce;PV13:7dfd5335f16f6ddf6b6f6dd5;PV13:a85c9fcf1e52a1873e712fe5;PV13:bb7588f77f73ccea4be32320;PV13:c8d4f7ab89e117f61439dab1	PEPlife2	"[[""0.867467487859"",""="",""""],[""1.02118929907"",""="",""""],[""1.11925588928"",""="",""""],[""1.20951501454"",""="",""""],[""1.29972515398"",""="",""""],[""1.30037806487"",""="",""""]]"	replicate_variability_or_condition_conflict_review
MLMEASURE1:265bff6edaf513af03611f34	true	3	PV13:54d392541b296812bbf27605;PV13:561160ada9b3c18ad0b4d816;PV13:a79a8922bf3e0c68fe9cdf7a	PEPlife2	"[[""-0.52287874528"",""="",""""],[""-0.602059991328"",""="",""""],[""0"",""="",""""]]"	replicate_variability_or_condition_conflict_review
MLMEASURE1:2718aaf849a53b7ba16e4119	true	3	PV13:1923167e79b290c0bcf1832b;PV13:414125fc891205c250d184df;PV13:663658095c69ddc1414b8c7b	PEPlife2	"[[""2.0170333393"",""="",""""],[""2.07918124605"",""="",""""],[""2.10720996965"",""="",""""]]"	replicate_variability_or_condition_conflict_review
MLMEASURE1:276bc4da45fe7232e0d5b37d	true	2	PV13:546641b0088a94559f186669;PV13:bae70155563e43ae45d0a433	PEPlife2	"[[""-1.34678748622"",""="",""""],[""-1.45593195565"",""="",""""]]"	replicate_variability_or_condition_conflict_review
MLMEASURE1:27d8f7ffb35cdff04c5741a8	true	2	PV13:2e3e809cc699ef19e1696562;PV13:5a603e488e91e6ad63233e21	PEPlife2	"[[""1.65321251378"",""="",""""],[""1.93951925262"",""="",""""]]"	replicate_variability_or_condition_conflict_review
MLMEASURE1:27f82582192cc699aaf4108c	true	2	PV13:ae3ce40955895ff0dffbfc5d;PV13:ba8f9817067f98f24fbb3ac2	PEPlife2	"[[""-0.563837352959"",""="",""""],[""-1.38721614328"",""="",""""]]"	replicate_variability_or_condition_conflict_review
MLMEASURE1:286f2c2327c9247eb953c55e	true	2	PV13:1a83a6cc5e1d9ff0a36de221;PV13:29475d85917bb22a5c44afb4	swemacrocycledb_figshare_v1_ar_gt_0_3	"[[""-5.928"",""="",""""],[""-6.187"",""="",""""]]"	replicate_variability_or_condition_conflict_review
MLMEASURE1:290762a0ccf0aafa6a5cac8f	true	12	PV13:1720e96ecc303fdf86c0019d;PV13:25fb94dfea6dae96a32d078b;PV13:2fb6cdc0ad47ab2d28fd0fb5;PV13:410b625ff4bdb62cf8c34fe7;PV13:42d039e29893b0b39d4a4acf;PV13:4e8807fce4f98b465939447f;PV13:60a5cce36541ee1e19c2e5bd;PV13:6cd6de824975ce89ef5658ae;PV13:b0a01f54b008fe3c3ce1228d;PV13:b4a92ed33960f0ccb3f1f969;PV13:d7a11170081974ea69b7db39;PV13:d7de3cee03fa0c489525b53f	PEPlife2	"[[""-0.164309428508"",""="",""""],[""-0.282606912837"",""="",""""],[""-0.451815389455"",""="",""""],[""-0.485895179027"",""="",""""],[""-0.542622803476"",""="",""""],[""-0.545155139991"",""="",""""],[""-0.681241237376"",""="",""""],[""-0.684729565221"",""="",""""],[""-0.695365880067"",""="",""""],[""-0.702604288991"",""="",""""],[""-0.721246399047"",""="",""""],[""-0.7250728069"",""="",""""]]"	replicate_variability_or_condition_conflict_review
MLMEASURE1:29851cf1906973b8530a249f	true	2	PV13:45157fc00f1afd1a49cd7b24;PV13:5fa3e67d1a4cb43006c79ca8	PEPlife2	"[[""0.50514997832"",""="",""""],[""0.954242509439"",""="",""""]]"	replicate_variability_or_condition_conflict_review
MLMEASURE1:2986ef0f0fe26a2dbcb755c2	true	7	PV13:5f14804876a002a696f7f7c2;PV13:6516490716593e9a1c3c36c4;PV13:71c9a89b3566f73ef43e57a5;PV13:8db40d103fe4d876fcc1aa35;PV13:a06186c4209ee292f3cea14c;PV13:b6d2b98b84e8232f89550d79;PV13:f435926af3dd27b8b8d4b1ad	NIST ThermoML	"[[""0.20139712432"",""="",""""],[""0.494154594018"",""="",""""],[""0.779596491258"",""="",""""],[""1.08990511144"",""="",""""],[""1.34849957028"",""="",""""],[""1.62013605497"",""="",""""],[""1.85943853546"",""="",""""]]"	replicate_variability_or_condition_conflict_review
MLMEASURE1:29f24d7df24f75f1d5ddf10d	true	2	PV13:7abe50bb004e7e92e3acc347;PV13:aa1943d1706fc7d4eb1d1cfa	PEPlife2	"[[""1.70018432962"",""="",""""],[""1.82477646248"",""="",""""]]"	replicate_variability_or_condition_conflict_review
MLMEASURE1:2a6219a5d0e59f58fd96ab02	true	2	PV13:7133ad7ae00813001923ba50;PV13:97181ca69815564e0db8f154	PEPlife2	"[[""1.04139268516"",""="",""""],[""1.38021124171"",""="",""""]]"	replicate_variability_or_condition_conflict_review
MLMEASURE1:2a7304ef5e465e21e8d294e9	true	5	PV13:3e7134703c32554295304a65;PV13:4a79250e4e7ec63c127fd059;PV13:4cf7d743d8fdcc49e0ffd59f;PV13:a71e0a118226949ceedb25ce;PV13:c6ed09a446470cf810a297d5	NIST ThermoML	"[[""-2.11125903932"",""="",""""],[""-2.15304467498"",""="",""""],[""-2.20690839982"",""="",""""],[""-2.2644011003"",""="",""""],[""-2.311580178"",""="",""""]]"	replicate_variability_or_condition_conflict_review
MLMEASURE1:2b3c8a71396ae6a17f58fe72	true	4	PV13:3a769e8a4dbb2b009c84ddf7;PV13:5f92970d1a39b528a29e5e99;PV13:cb5ab28b97bccddb4d562d7a;PV13:f69c04eb6450fce0d3609910	PEPlife2	"[[""-1.45593195565"",""="",""""],[""0.0543576623226"",""="",""""],[""0.342422680822"",""="",""""],[""0.87409509062"",""="",""""]]"	replicate_variability_or_condition_conflict_review
MLMEASURE1:2b3cb006dc015e3a04a0a908	true	2	PV13:94de56530df1dfe7976c6fad;PV13:d4fc8755bc38f9d63cda569f	CycPeptMPDB	"[[""-5.21"",""="",""""],[""-6.22"",""="",""""]]"	replicate_variability_or_condition_conflict_review
MLMEASURE1:2bbaad4b61f684e56bfa02a2	true	5	PV13:08f6147789629f2d79282ecf;PV13:1dec9e719618a78edd2a5d76;PV13:8a05062a001e92f3d2ff8bb4;PV13:92d3ea4ca608ae2612a26160;PV13:dec3bf9eab9538756bb02955	NIST ThermoML	"[[""-2.2808593803"",""="",""""],[""-2.39318885308"",""="",""""],[""-2.50721168297"",""="",""""],[""-2.70348837534"",""="",""""],[""-2.77866402047"",""="",""""]]"	replicate_variability_or_condition_conflict_review
MLMEASURE1:2be2846ad5417f70a1c3e449	true	2	PV13:9fc2b15bbaf69d6f7074c1ef;PV13:e5f38c6e51b61c207ec409f6	CycPeptMPDB	"[[""-5.46"",""="",""""],[""-6.2"",""="",""""]]"	replicate_variability_or_condition_conflict_review
MLMEASURE1:2bee6934a2a48e14d12f10a6	true	2	PV13:78e14d62b73ebbb452bb6043;PV13:dd9b9c752d2975fbcfc446db	PEPlife2	"[[""-0.939302159646"",""="",""""],[""-1.1446827948"",""="",""""]]"	replicate_variability_or_condition_conflict_review
MLMEASURE1:2c0dd7c56861b0b729d0bd1e	true	3	PV13:0e7d07afa773555b8a541281;PV13:23b7586c20a055dcc45388bc;PV13:7f421fbd7d3feb7b597e8290	PEPlife2	"[[""1.07918124605"","">"",""""],[""1.30102999566"","">"",""""],[""1.38021124171"",""="",""""]]"	replicate_variability_or_condition_conflict_review
MLMEASURE1:2c44bca489f4f4f96af2118e	true	4	PV13:0e91347fc749aaa699e0e800;PV13:22d528b6b4de0ec6b2dccd3a;PV13:590c7da3b59c7016a8763011;PV13:ac070fb556c375386dfe00a0	PEPlife2	"[[""1.44090908207"",""="",""""],[""1.48713837548"",""="",""""],[""1.49692964807"",""="",""""],[""1.50105926222"",""="",""""]]"	replicate_variability_or_condition_conflict_review
MLMEASURE1:2d6f61636a0782c96a4a5fff	true	18	PV13:07cee4e45cac9b53c52b5705;PV13:1776eeac804ded86de22ad7e;PV13:1df8816525faba646dc79a79;PV13:21013dd6940bee9b15fdb454;PV13:232205bfdd1233ca9f879e8c;PV13:35dbb8bfb368a7cc7bff69f3;PV13:3e7279846dde6ee1fa2c0a2b;PV13:49e83bfa085d165808c3120b;PV13:7aaaa863f66c7931444aac5b;PV13:81ec7438a46723d49a664217;PV13:9425a4debf52988d2af63e0a;PV13:9dc3bb7dc769ffb6b580f0e0;PV13:a4de2f8df1339a6a22fbbbd1;PV13:ba4d67ea28c21f453e5c4b16;PV13:baa5c6626b8e69355129380a;PV13:e7c7434d104aa3203ff7d1d2;PV13:ee9b136d94d9a49db8d41756;PV13:f28f289d46bfad1d830b6077	PEPlife2	"[[""-0.0139751179933"",""="",""""],[""-0.0481769646841"",""="",""""],[""-0.0638214906384"",""="",""""],[""-0.0765832653277"",""="",""""],[""-0.0774475332386"",""="",""""],[""-0.133712660916"",""="",""""],[""-0.177178354697"",""="",""""],[""-0.188201649058"",""="",""""],[""-0.191563945712"",""="",""""],[""-0.193820026016"",""="",""""],[""-0.205279648183"",""="",""""],[""-0.207608310502"",""="",""""],[""0.0505086461517"",""="",""""],[""0.128722284338"",""="",""""],[""0.13193929521"",""="",""""],[""0.137775961313"",""="",""""],[""0.146644745414"",""="",""""],[""0.180890141937"",""="",""""]]"	replicate_variability_or_condition_conflict_review
MLMEASURE1:2e32e9ebc3363d84d0f4e37d	true	2	PV13:4d3635eb5f644a5e37f8457a;PV13:5a9d697e9c2560cc05b69dac	swemacrocycledb_figshare_v1_ar_gt_0_3	"[[""-6.959"",""="",""""],[""-7.155"",""="",""""]]"	replicate_variability_or_condition_conflict_review
MLMEASURE1:2f68471e374375ab3ee18600	true	2	PV13:9ce6a65e202a3fd168570289;PV13:dbd916f01aac416aaf7eaf43	swemacrocycledb_figshare_v1_ar_gt_0_3	"[[""-5.708"",""="",""""],[""-6.009"",""="",""""]]"	replicate_variability_or_condition_conflict_review
MLMEASURE1:2fd6f9a33a52e798176bc1e2	true	2	PV13:1fad96abf4e5e17ee8e6c6b8;PV13:2c024222c353ecad8f2a00ae	swemacrocycledb_figshare_v1_ar_gt_0_3	"[[""-6.585"",""="",""""],[""-6.886"",""="",""""]]"	replicate_variability_or_condition_conflict_review
MLMEASURE1:2ff5012bd92cfd30d3507582	true	3	PV13:7523442e0cb5545bb960f375;PV13:c5e16b26520ba8adefae36da;PV13:eb2cb9561819d60c385df354	PEPlife2	"[[""-0.0147232568207"",""="",""""],[""-0.0705810742857"",""="",""""],[""-0.0791812460476"",""="",""""]]"	replicate_variability_or_condition_conflict_review
MLMEASURE1:306fffa77c3f84e02a2b8301	true	2	PV13:50adb3710b0636c26caf7e0d;PV13:e585480997e1627e59ec63b5	swemacrocycledb_figshare_v1_ar_gt_0_3	"[[""-6.367"",""="",""""],[""-6.553"",""="",""""]]"	replicate_variability_or_condition_conflict_review
MLMEASURE1:308f33b38c4c84934087de7b	true	3	PV13:3ce2367ca49e03e012268bae;PV13:78966626f6f95a1ad132be1d;PV13:f31f0c25c5e620e59629260e	PEPlife2	"[[""-1.04575749056"",""="",""""],[""-1.66420789808"",""="",""""],[""-1.82390874094"",""="",""""]]"	replicate_variability_or_condition_conflict_review
MLMEASURE1:30f067c351e87757c6b20aff	true	2	PV13:3185799005a87feb6e59c23e;PV13:b586fbb04a1a99c6afb9d154	swemacrocycledb_figshare_v1_ar_gt_0_3	"[[""-5.951"",""="",""""],[""-6.18"",""="",""""]]"	replicate_variability_or_condition_conflict_review
MLMEASURE1:311b3cffaa91b8415e3adfc3	true	2	PV13:92e18a209669201a03e4aa70;PV13:d153538d251bdc54f9ecb857	PEPlife2	"[[""-0.110698297494"",""="",""""],[""-0.293851411037"",""="",""""]]"	replicate_variability_or_condition_conflict_review
MLMEASURE1:313c568b785bce657c547b70	true	2	PV13:092acb7649c48ef73bd50b3a;PV13:ca547220015bbb5c07d0614c	PEPlife2	"[[""0.146128035678"",""="",""""],[""1.47712125472"","">"",""""]]"	replicate_variability_or_condition_conflict_review
MLMEASURE1:314712a69081269b01ef2289	true	2	PV13:88fdefbd2a5b9466d429b0d6;PV13:be858f77b9ab089bce60144e	PEPlife2	"[[""-0.481486060122"",""="",""""],[""0.173186268412"",""="",""""]]"	replicate_variability_or_condition_conflict_review
MLMEASURE1:3178e3f894e09a630738faf4	true	2	PV13:e6d74cba646b2fb33da7c4ea;PV13:f8c3d20a6af44318a712d644	swemacrocycledb_figshare_v1_ar_gt_0_3	"[[""-5.796"",""="",""""],[""-6.509"",""="",""""]]"	replicate_variability_or_condition_conflict_review
MLMEASURE1:333aadf88c78e64b1dd78106	true	4	PV13:3524eaa477841ca4b28127e2;PV13:3f11797ee742b43a159f60ea;PV13:d7af69ef17f4670aa6125053;PV13:f761e1997cc5fe16418306d4	swemacrocycledb_figshare_v1_ar_gt_0_3	"[[""-6.080921908"",""="",""""],[""-6.292429824"",""="",""""],[""-6.602059991"",""="",""""],[""-6.698970004"",""="",""""]]"	replicate_variability_or_condition_conflict_review
MLMEASURE1:33f1f942f7f3e1887606f13c	true	2	PV13:4672d24e4dc44a6336786928;PV13:6a0e9e1b0deed80a16c9c461	PEPlife2	"[[""-1.00290499064"",""="",""""],[""-1.75284538512"",""="",""""]]"	replicate_variability_or_condition_conflict_review
MLMEASURE1:342202dcb535b14d7bed640a	true	2	PV13:66ab055c777a1ce30bf235e5;PV13:bc4e78675ba50e04f4bef7bc	PEPlife2	"[[""-0.810603274165"",""="",""""],[""-1.2757241304"",""="",""""]]"	replicate_variability_or_condition_conflict_review
MLMEASURE1:346694b9350afb48d126267d	true	2	PV13:58252599252e0b32d3706e67;PV13:a488533398cbb3b7e11fe41c	swemacrocycledb_figshare_v1_ar_gt_0_3	"[[""-6.31"",""="",""""],[""-6.921"",""="",""""]]"	replicate_variability_or_condition_conflict_review
MLMEASURE1:34f53e28e40413af8c656bb2	false	2	PV13:9fad87271c412c27b95751bf;PV13:d1766fa02676d19d9a450ee3	PEPlife2	"[[""0.991226075692"",""="",""""],[""1.30963016743"",""="",""""]]"	replicate_variability_or_condition_conflict_review
MLMEASURE1:350c6548643ad1193f523d6d	true	2	PV13:3c953931bdbc403b8a0b3ba0;PV13:ec1617aa6f1e50918ce56bd9	swemacrocycledb_figshare_v1_ar_gt_0_3	"[[""-5.483"",""="",""""],[""-5.562"",""="",""""]]"	replicate_variability_or_condition_conflict_review
MLMEASURE1:350dc4ff4aa005eeacb81a2b	true	5	PV13:0a58c1afc0f6e0e4dd77e411;PV13:53fb2bc8c6dc60331484265e;PV13:6028583c4425fd2d79f24462;PV13:b0d8ee2703a76e91aefb30a1;PV13:e60b2490771e50f332586ddb	PEPlife2	"[[""1.04139268516"",""="",""""],[""1.07918124605"",""="",""""],[""1.11394335231"",""="",""""],[""1.14612803568"",""="",""""],[""1.17609125906"",""="",""""]]"	replicate_variability_or_condition_conflict_review
MLMEASURE1:355c6ebcbfdd7b543a4f7a1c	true	4	PV13:078bdf33db79d1b1f3a1e0b7;PV13:1642ca4e605631f2bba825c4;PV13:b49a9be901e4a043ae8b033f;PV13:e568776c769481d39f7c7fda	PEPlife2	"[[""-0.47712125472"",""="",""""],[""-0.52287874528"",""="",""""],[""0.0543576623226"",""="",""""],[""0.301029995664"","">"",""""]]"	replicate_variability_or_condition_conflict_review
MLMEASURE1:359453dcc565850c4488ab75	true	4	PV13:9d6ba44cebc48c0f556b872d;PV13:e2b2e7c5b658ad5f49aed349;PV13:e37dd0d9b8df3b957f6fe6ff;PV13:f9252ee483c9b7a112ad8a20	swemacrocycledb_figshare_v1_ar_gt_0_3	"[[""0.447158031342"",""="",""""],[""0.690196080029"",""="",""""],[""0.785329835011"",""="",""""],[""1.11394335231"",""="",""""]]"	replicate_variability_or_condition_conflict_review
MLMEASURE1:3597990d080f318571dafef5	true	2	PV14:9b4009e7c3512992522b4c66;PV14:a2606140a791d836b70ce0b4	primary_pk_literature_v14	"[[""9.300000000000000000000000002"",""="",""""],[""9.366666666666666666666666669"",""="",""""]]"	replicate_variability_or_condition_conflict_review
MLMEASURE1:366d7fbc5c48171a478b4832	true	2	PV13:24b565031e766acfab527203;PV13:bc8ecacbfc679645eb80d32c	swemacrocycledb_figshare_v1_ar_gt_0_3	"[[""-5.764"",""="",""""],[""-6.102"",""="",""""]]"	replicate_variability_or_condition_conflict_review
MLMEASURE1:36d14ee07cd6bcbca54f36cf	true	5	PV13:0f2169b7d923c47346135588;PV13:9e84ac88fa2c71b9d5779c3e;PV13:a29d4b6bcd8036c769ac5f91;PV13:a87b837bb838c357356ec461;PV13:e66956f83ccf2a25717522b5	PEPlife2	"[[""-0.0222763947112"",""="",""""],[""-0.744727494897"",""="",""""],[""0.890421018801"",""="",""""],[""1.07371835035"",""="",""""],[""1.2842050677"",""="",""""]]"	replicate_variability_or_condition_conflict_review
MLMEASURE1:370d7c0a6bd0d814dc8c0dbb	true	6	PV13:00c7cb8dcca65b5996a2dc15;PV13:0170baae1bf31fec0476e392;PV13:4f6665092e32193f65f5d58e;PV13:97debff2ad3cc197ea26fd37;PV13:ebf1538437884a9e25eed93d;PV13:f01e1c1142dbc34148c7db59	PEPlife2	"[[""-0.115393418702"",""="",""""],[""-0.315753252485"",""="",""""],[""0.609238575955"",""="",""""],[""0.631781872948"",""="",""""],[""0.802773725292"",""="",""""],[""0.808436054288"",""="",""""]]"	replicate_variability_or_condition_conflict_review
MLMEASURE1:37284178da8b2138bb4febcb	true	2	PV13:476906ff1409f066db4bd864;PV13:620e62da715bf018b2ddb187	PEPlife2	"[[""0.0413926851582"",""="",""""],[""0.230448921378"",""="",""""]]"	replicate_variability_or_condition_conflict_review
MLMEASURE1:37b48ed97c3ad02bcda61406	true	2	PV14:40ae0f31eeaa313db7bfbefa;PV14:46d1b4a39887d2ae2c2c6d18	primary_pk_literature_v14	"[[""3.833333333333333333333333334"",""="",""""],[""3.883333333333333333333333334"",""="",""""]]"	replicate_variability_or_condition_conflict_review
MLMEASURE1:37ce66aa13181f4ec20aafbe	true	3	PV13:3a66882ca9805a4eb2ac8912;PV13:6e2b90158bb5650f56aad5bd;PV13:843edd08e078d94528c4f025	PEPlife2	"[[""-0.604964981971"",""="",""""],[""-0.773829876601"",""="",""""],[""-0.805023396784"",""="",""""]]"	replicate_variability_or_condition_conflict_review
MLMEASURE1:3817aeac78af8d6e61dff5df	true	2	PV13:4f494024631181200acc59a9;PV13:b0d5052a11f6927b5b0f1fa9	swemacrocycledb_figshare_v1_ar_gt_0_3	"[[""-6.244"",""="",""""],[""-7.097"",""="",""""]]"	replicate_variability_or_condition_conflict_review
MLMEASURE1:399c6ee0dbd073624e8ec19a	true	2	PV15:2bb58532e0669c46efe68aaa;PV15:9befb703a28e453941376d34	primary_ppb_kp_v15	"[[""0.967"",""="",""""],[""0.996"",""="",""""]]"	replicate_variability_or_condition_conflict_review
MLMEASURE1:39c5f8224704ac3a05061956	true	3	PV13:2892936a6fd231f8351a7d58;PV13:4e698c9911ea4fa5308dc3f3;PV13:ffe6307176e5b185f9d9fbe9	PEPlife2	"[[""2.08278537032"",""="",""""],[""2.10380372096"",""="",""""],[""2.1303337685"",""="",""""]]"	replicate_variability_or_condition_conflict_review
MLMEASURE1:3a1cc2a654afc7739205e2eb	true	3	PV13:15a1c375ed21b99e898d1916;PV13:1684288f2936143935eff38e;PV13:4ab895f841fc60228f2fe5b9	PEPlife2	"[[""1.72582999032"",""="",""""],[""1.76618969331"",""="",""""],[""1.86734961719"",""="",""""]]"	replicate_variability_or_condition_conflict_review
MLMEASURE1:3b21278e69c01417c76c9220	true	3	PV13:569ae7612a9dea152e8cd328;PV13:d1c036d59415f44764c60370;PV13:ea8808f9668d56aaa5a8234a	PEPlife2	"[[""0.267171728403"",""="",""""],[""1.12057393121"",""="",""""],[""1.21484384805"",""="",""""]]"	replicate_variability_or_condition_conflict_review
MLMEASURE1:3b4141a2be0bb25043630e46	true	2	PV13:257c8d17a91bb26a477695df;PV13:3d9c44003b6093f4523f5358	CycPeptMPDB	"[[""-6.76"",""="",""""],[""-7.27"",""="",""""]]"	replicate_variability_or_condition_conflict_review
MLMEASURE1:3bac386dd0a3e229a2ac314d	true	2	PV13:e9eb7cad77973be279a1303e;PV13:f1945358fbff59ef25ccacfb	PEPlife2	"[[""-0.913640169325"",""="",""""],[""-1.13174752416"",""="",""""]]"	replicate_variability_or_condition_conflict_review
MLMEASURE1:3bc4dafb08ea118bf930c885	true	4	PV13:1ece5a3804c38901d0a038d5;PV13:75dbb0d30740afe3aabae0aa;PV13:c52e6e6b7904181d0987e19a;PV13:fba7e6beb1de9ce5cc719192	NIST ThermoML	"[[""-1.87289520164"",""="",""""],[""-1.87614835903"",""="",""""],[""-1.87942606879"",""="",""""],[""-1.8894102897"",""="",""""]]"	replicate_variability_or_condition_conflict_review
MLMEASURE1:3bc8067e8886b2bf35f0d311	true	4	PV13:32e360a79629ca2aebaf771d;PV13:83944b588215429a8c4746e5;PV13:a9a69bee2652023d6526f50d;PV13:ba4d59cd9984098bb45ba819	NIST ThermoML	"[[""-1.43062609038"",""="",""""],[""-1.63827216398"",""="",""""],[""-1.84771165562"",""="",""""],[""-1.98716277529"",""="",""""]]"	replicate_variability_or_condition_conflict_review
MLMEASURE1:3bfb078c601fa7494c27b346	true	2	PV13:6356b6fa8d1a10a57c187e09;PV13:c16918f330a4e0ecaa96ba95	swemacrocycledb_figshare_v1_ar_gt_0_3	"[[""-5.677780705"",""="",""""],[""-5.678"",""="",""""]]"	replicate_variability_or_condition_conflict_review
MLMEASURE1:3c15103d4b53a0aae2982308	true	8	PV13:46e10660f95c469dfc16a687;PV13:6c05e5589aa93cf5da3cc3c9;PV13:6cff29b1cd7cb50099b9fe66;PV13:782f639f08f1a09081cc24b6;PV13:85ad4d6cbd506e8d68cde8bc;PV13:aa76d02701432d0ca8100e79;PV13:ddc30aac5ed3716e1f664ca0;PV13:f9029c05d6f64cf191257b6a	PEPlife2	"[[""0.531478917042"",""="",""""],[""0.924279286062"",""="",""""],[""1.23804610313"",""="",""""],[""1.37106786227"",""="",""""],[""1.53402610606"",""="",""""],[""1.60422605308"",""="",""""],[""3.15986784709"",""="",""""],[""3.38738982634"",""="",""""]]"	replicate_variability_or_condition_conflict_review
MLMEASURE1:3c49ec9dc5dacde363def488	true	2	PV13:0d1d5fc24499020c0fa09ea4;PV13:c95f20f4ffc03de4311f842e	PEPlife2	"[[""0.161368002235"",""="",""""],[""0.367355921026"",""="",""""]]"	replicate_variability_or_condition_conflict_review
MLMEASURE1:3ce6923c96a49591fb229fba	true	4	PV13:29b184b959a8e46acdbbedb0;PV13:95be04232c3dfa1159033bc2;PV13:99c321773e31d556e66cd88f;PV13:9d2a595f1a81161cc19a7997	PEPlife2	"[[""1.70449369701"",""="",""""],[""1.75495958772"",""="",""""],[""1.8403570592"",""="",""""],[""1.88941376404"",""="",""""]]"	replicate_variability_or_condition_conflict_review
MLMEASURE1:3cee979a69fd27028eb63a3d	true	5	PV13:41f48608dd4293fb1a5bbefb;PV13:429061fb1f431a7182a332ca;PV13:87d9944daddc3015ac0ae686;PV13:96919fb9cd0f5c0aad712ed3;PV13:ac965033771dc005a116855a	PEPlife2	"[[""0.28780172993"",""="",""""],[""0.39269695326"",""="",""""],[""0.451786435524"",""="",""""],[""0.487138375477"",""="",""""],[""0.522444233506"",""="",""""]]"	replicate_variability_or_condition_conflict_review
MLMEASURE1:3d4ccd7365e6c8d274283ddb	true	2	PV13:80c9cff469aa8c35da3d36b3;PV13:8db114969b08ca4849ef2ea2	CycPeptMPDB	"[[""-5"",""="",""""],[""-5.11"",""="",""""]]"	replicate_variability_or_condition_conflict_review
MLMEASURE1:3d5e501057e5dba6865d76cd	true	2	PV13:69ad9a4bf303c2b100737505;PV13:d0861d89ccc84c9173feef4a	PEPlife2	"[[""-1.1153934187"",""="",""""],[""-1.34678748622"",""="",""""]]"	replicate_variability_or_condition_conflict_review
MLMEASURE1:3d81a6e0cdf9e23c1743f4f2	true	4	PV13:4ceab87a782e63786e0a9a9b;PV13:6c2c9874faa4da28f564c244;PV13:90d5325e8ca05d708362f416;PV13:ac712cdc9da4bd91103c0b95	PEPlife2	"[[""-1.39794000867"",""="",""""],[""0.00717858462712"",""="",""""],[""0.130333768495"",""="",""""],[""0.598425706673"",""="",""""]]"	replicate_variability_or_condition_conflict_review
MLMEASURE1:3e3a99ef6a24ce0599634380	true	3	PV13:1513af4f78d0d052fad8c5dc;PV13:2fad19360a5666aa0cba0888;PV13:65162c61aa44079bf75b6a0c	PEPlife2	"[[""-0.262012673667"",""="",""""],[""-0.463441557428"",""="",""""],[""-0.514278573518"",""="",""""]]"	replicate_variability_or_condition_conflict_review
MLMEASURE1:3f07ec46a7923ba0c1370cc1	true	2	PV13:e12e2822be9e60f983bd3354;PV13:e93b1b989e78c562f35ac779	CycPeptMPDB	"[[""-5.52"",""="",""""],[""-5.53"",""="",""""]]"	replicate_variability_or_condition_conflict_review
MLMEASURE1:3f18cec04efa1213fd2d3670	true	2	PV13:3c637a3c9a239b692f7c1d30;PV13:feaf1ec591db5688e0b8afb8	PEPlife2	"[[""-0.167491087294"",""="",""""],[""-0.52287874528"",""="",""""]]"	replicate_variability_or_condition_conflict_review
MLMEASURE1:3f33bbcf16ba6796ef8c2d1f	true	2	PV13:8f604a466ff8a487ec6248c1;PV13:b5544f7251b620df31d4cba0	PEPlife2	"[[""1.07188200731"",""="",""""],[""1.38021124171"","">"",""""]]"	replicate_variability_or_condition_conflict_review
MLMEASURE1:3f4c7735e39eac7fe5bde8b0	true	2	PV13:75f51427dcc10c14197bbd4a;PV13:9f59e41e6705cd5c94ac15f1	PEPlife2	"[[""0.0791812460476"",""="",""""],[""0.278753600953"",""="",""""]]"	replicate_variability_or_condition_conflict_review
MLMEASURE1:3f6635ada4fdc5c62e5d0a46	true	2	PV13:55c95921577d665a28adebe1;PV13:5943b2ea6514c1f6d6145180	PEPlife2	"[[""1.51454775266"",""="",""""],[""1.52633927739"",""="",""""]]"	replicate_variability_or_condition_conflict_review
MLMEASURE1:3f828e34c29f5d1fe8c569c9	true	3	PV13:975eb2e90815d39dcd07dbf2;PV13:d578892da2e151776e104eed;PV13:e392162d3b0df7cd440df9a9	PEPlife2	"[[""-0.838631997765"",""="",""""],[""-1.69897000434"",""="",""""],[""0.230448921378"",""="",""""]]"	replicate_variability_or_condition_conflict_review
MLMEASURE1:3f9674fd9433caf19b6d89ac	true	2	PV13:10e7ec91eb6fe79f3a35dfb0;PV13:3eaf119f46fdae4dd18c58ca	swemacrocycledb_figshare_v1_ar_gt_0_3	"[[""-5.296"",""="",""""],[""-5.307"",""="",""""]]"	replicate_variability_or_condition_conflict_review
MLMEASURE1:3fec0271093fdf91262186cd	true	2	PV13:8cfbf4f54aff9ad17fe82bf3;PV13:fcb6e8fa385c9c2b68dc2b8a	CycPeptMPDB	"[[""-5.602181494"",""="",""""],[""-6.796537103"",""="",""""]]"	replicate_variability_or_condition_conflict_review
MLMEASURE1:40247fbac4e3925690b2db77	true	2	PV13:452956c17096ee2d84271f1d;PV13:8d2f45e1e75f8ff59b12f7a5	swemacrocycledb_figshare_v1_ar_gt_0_3	"[[""-6.42"",""="",""""],[""-6.553"",""="",""""]]"	replicate_variability_or_condition_conflict_review
MLMEASURE1:40323c0f72000ce8462258ab	true	2	PV13:c3f5411fa48b58b9982c1bb9;PV13:ec047d7d4db1630b1d324a63	PEPlife2	"[[""-0.814363423038"",""="",""""],[""0.84198480459"",""="",""""]]"	replicate_variability_or_condition_conflict_review
MLMEASURE1:406eb722131e87802962850e	true	2	PV13:555c01431c912a51b4e96109;PV13:d94816cb92fee2e004511bbb	swemacrocycledb_figshare_v1_ar_gt_0_3	"[[""-5.38"",""="",""""],[""-5.463"",""="",""""]]"	replicate_variability_or_condition_conflict_review
MLMEASURE1:40a8322435d334baf20e1dfe	true	2	PV13:1d283581b9fb3fcc4a05e173;PV13:c001f11eccfeed80e6fddc8d	PEPlife2	"[[""0.26245108973"",""="",""""],[""0.33176461264"",""="",""""]]"	replicate_variability_or_condition_conflict_review
MLMEASURE1:4199e4a4c69e81deb10f538e	true	3	PV13:3d90ae14a7b4029c296d24fe;PV13:83064a1f4a8c2b574c331770;PV13:f0b25096a057b26dc04d41e9	PEPlife2	"[[""-0.0870697582607"",""="",""""],[""-0.298144307426"",""="",""""],[""0.385308301386"",""="",""""]]"	replicate_variability_or_condition_conflict_review
MLMEASURE1:419c86173533dc6ed7fe6016	true	4	PV13:10424b8163b4557ba3a24a37;PV13:1e593b5a2cc78905d7b7320a;PV13:8234acb7e5639e9d8f04a3f4;PV13:e97b193b6f55f1a38f5d4008	PEPlife2	"[[""-0.520472675514"",""="",""""],[""-0.56596364598"",""="",""""],[""-1.70260428899"",""="",""""],[""-1.75696195131"",""="",""""]]"	replicate_variability_or_condition_conflict_review
MLMEASURE1:41a42c6ca56ff684e6d8ff2e	true	4	PV13:2fed64120caf1cbfc77f7921;PV13:50f1703ed972dc743ed386e0;PV13:df7ff619783042ec11caa0e4;PV13:f20f3b6799d47d507c2edd8e	swemacrocycledb_figshare_v1_ar_gt_0_3	"[[""-5.389339837"",""="",""""],[""-5.480172006"",""="",""""],[""-5.847711656"",""="",""""],[""-5.91721463"",""="",""""]]"	replicate_variability_or_condition_conflict_review
MLMEASURE1:420763c4af31321f33066551	true	3	PV13:886030d79f00e343990e43bc;PV13:b3b4431b34ef5cdc210ca27c;PV13:bcf4c5ee9ea0f984f5548de4	NIST ThermoML	"[[""-1.93181413825"",""="",""""],[""-2.0371573188"",""="",""""],[""-2.19449914184"",""="",""""]]"	replicate_variability_or_condition_conflict_review
MLMEASURE1:421510af0e09f81fadcf33f0	true	5	PV13:6226da08240ab814f3e5ff64;PV13:928179341136e3d408adb6ef;PV13:9d78718c0d8b6208e8171818;PV13:adf00093beecce7a013fd654;PV13:c934f9ad3660c563fce11bf4	PEPlife2	"[[""-0.33254704711"",""="",""""],[""-0.346787486225"",""="",""""],[""-0.353269613753"",""="",""""],[""-0.390761424045"",""="",""""],[""-0.45593195565"",""="",""""]]"	replicate_variability_or_condition_conflict_review
MLMEASURE1:426844d4c89f39fdb2cca643	true	2	PV13:1e9c92867285cce6ba6a628b;PV13:c0d35c8ddd8a526328b62108	PEPlife2	"[[""-1.57403126773"",""="",""""],[""-1.77815125038"",""="",""""]]"	replicate_variability_or_condition_conflict_review
MLMEASURE1:43171c90d0b55a94be365b74	true	4	PV13:175d8e1adc6260f082490878;PV13:b3512cfd99f68144e3736d74;PV13:b7fcbf47a85af47a96594a87;PV13:e1d50e1b6dae29bf0c694393	PEPlife2	"[[""-0.596307662439"",""="",""""],[""-0.885500216506"",""="",""""],[""-1.3784775289"",""="",""""],[""-2.15490195999"",""="",""""]]"	replicate_variability_or_condition_conflict_review
MLMEASURE1:4347deb2631006ed5952eab5	true	2	PV13:060b2fbfb25a8aa6ab4e69ca;PV13:0f1012e82dd462823dc2e73e	PEPlife2	"[[""-0.330993219041"",""="",""""],[""-1.85733249643"",""="",""""]]"	replicate_variability_or_condition_conflict_review
MLMEASURE1:4383d22afa1cc4ae1624a07d	true	3	PV13:0782180dc5426fed1778f005;PV13:19dfe59ba4ff7a169600ab89;PV13:7329b6d6e9c770c04418a394	PEPlife2	"[[""0.0895518828865"",""="",""""],[""0.164947372622"",""="",""""],[""0.235023159495"",""="",""""]]"	replicate_variability_or_condition_conflict_review
MLMEASURE1:4385f53097dea9700b906556	true	2	PV13:4905a39cac963513e353cf5d;PV13:c161356d2a42fbb11cd3129e	PEPlife2	"[[""1.93801909748"",""="",""""],[""1.96661098668"",""="",""""]]"	replicate_variability_or_condition_conflict_review
MLMEASURE1:439d110b0d216401eb146178	true	2	PV13:d2592e986cbcd1ab3976fc5f;PV13:e23c0e5c123db4c412fdd269	PEPlife2	"[[""-1.08795517036"",""="",""""],[""-1.82390874094"",""="",""""]]"	replicate_variability_or_condition_conflict_review
MLMEASURE1:43e07231d315ff090e217b34	true	2	PV13:2bcd170b60e3c3d933ea7f43;PV13:ceadb2dd71f061f316211892	PEPlife2	"[[""0.0184230828268"",""="",""""],[""0.0797840143358"",""="",""""]]"	replicate_variability_or_condition_conflict_review
MLMEASURE1:44027733d71984e2ed11b109	true	6	PV13:053e7a138c8047deaedad69f;PV13:109b6f1c7c2b46a901cde422;PV13:122a8268e8e3963647eb3964;PV13:3e92c48e76ea1bd60bc8fb0b;PV13:b0fafeadd6447770f41f0331;PV13:b9fe00f381f7ed511806dbc2	PEPlife2	"[[""2.02530586526"",""="",""""],[""2.04532297879"",""="",""""],[""2.06445798923"",""="",""""],[""2.07918124605"",""="",""""],[""2.08990511144"",""="",""""],[""2.09342168516"",""="",""""]]"	replicate_variability_or_condition_conflict_review
MLMEASURE1:4464ce3b090934168535aeb7	true	2	PV13:12ecd33125604a4fa439c345;PV13:f6a8e78f429d6090ff8b4718	swemacrocycledb_figshare_v1_ar_gt_0_3	"[[""-5.788"",""="",""""],[""-6.125"",""="",""""]]"	replicate_variability_or_condition_conflict_review
MLMEASURE1:457635da0b1455dca6514d36	true	2	PV13:5f0eaf1488ed767d98655616;PV13:e48a18275c47496b5edaf4a0	PEPlife2	"[[""-0.38721614328"",""="",""""],[""-1.73675856523"",""="",""""]]"	replicate_variability_or_condition_conflict_review
MLMEASURE1:4582540c002565f011e07f7b	true	3	PV13:9264e77f8ce3f32daeccf6bc;PV13:bea89a22b287b354fb84119b;PV13:d9778b76c69d782e4a15c2d3	PEPlife2	"[[""0.845098040014"",""="",""""],[""0.954242509439"",""="",""""],[""1.07918124605"",""="",""""]]"	replicate_variability_or_condition_conflict_review
MLMEASURE1:45c30fa2cd6b81c40506ce7b	true	4	PV13:26c4bcf49b99e58247749151;PV13:33d0dcbeb697a78b09b57450;PV13:79bd1722b83b3ed87a318869;PV13:e02266f8955d6793bacf8c2a	PEPlife2	"[[""-1.08795517036"",""="",""""],[""-1.27300127206"",""="",""""],[""0.489958479425"",""="",""""],[""0.52934478753"",""="",""""]]"	replicate_variability_or_condition_conflict_review
MLMEASURE1:4620aa8445ad9b3b9ca52ae6	true	2	PV13:cabb65f5524a6ef318335f1d;PV13:f11ef7b654ee5df0491a813a	swemacrocycledb_figshare_v1_ar_gt_0_3	"[[""-5.708"",""="",""""],[""-5.851"",""="",""""]]"	replicate_variability_or_condition_conflict_review
MLMEASURE1:46aea1f575914ac4347cee25	true	2	PV13:b4ef2e326196c17537ee030c;PV13:faa3e8498d119f1f92ace7db	PEPlife2	"[[""-0.547702329005"",""="",""""],[""-1.07918124605"",""="",""""]]"	replicate_variability_or_condition_conflict_review
MLMEASURE1:46b8d3d309951e8f53cca981	true	4	PV13:238b5fdccf3a87d45d6f2026;PV13:5c29e5bbdcd3241b06594b4f;PV13:b2a07854aa90f5af27883e98;PV13:cb2cb4cf12c8ce2ed08bb5c1	PEPlife2	"[[""0.38492063162"",""="",""""],[""0.700905533551"",""="",""""],[""0.724330494402"",""="",""""],[""0.770103005579"",""="",""""]]"	replicate_variability_or_condition_conflict_review
MLMEASURE1:46bee755b751b0a65d849486	false	2	PV13:2a0549fc8a19e7c331a3f9d3;PV13:8499c646f282e4c3d9bfc32f	PEPlife2	"[[""0.556302500767"",""="",""""],[""0.681241237376"",""="",""""]]"	replicate_variability_or_condition_conflict_review
MLMEASURE1:47f8cbaf32eae96db036f576	true	2	PV13:aae7b6596015d2028ee35e34;PV13:efd81cd2767374decefebfab	PEPlife2	"[[""-0.490349520453"",""="",""""],[""-0.952076447683"",""="",""""]]"	replicate_variability_or_condition_conflict_review
MLMEASURE1:47f90da15c4899776f902cb0	true	2	PV13:931b620006ae41226b81818b;PV13:f49eb3bf434d428ee8c058da	swemacrocycledb_figshare_v1_ar_gt_0_3	"[[""-5.259"",""="",""""],[""-5.273"",""="",""""]]"	replicate_variability_or_condition_conflict_review
MLMEASURE1:4808cb5be0b893091ac9e8fa	true	5	PV13:3734ce5463fd6ba80c5d2822;PV13:3aa8f2cb7e923badcea62b7e;PV13:73e439885d1fc2f097a58598;PV13:b38da710b9d490d9550933fc;PV13:d34fb8affe0e38096828adb3	NIST ThermoML	"[[""-1.89619627904"",""="",""""],[""-1.89962945488"",""="",""""],[""-1.90657831484"",""="",""""],[""-1.91009488856"",""="",""""],[""-1.91364016933"",""="",""""]]"	replicate_variability_or_condition_conflict_review
MLMEASURE1:48e7d7cbb5d5dae3d102c5e1	true	4	PV13:118ef2166c5d760ace6fd55d;PV13:1dc250e44a102d81223c7250;PV13:ac2911b7191f4c0e7e554fa9;PV13:d772246a242cbc9557ba2603	NIST ThermoML	"[[""-1.32697909287"",""="",""""],[""-1.48811663902"",""="",""""],[""-1.64975198167"",""="",""""],[""-1.82681373159"",""="",""""]]"	replicate_variability_or_condition_conflict_review
MLMEASURE1:48e917dade29a5b70683911a	true	18	PV13:004e4f932a85eeaba30d3287;PV13:1cce89da5115cb814d2dc11e;PV13:22566d540ca0c5e407def629;PV13:2d52c29b1159f528c63ed6a2;PV13:2e236b868c811fc1fa92cde9;PV13:51daf94efcdcea48a1cabe62;PV13:52a853417c38b81f429eb559;PV13:5ebe5d32da3391aa0316bc8f;PV13:8abeefcfd8b59ca42382452b;PV13:8d155a6120e622991c526e50;PV13:9359157dc415f32760312a62;PV13:a2739b5e7da63b1afbac1430;PV13:a3b9664cc04b14abaa9c4152;PV13:b9f35717be0e8a78aac5d65b;PV13:c29b9a967eb988f08ecc5f72;PV13:db910f348ae4e8c5b8c45830;PV13:e5faae4916d742027f07798c;PV13:f556fa87e05dfcfe14d364f8	PEPlife2	"[[""-0.50399340112"",""="",""""],[""-0.769551078622"",""="",""""],[""-0.778151250384"",""="",""""],[""-0.853871964322"",""="",""""],[""-0.875061263392"",""="",""""],[""-0.886056647693"",""="",""""],[""-0.893922480751"",""="",""""],[""-0.895057891808"",""="",""""],[""-0.913047275743"",""="",""""],[""-0.914233873426"",""="",""""],[""-0.923238228076"",""="",""""],[""-0.926281649654"",""="",""""],[""-0.930578591242"",""="",""""],[""-0.933053210369"",""="",""""],[""-0.942460678891"",""="",""""],[""-0.954025416467"",""="",""""],[""-1.23532582342"",""="",""""],[""-1.25440478357"",""="",""""]]"	replicate_variability_or_condition_conflict_review
MLMEASURE1:4935df549bb13290c1599249	true	2	PV13:54e5be0043c317c1c72df961;PV13:b1e55ad4f7760c05d5446b7e	PEPlife2	"[[""-0.664207898077"",""="",""""],[""0.548594129182"",""="",""""]]"	replicate_variability_or_condition_conflict_review
MLMEASURE1:4985a567b5f13f05f368a773	true	4	PV13:3ed3c496d0101dbf2ebcc686;PV13:72c78bf62cb6e7c5e41eb8b4;PV13:d285e5d05d46537ec6e07b17;PV13:db547e7aa676ac4a2cfec3dc	CycPeptMPDB	"[[""-5.6"",""="",""""],[""-5.64"",""="",""""],[""-5.91"",""="",""""],[""-6.52"",""="",""""]]"	replicate_variability_or_condition_conflict_review
MLMEASURE1:49f6ae1db3d8916caaeaef82	true	2	PV13:5f89cbbbd128051ede08b182;PV13:b5a2aa0da0609889a8c15cfd	PEPlife2	"[[""0.903089986992"",""="",""""],[""1.38021124171"",""="",""""]]"	replicate_variability_or_condition_conflict_review
MLMEASURE1:4a208dece39ffc73316de471	true	2	PV13:409eeedb4556e244454601df;PV13:9c4adeed03e921af5e36b774	PEPlife2	"[[""0.724275869601"",""="",""""],[""0.826074802701"",""="",""""]]"	replicate_variability_or_condition_conflict_review
MLMEASURE1:4a354effca6868058f2f54ed	true	2	PV13:250cccb5a699d96b87fb9b13;PV13:8617db1142e3dbca94481215	swemacrocycledb_figshare_v1_ar_gt_0_3	"[[""-6.553"",""="",""""],[""-6.699"",""="",""""]]"	replicate_variability_or_condition_conflict_review
MLMEASURE1:4ac6d2723f0252a7c6f270fa	true	2	PV13:0e078c23a4aa3ce18a043304;PV13:1fb52949d41ea2c207688116	PEPlife2	"[[""-0.435728569561"",""="",""""],[""-1"",""="",""""]]"	replicate_variability_or_condition_conflict_review
MLMEASURE1:4aebe7ef923959dd449aed61	true	5	PV13:4f6fdd5eb77128c89c333ff9;PV13:64f3d8fd02030749f94012e0;PV13:89711f2d1d5aaa55d249a3dc;PV13:957226393c35ee541dcc4707;PV13:dde64ab208d873ae82c1ff86	PEPlife2	"[[""-0.780764865986"",""="",""""],[""-1.14066152087"",""="",""""],[""-1.31128363003"",""="",""""],[""-1.48589517903"",""="",""""],[""-1.7328282716"",""="",""""]]"	replicate_variability_or_condition_conflict_review
MLMEASURE1:4c67d9c7fb30df7502a36c9b	true	2	PV13:4cd705620b56185c07f444b1;PV13:56438b54eae92c56ba1777c2	CycPeptMPDB	"[[""-5.694561753"",""="",""""],[""-6.323721216"",""="",""""]]"	replicate_variability_or_condition_conflict_review
MLMEASURE1:4c9404a503ed750844e19772	true	4	PV13:643baa0c546c93316f1313e8;PV13:81b3cb0493408641e0cffa32;PV13:9492a975734caac0665440ce;PV13:b8e3b9f7b72997076398dbfe	swemacrocycledb_figshare_v1_ar_gt_0_3	"[[""0.278753600953"",""="",""""],[""0.397940008672"",""="",""""],[""0.518513939878"",""="",""""],[""1.07918124605"",""="",""""]]"	replicate_variability_or_condition_conflict_review
MLMEASURE1:4d12e0cb5ebe543288aabc2f	true	2	PV13:41a3795cdabe39b3e5e455bb;PV13:76ef4642af724e2815d8d5a6	PEPlife2	"[[""-0.301029995664"",""="",""""],[""0.0128372247052"",""="",""""]]"	replicate_variability_or_condition_conflict_review
MLMEASURE1:4d68578b2ee1c726bc5182c2	true	2	PV13:2e35137d4cf266883f425d66;PV13:c935f1bd5a90b94c6a0c1eed	CycPeptMPDB	"[[""-5.12"",""="",""""],[""-5.25"",""="",""""]]"	replicate_variability_or_condition_conflict_review
MLMEASURE1:4d9cb2d8db4c0cd7858c08e3	true	2	PV13:485664cc5e7ea3a0fcc24cd1;PV13:f13744286411b45a4b1a7564	PEPlife2	"[[""1.23552844691"",""="",""""],[""1.88817949392"",""="",""""]]"	replicate_variability_or_condition_conflict_review
MLMEASURE1:4da8f94b2cf25bfc58b2ddc7	true	2	PV13:5974a4db9fb953757341456d;PV13:7ad2f4ad2a60663dcd742370	swemacrocycledb_figshare_v1_ar_gt_0_3	"[[""-7.097"",""="",""""],[""-7.155"",""="",""""]]"	replicate_variability_or_condition_conflict_review
MLMEASURE1:4df67c14602c357b803fc0f7	true	2	PV13:27f0651ef3e8aa4d7727045c;PV13:c98866d27e909de018273504	PEPlife2	"[[""-0.761117911085"",""="",""""],[""-1.49939764943"",""="",""""]]"	replicate_variability_or_condition_conflict_review
MLMEASURE1:4dfdca3c46ed61583165b6dc	true	2	PV13:2a1a2cd9e4399fc616cfbefd;PV13:f513bd11899dfa8a1322b6a7	PEPlife2	"[[""-0.267606240177"",""="",""""],[""-1.45593195565"",""="",""""]]"	replicate_variability_or_condition_conflict_review
MLMEASURE1:4e4f88b026d4a0ac286d239e	true	2	PV13:c23149227359fb160c04ce1a;PV13:d374afaff3be6a8afe073a2c	swemacrocycledb_figshare_v1_ar_gt_0_3	"[[""-5.455"",""="",""""],[""-5.684"",""="",""""]]"	replicate_variability_or_condition_conflict_review
MLMEASURE1:4eb217983fa60610cf6cf5a5	true	3	PV13:19df613adcf87e1ac339bfca;PV13:87e655e253f4fd9b36d394a1;PV13:8f9b4f6dbc2f65c4be249b38	PEPlife2	"[[""1.12057393121"",""="",""""],[""1.28103336725"",""="",""""],[""1.47712125472"",""="",""""]]"	replicate_variability_or_condition_conflict_review
MLMEASURE1:4f8928ecb2e9e7cafbabee7a	true	2	PV13:1b656afad85984f983d38b88;PV13:30d97ba26b4943e7eaa41e46	PEPlife2	"[[""0.124938736608"","">"",""""],[""1.97772360529"","">"",""""]]"	replicate_variability_or_condition_conflict_review
MLMEASURE1:4fd446588707a1f137335368	true	2	PV13:7d3338f3b32c6d2a17208f5b;PV13:ed9a3131351d97c15d642763	PEPlife2	"[[""-0.537602002101"",""="",""""],[""-0.585026652029"",""="",""""]]"	replicate_variability_or_condition_conflict_review
MLMEASURE1:5031395f2f9d3796d78d4d73	true	5	PV13:086b11b283eab034f1d89789;PV13:b05e7d106953bb1f78702a07;PV13:d5b701b5f687c09b96845277;PV13:e79f97fb713ef86b841c3048;PV13:f38b0b8d0f9a39b665c5bf82	PEPlife2	"[[""2.22788670461"",""="",""""],[""2.26245108973"",""="",""""],[""2.30319605742"",""="",""""],[""2.34439227369"",""="",""""],[""2.3856062736"",""="",""""]]"	replicate_variability_or_condition_conflict_review
MLMEASURE1:505c2ced6231f5981f76d951	true	2	PV13:aff69fc95feb6574f00769d9;PV13:baa865b24aa495d200a98424	PEPlife2	"[[""-1.07918124605"",""="",""""],[""-1.93305321037"",""="",""""]]"	replicate_variability_or_condition_conflict_review
MLMEASURE1:506d7fc76b462df527b9b5d4	true	3	PV13:7b6aa010496425549c129a50;PV13:7c07ef1869fada2398c2b1ea;PV13:90dc3e9698419a734a880275	PEPlife2	"[[""1.07554696139"",""="",""""],[""1.25042000231"",""="",""""],[""1.49968708262"",""="",""""]]"	replicate_variability_or_condition_conflict_review
MLMEASURE1:50c215ecbdfc69f96bb51c19	true	5	PV13:12566875d98b36aff2100942;PV13:5722fd2aa7c9a0d77ba38f9f;PV13:bdac8f023a259f8ae7a244fe;PV13:d3e556bd8cc2b002a7fbec45;PV13:ee3d1253ded1b46d2d2fd6ff	NIST ThermoML	"[[""-1.05948351507"",""="",""""],[""-1.06651271215"",""="",""""],[""-1.08354605145"",""="",""""],[""-1.10846254233"",""="",""""],[""-1.14752000636"",""="",""""]]"	replicate_variability_or_condition_conflict_review
MLMEASURE1:50dd041396eaea5aa5a267c6	true	2	PV13:1742834789f937649fe10b52;PV13:361b9aabe62bce7e63018b2d	PEPlife2	"[[""1.25623653321"",""="",""""],[""1.46493642912"",""="",""""]]"	replicate_variability_or_condition_conflict_review
MLMEASURE1:510a6496c791276b49ef9f1a	true	7	PV13:02a6193a95c67b150c2943ec;PV13:7c34b3021a4dd3b0337c06e8;PV13:7f08e79162b5ecb32291063f;PV13:800a033d7e6ccf9412aee97b;PV13:94b91a860db2f005ac87ea38;PV13:a0bf8949ccf3ee1b5d6f1327;PV13:c8b917df7a97b2f56e2cc582	PEPlife2	"[[""-0.301029995664"",""="",""""],[""-0.602059991328"",""="",""""],[""-0.933053210369"",""="",""""],[""-1.23408320603"",""="",""""],[""-2.07918124605"",""="",""""],[""0.176091259056"",""="",""""],[""0.47712125472"",""="",""""]]"	replicate_variability_or_condition_conflict_review
MLMEASURE1:528c30722be0903708ba8c9f	true	2	PV13:6f677e2134c366af04e2b6d5;PV13:8a95c0f41cdb00abb798123e	PEPlife2	"[[""0.0211892990699"",""="",""""],[""0.259275247557"",""="",""""]]"	replicate_variability_or_condition_conflict_review
MLMEASURE1:52e332e9d48f6bfa869f77bd	true	2	PV13:417b46d617e23fc2d1d9ae79;PV13:f16c9aa2e8644023273e517a	CycPeptMPDB	"[[""-5.18"",""="",""""],[""-5.91"",""="",""""]]"	replicate_variability_or_condition_conflict_review
MLMEASURE1:53864bf68158cae14a30c3ce	true	2	PV13:6486a5fa9ce1c2ac778a0429;PV13:6ffea6c2cce77aaf69f6caa9	PEPlife2	"[[""-0.778151250384"",""<"",""""],[""0.778151250384"",""="",""""]]"	replicate_variability_or_condition_conflict_review
MLMEASURE1:540f82c813d45b7f069ac223	true	4	PV13:0aa88da5679202b6b6f4b8cf;PV13:412cf365910888a20d4954b5;PV13:b8753acf8e688af7baf4a232;PV13:ed092ff008cb16c2d2c89785	PEPlife2	"[[""0.54406804435"",""="",""""],[""0.740362689494"",""="",""""],[""1.00860017176"",""="",""""],[""1.05307844348"",""="",""""]]"	replicate_variability_or_condition_conflict_review
MLMEASURE1:5473b4caaf2a83023b436036	true	5	PV13:35aa8f6d26c8ba161635788c;PV13:9d94e136c707cf864b5bf02d;PV13:a8ae0eff31f84bde958647a5;PV13:d97d1a98a782e3e5d6685e25;PV13:f47415cd28a3a35622b4e2ee	NIST ThermoML	"[[""-2.73876092882"",""="",""""],[""-2.8133543894"",""="",""""],[""-2.93173990623"",""="",""""],[""-3.06253226036"",""="",""""],[""-3.18263298371"",""="",""""]]"	replicate_variability_or_condition_conflict_review
MLMEASURE1:54a1ba6e991daa41545b293e	true	2	PV13:6b89ac7e3c4caf4cd1873d17;PV13:df86cf1c114afc6f4b0882e2	CycPeptMPDB	"[[""-5.22"",""="",""""],[""-7.4"",""="",""""]]"	replicate_variability_or_condition_conflict_review
MLMEASURE1:55107ee37f7f84cddad2262f	true	2	PV13:a1d8da82583c5f17d725635d;PV13:e74e8de85c8a60cd90b45162	PEPlife2	"[[""0.939019776449"",""="",""""],[""1.16286299332"",""="",""""]]"	replicate_variability_or_condition_conflict_review
MLMEASURE1:5520713537e0f00ca3295292	true	2	PV13:44221c198f4936fd95888f3b;PV13:9b98b2426c1584a1748022d9	PEPlife2	"[[""0.00432137378264"",""="",""""],[""0.409933123331"",""="",""""]]"	replicate_variability_or_condition_conflict_review
MLMEASURE1:5572c9c0a462d58ed1b79a7b	true	4	PV13:1ab5e0fd17163bf169ea9887;PV13:332b2f0505ca0cffba21130f;PV13:6a720c3112bff27fd60e6ae8;PV13:ef8aed25a90fe8d79ca3975e	PEPlife2	"[[""-0.0791812460476"",""="",""""],[""-0.380211241712"",""="",""""],[""-0.778151250384"",""="",""""],[""0.124938736608"",""="",""""]]"	replicate_variability_or_condition_conflict_review
MLMEASURE1:55b8908253ee415e8db06260	true	2	PV13:12d71a909464e3871a26cadc;PV13:14d0cd9a71f2156913dd8e15	swemacrocycledb_figshare_v1_ar_gt_0_3	"[[""-6.824"",""="",""""],[""-7.155"",""="",""""]]"	replicate_variability_or_condition_conflict_review
MLMEASURE1:55bda446e6cfb5cfee255049	true	2	PV13:18b7187d090eb630721c9ce2;PV13:a9d2ee39a41f703ed8cb89ed	swemacrocycledb_figshare_v1_ar_gt_0_3	"[[""-6.921"",""="",""""],[""-7.155"",""="",""""]]"	replicate_variability_or_condition_conflict_review
MLMEASURE1:55cea485de764da5ebb0b44e	true	2	PV13:76e28e7ffddd2dd33965c5a3;PV13:c7a7ecd4e2105f59e6f1d4c7	PEPlife2	"[[""-0.0457574905607"",""="",""""],[""0.0413926851582"",""="",""""]]"	replicate_variability_or_condition_conflict_review
MLMEASURE1:566bf1d87e66a33c505a40de	true	2	PV13:6cd5e9d783733788c31f8d58;PV13:ee476e90687b32bed523001b	PEPlife2	"[[""-0.33629907461"",""="",""""],[""0.431578177633"",""="",""""]]"	replicate_variability_or_condition_conflict_review
MLMEASURE1:56f193fe23f986f0ddfce633	true	2	PV13:95c50dbd1d0e10466fb6d977;PV13:a48ecb90018a660e9ce38ad9	PEPlife2	"[[""-1.27300127206"",""="",""""],[""-1.69897000434"",""="",""""]]"	replicate_variability_or_condition_conflict_review
MLMEASURE1:57a0d38a02c0c2cdc6f669f3	true	4	PV13:a9e4d0ac6bc95d458695bb01;PV13:e77cf26180e15c42247b5f61;PV13:f16bb2ba616e11e7cf0c85bb;PV13:f8bbbca71f00aa10076491af	PEPlife2	"[[""-0.0621479067488"",""="",""""],[""-0.198367653767"",""="",""""],[""-0.664207898077"",""="",""""],[""-0.698970004336"",""="",""""]]"	replicate_variability_or_condition_conflict_review
MLMEASURE1:57c5cca6257638c657bff08d	true	2	PV13:2e9940edc56b81551c2289d7;PV13:9449196040ec0f89e04486a0	CycPeptMPDB	"[[""-6.390911776"",""="",""""],[""-6.752299745"",""="",""""]]"	replicate_variability_or_condition_conflict_review
MLMEASURE1:57e0f7fef68abd2977e5e4d2	true	2	PV13:5c5702196a505b3ceb6a9ed9;PV13:c0c1bc156bfa44dfde9418eb	swemacrocycledb_figshare_v1_ar_gt_0_3	"[[""-5.854"",""="",""""],[""-6.056"",""="",""""]]"	replicate_variability_or_condition_conflict_review
MLMEASURE1:57e32608865b6d3dbe60b41e	true	2	PV13:9e4b66b55f7bdff316b9f780;PV13:e84c99aea5566b51df9bdf5b	PEPlife2	"[[""-0.301029995664"",""<"",""""],[""1.68124123738"",""="",""""]]"	replicate_variability_or_condition_conflict_review
MLMEASURE1:57f0c3295ab646a90941d465	true	2	PV13:9c16b824098610adc4102729;PV13:a58541162b7598d6a5df24f9	swemacrocycledb_figshare_v1_ar_gt_0_3	"[[""-4.921"",""="",""""],[""-5.174"",""="",""""]]"	replicate_variability_or_condition_conflict_review
MLMEASURE1:58e472c76109e91dba266869	true	5	PV13:5982c88d2047be6e8c5eb30a;PV13:5a8836effd85336213202380;PV13:5f6e8d137dcc61d670ae35cd;PV13:a7ce569a8aa58acabda1ca66;PV13:b1120f2a2b405d467f600cc2	NIST ThermoML	"[[""-3.07879749932"",""="",""""],[""-3.27327279097"",""="",""""],[""-3.43039203245"",""="",""""],[""-3.52316837149"",""="",""""],[""-3.58219627736"",""="",""""]]"	replicate_variability_or_condition_conflict_review
MLMEASURE1:590d330baa47b36133455f41	true	2	PV13:5143b59a2d1f4e8e66378f8d;PV13:e857bdbbf5fb92f09ffa30bb	PEPlife2	"[[""-0.246672333341"",""~"",""""],[""0.301029995664"","">"",""""]]"	replicate_variability_or_condition_conflict_review
MLMEASURE1:592dcac997242a7396609f14	true	2	PV13:5227c881c62052c4dbeaad4c;PV13:a919bc5cef3ba051ccc6264f	swemacrocycledb_figshare_v1_ar_gt_0_3	"[[""-5.703"",""="",""""],[""-5.848"",""="",""""]]"	replicate_variability_or_condition_conflict_review
MLMEASURE1:597008ee16ba2f2b938f5477	true	2	PV13:2713990d8106808a2083cad1;PV13:70bdb223bc85e16bb5b736f1	PEPlife2	"[[""-0.259637310506"",""="",""""],[""0.19033169817"",""="",""""]]"	replicate_variability_or_condition_conflict_review
MLMEASURE1:59725886e5270ad82849b729	true	5	PV13:01f68db21e018194bc62b60c;PV13:4146a056af183c33fe2ca225;PV13:76f0fbee7428da9ea89b081e;PV13:8f028686bb72f5e3e8cd4e70;PV13:a037341af7d2fcc15295a837	NIST ThermoML	"[[""-2.51861470789"",""="",""""],[""-2.66671397845"",""="",""""],[""-2.80396205927"",""="",""""],[""-2.98817590441"",""="",""""],[""-3.02641037657"",""="",""""]]"	replicate_variability_or_condition_conflict_review
MLMEASURE1:59aa1df2b91cbfab948fc853	true	2	PV13:4a6372a15fd0fbbb8fc13f1d;PV13:6efd746be3cbf864cf79e0f3	PEPlife2	"[[""-0.0969100130081"",""="",""""],[""1.28103336725"",""="",""""]]"	replicate_variability_or_condition_conflict_review
MLMEASURE1:59b533a2bea660fdb4fc3439	true	5	PV13:2557ece4e5f1ab5c135cc0e3;PV13:a1afb8015bd7c090dcce79aa;PV13:b4df6700f7cb5a221315358e;PV13:d3cf15e07f1e913f67216814;PV13:d715648dfe86442743845845	NIST ThermoML	"[[""-2.86973057619"",""="",""""],[""-2.95487269343"",""="",""""],[""-3.06605739726"",""="",""""],[""-3.19955787866"",""="",""""],[""-3.31993657252"",""="",""""]]"	replicate_variability_or_condition_conflict_review
MLMEASURE1:59f7b339492e5500726e502c	true	2	PV13:9276072d5d1b0eae62fcb293;PV13:f71091b5f1d9bf975cdab7a6	swemacrocycledb_figshare_v1_ar_gt_0_3	"[[""-5.79"",""="",""""],[""-5.971"",""="",""""]]"	replicate_variability_or_condition_conflict_review
MLMEASURE1:5a13955fa00e1e8523f0a5e3	true	2	PV13:5b5cdd5302e8176a9cbbc49b;PV13:9ca3144b22a8b27c0db90375	PEPlife2	"[[""-0.221848749616"",""="",""""],[""1.01661554756"",""="",""""]]"	replicate_variability_or_condition_conflict_review
MLMEASURE1:5b0481271172693c34407186	true	2	PV13:bcd6f6ea049fbbba14bb6018;PV13:ff3eabdfc0850d844d09faf7	PEPlife2	"[[""0.690196080029"",""="",""""],[""0.778151250384"","">"",""""]]"	replicate_variability_or_condition_conflict_review
MLMEASURE1:5bf31e081a0cf5970ee0de60	true	2	PV13:32795ab6e611dac4860e1071;PV13:3442cc997ba75acd281132c3	swemacrocycledb_figshare_v1_ar_gt_0_3	"[[""-5.66"",""="",""""],[""-5.672"",""="",""""]]"	replicate_variability_or_condition_conflict_review
MLMEASURE1:5c27e5806af04bf9aa98877b	true	5	PV13:693c653857737739bb650dd5;PV13:7c8dcc9e7fc3fd38ca2c6f7a;PV13:829d9d2ed7703ac08c357e01;PV13:b2b786c47f3bd97eab73443f;PV13:d132f2c5b7c3f2e4974b8b99	NIST ThermoML	"[[""-3.48918698949"",""="",""""],[""-3.58686794957"",""="",""""],[""-3.71399287792"",""="",""""],[""-3.76776647889"",""="",""""],[""-3.95272513262"",""="",""""]]"	replicate_variability_or_condition_conflict_review
MLMEASURE1:5c4f505d1dc6023bdd7c71bd	true	4	PV13:70eda0051fb848a719e662f5;PV13:70fbbaed45f03fd48eb337e0;PV13:94819a468804f5ff446aee15;PV13:97f4da4e5009eb2c0a8c9e23	PEPlife2	"[[""-0.782516055786"",""="",""""],[""-0.859073158008"",""="",""""],[""-1.02996322338"",""="",""""],[""-1.1153934187"",""="",""""]]"	replicate_variability_or_condition_conflict_review
MLMEASURE1:5df339ea7a3c68a626264c44	true	2	PV13:0b70c8b5f32e25ad37233173;PV13:6f953467eec999f1b4cddf87	swemacrocycledb_figshare_v1_ar_gt_0_3	"[[""-4.676"",""="",""""],[""-5.398"",""="",""""]]"	replicate_variability_or_condition_conflict_review
MLMEASURE1:5e0fa79f1a2ad55e9248f107	true	6	PV13:01104e830ffa652ea3624e02;PV13:05020dd50ace9c738cc2aad3;PV13:1c9cebc03cdfc8bf43831ace;PV13:99dcc4a42c652fe025f6f968;PV13:9bfcbbcecfc020c37d1d874e;PV13:ba0ed891877404159bf7c84c	PEPlife2	"[[""-0.361510743045"",""="",""""],[""-0.407083388112"",""="",""""],[""-0.619788758288"",""="",""""],[""-0.641430683227"",""="",""""],[""-0.939302159646"",""="",""""],[""-1.00729923874"",""="",""""]]"	replicate_variability_or_condition_conflict_review
MLMEASURE1:5e74ec880b8bf28341c65a3c	true	2	PV13:8ce05c5c1d9c1bf817e2c95e;PV13:dec985d6a85e1bad347691ec	swemacrocycledb_figshare_v1_ar_gt_0_3	"[[""-5.971"",""="",""""],[""-6.009"",""="",""""]]"	replicate_variability_or_condition_conflict_review
MLMEASURE1:5eaa4059e8f72978607a6c90	true	2	PV13:882dcf2dd23b11d379cd8977;PV13:954126a1f8a467502280294d	PEPlife2	"[[""-0.0199966284163"",""="",""""],[""-1.27300127206"",""="",""""]]"	replicate_variability_or_condition_conflict_review
MLMEASURE1:5f0c46fe05d513f524103d5e	true	2	PV13:1043d0826c4936752a8e0492;PV13:7baf9de6233be3d98abe6b21	PEPlife2	"[[""-1.1446827948"",""="",""""],[""0.292994040067"",""="",""""]]"	replicate_variability_or_condition_conflict_review
MLMEASURE1:5f36952caf7c6cc30f1f838e	true	2	PV13:4512bc68e9e30eb5db1b944f;PV13:f60b302aa5b9a8c2b100317d	CycPeptMPDB	"[[""-5.47"",""="",""""],[""-5.48"",""="",""""]]"	replicate_variability_or_condition_conflict_review
MLMEASURE1:60730974c710922adc4d1d79	true	3	PV13:7c8d83d49e3c1143f3d144d2;PV13:cbf512b67afb8130969848bb;PV13:f4d7bfa1bac74c964b31eba0	PEPlife2	"[[""0.866877814337"",""="",""""],[""0.964259630197"",""="",""""],[""1.18752072084"",""="",""""]]"	replicate_variability_or_condition_conflict_review
MLMEASURE1:6138d8544632d98565faa368	true	2	PV13:09f93748ef022c82c1869de3;PV13:18ed43883ee2010a39c7d0e0	PEPlife2	"[[""-0.778151250384"",""<"",""""],[""0.564271430439"",""="",""""]]"	replicate_variability_or_condition_conflict_review
MLMEASURE1:6150dd1d7b750cf768071f7d	true	4	PV13:318a28a31dffd90e09ec538e;PV13:7d6c1a07c09ff7a450817dfe;PV13:ca59ffbcbb985348e6706f39;PV13:d7a2ecc52583fa75faa19dbc	swemacrocycledb_figshare_v1_ar_gt_0_3	"[[""-5.982966661"",""="",""""],[""-6.318758763"",""="",""""],[""-6.619788758"",""="",""""],[""-7.026872146"",""="",""""]]"	replicate_variability_or_condition_conflict_review
MLMEASURE1:61e441e0da670c278b04c75a	true	2	PV13:934f22eb7e15e84f561ca335;PV13:e7b73fac1caa054bacf50337	PEPlife2	"[[""-1.77815125038"",""="",""""],[""0.585460729509"",""="",""""]]"	replicate_variability_or_condition_conflict_review
MLMEASURE1:6204dda15182f5f81b33a24e	true	5	PV13:00dfa2174f318163e0a7e9c2;PV13:4a8ed2349c3c4894c0deff50;PV13:b7b90bcb6aede5f62296fd5a;PV13:cd61f760fb5b6cfb62416f76;PV13:dab283a94d2f54bc73477120	NIST ThermoML	"[[""-3.01121815655"",""="",""""],[""-3.09291125493"",""="",""""],[""-3.21795758338"",""="",""""],[""-3.33432521901"",""="",""""],[""-3.46104943799"",""="",""""]]"	replicate_variability_or_condition_conflict_review
MLMEASURE1:627a91a7be60dc94acfaeea3	true	2	PV13:0bec306e135998fa9a4d12df;PV13:4dc494e45a518369626ff61f	PEPlife2	"[[""2.14921911266"",""="",""""],[""2.15228834438"",""="",""""]]"	replicate_variability_or_condition_conflict_review
MLMEASURE1:630e8a5be16d09404050d203	true	2	PV13:63b44e8cb5723199e49c0b07;PV13:ec95757f79f87ef43f9f8e1b	PEPlife2	"[[""-1.58225159797"",""="",""""],[""-1.78692517469"",""="",""""]]"	replicate_variability_or_condition_conflict_review
MLMEASURE1:634fa9541e214eaab8aa3725	true	2	PV13:aaf442534b57f78d10b4fd96;PV13:b4d94686a4c290c0e389d846	swemacrocycledb_figshare_v1_ar_gt_0_3	"[[""-6.167"",""="",""""],[""-6.456"",""="",""""]]"	replicate_variability_or_condition_conflict_review
MLMEASURE1:6360bf43c0fc9c574127d95b	true	5	PV13:053525945efb98e90dfea701;PV13:60b6fab786d3f8d8c86e785f;PV13:a90ccc08b8cc2daefcc5ec72;PV13:c7e3363910e5a65c6ed0761a;PV13:e801ed0e7d804b9c93a4759d	NIST ThermoML	"[[""-3.24290777988"",""="",""""],[""-3.44129142947"",""="",""""],[""-3.5929491852"",""="",""""],[""-3.65403845819"",""="",""""],[""-3.74376346679"",""="",""""]]"	replicate_variability_or_condition_conflict_review
MLMEASURE1:63999c5a57f5bca8e73358c3	true	2	PV13:6d999573ef57faaad5435d5c;PV13:82c48faacadc438f277d83f0	swemacrocycledb_figshare_v1_ar_gt_0_3	"[[""-6.347"",""="",""""],[""-6.387"",""="",""""]]"	replicate_variability_or_condition_conflict_review
MLMEASURE1:63e63dbae1f90217334dca28	true	3	PV13:17de04c7287a756c8c320e44;PV13:1a7e20591732d46f3ad707db;PV13:f19dc7aa43d8b3d7bab4fafc	CycPeptMPDB	"[[""-5.25"",""="",""""],[""-5.87"",""="",""""],[""-5.96"",""="",""""]]"	replicate_variability_or_condition_conflict_review
MLMEASURE1:63ef207492dc49ea81e5ab21	true	6	PV13:0200aab1e40041b54fe51de9;PV13:318cba098e2b510bd54cd9a3;PV13:6999155fa13d36de2106d33f;PV13:c2bd135d69a3aca3f718f2d1;PV13:d8188f9d05364d7d6b85655b;PV13:dacd4cd13eeade083e783dba	PEPlife2	"[[""-0.175223537524"",""="",""""],[""-0.177178354697"",""="",""""],[""-0.183758700008"",""="",""""],[""-0.188424994129"",""="",""""],[""-0.207608310502"",""="",""""],[""-0.211124884225"",""="",""""]]"	replicate_variability_or_condition_conflict_review
MLMEASURE1:648782812caee5135be3ae22	true	2	PV13:3e6eb50f3e41af6c7460ba04;PV13:72f10d2bf47dc6a4aab002b9	PEPlife2	"[[""-1.39794000867"",""="",""""],[""-1.61978875829"",""="",""""]]"	replicate_variability_or_condition_conflict_review
MLMEASURE1:64dcd6c43262dd4e4235177e	true	2	PV13:85adbd946e3f09c85e0eb7cb;PV13:8dfe3ab0a1f6a3f22eed2307	swemacrocycledb_figshare_v1_ar_gt_0_3	"[[""-6.081"",""="",""""],[""-6.658"",""="",""""]]"	replicate_variability_or_condition_conflict_review
MLMEASURE1:65129e5d91799a39ea44dcf0	true	3	PV13:69738118059aa715fa6c4663;PV13:c70d30e6a67faa420eb28438;PV13:e1b420c0212b5c26ecd9ac89	PEPlife2	"[[""0.113943352307"",""="",""""],[""0.623249290398"",""="",""""],[""1.02938377769"",""="",""""]]"	replicate_variability_or_condition_conflict_review
MLMEASURE1:655e4b2b1537f54b58feea90	true	3	PV13:591b779e40b729f70cd6422c;PV13:8d6151ec7d429a4d801a7e3a;PV13:ff7cbc4d22f87df93a68d242	PEPlife2	"[[""-0.113509274828"",""="",""""],[""-1.20994952632"",""="",""""],[""0.329058719264"",""="",""""]]"	replicate_variability_or_condition_conflict_review
MLMEASURE1:6613ba00579a88a1bbce5c46	true	4	PV13:68fca0d9ce75f5c82dea88e5;PV13:7588d6639534d98791f1094e;PV13:99bc7a643ebc3f98ad09ce0e;PV13:c8da60317e2f46baafeb7f5c	PEPlife2	"[[""-0.144682794804"",""="",""""],[""-0.273001272064"",""="",""""],[""-0.782516055786"",""="",""""],[""-0.859073158008"",""="",""""]]"	replicate_variability_or_condition_conflict_review
MLMEASURE1:661c7a775bf5dacc2f1286a2	true	2	PV13:cadf00a91339f0b323cc787d;PV13:d981797ede98108354a0db70	PEPlife2	"[[""0"",""="",""""],[""0.869231719731"",""="",""""]]"	replicate_variability_or_condition_conflict_review
MLMEASURE1:66846cabf7e33487aea938d3	true	3	PV13:3ea0b542d6e7b08fdb7835b3;PV13:7bd0e234dafe1fbdfeb5dd43;PV13:f22b457e6c8ee4023c6a3fd0	PEPlife2	"[[""-0.154901959986"",""="",""""],[""1.78532983501"",""="",""""],[""1.7923916895"",""="",""""]]"	replicate_variability_or_condition_conflict_review
MLMEASURE1:671ee78afc1d7025ea67f92d	true	2	PV13:0e54b39704a6cc8c8101bf57;PV13:a04d59fa7fb70cbfca08b915	PEPlife2	"[[""0.50514997832"",""="",""""],[""2.48995847942"",""="",""""]]"	replicate_variability_or_condition_conflict_review
MLMEASURE1:67a05f49180e5a340fdb57da	true	2	PV13:0735ad18dc6c8197e2aef302;PV13:95a6d35940862fcb7113060b	PEPlife2	"[[""-0.124938736608"",""="",""""],[""-0.45593195565"",""="",""""]]"	replicate_variability_or_condition_conflict_review
MLMEASURE1:681aaf106df2c70c46acf319	true	2	PV14:15cf2377cef467c94ef58bf5;PV14:30f7c876c09e003b02232b3d	primary_pk_literature_v14	"[[""5.800000000000000000000000001"",""="",""""],[""7.516666666666666666666666668"",""="",""""]]"	replicate_variability_or_condition_conflict_review
MLMEASURE1:68b0b09e3269aae2cd285da4	true	2	PV13:76814e7be8a7fbefae60d453;PV13:ca08c3619126eb6b0b925ec4	swemacrocycledb_figshare_v1_ar_gt_0_3	"[[""-5.457"",""="",""""],[""-5.642"",""="",""""]]"	replicate_variability_or_condition_conflict_review
MLMEASURE1:693e931290f1841b04608ff3	true	2	PV13:859dd299c1800580d97301f6;PV13:977571040279ff3248b6f6b2	PEPlife2	"[[""-0.301029995664"",""="",""""],[""0.86332286012"",""="",""""]]"	replicate_variability_or_condition_conflict_review
MLMEASURE1:696bf86e2666215c85303af5	true	6	PV13:64eec8d1f174c59942efe882;PV13:7d2e588aff3a433c568d9630;PV13:80d4c342054a521c561badb6;PV13:a2790fa6572c26ac5c3acd67;PV13:a7d704c2a40d0e17e62ab34e;PV13:dbe32b7c2a795a9defa5747c	PEPlife2	"[[""-0.012780770092"",""="",""""],[""-1.19382002602"",""="",""""],[""-1.48148606012"",""="",""""],[""0.0863598306747"",""="",""""],[""0.769377326076"",""="",""""],[""0.952792443044"",""="",""""]]"	replicate_variability_or_condition_conflict_review
MLMEASURE1:6a7a3433e74d9ad6a330a5d8	true	2	PV13:545ac8d6630f42c1621d8a5e;PV13:bcdcf8e5bf3af49f042f2c90	swemacrocycledb_figshare_v1_ar_gt_0_3	"[[""-5.449"",""="",""""],[""-6.319"",""="",""""]]"	replicate_variability_or_condition_conflict_review
MLMEASURE1:6aecbd9225822f2c0a391c4f	true	6	PV13:132e91d0e2547c36623cc5a3;PV13:5cb56b5b378068becbcd37d7;PV13:a6949b83631645a77162f7a7;PV13:b9f6810b63f87ee4aed99703;PV13:c9e8b5803cdd54b141ef6950;PV13:d7630d9a814f28d5a8ea706b	PEPlife2	"[[""1.26140562707"",""="",""""],[""1.44527719187"",""="",""""],[""1.45411280003"",""="",""""],[""1.46518945811"",""="",""""],[""1.65549379593"",""="",""""],[""1.70739131213"",""="",""""]]"	replicate_variability_or_condition_conflict_review
MLMEASURE1:6b5024b5f00b024af0410948	true	2	PV13:ac762e2765caf0a5a8826982;PV13:cf2935e4785b3a7a707a1ad8	PEPlife2	"[[""-0.131747524161"",""="",""""],[""-1.22184874962"",""="",""""]]"	replicate_variability_or_condition_conflict_review
MLMEASURE1:6b7e1b80c30d6c362f47128e	true	4	PV13:2fa3bbe48f92fac73352177c;PV13:79a0db32df63dd387aed7153;PV13:896470b300cbb65767bac053;PV13:d568afa54c832c1ff9782fbd	PEPlife2	"[[""0.886490725172"",""="",""""],[""1.14921911266"",""="",""""],[""1.20139712432"",""="",""""],[""1.38201704257"",""="",""""]]"	replicate_variability_or_condition_conflict_review
MLMEASURE1:6b912923215c8fb76bc5487a	true	4	PV13:22beaad50551968397bffee5;PV13:460da5c8bd3a0849df68b032;PV13:7c190112eac4d1c65122be16;PV13:c50f366071473e90f2a46c15	PEPlife2	"[[""-0.31128363003"",""="",""""],[""-0.37161106995"",""="",""""],[""-0.47712125472"",""="",""""],[""-0.485895179027"",""="",""""]]"	replicate_variability_or_condition_conflict_review
MLMEASURE1:6be529be23493a2d2ec4d596	true	2	PV13:6c6db47b75fc96a0c1237278;PV13:91ad357fc6c4327fda4afefa	acs_jmedchem_5c00544	"[[""2.4"",""="",""""],[""3.1"",""="",""""]]"	replicate_variability_or_condition_conflict_review
MLMEASURE1:6befc4b312d24320699dd192	true	2	PV13:2613c9fe4ac976a0c53aeacf;PV13:e1787521cb3e2f366c1a1c81	PEPlife2	"[[""-0.520472675514"",""="",""""],[""-1.75696195131"",""="",""""]]"	replicate_variability_or_condition_conflict_review
MLMEASURE1:6bfd0408e04b30a134c13a58	false	2	PV13:910c1f71ba661907454eaeec;PV13:d49b64525eb9804f7175cc80	PEPlife2	"[[""-1.47712125472"",""~"",""""],[""1"",""="",""""]]"	replicate_variability_or_condition_conflict_review
MLMEASURE1:6c569be7225d8fcd147e6965	true	2	PV13:03872dd5135b532fe8dedbc3;PV13:594fa4719d5128f1242292e7	PEPlife2	"[[""-0.823908740944"",""="",""""],[""-0.958607314842"",""="",""""]]"	replicate_variability_or_condition_conflict_review
MLMEASURE1:6cc69c2af877788f8b29230b	true	2	PV13:0290d806fef1cdecc9490196;PV13:cb60d6e9146e5948c76b9459	PEPlife2	"[[""-0.301029995664"",""="",""""],[""0"",""="",""""]]"	replicate_variability_or_condition_conflict_review
MLMEASURE1:6cf30b2aca290eb7d90303f9	true	5	PV13:855a41cb64798f2ffdbe1199;PV13:acdbeb688a45d4dec04abc49;PV13:b1f7ce31273af6ea9b900727;PV13:e6d4844dc3a367b451d32f56;PV13:ebf4133caa627eb46a7aac40	NIST ThermoML	"[[""-2.38323050473"",""="",""""],[""-2.46413647929"",""="",""""],[""-2.56049362311"",""="",""""],[""-2.69609150646"",""="",""""],[""-2.81338264815"",""="",""""]]"	replicate_variability_or_condition_conflict_review
MLMEASURE1:6d49ce48bad9b99279493d35	true	4	PV13:23c04ea98c6dc2fbe79c811c;PV13:5adab1f46ea81767a11725d1;PV13:98fc1d06fa4fedafeec8df93;PV13:b3d34920d576165df777bf47	swemacrocycledb_figshare_v1_ar_gt_0_3	"[[""-6.292429824"",""="",""""],[""-6.397940009"",""="",""""],[""-6.698970004"",""="",""""],[""-7.017728767"",""="",""""]]"	replicate_variability_or_condition_conflict_review
MLMEASURE1:6e37514b9d10f2208f283bf9	true	4	PV13:4a95c0af96bf73460809d261;PV13:bbeb511d04bbfb88f9c62223;PV13:f40de6fb39a23efd66f88e97;PV13:f6b9ffa899c5372e48b048b8	PEPlife2	"[[""-0.289600533883"",""="",""""],[""-0.778151250384"",""="",""""],[""-1.22184874962"",""="",""""],[""-1.45593195565"",""="",""""]]"	replicate_variability_or_condition_conflict_review
MLMEASURE1:6e68c0d3bb9e8937ddcaf068	true	22	PV13:0220fbd9b26b055f12e31490;PV13:0a0dec9cdd7f7673537dc49f;PV13:0b000b0026ed5324cf231c91;PV13:0e4ec60759bcf9ec5d90a6df;PV13:1b03750cd0aa01242342d038;PV13:1c14f4e34f9652abe6f9e517;PV13:20d84304c9d9770898254387;PV13:21c37fb812b186283f84623d;PV13:26a8e5e4e93438a9b7949cd1;PV13:31d022139aa98e4c663e4691;PV13:3a1dacc30017bb2c81910edc;PV13:3a87766d358dfedb8319d232;PV13:4475e684942596eb7a349bb9;PV13:4924ede0a055d3a2e91ea563;PV13:55cd82c06100e05ff1816ac8;PV13:692173a4a9eff391fd57e711;PV13:9aad68b574a1a4709c5a8115;PV13:9d09464d9ac73bb69d3ca68e;PV13:9d135cb31711815ab90a3802;PV13:b6bcf68e259ec3c9654b5836;PV13:f71f1c5d836040d79426d4e6;PV13:f9dfbc0f35530e743e2a7f77	PEPlife2	"[[""-0.301029995664"",""="",""""],[""0.301029995664"",""="",""""],[""0.602059991328"",""="",""""],[""0.924279286062"",""="",""""],[""0.94448267215"",""="",""""],[""1.04139268516"",""="",""""],[""1.07918124605"",""="",""""],[""1.11394335231"",""="",""""],[""1.14612803568"",""="",""""],[""1.23044892138"",""="",""""],[""1.27875360095"",""="",""""],[""1.30102999566"",""="",""""],[""1.44715803134"",""="",""""],[""1.55630250077"",""="",""""],[""1.59106460703"",""="",""""],[""1.74818802701"",""="",""""],[""1.8260748027"",""="",""""],[""1.87506126339"",""="",""""],[""1.88081359228"",""="",""""],[""1.89209460269"",""="",""""],[""1.98677173427"",""="",""""],[""1.9956351946"",""="",""""]]"	replicate_variability_or_condition_conflict_review
MLMEASURE1:6e75e10d09d465aa5687efde	true	2	PV13:0f7ea3b7da2071077c5cfad1;PV13:f58d0574879c39334366e7e5	swemacrocycledb_figshare_v1_ar_gt_0_3	"[[""-7"",""="",""""],[""-7.155"",""="",""""]]"	replicate_variability_or_condition_conflict_review
MLMEASURE1:6e92589b032a44cdea25f286	true	3	PV13:6e7b3cf3f2abf12b557c7094;PV13:9ba07038e004fb9f6c1d2e5a;PV13:be1dab7985194c994a443f78	PEPlife2	"[[""-1.17500687776"",""="",""""],[""-1.18045606446"",""="",""""],[""-1.18265502856"",""="",""""]]"	replicate_variability_or_condition_conflict_review
MLMEASURE1:6ef9ecd8ee6290a632b963fe	true	2	PV13:767f4ed52b293b9b041dbb75;PV13:fdd23752e52b94e89a3f055e	PEPlife2	"[[""-0.574031267728"",""="",""""],[""-0.778151250384"",""="",""""]]"	replicate_variability_or_condition_conflict_review
MLMEASURE1:6f71eca6b0342972c873b3c7	true	2	PV13:15ab7cc2e8e8a76749223187;PV13:87599063c06f6adcc7d5c906	PEPlife2	"[[""-0.913640169325"",""="",""""],[""-1.28960053388"",""="",""""]]"	replicate_variability_or_condition_conflict_review
MLMEASURE1:6fa0fe4299adbc01f90d602c	true	2	PV13:42a02862a89d12caa053df8a;PV13:43173a99fcf798d76bc74046	PEPlife2	"[[""0.602059991328"",""="",""""],[""0.778151250384"",""="",""""]]"	replicate_variability_or_condition_conflict_review
MLMEASURE1:6ff12eee6997af84f637c4ec	true	3	PV13:0365669cbc226a66a0d60a38;PV13:0aced395ca46c9cfdea86031;PV13:2b834dc00be201fc00edcb8c	PEPlife2	"[[""1.26245108973"",""="",""""],[""1.35024801833"",""="",""""],[""1.55750720191"",""="",""""]]"	replicate_variability_or_condition_conflict_review
MLMEASURE1:704232350c35e6005adbe202	true	2	PV13:7db6a9170dca879fc8629922;PV13:f3ad7c607f6ee77c960778ed	PEPlife2	"[[""-0.154901959986"",""="",""""],[""0"",""="",""""]]"	replicate_variability_or_condition_conflict_review
MLMEASURE1:7290009ec7b83b4fe4d705f9	true	2	PV13:4082ac10850192dd41eb8f05;PV13:afc8fdec87f7f1f19be0d71e	swemacrocycledb_figshare_v1_ar_gt_0_3	"[[""-6.921"",""="",""""],[""-7.046"",""="",""""]]"	replicate_variability_or_condition_conflict_review
MLMEASURE1:72a8b99055683628a35d0b5a	true	2	PV13:2ff39bd4cde38e11d676b284;PV13:62add650c9cbf77cbc066d7b	PEPlife2	"[[""0.792391689498"",""="",""""],[""1.07554696139"",""="",""""]]"	replicate_variability_or_condition_conflict_review
MLMEASURE1:7327a3559c78e2a1528e1c14	true	9	PV13:1258ae8c14bab7fe9f9db523;PV13:1a7d0acbbc960913437a7532;PV13:1ec436fad65ea09d648562b9;PV13:256527f64ef98a6abd56f0f8;PV13:411dba6207427db81c0303bc;PV13:687f3dbdb0e5ade3c7d572b7;PV13:be0b6a680e4e8df4414e7c1f;PV13:e16662cabfcde115a9ec2145;PV13:e72bfe84ad2f06a6996a3e5c	PEPlife2	"[[""2.17609125906"",""="",""""],[""2.18098558079"",""="",""""],[""2.18184358794"",""="",""""],[""2.18412335424"",""="",""""],[""2.19312459835"",""="",""""],[""2.2022157758"",""="",""""],[""2.20411998266"",""="",""""],[""2.21165440055"",""="",""""],[""2.21722065564"",""="",""""]]"	replicate_variability_or_condition_conflict_review
MLMEASURE1:73295e379cbd030122c57155	true	4	PV13:190c39a4ccd04e79d7d8a944;PV13:58e89d6048ee0fa4fbf7040a;PV13:a5785de2a0dda9eac1876775;PV13:b90041509c4b8f3da21da798	NIST ThermoML	"[[""-0.817015032996"",""="",""""],[""-0.988429556403"",""="",""""],[""-1.22402566887"",""="",""""],[""-1.47108329972"",""="",""""]]"	replicate_variability_or_condition_conflict_review
MLMEASURE1:73cbaae5022fe73d64dccd81	true	2	PV13:6843743508065cbd57868f2a;PV13:ae3a372dde0739660a9a1c94	PEPlife2	"[[""-0.667561540084"",""="",""""],[""-0.769551078622"",""="",""""]]"	replicate_variability_or_condition_conflict_review
MLMEASURE1:740798876f24d2af1bd36a9b	true	2	PV13:31ed04f03ce2c30d41cff749;PV13:bac185e58eadca7a1f2858b5	CycPeptMPDB	"[[""-5.68"",""="",""""],[""-5.8"",""="",""""]]"	replicate_variability_or_condition_conflict_review
MLMEASURE1:7412b1cc8e1a3df025e7e9d3	true	2	PV13:1deee605717057f04c72b92b;PV13:31d3f4d8dd20fbe91b3b3ce3	PEPlife2	"[[""0.47712125472"",""="",""""],[""0.954242509439"",""="",""""]]"	replicate_variability_or_condition_conflict_review
MLMEASURE1:743980429b34a0bf1feb8269	true	6	PV13:1b06a3857f9e1e8fb36fcc45;PV13:30230789edba261c9d6c3d8e;PV13:35266536f0b6edb9b1882e40;PV13:4a411acbb5998f9e570cc328;PV13:76f0c29265ba52993ffb3182;PV13:d217ee97aa9df242abbafb32	CycPeptMPDB	"[[""-4.4"",""="",""""],[""-4.5"",""="",""""],[""-5.52"",""="",""""],[""-6"",""="",""""],[""-6.24"",""="",""""],[""-6.4"",""="",""""]]"	replicate_variability_or_condition_conflict_review
MLMEASURE1:7463a2f3024b7d00d2a59b4a	true	2	PV13:1295499801df6a2b5194b32a;PV13:97dee5fd09abdef144ac2718	PEPlife2	"[[""1.07918124605"",""="",""""],[""1.38021124171"",""="",""""]]"	replicate_variability_or_condition_conflict_review
MLMEASURE1:74acb9cdda30a0afa5651aad	true	7	PV13:1e01b7519f62c46e4e4a1708;PV13:1e04d18ee21375e403b27a45;PV13:338a36a83637cdec86060e78;PV13:57743bc297bf2ff82b6b7034;PV13:92667cfb2516da9b0285c5f7;PV13:b48e6031f5ec9f0b0866f728;PV13:b827c31788171f4bb16d322a	NIST ThermoML	"[[""0.769377326076"",""="",""""],[""1.06220580882"",""="",""""],[""1.32980452216"",""="",""""],[""1.66351247042"",""="",""""],[""1.9703003754"",""="",""""],[""2.13779704306"",""="",""""],[""2.3034120706"",""="",""""]]"	replicate_variability_or_condition_conflict_review
MLMEASURE1:74ffeaca8900ec948ddebd1a	true	2	PV13:2f0bb210131a38291c6f5d58;PV13:cc789d5482029f2327f766ae	CycPeptMPDB	"[[""-4.81"",""="",""""],[""-4.88"",""="",""""]]"	replicate_variability_or_condition_conflict_review
MLMEASURE1:750fc355ded9378abc2517c6	true	2	PV13:5a7c9fdcbca6f9f473956b47;PV13:e17ec79e4c8f5bc1c7273700	PEPlife2	"[[""-0.149762320333"",""="",""""],[""-0.253106443347"",""="",""""]]"	replicate_variability_or_condition_conflict_review
MLMEASURE1:75168d3fb1f7e33f9554948e	true	3	PV13:0a75de53a08e35c9d0e15ce8;PV13:17423304b09fc611b04baf7b;PV13:3dd354555d073ee9b52b1ab3	PEPlife2	"[[""0.622214022966"",""="",""""],[""0.703291378119"",""="",""""],[""0.763427993563"",""="",""""]]"	replicate_variability_or_condition_conflict_review
MLMEASURE1:7525f08579772b68d7a621c1	true	2	PV13:6811b2935878780a110d499d;PV13:a64d2d17b199f7a97e419b0b	swemacrocycledb_figshare_v1_ar_gt_0_3	"[[""-6.276"",""="",""""],[""-6.495"",""="",""""]]"	replicate_variability_or_condition_conflict_review
MLMEASURE1:75462630835619e44a8b799b	true	2	PV13:24a2a6b52239829a3b07edd2;PV13:a499a070427b7ff0ef2cb2d9	PEPlife2	"[[""-0.441691516535"",""="",""""],[""-0.606132440959"",""="",""""]]"	replicate_variability_or_condition_conflict_review
MLMEASURE1:75cb4b33cd605d94bf894f89	true	2	PV13:390dbc4900f149203c39e957;PV13:414c0ab99cf305dd1f49838e	swemacrocycledb_figshare_v1_ar_gt_0_3	"[[""-7.222"",""="",""""],[""-8"",""="",""""]]"	replicate_variability_or_condition_conflict_review
MLMEASURE1:7615ada3b7b68272f0ca5c32	true	3	PV13:1cbc03a5d2737ffffacade1a;PV13:36acd95a25fbcf8e635c1714;PV13:6b8c396525343a8f792b0e10	PEPlife2	"[[""0.464886798303"",""="",""""],[""0.52287874528"",""="",""""],[""0.564271430439"",""="",""""]]"	replicate_variability_or_condition_conflict_review
MLMEASURE1:7628161e8b5f0cdcf8b7d2ea	true	4	PV13:036cf28033f2bce89bf777c3;PV13:098ff2072c079900b77dc87b;PV13:36742418133b2d8b21b19db9;PV13:5bea463501b76ad4eb93e949	PEPlife2	"[[""-0.305394801066"",""="",""""],[""-0.510979521981"",""="",""""],[""-0.545155139991"",""="",""""],[""-0.882176518025"",""="",""""]]"	replicate_variability_or_condition_conflict_review
MLMEASURE1:762bbea59e7b20ba9c5bb159	true	2	PV13:42878a34230381291f7c0c8b;PV13:6e5379e8f56b6c35f85053a5	PEPlife2	"[[""0.301029995664"",""~"",""""],[""0.698970004336"","">"",""""]]"	replicate_variability_or_condition_conflict_review
MLMEASURE1:767da539d54d8f836db6a677	true	2	PV13:79544ecbffbed3c6b8dfd0e8;PV13:d9e088575186855975aac359	CycPeptMPDB	"[[""-5.04"",""="",""""],[""-5.1"",""="",""""]]"	replicate_variability_or_condition_conflict_review
MLMEASURE1:79a845237c8838e52bafb1c9	true	2	PV13:649bf4746dde25bf0daa6c04;PV13:f57c67fb43db6e26e8ed6254	CycPeptMPDB	"[[""-5.81"",""="",""""],[""-7.75"",""="",""""]]"	replicate_variability_or_condition_conflict_review
MLMEASURE1:79fcb2c60ce4915d5abba4c9	true	2	PV13:d921aeaa4a80637f19be3490;PV13:f357c2c04311ad2a83c229b6	PEPlife2	"[[""-0.356547323514"",""="",""""],[""-1.49939764943"",""="",""""]]"	replicate_variability_or_condition_conflict_review
MLMEASURE1:7ad83e80582163cbd752b153	true	2	PV13:9958a2cd12a465c521f1a96d;PV13:d4aa533f9cae1003e22c4b70	PEPlife2	"[[""2.19312459835"",""="",""""],[""2.20139712432"",""="",""""]]"	replicate_variability_or_condition_conflict_review
MLMEASURE1:7b09720d1e645005f82314fb	true	2	PV13:082577cb3921ee0d47f50a47;PV13:6fe80209f06a6a4eec71a5aa	PEPlife2	"[[""0.547774705388"",""="",""""],[""1.00689370795"",""="",""""]]"	replicate_variability_or_condition_conflict_review
MLMEASURE1:7b1221dc9dbe41db763212a6	true	4	PV13:1a3070ecc45df4a574373cfe;PV13:1cbc073889b83cde4a17fc09;PV13:1f33dec9eb9a2fc4746a4179;PV13:686cfd3a6602e2a6904c97d9	PEPlife2	"[[""0.664641975556"",""="",""""],[""0.862727528318"",""="",""""],[""1.07736790528"",""="",""""],[""1.27253777738"",""="",""""]]"	replicate_variability_or_condition_conflict_review
MLMEASURE1:7b8092e7cc48df8b80866b75	true	4	PV13:22da49da7a323f07e8c6fc65;PV13:24c791ea5b3da39e393318bc;PV13:2d5aa56f0538eac348e7fd09;PV13:9ca635691a3f9f433c6b092c	PEPlife2	"[[""0.230448921378"",""="",""""],[""0.322219294734"",""="",""""],[""0.397940008672"",""="",""""],[""0.740362689494"",""="",""""]]"	replicate_variability_or_condition_conflict_review
MLMEASURE1:7c4b3b75096780bff82ee9a1	true	2	PV13:63d61c4a770adfa48aca77a5;PV13:a86d142eefe747514319f514	PEPlife2	"[[""-0.0843363964942"",""="",""""],[""0.576341350206"",""="",""""]]"	replicate_variability_or_condition_conflict_review
MLMEASURE1:7c753ca511da0bb1ad383c94	true	2	PV13:35eb0a31721419a7b85c0063;PV13:af21264839e91cdda956a20d	CycPeptMPDB	"[[""-5.85"",""="",""""],[""-5.96"",""="",""""]]"	replicate_variability_or_condition_conflict_review
MLMEASURE1:7c8281c444a33807482f90c7	true	2	PV13:41d4a43a958bd63b1973ca3b;PV13:6a5651cb855119a5e01bf836	PEPlife2	"[[""0.296665190262"",""="",""""],[""1.14983469672"",""="",""""]]"	replicate_variability_or_condition_conflict_review
MLMEASURE1:7cb1f8d73c4cc0046d96da91	true	2	PV13:4fa442c69d39fb8882498bf7;PV13:7de2066493b44c91ed10d53c	swemacrocycledb_figshare_v1_ar_gt_0_3	"[[""-7.523"",""="",""""],[""-7.699"",""="",""""]]"	replicate_variability_or_condition_conflict_review
MLMEASURE1:7d363911de42719a7b0b5389	true	2	PV13:345c0844e5d5520a01cb3cbf;PV13:586d4f1004f0fa03d5f568c5	PEPlife2	"[[""1.20411998266"",""="",""""],[""1.24303804869"",""="",""""]]"	replicate_variability_or_condition_conflict_review
MLMEASURE1:7d96883250761f0013533deb	true	2	PV13:393dbfe0c0e456fcc630aaa2;PV13:acec626c74065671bf053deb	PEPlife2	"[[""-0.667561540084"",""="",""""],[""-0.952076447683"",""="",""""]]"	replicate_variability_or_condition_conflict_review
MLMEASURE1:7d9a4472919089b5455e4bee	true	5	PV13:0d5420e2c496a7c20cad9c83;PV13:13e35d328c1db9c7fa12b077;PV13:25de8d295aae400703b77eec;PV13:7f32d6c587f86232820b04a5;PV13:b4d84f0a0e1b4ba3c1cfc98f	PEPlife2	"[[""-0.641430683227"",""="",""""],[""-0.71745341003"",""="",""""],[""0.0669467896306"",""="",""""],[""0.19033169817"",""="",""""],[""0.63346845558"",""="",""""]]"	replicate_variability_or_condition_conflict_review
MLMEASURE1:7dad991caeb0331732216bfb	true	3	PV13:add09bd060ca1ec6818e9646;PV13:aeac5625db4bb473ee73d502;PV13:e6b7ed1f2bb463adf7609234	PEPlife2	"[[""0.195438373044"",""="",""""],[""0.772688354682"",""="",""""],[""1.08908046414"",""="",""""]]"	replicate_variability_or_condition_conflict_review
MLMEASURE1:7dc22be0e676f5f97cfd0f2d	true	2	PV13:41952d773b5ba41e2a29c5fb;PV13:e0d1ba793ff2ee2c1bdd382d	swemacrocycledb_figshare_v1_ar_gt_0_3	"[[""-5.983"",""="",""""],[""-6.018"",""="",""""]]"	replicate_variability_or_condition_conflict_review
MLMEASURE1:7dd315ea434a80cd96833874	true	2	PV13:119ff3d56c9d9415894fc472;PV13:a31fae518c875afe023df802	CycPeptMPDB	"[[""-5.8"",""="",""""],[""-5.81"",""="",""""]]"	replicate_variability_or_condition_conflict_review
MLMEASURE1:7ddd26c26bfbb7c0acc87fdc	true	3	PV13:69510b7027de21d155b0ed91;PV13:838d0482db016a6dbcb195ff;PV13:94975a93c7da271924a424dc	PEPlife2	"[[""1.11727129566"",""="",""""],[""1.32633586093"",""="",""""],[""1.52374646681"",""="",""""]]"	replicate_variability_or_condition_conflict_review
MLMEASURE1:7e0f1f157041af672183d680	true	2	PV13:1bf98a58c7fb6b88780f1281;PV13:f154c0ca9f6addf0e741c3a9	PEPlife2	"[[""0.0280287236002"",""="",""""],[""0.0731070983354"",""="",""""]]"	replicate_variability_or_condition_conflict_review
MLMEASURE1:7e1851ef0d78e44c5cd5c065	true	5	PV13:0a5de4a0aca5c87b9414c3df;PV13:0dd4a994080cba8efb5ea1bf;PV13:3e6af93ac2cb60636ba4e131;PV13:557fdd03a0a6b1ab52ab5e7f;PV13:d570b3c47287f955dca2fdaf	NIST ThermoML	"[[""-2.39340369082"",""="",""""],[""-2.52302353424"",""="",""""],[""-2.65319731373"",""="",""""],[""-2.84609371486"",""="",""""],[""-2.90014678012"",""="",""""]]"	replicate_variability_or_condition_conflict_review
MLMEASURE1:7ec24a80308d56f2ebd34e88	true	3	PV13:0f83ce7a4cd3f5cedd32cf09;PV13:4d5087c8ff5ac98c7c657117;PV13:662c55f033686627413af872	PEPlife2	"[[""0.672097857936"",""="",""""],[""0.707570176098"",""="",""""],[""1.30963016743"",""="",""""]]"	replicate_variability_or_condition_conflict_review
MLMEASURE1:7ecef6dfb5ac2fb5b2a12e23	true	4	PV13:320ed226f113be97a993a86e;PV13:61e54489f7a29845d426e974;PV13:8cdea82af17cdb779a6f162b;PV13:be6144a4740264dc051c9b44	NIST ThermoML	"[[""-0.852942328972"",""="",""""],[""-1.12842706445"",""="",""""],[""-1.35359627378"",""="",""""],[""-1.57348873864"",""="",""""]]"	replicate_variability_or_condition_conflict_review
MLMEASURE1:7efb78af3976b24bc3702b6e	true	2	PV13:51dff2e238ea151dc7a6ae95;PV13:ba96b532e157a57cb679a8cf	PEPlife2	"[[""1.357934847"",""="",""""],[""1.38021124171"","">"",""""]]"	replicate_variability_or_condition_conflict_review
MLMEASURE1:7fe9bba340d645a000e22188	true	4	PV13:13204919e66e7f0bd36f7ac8;PV13:24b6983d5371b300afd1bf86;PV13:2aacfeeeb59333971ec9e93f;PV13:67d92b600ad02f5e8ddb7241	PEPlife2	"[[""-0.301029995664"",""<"",""""],[""0"",""~"",""""],[""0.176091259056"",""~"",""""],[""1.38021124171"",""~"",""""]]"	replicate_variability_or_condition_conflict_review
MLMEASURE1:7ff5adecfa8f2a52192e3577	true	2	PV13:1518681c405f13b9cf386807;PV13:e46af2d49b841ce8cf3ec9f2	PEPlife2	"[[""-1.30102999566"",""="",""""],[""-1.77815125038"",""="",""""]]"	replicate_variability_or_condition_conflict_review
MLMEASURE1:80bbad814b6a031fb43790e2	true	10	PV13:332708d2c2e6418e57889416;PV13:409f58cb162f9a94fb98faad;PV13:52db5fdb54ca11424d4818e2;PV13:6fa61f1a7ff6ffdacde4a861;PV13:72886f125a78262e29e13c11;PV13:897bc98f1c07558cba2fc80d;PV13:b30eaa90964b5ead710aac08;PV13:b41356ec7258a296bd6e2782;PV13:b5ae3d37ec98f9ba5144f7b7;PV13:f0b22f16d10a58684f7d15b6	PEPlife2	"[[""-1.77815125038"",""~"",""""],[""-1.86610642074"",""~"",""""],[""-1.90308998699"",""~"",""""],[""-1.91284982428"",""~"",""""],[""-1.95424250944"",""~"",""""],[""-2.09390450287"",""~"",""""],[""-2.41017446509"",""~"",""""],[""-2.51490981561"",""~"",""""],[""-2.55630250077"",""="",""""],[""-2.60205999133"",""="",""""]]"	replicate_variability_or_condition_conflict_review
MLMEASURE1:812e0cf3ae91d660dce58d40	true	2	PV13:8e807557502dbed704f19cad;PV13:b003e4a9ec10d7ab514f556e	PEPlife2	"[[""1.47712125472"",""="",""""],[""1.98227123304"",""="",""""]]"	replicate_variability_or_condition_conflict_review
MLMEASURE1:814f1d2e705d59787a772a54	true	2	PV13:0268241223e78891cbda7a5c;PV13:85336864e4fcc874ffda2dca	PEPlife2	"[[""-0.79362393704"",""="",""""],[""0.46859345934"",""="",""""]]"	replicate_variability_or_condition_conflict_review
MLMEASURE1:81a4bdb7165c115d3f854f18	true	11	PV13:02c36ea262bd6b134b88b727;PV13:0a816a49024251cc3de0193e;PV13:0d7642b66d5ef4c8a374c540;PV13:0ec23266dd02fe6747d9cb27;PV13:0fe80a1225abba9ad9f2d262;PV13:48ed076b765fd5a4d1ed0e21;PV13:623776e6fe2cc0b98bb1e087;PV13:6299f05ba4775485eb0a4550;PV13:6a5eceb9d40c1099fca30235;PV13:7e0c4dd0aaf27e02271e52fb;PV13:bc56fddc5c3609865e8dd209	PEPlife2	"[[""-0.142667503569"",""="",""""],[""-0.154901959986"",""="",""""],[""0.230448921378"",""="",""""],[""0.274157849264"",""="",""""],[""0.326335860929"",""="",""""],[""1.07554696139"",""="",""""],[""1.08278537032"",""="",""""],[""1.36436335462"",""="",""""],[""1.54294984881"",""="",""""],[""1.98811284027"",""="",""""],[""2.02407498731"",""="",""""]]"	replicate_variability_or_condition_conflict_review
MLMEASURE1:81f58465be12c8be1adb07ab	true	2	PV14:30ce65f6f1cca2e156a75901;PV14:37d96a58b61570eefc79367b	primary_pk_literature_v14	"[[""8.550000000000000000000000002"",""="",""""],[""9.200000000000000000000000002"",""="",""""]]"	replicate_variability_or_condition_conflict_review
MLMEASURE1:821124b1233ede66f93da1db	true	2	PV13:d78d0a25eb835e4511624c4d;PV13:d7a6a7733720f621dd5508a6	swemacrocycledb_figshare_v1_ar_gt_0_3	"[[""-6.745"",""="",""""],[""-7.097"",""="",""""]]"	replicate_variability_or_condition_conflict_review
MLMEASURE1:825201873f57f50d4dc31e7a	true	2	PV13:4576537d64feb9edd1753231;PV13:a7e72867d36c8bbd212b6b9a	PEPlife2	"[[""-0.0538753807829"",""="",""""],[""0.185636576962"",""="",""""]]"	replicate_variability_or_condition_conflict_review
MLMEASURE1:828f1ae7224feb8912f85980	true	3	PV13:45c74f13741ee4813c6b8bbf;PV13:8015dc32b34ab19d806b69f9;PV13:daa1a3c367b29ee9db48e39e	PEPlife2	"[[""-0.266267889405"",""="",""""],[""0.481920137601"",""="",""""],[""0.611546297823"",""="",""""]]"	replicate_variability_or_condition_conflict_review
MLMEASURE1:836110055cc5f5d027fe0ced	true	2	PV13:dc726c4c5968788fb09ff09f;PV13:f3bc13d6176fdb069db7cdb7	PEPlife2	"[[""1.23044892138"",""="",""""],[""1.57634135021"",""="",""""]]"	replicate_variability_or_condition_conflict_review
MLMEASURE1:83bb2f88bb30f08930c7a6ef	true	2	PV13:39e9956674b482c04618a25a;PV13:c995000f7c39a718bf32f0e9	swemacrocycledb_figshare_v1_ar_gt_0_3	"[[""-5.932"",""="",""""],[""-6.114"",""="",""""]]"	replicate_variability_or_condition_conflict_review
MLMEASURE1:85693c55a72e4be044e5c922	true	2	PV13:03e50772aefdfcedd774e501;PV13:e4bd7ac857e2a2dbfb2d5b1c	swemacrocycledb_figshare_v1_ar_gt_0_3	"[[""-6.187"",""="",""""],[""-6.292"",""="",""""]]"	replicate_variability_or_condition_conflict_review
MLMEASURE1:85b77c530467cca9687f75bd	true	2	PV13:81c4bfa624077ececa2f7da2;PV13:fcee4f6144f2ed66df0b365e	PEPlife2	"[[""1.11394335231"",""="",""""],[""1.23044892138"",""="",""""]]"	replicate_variability_or_condition_conflict_review
MLMEASURE1:869daaad1a7add4e1acd93cd	true	2	PV13:3177b3716d50db8b4019e8c8;PV13:43c91182051a41ea7ed362b0	swemacrocycledb_figshare_v1_ar_gt_0_3	"[[""-6.041"",""="",""""],[""-6.553"",""="",""""]]"	replicate_variability_or_condition_conflict_review
MLMEASURE1:8726f317396ff2acfd179ab1	true	2	PV13:433a6811c6251e616331ff54;PV13:52cfd299c278555ae400ff7a	PEPlife2	"[[""0.44482519951"",""="",""""],[""1.25695815256"",""="",""""]]"	replicate_variability_or_condition_conflict_review
MLMEASURE1:87af4ed7f95e56c7dc9a8ec0	true	2	PV13:086ce461afeab62bdb61f905;PV13:cc5df31fce116388b1463b08	swemacrocycledb_figshare_v1_ar_gt_0_3	"[[""-5.585"",""="",""""],[""-5.678"",""="",""""]]"	replicate_variability_or_condition_conflict_review
MLMEASURE1:88432490e770933bdb881823	true	3	PV13:136afbc2320ce9c89fc03474;PV13:aa6f5692470ed741fbca7844;PV13:aaa62fc23e3b7acc7be0e1cb	PEPlife2	"[[""1.75127910398"",""="",""""],[""1.80037335489"",""="",""""],[""2.06035782465"",""="",""""]]"	replicate_variability_or_condition_conflict_review
MLMEASURE1:8882fd115c75ac24a48bde59	true	3	PV13:25e3594b4e79135bf2cb0aec;PV13:30efea931c0b7e5e79f0a85d;PV13:c3cd1f3361ed2e0d2c9ba8e7	PEPlife2	"[[""-0.508638306166"",""="",""""],[""0.889861721258"",""="",""""],[""0.923761960829"",""="",""""]]"	replicate_variability_or_condition_conflict_review
MLMEASURE1:8934fea359ead84c49dc075e	true	2	PV13:38fc985918345aa4b5143e8d;PV13:bba8e2fee73f6bbba89787e9	swemacrocycledb_figshare_v1_ar_gt_0_3	"[[""-5.533"",""="",""""],[""-5.674"",""="",""""]]"	replicate_variability_or_condition_conflict_review
MLMEASURE1:8970a8fcf9f8447e2cdc0e4d	true	2	PV13:64bd6ef6039143c9ca6cfe32;PV13:e43033243c7ea0c9cbea5845	PEPlife2	"[[""-0.268948728053"",""="",""""],[""-0.338818556553"",""="",""""]]"	replicate_variability_or_condition_conflict_review
MLMEASURE1:8a81e4c76c1789ffa8647fc8	true	2	PV13:672570a4f49e0565860ad872;PV13:a7d3da1bbbd57e9dcdf12876	CycPeptMPDB	"[[""-5.56"",""="",""""],[""-5.81"",""="",""""]]"	replicate_variability_or_condition_conflict_review
MLMEASURE1:8b38c23e03495aca380eec7d	true	2	PV13:630f4742eb5fbcdf42282f17;PV13:e46723b55a85d898974ac86a	PEPlife2	"[[""0.255272505103"",""="",""""],[""0.845098040014"",""="",""""]]"	replicate_variability_or_condition_conflict_review
MLMEASURE1:8b8f42abea1c209890636c60	true	2	PV13:24d6fa47e73f29ed4bbf0824;PV13:838ff147d0920588f7006658	PEPlife2	"[[""-0.778151250384"",""~"",""""],[""-1.47712125472"",""<"",""""]]"	replicate_variability_or_condition_conflict_review
MLMEASURE1:8c38d7832fe59204d3cb8b76	true	2	PV13:61fe10d892a9a3895feba96d;PV13:74bdd085ce66106ff4bebc0b	PEPlife2	"[[""-0.144682794804"",""="",""""],[""0.89762709129"",""="",""""]]"	replicate_variability_or_condition_conflict_review
MLMEASURE1:8c45b439a75738982fad649e	true	2	PV13:47fce4f37176b5cda2e24d2b;PV13:d82f6f60f1b16c4c2c6867dd	acs_jmedchem_5c00544	"[[""0.0791812460476"",""="",""""],[""0.146128035678"",""="",""""]]"	replicate_variability_or_condition_conflict_review
MLMEASURE1:8c83be4d2f4e154f40d6f94a	true	2	PV13:c178dae72210bbdf5a7ecc1b;PV13:c6ebec64464a094c34168c62	PEPlife2	"[[""-0.664207898077"",""="",""""],[""0.255272505103"",""="",""""]]"	replicate_variability_or_condition_conflict_review
MLMEASURE1:8cbe14403e1d4345e44b8bd0	true	5	PV13:369e36c33a65642036728980;PV13:44626cda1d6f9813c339dec5;PV13:ab83ac1ada007ec723645f43;PV13:ec7d88e0dc0c00958b736421;PV13:efe2c3fbc370e86d18d4b721	NIST ThermoML	"[[""-0.652279782966"",""="",""""],[""-0.672028376377"",""="",""""],[""-0.709075440617"",""="",""""],[""-0.763210900591"",""="",""""],[""-0.83297820421"",""="",""""]]"	replicate_variability_or_condition_conflict_review
MLMEASURE1:8cfdf973b6430a44189c066f	true	2	PV13:25c91eed118d970b7d00dcbb;PV13:d5ca34839914021a98b6c881	PEPlife2	"[[""0"",""~"",""""],[""1.81291335664"",""="",""""]]"	replicate_variability_or_condition_conflict_review
MLMEASURE1:8d1b0477287026c98a25e364	true	3	PV13:1ed7300ad5256a614e0b3e3e;PV13:61a750d91b75a3f59fdf2df8;PV13:c8879dc0039731ae2c003130	PEPlife2	"[[""-0.114450324994"",""="",""""],[""0.489724168935"",""="",""""],[""0.79553244271"",""="",""""]]"	replicate_variability_or_condition_conflict_review
MLMEASURE1:8d3e3d3607bd5904d06a3eaf	true	2	PV13:10f1f504acd8aa08a4fdb727;PV13:18fda60c8028e946b84834cc	PEPlife2	"[[""-0.399753349436"",""="",""""],[""-0.530177984022"",""="",""""]]"	replicate_variability_or_condition_conflict_review
MLMEASURE1:8e2fb4f013a31cc826c4ab9a	true	2	PV13:2a09bfd3034f3c7fdd9c1b1d;PV13:8e139edb2cbc1727e3604ebe	CycPeptMPDB	"[[""-7.31"",""="",""""],[""-7.54"",""="",""""]]"	replicate_variability_or_condition_conflict_review
MLMEASURE1:8ea5c4cad03a5d286c78573a	true	5	PV13:1a283b2b9207094e3162b24b;PV13:20fcc3a91172dfd4582d242c;PV13:3e633f3e470228aa1c7c0036;PV13:a5dfc622ddceb49f4ff84cd9;PV13:c48e61a5f1a7405f43ad211f	PEPlife2	"[[""-0.0147232568207"",""="",""""],[""-0.380211241712"",""="",""""],[""0.0543576623226"",""="",""""],[""0.425968732272"",""="",""""],[""0.903089986992"","">"",""""]]"	replicate_variability_or_condition_conflict_review
MLMEASURE1:8ebd38b60776f0448eb7781b	true	4	PV13:1b80e2ace83d0dfa00a18d0b;PV13:27d1a6157ae1226a3bc28bab;PV13:60085454952bc4f519f61a68;PV13:994870bea7d46374908b8d86	PEPlife2	"[[""0.698970004336"",""~"",""""],[""0.753327666659"",""~"",""""],[""0.834632606336"",""~"",""""],[""0.931966114728"",""="",""""]]"	replicate_variability_or_condition_conflict_review
MLMEASURE1:8ece7d474b577d26f9ffef44	true	5	PV13:22186eddd5040cdb11cab79a;PV13:3fc5338421acd88387f0ea33;PV13:8715a6d8ed22bd426a4bdf24;PV13:9f7504822ec13f3519e34add;PV13:f64bedb9ca96a87e90f2028b	NIST ThermoML	"[[""-3.31921138849"",""="",""""],[""-3.41116827441"",""="",""""],[""-3.53625627875"",""="",""""],[""-3.61798295743"",""="",""""],[""-3.78120200189"",""="",""""]]"	replicate_variability_or_condition_conflict_review
MLMEASURE1:8ed152133e55643ae692a121	true	3	PV13:1f7fa0a3dfb3b2320cf00947;PV13:c47739b0ee75a2d35fd9d69c;PV13:e6298122c03fd70f3410acf0	PEPlife2	"[[""0.364238215735"",""="",""""],[""1.09025805293"",""="",""""],[""1.36583104184"",""="",""""]]"	replicate_variability_or_condition_conflict_review
MLMEASURE1:8efee1f16d75252efa249152	true	2	PV13:5a67a5948c7c7318c68a09a4;PV13:bdd784329f07a1529b2b5595	PEPlife2	"[[""-0.301029995664"",""<"",""""],[""0.602059991328"","">"",""""]]"	replicate_variability_or_condition_conflict_review
MLMEASURE1:8f1215f338264204aa030acf	true	2	PV13:42bc8b4c910a43d6b682535c;PV13:a3895bbdc386be13a9d7518a	PEPlife2	"[[""-0.388985166019"",""="",""""],[""-0.552841968658"",""="",""""]]"	replicate_variability_or_condition_conflict_review
MLMEASURE1:8f82b879158a808dcf26d9d4	true	4	PV13:1e5655fb4ab99d34efd6937d;PV13:960e3de3643957ed55b350cd;PV13:caf461bc0427ac25cccb9b4a;PV13:cf9e2498fc96a20885d517cd	PEPlife2	"[[""2.15259407793"",""="",""""],[""2.16643011384"",""="",""""],[""2.1866738675"",""="",""""],[""2.19423674872"",""="",""""]]"	replicate_variability_or_condition_conflict_review
MLMEASURE1:8f88abe1bfcfe9687aa0f976	true	2	PV13:11cd0c535f9c83e23056146a;PV13:ddbf384665c3879db4b1d704	PEPlife2	"[[""-0.698970004336"",""="",""""],[""0.698970004336"",""="",""""]]"	replicate_variability_or_condition_conflict_review
MLMEASURE1:900905f3e6c0164641bedc66	true	5	PV13:32c74fad246a5595d36d2583;PV13:3ee0d4e96e6fa9908184a2a0;PV13:4966b48ec83f874390ecff76;PV13:9781b57227a4be47573d89fc;PV13:dd327e8f6ab9f7d00681849a	NIST ThermoML	"[[""-2.16615195047"",""="",""""],[""-2.26862883943"",""="",""""],[""-2.36461679595"",""="",""""],[""-2.5592325588"",""="",""""],[""-2.67442276806"",""="",""""]]"	replicate_variability_or_condition_conflict_review
MLMEASURE1:90245f380f33712ab501dddf	true	3	PV13:61d1d06b8e5e409af070cc49;PV13:6e8d799a37c7c97632bd8fa6;PV13:a6af151f3a981aba4012da4a	PEPlife2	"[[""-0.164309428508"",""="",""""],[""-0.165367393664"",""="",""""],[""0.913813852384"",""="",""""]]"	replicate_variability_or_condition_conflict_review
MLMEASURE1:913ba0a45e9c97b71face62b	true	3	PV13:6b91017049facea730d015f0;PV13:caa8307b8709d33586110470;PV13:fbd447f073f37d459f0f53e1	PEPlife2	"[[""0.826074802701"",""="",""""],[""1.00860017176"",""="",""""],[""1.38506977633"",""="",""""]]"	replicate_variability_or_condition_conflict_review
MLMEASURE1:9148e9be2f2906fc5cc71154	true	5	PV13:53039c8626d55c66ae8a19e4;PV13:665b02b21a2678044b97a062;PV13:dc59586c13cb712f54ddd825;PV13:e251a558849f876d0417e014;PV13:f8a891793df9e87cde2ebc54	NIST ThermoML	"[[""-2.61681320053"",""="",""""],[""-2.69346775248"",""="",""""],[""-2.79582573393"",""="",""""],[""-2.93490601064"",""="",""""],[""-3.05222329154"",""="",""""]]"	replicate_variability_or_condition_conflict_review
MLMEASURE1:9179c63a4f3fb36b79ff73c3	true	3	PV13:2c392b18aea0c6245595550b;PV13:94b16afe5bda0ef8fcfa526c;PV13:f634ebeabb737b2dc7ce2b68	PEPlife2	"[[""0.43775056282"",""="",""""],[""0.757396028793"",""="",""""],[""1.11561051167"",""="",""""]]"	replicate_variability_or_condition_conflict_review
MLMEASURE1:91e4704dbab9bc62d5e0bb27	true	2	PV13:240a4188ffc99155e46cfdcc;PV13:a066b480d1045f41d9d1626b	swemacrocycledb_figshare_v1_ar_gt_0_3	"[[""-6.456"",""="",""""],[""-6.77"",""="",""""]]"	replicate_variability_or_condition_conflict_review
MLMEASURE1:935e9c3f0d4ab6f56be73816	true	2	PV13:3e65a2ae4d094bcd79c69c91;PV13:bf2a85fb0fb120184e3a3f3e	swemacrocycledb_figshare_v1_ar_gt_0_3	"[[""-4.472"",""="",""""],[""-4.932"",""="",""""]]"	replicate_variability_or_condition_conflict_review
MLMEASURE1:93f181e369ebf4ec6dbb5e30	true	2	PV13:2747c0ffd1751627c8b6277f;PV13:b2e829ae2ea91c1c1beae25e	PEPlife2	"[[""-0.154901959986"",""="",""""],[""0.0413926851582"",""="",""""]]"	replicate_variability_or_condition_conflict_review
MLMEASURE1:9406d3f640032f8147d210ce	true	2	PV14:67bddb4121da770729c4b072;PV14:dfa64763459faf8d75f53c82	primary_pk_literature_v14	"[[""0.171"",""="",""""],[""0.254"",""="",""""]]"	replicate_variability_or_condition_conflict_review
MLMEASURE1:9449c38f34dc4ac471165562	true	3	PV13:8a9d1f54aeb4da2637f1b823;PV13:aad8beb8171ca7a8f1b949ea;PV13:d79e3afbf64e041dc2014303	PEPlife2	"[[""-0.187086643357"",""="",""""],[""0.131404778858"",""="",""""],[""0.322219294734"",""="",""""]]"	replicate_variability_or_condition_conflict_review
MLMEASURE1:9492725518b3a5bdb5ff3f09	true	2	PV13:197147106ebaf68264e3b9bf;PV13:7c0e451fe55151b43e0ddda6	CycPeptMPDB	"[[""-4.88"",""="",""""],[""-5.31"",""="",""""]]"	replicate_variability_or_condition_conflict_review
MLMEASURE1:94aa5dc3134e6ddef4eeea4c	true	2	PV13:99d7c93759a4e19fb6ea82ea;PV13:a1df019b62e86ddc7d0cbc9c	PEPlife2	"[[""-1.1456939582"",""="",""""],[""-1.3648514863"",""="",""""]]"	replicate_variability_or_condition_conflict_review
MLMEASURE1:94ef29516842c35521b35af8	true	2	PV13:288c668277be6fe93106a12e;PV13:e0e57a68c27fd891017606fe	PEPlife2	"[[""0.929418925714"",""="",""""],[""1.40312052118"",""="",""""]]"	replicate_variability_or_condition_conflict_review
MLMEASURE1:9530017a7fd279f57b482a5e	true	5	PV13:2285e0205b15a8166a2212f6;PV13:51f42356bf3ed9e279cea348;PV13:956f9a66529faffb21062a5b;PV13:9e5b66d010343262f0dd1d48;PV13:be1dfbea050fdcab558f0290	NIST ThermoML	"[[""-2.06028111765"",""="",""""],[""-2.14386345859"",""="",""""],[""-2.21780696226"",""="",""""],[""-2.41039663251"",""="",""""],[""-2.56711084465"",""="",""""]]"	replicate_variability_or_condition_conflict_review
MLMEASURE1:964a677136bfb0a1096e2cd7	true	2	PV13:0145b1ad6111465cd53694c0;PV13:995a3f5d00fb438b8e266170	CycPeptMPDB	"[[""-5.19"",""="",""""],[""-5.26"",""="",""""]]"	replicate_variability_or_condition_conflict_review
MLMEASURE1:964d90917ef2c51d3c3756c0	true	3	PV13:4eb707ff009ebb5dc1e2b507;PV13:95c6cadab1e1ca9b6812281c;PV13:e528d89c758ac49ca3d7b9db	PEPlife2	"[[""-0.213485186132"",""="",""""],[""-0.255707016877"",""="",""""],[""-0.380211241712"",""="",""""]]"	replicate_variability_or_condition_conflict_review
MLMEASURE1:96ab8af6f849531c3ac1f355	true	2	PV13:7350034980c80f9cb6d1e76b;PV13:f55031359519bd1dac4a1328	PEPlife2	"[[""0.792391689498"",""="",""""],[""1.07918124605"","">"",""""]]"	replicate_variability_or_condition_conflict_review
MLMEASURE1:973aff5bf8ab40647e9f2ffb	true	5	PV13:1c3b613b46e508fcf48faf87;PV13:4a9f682b84f7b19db86d52e2;PV13:5a1e5eb0262d007c3f1de16a;PV13:939588a5335f8f2a29e1a977;PV13:cb2f4abdf9238c1f49d63638	NIST ThermoML	"[[""-2.07989233365"",""="",""""],[""-2.16937925757"",""="",""""],[""-2.25308570142"",""="",""""],[""-2.3466716898"",""="",""""],[""-2.51120964164"",""="",""""]]"	replicate_variability_or_condition_conflict_review
MLMEASURE1:9748eb19e43ee3ba07674780	true	7	PV13:1638d0cb22d70720975f624d;PV13:2cb414e5834add7747b32eb5;PV13:41a1ef537947a07e8cd395d6;PV13:8a2a553a1913d63da406a7d5;PV13:90aca4c8643ec951c90334a2;PV13:a07dd5dfc76fc7f44006de2c;PV13:fb47f8a6bc30b76a197b23c5	NIST ThermoML	"[[""-0.13667713988"",""="",""""],[""-0.301029995664"",""="",""""],[""-0.49485002168"",""="",""""],[""-0.677780705266"",""="",""""],[""-0.920818753952"",""="",""""],[""0.0293837776852"",""="",""""],[""0.176091259056"",""="",""""]]"	replicate_variability_or_condition_conflict_review
MLMEASURE1:975e2b139c8ebccae7a8f68a	true	4	PV13:08b41a595cb9eb67359a9c7a;PV13:4196a5044c172cbdc9215363;PV13:8884549fb6098b637d14af9c;PV13:cf1085ebef2905240ca7e6db	PEPlife2	"[[""2.17609125906"",""="",""""],[""2.30535136945"",""="",""""],[""2.87273882747"",""="",""""],[""3.19033169817"",""="",""""]]"	replicate_variability_or_condition_conflict_review
MLMEASURE1:97d9abf2802e6774bd003d00	true	5	PV13:27905afb6c9ad2ed7a71d84b;PV13:67357c697e58a7f48e8a1d41;PV13:8f1d6c17ef24c6823f2b6ad8;PV13:e4b61509359fe933a889d4d2;PV13:efa5ef460ea2306ef3c609e9	NIST ThermoML	"[[""-2.65068361123"",""="",""""],[""-2.8035474583"",""="",""""],[""-2.95872577495"",""="",""""],[""-3.12877744324"",""="",""""],[""-3.1512568181"",""="",""""]]"	replicate_variability_or_condition_conflict_review
MLMEASURE1:98088c86e65661830fe53366	true	2	PV13:0fd017b463b849b7c233dd75;PV13:a17ef8021d6b3213689beca8	PEPlife2	"[[""-0.933053210369"",""="",""""],[""0.263241434775"",""="",""""]]"	replicate_variability_or_condition_conflict_review
MLMEASURE1:9847ee79f4388c54c0ca7b32	true	4	PV13:0fbba51bf244c87edf493326;PV13:9901d880ff3c1a28763620e6;PV13:b513dcb130521d21ee66affd;PV13:d3dca9ad9eca113e077ec367	PEPlife2	"[[""1.60205999133"",""="",""""],[""1.77815125038"",""="",""""],[""2.32633586093"",""="",""""],[""2.78532983501"",""="",""""]]"	replicate_variability_or_condition_conflict_review
MLMEASURE1:9858f7a959c2a20e8ba51297	true	3	PV13:5411789641d3a4c04b223a82;PV13:9b2345c5bbf7a52583ed057b;PV13:fbc57972f59319b0b636d4f9	PEPlife2	"[[""-0.547702329005"",""="",""""],[""-0.616783248149"",""="",""""],[""-0.63513645013"",""="",""""]]"	replicate_variability_or_condition_conflict_review
MLMEASURE1:9879b21a0caaadac8c6ca2f6	true	2	PV13:54d11cc3112c7c1d6db7cf4b;PV13:61269fbfd9142da448df88f9	PEPlife2	"[[""-0.416423414366"",""="",""""],[""0.602059991328"","">"",""""]]"	replicate_variability_or_condition_conflict_review
MLMEASURE1:98dd6e4acf6848fea3215f3c	true	4	PV13:0ad0eaa6f9e8b18a6c43d8e9;PV13:57ff59c70145199cf5389ba8;PV13:8a3042a5686c745eebcf026d;PV13:d6e00e018e3f4099ed7bb2ec	PEPlife2	"[[""-0.10237290871"",""="",""""],[""-0.13667713988"",""="",""""],[""-0.897337658103"",""="",""""],[""0.0899051114394"",""="",""""]]"	replicate_variability_or_condition_conflict_review
MLMEASURE1:99231798c84784320a96a838	true	3	PV13:32ed2f5d426a8d612fa9e15a;PV13:381a7e8b8278a270740c9665;PV13:97bac1059819ea4e34d0f090	PEPlife2	"[[""1.70415051684"",""="",""""],[""1.80617997398"",""="",""""],[""2.22530928173"","">"",""""]]"	replicate_variability_or_condition_conflict_review
MLMEASURE1:995974979070d12e74aa3882	true	2	PV13:1f0e27d8dfc14cad21667e94;PV13:57baf8da6ccd57f225ae58b7	PEPlife2	"[[""0.705863712284"",""="",""""],[""0.953759691733"",""="",""""]]"	replicate_variability_or_condition_conflict_review
MLMEASURE1:99c348a152fc55f34381ff66	true	3	PV13:3e32597b39199d8d0ce936c1;PV13:61a427a8453239afb590bc87;PV13:e737c9a0b84470d67932f366	PEPlife2	"[[""-0.778151250384"",""="",""""],[""-1.07918124605"",""="",""""],[""0.176091259056"",""="",""""]]"	replicate_variability_or_condition_conflict_review
MLMEASURE1:9a5ac9d136f9b53e2309e1c4	true	4	PV13:028c0d8cda13cef393659d09;PV13:42db90d691a05f750026da2f;PV13:60b570bb0fa89acdf5a135e0;PV13:71ea072b71cc76d6d7713564	PEPlife2	"[[""0.623249290398"",""="",""""],[""1.53147891704"",""="",""""],[""1.64345267649"",""="",""""],[""2.17609125906"",""="",""""]]"	replicate_variability_or_condition_conflict_review
MLMEASURE1:9b5d539cb1d87d5a503541a5	true	2	PV13:2c0c1eecf3274a455501a54d;PV13:95b8e363b36f07ed8666012f	PEPlife2	"[[""-0.664207898077"",""="",""""],[""0.0280287236002"",""="",""""]]"	replicate_variability_or_condition_conflict_review
MLMEASURE1:9b7cb0c953fe339a336e5a2d	true	5	PV13:3fdf3786853a7f684066d724;PV13:749b950310a67940c0fe8869;PV13:78657ac59f9a2f214442f476;PV13:82ebd568042932493882f395;PV13:9b3c5c776faf3fc1613622f4	PEPlife2	"[[""-0.221848749616"",""="",""""],[""-0.585026652029"",""="",""""],[""-0.657577319178"",""="",""""],[""0.413299764081"",""="",""""],[""1.1622656143"",""="",""""]]"	replicate_variability_or_condition_conflict_review
MLMEASURE1:9c1aa76d14a3e9c39772f4f4	true	2	PV13:a87a021193e50fd25d3732b9;PV13:e583aa3fa80a516625e39d33	PEPlife2	"[[""-0.52287874528"",""="",""""],[""-1.1446827948"",""="",""""]]"	replicate_variability_or_condition_conflict_review
MLMEASURE1:9c307abed0457876b8e7b7db	true	6	PV13:10c1fc1abb852771aadb5fc3;PV13:3651b01be9c3cf5abeb9427f;PV13:58a39c554448adcc4d005c69;PV13:5b88804235c1bff1b929031b;PV13:b9628e1ead39b3c2ff0afefe;PV13:ca543140b5c2065db0312502	PEPlife2	"[[""-0.52287874528"",""="",""""],[""0.0791812460476"",""="",""""],[""0.653212513775"",""="",""""],[""1.2552725051"",""="",""""],[""1.31175386106"",""="",""""],[""1.43136376416"",""="",""""]]"	replicate_variability_or_condition_conflict_review
MLMEASURE1:9cffa661cb33bd9c5b18a670	true	14	PV13:1d13f545b306f272502eb15f;PV13:3326bc92f09c3d75fe0a2422;PV13:3a50a02204f6be07619d920b;PV13:58bad7219b488c69a63458f1;PV13:5ffaa258cc8573d55e13a9e7;PV13:6ee91b08669790b2348eec1c;PV13:81ea9175e664c82a3c030860;PV13:8ab6d6b5a1d4aab731087b2a;PV13:a0a9a8ca2ba15607d4a62002;PV13:c9b77bb57678471527d82047;PV13:d90eb18edf64da88cb69482a;PV13:df7dbac5537afde42f5b005d;PV13:e6db61dfcb5cf19a5afd526c;PV13:eb25921891153f630ab3b2e4	PEPlife2	"[[""-0.0835460514501"",""="",""""],[""-0.0978157369691"",""="",""""],[""-0.568636235841"",""="",""""],[""-0.654299609417"",""="",""""],[""-0.674347529428"",""="",""""],[""-0.684729565221"",""="",""""],[""-0.713693261157"",""="",""""],[""-0.805023396784"",""="",""""],[""-1.02996322338"",""="",""""],[""0.0718820073061"",""="",""""],[""0.0851716097368"",""="",""""],[""0.1435352251"",""="",""""],[""0.179934598137"",""="",""""],[""0.20139712432"",""="",""""]]"	replicate_variability_or_condition_conflict_review
MLMEASURE1:9de07ab476d9d7cd8b9da77a	true	2	PV13:73427f074a832105092bd5a4;PV13:a56a079a1426e087c8a55a2f	PEPlife2	"[[""-0.936166445794"",""="",""""],[""-1.90308998699"",""="",""""]]"	replicate_variability_or_condition_conflict_review
MLMEASURE1:9eaa50b777adefcb894678d2	true	3	PV13:21fa1df07310e5e9839f49a3;PV13:3beda79981c426dfca103692;PV13:9987edd180cd19580724662e	PEPlife2	"[[""-0.933053210369"",""="",""""],[""-1.17609125906"",""="",""""],[""-2.07918124605"",""="",""""]]"	replicate_variability_or_condition_conflict_review
MLMEASURE1:9edd60f4348f99fdb19032c6	true	3	PV13:31e254f08a371ffec320ea59;PV13:5a39b856e20152b5709f9e35;PV13:c723060131c88de8c96f8f8b	PEPlife2	"[[""0.444200988864"",""="",""""],[""0.468495024507"",""="",""""],[""0.469232742507"",""="",""""]]"	replicate_variability_or_condition_conflict_review
MLMEASURE1:9f320d70c7062ab182d27fb5	true	2	PV13:5dfcd7ea9ced073ef6e5f005;PV13:f14a71f3651700403934cf86	PEPlife2	"[[""-0.52287874528"",""="",""""],[""-0.547702329005"",""="",""""]]"	replicate_variability_or_condition_conflict_review
MLMEASURE1:a068c28eba533d6e0f110c1e	true	2	PV13:0395d7f2c9564b53f10d90df;PV13:ebf195059d8adb2e7382df12	swemacrocycledb_figshare_v1_ar_gt_0_3	"[[""-5.674"",""="",""""],[""-6"",""="",""""]]"	replicate_variability_or_condition_conflict_review
MLMEASURE1:a0ad221c4c70b84e10576466	true	12	PV13:138c570b87bc4e87ae5a13f6;PV13:19ee1457acaa27c6398d439f;PV13:1b53571c00555909f7ddeb67;PV13:1b57d0f6d43ddaa0c052202d;PV13:21400867f83daad84a27a6c3;PV13:4479cbe5a2c6a0a10225f9ca;PV13:5874eb3a8119bc92ef63a9e6;PV13:6543cef3a847ce464482ee99;PV13:7a020dfdbe23f1de62e7d837;PV13:8ed0ddddb692e319604dbde3;PV13:af08897dce76498ed2160e0c;PV13:ce0c809911d0c986fbaeb1c7	PEPlife2	"[[""-0.0538753807829"",""="",""""],[""-0.0621479067488"",""="",""""],[""-0.106053392448"",""="",""""],[""-0.154901959986"",""="",""""],[""-0.346787486225"",""="",""""],[""0.0910804693473"",""="",""""],[""0.113943352307"",""="",""""],[""0.194976603216"",""="",""""],[""0.259275247557"",""="",""""],[""0.278753600953"",""="",""""],[""0.286306738843"",""="",""""],[""0.36486354987"",""="",""""]]"	replicate_variability_or_condition_conflict_review
MLMEASURE1:a0d4026eeb75bde116061bb9	true	2	PV13:0b36e6a80aca1bddfdf73ab8;PV13:ca4c93c2791ee218abc2ff90	swemacrocycledb_figshare_v1_ar_gt_0_3	"[[""-5.585"",""="",""""],[""-5.903"",""="",""""]]"	replicate_variability_or_condition_conflict_review
MLMEASURE1:a0d58b3b9e182c0c96275b0a	true	2	PV13:24e7ab42b14dcea58e1168ea;PV13:2ba72691d0af1f7733beea6c	PEPlife2	"[[""-1.17609125906"",""="",""""],[""0.0280287236002"",""="",""""]]"	replicate_variability_or_condition_conflict_review
MLMEASURE1:a122cfed848a1d8c1bfa53af	true	3	PV13:19027ee76bc8db5b93e98e23;PV13:a78bf9e80c93b0e0bb6750aa;PV13:deeb298cf08eee7be1022702	PEPlife2	"[[""0.716003343635"",""="",""""],[""0.732393759823"",""="",""""],[""0.763427993563"",""="",""""]]"	replicate_variability_or_condition_conflict_review
MLMEASURE1:a15e1ffefcc317488694fc83	true	2	PV13:f0e4d86093f373b851287dd9;PV13:f45bf9d7728ac6c4d821b799	PEPlife2	"[[""-0.0457574905607"",""="",""""],[""-0.154901959986"",""="",""""]]"	replicate_variability_or_condition_conflict_review
MLMEASURE1:a1e51798079b1c7367d4c5b4	true	2	PV13:57fc2646ffbfb0069e041446;PV13:9d0bb944b89ebfcefd7e140c	swemacrocycledb_figshare_v1_ar_gt_0_3	"[[""-6.367"",""="",""""],[""-6.658"",""="",""""]]"	replicate_variability_or_condition_conflict_review
MLMEASURE1:a1ebefe9017bcbe48d4fff72	true	2	PV13:80edb0a43cd17ac2c705ef5e;PV13:dc75b17a73d53477fb87211d	PEPlife2	"[[""-0.143976378621"",""="",""""],[""-0.658235840126"",""="",""""]]"	replicate_variability_or_condition_conflict_review
MLMEASURE1:a1ede54c98cae7b0a4555e45	true	2	PV13:9f5fd59477d6659767daef90;PV13:d91d8254e8b6d695d8a47c5a	PEPlife2	"[[""0.531478917042"",""="",""""],[""1.03342375549"",""="",""""]]"	replicate_variability_or_condition_conflict_review
MLMEASURE1:a23ddfa3e0cdf0327ff4221e	true	2	PV13:7db695f7385155bdf8a80fea;PV13:b28a9c0a7c36a947030f75a5	swemacrocycledb_figshare_v1_ar_gt_0_3	"[[""-5.674"",""="",""""],[""-5.735"",""="",""""]]"	replicate_variability_or_condition_conflict_review
MLMEASURE1:a28c51cb71ebb2408414db01	true	2	PV13:77d55d55c8ed4eeb19437fb5;PV13:d71323362bcd0acc60c5f353	PEPlife2	"[[""0.672097857936"",""="",""""],[""1.07918124605"","">"",""""]]"	replicate_variability_or_condition_conflict_review
MLMEASURE1:a313fcb5c52e22dacfee7ea3	true	9	PV13:173c329f8a9d9ed65ea5d41b;PV13:50800bb1c0243a7e497d1b1b;PV13:7eb22a48ef2b37632988a231;PV13:9066798cddc575767d8d8a3b;PV13:9c31199f3a521b715e01d043;PV13:c29ba3bc4daf53dc0d46bef7;PV13:c9ac12673646fc83a34d8cef;PV13:cc8e40db0835ec459489ad03;PV13:d17ff0eeea05013b933e373d	PEPlife2	"[[""-0.144682794804"",""="",""""],[""-0.154901959986"",""="",""""],[""0.0479235523172"",""="",""""],[""0.124938736608"",""="",""""],[""0.19033169817"",""="",""""],[""0.221848749616"",""="",""""],[""0.502882116864"",""="",""""],[""0.50514997832"",""="",""""],[""0.920818753952"","">"",""""]]"	replicate_variability_or_condition_conflict_review
MLMEASURE1:a478c2331b29a7f9c654c808	true	2	PV13:8344e31c135b58a627b644ff;PV13:9055f798203d74e44ed3540e	PEPlife2	"[[""-0.348398970381"",""="",""""],[""-0.37161106995"",""="",""""]]"	replicate_variability_or_condition_conflict_review
MLMEASURE1:a4e2de3b88f9ac464ad50ba7	true	2	PV13:3ba8f668bb533b403711e115;PV13:869103d2b242c90de6c5265d	PEPlife2	"[[""-1.36317790241"",""="",""""],[""-1.48811663902"",""="",""""]]"	replicate_variability_or_condition_conflict_review
MLMEASURE1:a53d39ca4db3409e04d07515	true	2	PV13:0a72028fd27fce534b299754;PV13:5cc0872b0bde71caba998dac	PEPlife2	"[[""2.05230909965"",""="",""""],[""2.12057393121"",""="",""""]]"	replicate_variability_or_condition_conflict_review
MLMEASURE1:a57f637965db3986759a19af	true	3	PV13:177c4d628be9467cda81a78f;PV13:7d6561ed57461b5d15d4c05b;PV13:868a5df592ef8de78cfd1b93	PEPlife2	"[[""0.778151250384"",""="",""""],[""1.01283722471"",""="",""""],[""1.07918124605"","">"",""""]]"	replicate_variability_or_condition_conflict_review
MLMEASURE1:a5cc1d1db097cb065562c867	true	2	PV13:3da0a657e5c55739a659c2b9;PV13:a1abdc33226be73b915ad824	PEPlife2	"[[""-0.56596364598"",""="",""""],[""-1.70260428899"",""="",""""]]"	replicate_variability_or_condition_conflict_review
MLMEASURE1:a5d5360b919a88c1f6c693eb	true	2	PV13:30c7a6a1dfd780868269c50f;PV13:a446f7e103d0d2339fcfa74c	swemacrocycledb_figshare_v1_ar_gt_0_3	"[[""-6.658"",""="",""""],[""-7.097"",""="",""""]]"	replicate_variability_or_condition_conflict_review
MLMEASURE1:a6d088743e8ac36195c487fc	true	2	PV13:c171a536aa6ff5ade4c1e9aa;PV13:f919c62cdc32c2332cf42ff4	PEPlife2	"[[""-0.356547323514"",""="",""""],[""-0.939302159646"",""="",""""]]"	replicate_variability_or_condition_conflict_review
MLMEASURE1:a6f89c947b0aea1e52f9879e	true	7	PV13:154975562b1704fe8c0b6812;PV13:4c5119f64e4af7eedff54ee6;PV13:4ede06a4e3a0e81507697bf0;PV13:76c500fb34f052f38ee6e315;PV13:7f8ace888bebd8bef71926a3;PV13:c4eb872231b4f3f1aaf83807;PV13:d02e919003b58aafaf67107f	PEPlife2	"[[""-0.10790539731"",""="",""""],[""-0.13667713988"",""="",""""],[""-0.154901959986"",""="",""""],[""-0.259637310506"",""="",""""],[""-0.346787486225"",""="",""""],[""-0.443697499233"",""="",""""],[""-0.602059991328"",""="",""""]]"	replicate_variability_or_condition_conflict_review
MLMEASURE1:a7564789e8383201a8160fe8	true	2	PV13:953dfc5aeff9657fbe3b1724;PV13:f6b73ae42d491ae5387ba2da	swemacrocycledb_figshare_v1_ar_gt_0_3	"[[""-6.469"",""="",""""],[""-7.222"",""="",""""]]"	replicate_variability_or_condition_conflict_review
MLMEASURE1:a7887e2c5e66f6c6e8c40702	true	2	PV13:884b8c22b2c8d3d8c3fa213a;PV13:bd73f4fb9550df06795ba7a2	PEPlife2	"[[""-0.301029995664"",""="",""""],[""0.452297670995"",""="",""""]]"	replicate_variability_or_condition_conflict_review
MLMEASURE1:a7abd27aebea663fe911fb38	false	2	PV13:1cfd0d711b426e92a56fbb66;PV13:7bdc9e8967c84c8785927ca8	PEPlife2	"[[""0.681241237376"",""="",""""],[""1.38021124171"",""="",""""]]"	replicate_variability_or_condition_conflict_review
MLMEASURE1:a7d8e7bf6feb149a180249a3	true	2	PV13:68abab5c54b8b3165c5a43e1;PV13:81cb059ccf030d059dc98742	PEPlife2	"[[""-0.0969100130081"",""="",""""],[""0.778151250384"",""="",""""]]"	replicate_variability_or_condition_conflict_review
MLMEASURE1:a8362bcba2ef31a71dcec78e	true	2	PV13:607c9e1ea6ec28ada6cc8017;PV13:f1d5dff11bfcdeda81b77473	PEPlife2	"[[""-0.0604807473814"",""="",""""],[""0.767897616018"",""="",""""]]"	replicate_variability_or_condition_conflict_review
MLMEASURE1:a87248849614c71bf700e7da	true	2	PV13:2ca400e8100fde0a36a618d0;PV13:2d1453cb35cbe4e86045635b	PEPlife2	"[[""-0.52287874528"",""="",""""],[""0.655138434811"",""="",""""]]"	replicate_variability_or_condition_conflict_review
MLMEASURE1:a905979821bed91a6e65ccd5	true	4	PV13:52c87cdadf13d230e96ade11;PV13:6fd8e962d78f28305dfbd452;PV13:90e9a4b268a77e68a31546f0;PV13:adc6ba2ea9f6b21543a3248e	PEPlife2	"[[""-0.806411659496"",""="",""""],[""-0.828761243739"",""="",""""],[""-0.873435705105"",""="",""""],[""-1.05799194698"",""="",""""]]"	replicate_variability_or_condition_conflict_review
MLMEASURE1:a9a43b48d81c2afda4afae57	true	4	PV13:498514b8615b443fb1209385;PV13:b734ae0e1826c2850cf91bde;PV13:c9ce40825a71b1edb851685f;PV13:d8ebba0dba1b7909c823e08a	PEPlife2	"[[""-0.0506099933551"",""="",""""],[""0"",""="",""""],[""0.0413926851582"",""="",""""],[""0.0934216851622"",""="",""""]]"	replicate_variability_or_condition_conflict_review
MLMEASURE1:a9ab47a24e623ad7386efa63	true	2	PV13:4d8c448f22a2c8462b5329d6;PV13:b5f5cdd0ea30ed197eddfbe6	CycPeptMPDB	"[[""-4.86"",""="",""""],[""-4.91"",""="",""""]]"	replicate_variability_or_condition_conflict_review
MLMEASURE1:aa6230ab0d99e0997014653c	true	2	PV13:aff11dc15d6906148b10c864;PV13:f5d8f2a3978d2bbcf33a92d4	PEPlife2	"[[""-0.185974492988"",""="",""""],[""0.556302500767"",""="",""""]]"	replicate_variability_or_condition_conflict_review
MLMEASURE1:ab162ad0c20e3627f2ad444e	true	2	PV13:0acf2cfdc7ac2e5fafd46578;PV13:bd626257aaa7de4790031f60	CycPeptMPDB	"[[""-5.710381786"",""="",""""],[""-7.422040666"",""="",""""]]"	replicate_variability_or_condition_conflict_review
MLMEASURE1:ab864488844b7ecacb4c9f95	true	9	PV13:3e8c5af5256a0afaca5b5730;PV13:71851cbc8c1a5bcc0dd1b389;PV13:819a18985a5e7a703e2dd304;PV13:896786ac837c6fb1a6c1e3b9;PV13:ba79d6bdcf4ad15c196455c1;PV13:c5edb9874cbc237693aab489;PV13:e3636659ea7483964cfde593;PV13:e69e0dc65c70165569c12bae;PV13:e8f73067eee9dc22c3e2d297	PEPlife2	"[[""0.301029995664"",""="",""""],[""0.322219294734"",""="",""""],[""0.447158031342"",""="",""""],[""0.50514997832"",""="",""""],[""0.568201724067"",""="",""""],[""0.662757831682"",""="",""""],[""0.690196080029"",""="",""""],[""0.778151250384"",""="",""""],[""0.929418925714"",""="",""""]]"	replicate_variability_or_condition_conflict_review
MLMEASURE1:ac083611bd4606736546ea47	true	2	PV13:254504a924653e02ed28ac87;PV13:3a0ea485691d8421f99e4f5e	PEPlife2	"[[""1.40312052118"",""="",""""],[""1.52633927739"",""="",""""]]"	replicate_variability_or_condition_conflict_review
MLMEASURE1:ac37986cccaf5024775d9060	true	2	PV13:42c54e0806ebabaa8e914e96;PV13:a6595eddfe25a2babde4e772	swemacrocycledb_figshare_v1_ar_gt_0_3	"[[""-5.757"",""="",""""],[""-5.772"",""="",""""]]"	replicate_variability_or_condition_conflict_review
MLMEASURE1:ac74e61773794c14a5e0dff6	true	2	PV13:65211d7d60063ce2f8ea31f8;PV13:e855fea971c5968104745602	CycPeptMPDB	"[[""-5.89"",""="",""""],[""-6"",""="",""""]]"	replicate_variability_or_condition_conflict_review
MLMEASURE1:ac83febfcdabacf61c724cd4	true	2	PV13:1502391a276dbf9f7349c3db;PV13:722cf14901c7615ff2ff0c89	PEPlife2	"[[""-0.301029995664"",""="",""""],[""0.698970004336"","">"",""""]]"	replicate_variability_or_condition_conflict_review
MLMEASURE1:acbb90a765ad7905224917d8	true	2	PV13:6507e2a9b519549203f95f5a;PV13:d1ada249980401ea92115125	CycPeptMPDB	"[[""-6.073794549"",""="",""""],[""-7.093154251"",""="",""""]]"	replicate_variability_or_condition_conflict_review
MLMEASURE1:accd9bed37c979a1bef4db1f	true	2	PV13:19902d12f6442048c6f2dce5;PV13:1ec5a0295f465826b513caab	swemacrocycledb_figshare_v1_ar_gt_0_3	"[[""-6.921"",""="",""""],[""-7.046"",""="",""""]]"	replicate_variability_or_condition_conflict_review
MLMEASURE1:acfc7070c38b8e8a0dd5af2c	true	3	PV13:85a2331c431c8944530429c6;PV13:ccc2f93d5216100367272ad6;PV13:ddc9f04c973bf073b6013959	PEPlife2	"[[""-0.59917430309"",""="",""""],[""-0.654299609417"",""="",""""],[""0.0524374183015"",""="",""""]]"	replicate_variability_or_condition_conflict_review
MLMEASURE1:ad61fe5dd8aea811379e8dfd	true	2	PV13:40fa79b561e6c1b84ade5d71;PV13:9d91e7ff77b3356bfc83fcd3	swemacrocycledb_figshare_v1_ar_gt_0_3	"[[""-5.695"",""="",""""],[""-5.793"",""="",""""]]"	replicate_variability_or_condition_conflict_review
MLMEASURE1:ad7ae3f9d9a4b3ec0a177128	true	2	PV13:59c7edbcf51d40c7ba79804c;PV13:755c0550c336a1ca3ace6da0	PEPlife2	"[[""2.04139268516"",""="",""""],[""2.06445798923"",""="",""""]]"	replicate_variability_or_condition_conflict_review
MLMEASURE1:ad8ea03027f7ed7009bf7372	true	2	PV13:96fcada8b6ad9b94aa549098;PV13:bf9c8aaee848f6d5c4a1bceb	CycPeptMPDB	"[[""-6.54"",""="",""""],[""-6.74"",""="",""""]]"	replicate_variability_or_condition_conflict_review
MLMEASURE1:ade67c4017d12486c30c86ba	true	2	PV13:0c1c85a6a5bbd4cd57b7c4b8;PV13:c823ffb64500ad6c108c0c78	PEPlife2	"[[""-1.65757731918"",""="",""""],[""0.243038048686"",""="",""""]]"	replicate_variability_or_condition_conflict_review
MLMEASURE1:ae00d2629433b0e7f4374ad6	true	2	PV13:4e71d52dfd4b89b14861c46f;PV13:83cac907d0efa1cdbd6a6dde	PEPlife2	"[[""-1.40395299245"",""="",""""],[""0.619788758288"",""="",""""]]"	replicate_variability_or_condition_conflict_review
MLMEASURE1:ae3b83d305009fe844929933	true	2	PV13:30c635e74ec1255569b230b5;PV13:708bdeea67e7291fede6c80c	PEPlife2	"[[""0.0644579892269"",""="",""""],[""0.481442628502"",""="",""""]]"	replicate_variability_or_condition_conflict_review
MLMEASURE1:aeb2a3e0a1bc59b9a3713662	true	2	PV13:b915e4c4cc18ed1805218065;PV13:cfb2bb2518c667f3a84cb523	CycPeptMPDB	"[[""-6.19"",""="",""""],[""-6.47"",""="",""""]]"	replicate_variability_or_condition_conflict_review
MLMEASURE1:b0d37bbd6a1a971aedbc0028	true	2	PV13:203a2289d390a69158eb5c9c;PV13:5cd8fa58621bf380c4ac49ab	PEPlife2	"[[""-0.254925208418"",""="",""""],[""-1.36151074305"",""="",""""]]"	replicate_variability_or_condition_conflict_review
MLMEASURE1:b10badea685c3f88e6f2e698	true	4	PV13:129f59e33a7d07d7370bc0e5;PV13:63acbd555aa0eea791be29ac;PV13:6f3dc9df12e07b43aa081145;PV13:84867de1776571235533b8f5	PEPlife2	"[[""-0.610833915635"",""="",""""],[""0.121669252043"",""="",""""],[""0.194976603216"",""="",""""],[""0.720159303406"",""="",""""]]"	replicate_variability_or_condition_conflict_review
MLMEASURE1:b11047071aae88c342173785	true	2	PV13:4691f4516a3d26800afd984f;PV13:fce03693b76872da382869a1	PEPlife2	"[[""0.36921585741"",""="",""""],[""0.8790958795"",""="",""""]]"	replicate_variability_or_condition_conflict_review
MLMEASURE1:b13d9069073a95e183a9b8ac	true	3	PV13:198998223b381334f85b97e8;PV13:46c1eb3db79a7b7fe2a0311d;PV13:867f2427c1e653cf3bc05eac	NIST ThermoML	"[[""-2.00877392431"",""="",""""],[""-2.18111458541"",""="",""""],[""-2.39577394692"",""="",""""]]"	replicate_variability_or_condition_conflict_review
MLMEASURE1:b1d368e74819d5f82da1c9d2	true	2	PV13:869b9c9e7f370f074d7a2177;PV13:f4aba1c11bb277fa25b3b892	PEPlife2	"[[""0.269512944218"",""="",""""],[""0.390935107103"",""="",""""]]"	replicate_variability_or_condition_conflict_review
MLMEASURE1:b1d3d41880f27d35db8890aa	true	2	PV13:c0e315fc08b9f138c5a5bf5b;PV13:d1ee2c76f65e2527cb2ecb45	PEPlife2	"[[""1.14478170617"",""="",""""],[""1.26169892737"",""="",""""]]"	replicate_variability_or_condition_conflict_review
MLMEASURE1:b1d714ba36db5e77cce6a6e7	true	4	PV13:56f7f799ab4840f61a7ed6eb;PV13:69f452582bb5b697203defe8;PV13:77427990a395a68b04506831;PV13:e1e66c8746ebf5e863c11e6d	PEPlife2	"[[""0.778151250384"",""="",""""],[""1.19865708695"",""="",""""],[""2.77815125038"",""="",""""],[""3.19865708695"",""="",""""]]"	replicate_variability_or_condition_conflict_review
MLMEASURE1:b362f6a03140649efdcf783c	true	2	PV13:0de8f7ff4c52e1dea1cd4adb;PV13:bccde5892108bb140946393c	PEPlife2	"[[""0.322219294734"",""="",""""],[""1.38021124171"","">"",""""]]"	replicate_variability_or_condition_conflict_review
MLMEASURE1:b4ae4c2f94d6027246d07d97	true	2	PV13:71bf94a3e50e9cde6678fad7;PV13:c0f74188484250bec8cbbd0f	PEPlife2	"[[""-0.525298219404"",""="",""""],[""-0.903089986992"",""="",""""]]"	replicate_variability_or_condition_conflict_review
MLMEASURE1:b4e9b53397c29f079542be32	true	2	PV13:5ef6da0a4376626322f4912e;PV13:b702b09cc1e866327984da1b	PEPlife2	"[[""1.46686762035"",""="",""""],[""1.53147891704"",""="",""""]]"	replicate_variability_or_condition_conflict_review
MLMEASURE1:b4fe451e8ca07940ba0a2ce0	true	2	PV13:09a724ca95689bb3e7b997ee;PV13:33c8a5660491b2cd33dc8fcf	PEPlife2	"[[""-0.301029995664"","">"",""""],[""0.263241434775"",""="",""""]]"	replicate_variability_or_condition_conflict_review
MLMEASURE1:b5e733497f090da8cf6e36fe	true	4	PV13:0aa5c6889970e839b2bdf503;PV13:1712c671bc497b19d81a1e19;PV13:61e29dccf704318651d380b2;PV13:8334e503ea6a37312d53188e	PEPlife2	"[[""0.113943352307"",""="",""""],[""0.204119982656"",""="",""""],[""0.255272505103"",""="",""""],[""0.278753600953"",""="",""""]]"	replicate_variability_or_condition_conflict_review
MLMEASURE1:b604c2720ff1fdc26cd34881	true	2	PV13:a09a5fcde161a897e2c7017a;PV13:c0bc2cc4496fbefbe37a25f7	PEPlife2	"[[""0"",""~"",""""],[""1.07918124605"","">"",""""]]"	replicate_variability_or_condition_conflict_review
MLMEASURE1:b628d378cf0f819d4ad50f3b	true	2	PV13:8e51de0555b2bb781c5a20bf;PV13:fbe4b1822fa6a9ed7bb056ca	PEPlife2	"[[""-0.198367653767"",""="",""""],[""-0.664207898077"",""="",""""]]"	replicate_variability_or_condition_conflict_review
MLMEASURE1:b652ddcfe8e0f3ad3c00adc5	true	2	PV13:6cd724f3c89e501c0729c172;PV13:ce31817fc992f695babbc950	swemacrocycledb_figshare_v1_ar_gt_0_3	"[[""-5.886"",""="",""""],[""-6.553"",""="",""""]]"	replicate_variability_or_condition_conflict_review
MLMEASURE1:b674bdb1047fbeeb95d35c12	true	3	PV13:0f5870d0c0538a6fd16e64a3;PV13:12d42485003efbeec1e72e7a;PV13:5978b859438f1d529339b073	PEPlife2	"[[""0.556302500767"",""="",""""],[""0.602059991328"",""="",""""],[""1"",""="",""""]]"	replicate_variability_or_condition_conflict_review
MLMEASURE1:b72a9a32870395ef8af1d241	true	2	PV13:6b264b41cd75e3694df5131f;PV13:7bbae07000b990cee11d161f	swemacrocycledb_figshare_v1_ar_gt_0_3	"[[""-5.458"",""="",""""],[""-5.521"",""="",""""]]"	replicate_variability_or_condition_conflict_review
MLMEASURE1:b758cca130aa67768ee50edc	true	2	PV13:4d3caba59e4e9331c363a67c;PV13:b96eedbe3bce4fb161479899	PEPlife2	"[[""-0.644612342013"",""="",""""],[""-1.22184874962"",""="",""""]]"	replicate_variability_or_condition_conflict_review
MLMEASURE1:b7a91b40178a0247ab18cda1	true	3	PV13:49639311a005284b554b7451;PV13:7094310688870a510d12335f;PV13:ebd49b4aef9f1c7cde166ebb	PEPlife2	"[[""-1.54770232901"",""="",""""],[""-1.79137951612"",""="",""""],[""0.263241434775"",""="",""""]]"	replicate_variability_or_condition_conflict_review
MLMEASURE1:b7b26663c2bf30973b47de13	true	2	PV13:1496f6d9cc3ca072fc22d6bd;PV13:37dbb02b4b9687c47ee79591	CycPeptMPDB	"[[""-5.06"",""="",""""],[""-5.34"",""="",""""]]"	replicate_variability_or_condition_conflict_review
MLMEASURE1:b7f5b5da3c4cc74d67818d45	true	3	PV13:4799f4b8e76ff318396b285d;PV13:7d46bde7c8bb40ef08df42e9;PV13:e749d5c16fb2fa37144613ab	PEPlife2	"[[""1.38021124171"",""="",""""],[""1.3856062736"",""="",""""],[""1.44247976906"",""="",""""]]"	replicate_variability_or_condition_conflict_review
MLMEASURE1:b8886a58e33aea9c28eea597	true	2	PV13:0884bca7a4cd90baf4bb7bd4;PV13:c2246d3751b7f01e68c8ac81	swemacrocycledb_figshare_v1_ar_gt_0_3	"[[""-4.924"",""="",""""],[""-5.319"",""="",""""]]"	replicate_variability_or_condition_conflict_review
MLMEASURE1:b88b4b6f6ff80acee237537d	true	5	PV13:1310bfdd9f8b7ea4b6265dc0;PV13:3455b96c58adb70d81b033ce;PV13:9597e1806bc26f968aa2657c;PV13:b84cd53b5ce8d5cf216e5d3a;PV13:ce7be664a963fa4a93c2adfa	NIST ThermoML	"[[""-2.28240438181"",""="",""""],[""-2.35427324174"",""="",""""],[""-2.45314899822"",""="",""""],[""-2.56592634621"",""="",""""],[""-2.70507106691"",""="",""""]]"	replicate_variability_or_condition_conflict_review
MLMEASURE1:b95bccc25e3bdfa880f0b4fb	true	2	PV13:61172b02dcbec9655fba2db8;PV13:7445a8297717327e9f35e269	PEPlife2	"[[""0.278753600953"",""="",""""],[""1.39967372148"",""="",""""]]"	replicate_variability_or_condition_conflict_review
MLMEASURE1:b9bd3096eeac0eabe26bb5ea	true	2	PV13:3dbb4418969c0029256b8775;PV13:c0a7e1ec9d67c9dadfa8eed8	swemacrocycledb_figshare_v1_ar_gt_0_3	"[[""-6.187"",""="",""""],[""-6.745"",""="",""""]]"	replicate_variability_or_condition_conflict_review
MLMEASURE1:b9da86ee30e311f61427eeec	true	5	PV13:2b05b044bd75747f5b361a25;PV13:5626ddaacf972fff368f84f8;PV13:5812160eb2f9b669c128a0a1;PV13:6107d578074337c54efb864f;PV13:cad35de23fe0468f131154d9	PEPlife2	"[[""-0.286789556549"",""="",""""],[""-0.435728569561"",""="",""""],[""-0.499397649431"",""="",""""],[""-0.632023214705"",""="",""""],[""-0.664207898077"",""="",""""]]"	replicate_variability_or_condition_conflict_review
MLMEASURE1:ba318e9e82f549a817bcaddd	true	2	PV13:689ff8f71d6cd17faec490a5;PV13:b61afbe3a6d032cb6ff94e0f	PEPlife2	"[[""-0.47712125472"",""="",""""],[""1.46089784276"",""="",""""]]"	replicate_variability_or_condition_conflict_review
MLMEASURE1:ba7fd5833dacd2818676c3b9	false	2	PV13:1c1cd34182ab7173a35c0934;PV13:3555e049da03995d173c8095	PEPlife2	"[[""-0.301029995664"",""="",""""],[""-0.49485002168"",""="",""""]]"	replicate_variability_or_condition_conflict_review
MLMEASURE1:ba8e31c6dafe4031b45771c7	true	2	PV13:10836b8bd18425b4b0b10cb2;PV13:df8c80bc67475f85b13cc1a9	PEPlife2	"[[""0.176091259056"",""="",""""],[""1.38021124171"","">"",""""]]"	replicate_variability_or_condition_conflict_review
MLMEASURE1:bab21f6d06637264583c0a93	true	2	PV13:4e44787c149c5f6417444c66;PV13:ac10a6b68a94e4f5d066a04b	CycPeptMPDB	"[[""-5.79"",""="",""""],[""-7.2"",""="",""""]]"	replicate_variability_or_condition_conflict_review
MLMEASURE1:bab4e955272970f2dbb934d4	true	9	PV13:4a61f694cf45a804bb57611e;PV13:619a7223e45f57cafb94c941;PV13:65f949dfb16ca4e2294f99e1;PV13:89aee973542f4afd5e3b720a;PV13:a98a04835fe1cc081eb45f95;PV13:aa545cce5c2c1a005b510456;PV13:e41c607467aa8950e5754afc;PV13:ef575f056a1088bf73d1cc5d;PV13:f6db249cf9751a3435869821	PEPlife2	"[[""-0.144682794804"",""="",""""],[""-0.154901959986"",""="",""""],[""0.0479235523172"",""="",""""],[""0.124938736608"",""="",""""],[""0.19033169817"",""="",""""],[""0.221848749616"",""="",""""],[""0.502882116864"",""="",""""],[""0.50514997832"",""="",""""],[""0.920818753952"","">"",""""]]"	replicate_variability_or_condition_conflict_review
MLMEASURE1:bac64e0264746ee1d6b729dd	true	4	PV13:0552f3bf18c68c503805e292;PV13:5de92a2a7d238128fc87495e;PV13:675a794a20ddce691ec54e0c;PV13:6ef7be6d0a42b48fd3c8f6e9	PEPlife2	"[[""-0.0791812460476"",""="",""""],[""-0.0969100130081"",""="",""""],[""2.49136169383"",""="",""""],[""2.94448267215"",""="",""""]]"	replicate_variability_or_condition_conflict_review
MLMEASURE1:bad2b25d844678f2f261b189	true	2	PV13:f78b5ed549a56f671857080d;PV13:fd8873a2d54a74e086519aa8	swemacrocycledb_figshare_v1_ar_gt_0_3	"[[""-5.799"",""="",""""],[""-5.971"",""="",""""]]"	replicate_variability_or_condition_conflict_review
MLMEASURE1:bb2457ee0cab0a1d5c2de335	true	2	PV13:0c4d1736af78617d6110c541;PV13:ef3c42f86288371288aabeaa	PEPlife2	"[[""-0.0299632233774"",""="",""""],[""-0.819109858063"",""="",""""]]"	replicate_variability_or_condition_conflict_review
MLMEASURE1:bba95b0fa7984530b3f962b0	true	2	PV13:459e64f7d3808e1ad78986f8;PV13:7c9f9e0dafd6e7e066590f2a	CycPeptMPDB	"[[""-5.84"",""="",""""],[""-5.89"",""="",""""]]"	replicate_variability_or_condition_conflict_review
MLMEASURE1:bbf1f8bccb12301d7e1c7c48	true	2	PV13:9228de6676a39fbc5257fca8;PV13:949d1b004724dc2b73ff159a	PEPlife2	"[[""-0.283996656365"",""="",""""],[""1.42488163663"",""="",""""]]"	replicate_variability_or_condition_conflict_review
MLMEASURE1:bc681f39e5b963a872bdfa2a	true	2	PV13:2bf5000098a3ae03d12cab35;PV13:51b6efed5673100c8e1dde77	CycPeptMPDB	"[[""-5.8"",""="",""""],[""-5.82"",""="",""""]]"	replicate_variability_or_condition_conflict_review
MLMEASURE1:bc6cb387cb24e0484a272bf4	true	3	PV13:21595a18600e47da3559b8fb;PV13:3af9e7ee37c9e6612030bc2c;PV13:b8d13df3f6209dd211a02cc9	PEPlife2	"[[""-0.243110437132"",""="",""""],[""0.866523625533"",""="",""""],[""0.941088858341"",""="",""""]]"	replicate_variability_or_condition_conflict_review
MLMEASURE1:bc78fd82c08066e64074821e	true	4	PV13:4befebe56272c094315276f4;PV13:7e64528182f8e9d07f18c903;PV13:9f5af0e49f7246afdfd05845;PV13:c79463b668326c4a11a3ed4a	PEPlife2	"[[""1.79795964374"",""="",""""],[""1.84010609446"",""="",""""],[""1.8432327781"",""="",""""],[""2.36958689074"",""="",""""]]"	replicate_variability_or_condition_conflict_review
MLMEASURE1:bc85e97d5ec34de48b3b469e	true	3	PV13:13a576d4260c8eadcb67da30;PV13:1dbb4e7e9782b2c48c236ab6;PV13:9d081041efbce161581abdab	PEPlife2	"[[""-0.251811972994"",""="",""""],[""-0.301029995664"",""<"",""""],[""0.602059991328"","">"",""""]]"	replicate_variability_or_condition_conflict_review
MLMEASURE1:bd6f383bfd191ab5f0159a87	true	3	PV13:3cc225f5bf5b791a6b021e80;PV13:527f189a74d58f9b9d94ec2a;PV13:fdc1a42694fd48aaa52e5102	NIST ThermoML	"[[""-1.96257350206"",""="",""""],[""-2.13135556161"",""="",""""],[""-2.2831622767"",""="",""""]]"	replicate_variability_or_condition_conflict_review
MLMEASURE1:bd8b09f3ea1bd6646b02a237	true	2	PV13:39620b47a75035419e5910b4;PV13:e74bf7990af3bad7f5b6bff1	PEPlife2	"[[""-1.67434752943"",""="",""""],[""-2.07918124605"",""="",""""]]"	replicate_variability_or_condition_conflict_review
MLMEASURE1:bd9fbe1803bba1437defb656	true	12	PV13:2a5ffbb476b3937d9dab46fb;PV13:30df72079c6dda6c26abe687;PV13:444fa92eac6d2f21b9c9db7f;PV13:59402b8bef1d840f90bdd864;PV13:7cd9a926015ec6a406446ae2;PV13:a26073917fd4f9d32d2f1b5a;PV13:a443acf599cd5791d78d7b38;PV13:cf28075a68272d770c923328;PV13:d0429f8e03de65dfa258d67e;PV13:e3199c4e070113eb138a7d2c;PV13:e4a8eb7c93e4649a9c510be6;PV13:e5852b8f318489ebe557a6c3	PEPlife2	"[[""2.1303337685"",""="",""""],[""2.14921911266"",""="",""""],[""2.1583624921"",""="",""""],[""2.16731733475"",""="",""""],[""2.18049862323"",""="",""""],[""2.18752072084"",""="",""""],[""2.19041574703"",""="",""""],[""2.19270680661"",""="",""""],[""2.20398424442"",""="",""""],[""2.20887113825"",""="",""""],[""2.23202993762"",""="",""""],[""2.2552725051"",""="",""""]]"	replicate_variability_or_condition_conflict_review
MLMEASURE1:bde332e29e8bef3374a88cfe	true	2	PV13:151223d7abd416c5d3c0c983;PV13:e0f5854c25703981dd15aea5	CycPeptMPDB	"[[""-5.47"",""="",""""],[""-5.48"",""="",""""]]"	replicate_variability_or_condition_conflict_review
MLMEASURE1:be26c44a7078fc59c7197c7b	true	2	PV13:ad337acba6cafbfe33dc0691;PV13:b1e053526cffce8af9eac687	swemacrocycledb_figshare_v1_ar_gt_0_3	"[[""-6.143"",""="",""""],[""-6.284"",""="",""""]]"	replicate_variability_or_condition_conflict_review
MLMEASURE1:be2c7ecf12ac1fba3a37067a	true	3	PV13:24c9fc1ffbb537eef159a8c2;PV13:7b3f3c87553616ea53c4be2a;PV13:f0ae38ff8462d5aeae97b636	NIST ThermoML	"[[""-1.88272870434"",""="",""""],[""-1.9829666607"",""="",""""],[""-2.08512818246"",""="",""""]]"	replicate_variability_or_condition_conflict_review
MLMEASURE1:be844a83bc29077cf1dbaaef	true	2	PV13:937d93bd06f626be76c0c437;PV13:bea6478f23261431a70cf57a	PEPlife2	"[[""0.176091259056"",""="",""""],[""1.20682587603"",""="",""""]]"	replicate_variability_or_condition_conflict_review
MLMEASURE1:be8b22695a6d72b520a89aa4	true	2	PV13:31c4ba9d04f51af72bac8942;PV13:516824c13b7c0205c4b234c9	PEPlife2	"[[""1.2552725051"",""="",""""],[""1.71850168887"",""="",""""]]"	replicate_variability_or_condition_conflict_review
MLMEASURE1:bfbdf7701f5a73c9d7c8505b	true	2	PV14:967f80140c821bcbbc5f2676;PV14:b4a4cfdbeb0c9b0e48c905b6	primary_pk_literature_v14	"[[""0.241"",""="",""""],[""0.253"",""="",""""]]"	replicate_variability_or_condition_conflict_review
MLMEASURE1:bfc63467404a1463045fbc81	true	6	PV13:24167b6a33f64c8d66937f09;PV13:24cea35548d88fab4a37b8ac;PV13:4fb5536bc547d7808eda804d;PV13:5a3d2f03a03eb2bb0a233b79;PV13:74e398dd4ffccd5c26da1eff;PV13:bac8d659e600424d3b8fec60	PEPlife2	"[[""-0.823908740944"",""="",""""],[""-0.853871964322"",""="",""""],[""-1.04575749056"",""="",""""],[""0.0606978403536"",""="",""""],[""0.471291711059"",""="",""""],[""0.51454775266"",""="",""""]]"	replicate_variability_or_condition_conflict_review
MLMEASURE1:bfee5069d33878f3518bef8a	true	7	PV13:362106924093e74edd81eed5;PV13:42a5ea442ef6da3e0f8b3401;PV13:8bbc648ca38ba3e846b60036;PV13:95240d7c6476f5b4e091029c;PV13:f1c26c93606d6a3cf354716c;PV13:f78e020015a81e5cfac56200;PV13:ff6554705fdd7841190ddde3	NIST ThermoML	"[[""-0.221848749616"",""="",""""],[""-0.376750709602"",""="",""""],[""-0.52287874528"",""="",""""],[""-0.657577319178"",""="",""""],[""-0.769551078622"",""="",""""],[""-0.886056647693"",""="",""""],[""-1"",""="",""""]]"	replicate_variability_or_condition_conflict_review
MLMEASURE1:bffc1d35fb288ef0386668dc	true	2	PV13:a7333c397cd1fdc83ed643b3;PV13:aa26d59ad84d26be9ad1c566	swemacrocycledb_figshare_v1_ar_gt_0_3	"[[""-7"",""="",""""],[""-7.398"",""="",""""]]"	replicate_variability_or_condition_conflict_review
MLMEASURE1:c02c2ff9bfa0e7cc3c5ed572	true	3	PV13:12604077dacffca7f8cd9f4c;PV13:9c45e2d58cb2f545f18d6796;PV13:9f306369b4df29cdbd02828c	PEPlife2	"[[""-0.154901959986"",""="",""""],[""-0.191563945712"",""="",""""],[""0.104373287571"",""="",""""]]"	replicate_variability_or_condition_conflict_review
MLMEASURE1:c0842ad6dded9b2fc4a94714	true	2	PV13:704632235fffd894df111fbe;PV13:f8cae358b115481251b994ea	PEPlife2	"[[""-1.05469557835"",""="",""""],[""-1.98575956089"",""="",""""]]"	replicate_variability_or_condition_conflict_review
MLMEASURE1:c0fba2fa94731044864bb30e	true	7	PV13:0d48545fe7f6fd997ddc415e;PV13:0ef0aae8bca44d3e4983a0d7;PV13:525073f44a9fe8047acdf7a2;PV13:969dad20ae53aa38f10a4cf9;PV13:dca657727f687d7608234c53;PV13:ee121b0cab1adc6594b622fa;PV13:f67e2c0abb28071784aa05bb	PEPlife2	"[[""0.409933123331"",""="",""""],[""0.580924975676"",""="",""""],[""0.62838893005"",""="",""""],[""0.661623409229"",""="",""""],[""0.703291378119"",""="",""""],[""0.797267540831"",""="",""""],[""0.853698211776"",""="",""""]]"	replicate_variability_or_condition_conflict_review
MLMEASURE1:c15fe83dda3f9bb807eb5281	true	2	PV13:12007c82b4a877ada172b014;PV13:67935b4d3e57820a71d92514	PEPlife2	"[[""0.623249290398"",""="",""""],[""1.36361197989"",""="",""""]]"	replicate_variability_or_condition_conflict_review
MLMEASURE1:c1948f5a02fab6a33cb4d12c	true	2	PV13:a467dbf61ed99f9f5e53bae1;PV13:b19f24cb494d46774a67e107	PEPlife2	"[[""-0.744727494897"",""="",""""],[""0.886490725172"",""="",""""]]"	replicate_variability_or_condition_conflict_review
MLMEASURE1:c27aab231f50b6615bc58652	true	2	PV13:56b6fc83c97a1e7277346d64;PV13:9ed53df9415e6da386b7f1bd	PEPlife2	"[[""1.41161970596"",""="",""""],[""1.4814426285"",""="",""""]]"	replicate_variability_or_condition_conflict_review
MLMEASURE1:c2e3173fcc8bc1aa8c3dd34b	true	2	PV13:16e4365e34f33810b022d727;PV13:538e8765015eb94704ba8582	CycPeptMPDB	"[[""-6.64"",""="",""""],[""-6.7"",""="",""""]]"	replicate_variability_or_condition_conflict_review
MLMEASURE1:c44ef1201e589396351e9b44	true	2	PV13:0215f26d7cf85335721c4aae;PV13:3ef7aa1bf745fffcf5b6bd9f	swemacrocycledb_figshare_v1_ar_gt_0_3	"[[""-5.866"",""="",""""],[""-5.921"",""="",""""]]"	replicate_variability_or_condition_conflict_review
MLMEASURE1:c46ff0c94f22226d4d88f459	true	7	PV13:01166fac1331ba45c065ec86;PV13:3a865368c8eeef84ad2df808;PV13:65fdcc2f88ed867faf9a641f;PV13:6efc99d6da7bd666acf94c2b;PV13:7b972ecd4023589f39e3b956;PV13:c42fce6d3b807d0be7e9e68e;PV13:e4197267d2a00faed4356ed2	PEPlife2	"[[""-0.187086643357"",""="",""""],[""-0.244125144328"",""="",""""],[""-0.49485002168"",""="",""""],[""-0.508638306166"",""="",""""],[""-0.52287874528"",""="",""""],[""-0.552841968658"",""="",""""],[""-0.657577319178"",""="",""""]]"	replicate_variability_or_condition_conflict_review
MLMEASURE1:c476061f360a8da8bd838070	true	2	PV13:41ae6a2500bc2ac7d61a9840;PV13:be55ede4b5be0585c9f11c19	CycPeptMPDB	"[[""-5.82"",""="",""""],[""-5.85"",""="",""""]]"	replicate_variability_or_condition_conflict_review
MLMEASURE1:c47c603003784897190032ea	true	5	PV13:02c1eccd7cfa572e6c9052c5;PV13:52f1c9831d29c3d6e5d21a31;PV13:d2b600f3918cb4c202818111;PV13:db4f9bb593be4767006eb359;PV13:dd440e2c093a27768ec7050d	NIST ThermoML	"[[""-2.92955575003"",""="",""""],[""-3.10840679565"",""="",""""],[""-3.26472055194"",""="",""""],[""-3.39361863489"",""="",""""],[""-3.43628166003"",""="",""""]]"	replicate_variability_or_condition_conflict_review
MLMEASURE1:c4ef98434561b50e02c2f827	true	6	PV13:6d5be6ea7676d198de5ffdb5;PV13:7ba1b8daf12893e2551fb4d0;PV13:aa3bb89636146abcf78c3ecf;PV13:b37145e1450c14395044db55;PV13:c366393be2d54016ca039716;PV13:d1a2c35ad6d2a9978b4c1ebe	PEPlife2	"[[""-0.330993219041"",""="",""""],[""-0.416423414366"",""="",""""],[""-1"",""="",""""],[""-1.77815125038"",""="",""""],[""0.0142404391146"",""="",""""],[""0.619788758288"",""="",""""]]"	replicate_variability_or_condition_conflict_review
MLMEASURE1:c52cc7a7df2eee95bc3da17f	true	3	PV13:2144c39f23a069947942abbb;PV13:2659807cba9801e950830c7d;PV13:4d6efe8b0fcc6e73213482f4	PEPlife2	"[[""-0.154901959986"",""="",""""],[""-0.221848749616"",""="",""""],[""0.770852011642"",""="",""""]]"	replicate_variability_or_condition_conflict_review
MLMEASURE1:c58a5d71ec587bfc42c7dd19	true	4	PV13:152f7a245706a43bf8b81dc0;PV13:8612e1d0bdd91a6402e88831;PV13:96a68ff21edd490eaaefb6d1;PV13:ea2e9df79cdcd599f8080a5e	PEPlife2	"[[""-1.1153934187"",""="",""""],[""-1.33099321904"",""="",""""],[""0.267562808557"",""="",""""],[""0.368596763247"",""="",""""]]"	replicate_variability_or_condition_conflict_review
MLMEASURE1:c5c4c58b0d79b39dc81a94e8	true	2	PV13:0e6e759fd00601b29ba94449;PV13:9493abad0a934ede1fc20b2b	CycPeptMPDB	"[[""-5.74"",""="",""""],[""-5.87"",""="",""""]]"	replicate_variability_or_condition_conflict_review
MLMEASURE1:c5dc3969ccbf94a4c17bb045	true	2	PV13:1b14826d463b13d0b787413e;PV13:9559339221c1e93d47b09b9d	PEPlife2	"[[""-0.537602002101"",""="",""""],[""1.57760667736"",""="",""""]]"	replicate_variability_or_condition_conflict_review
MLMEASURE1:c60ba8749e5dccda514db407	true	2	PV13:1c8962b1ef13d65efcb894eb;PV13:bca9a96e8e30862fc92aa979	swemacrocycledb_figshare_v1_ar_gt_0_3	"[[""-5.544"",""="",""""],[""-6.357"",""="",""""]]"	replicate_variability_or_condition_conflict_review
MLMEASURE1:c61ac70c164dd041cc891369	true	2	PV14:b093fb2bf7f845349f2200f0;PV14:ca31868fc0e7a9df7d5b2281	primary_pk_literature_v14	"[[""0.201"",""="",""""],[""0.64"",""="",""""]]"	replicate_variability_or_condition_conflict_review
MLMEASURE1:c71fbd9c7fd48001b2b4d469	true	2	PV13:0ac3b8eec7ab55be72828e4d;PV13:925b01abdcdbc3741af0997a	swemacrocycledb_figshare_v1_ar_gt_0_3	"[[""-6.569"",""="",""""],[""-7.699"",""="",""""]]"	replicate_variability_or_condition_conflict_review
MLMEASURE1:c7455adc984aff22c94a0d94	true	2	PV13:0fdb7a129b50a254364143db;PV13:30733fcdf3d81261fa5b5850	swemacrocycledb_figshare_v1_ar_gt_0_3	"[[""-6.456"",""="",""""],[""-6.824"",""="",""""]]"	replicate_variability_or_condition_conflict_review
MLMEASURE1:c745aad7cb279754bfac096e	true	4	PV13:25742c1e3591c7cb7d696ebe;PV13:5ad9672c290821a34885fecc;PV13:9340a3f24c763f874fa4a84a;PV13:9698eb72621fc2771af6d70d	swemacrocycledb_figshare_v1_ar_gt_0_3	"[[""-5.522878745"",""="",""""],[""-5.872895202"",""="",""""],[""-6.065501549"",""="",""""],[""-6.15490196"",""="",""""]]"	replicate_variability_or_condition_conflict_review
MLMEASURE1:c7a5fb3e3bd62ce980f41ae5	true	2	PV13:13c9584565ad4001c37ef956;PV13:61a2f3fa9d93e2bd70a29b29	PEPlife2	"[[""-0.380211241712"",""="",""""],[""1.56820172407"",""="",""""]]"	replicate_variability_or_condition_conflict_review
MLMEASURE1:c7bd190cb5ca6a71ee711d20	true	4	PV13:271a39502815c90ebd5aaf7c;PV13:a10148201f72dbcf4673186f;PV13:c08979c1f936277916eba80f;PV13:e29db86bd7b292dca9749b13	PEPlife2	"[[""-0.221848749616"",""="",""""],[""-0.443697499233"",""="",""""],[""-0.795880017344"",""="",""""],[""1.2671717284"",""="",""""]]"	replicate_variability_or_condition_conflict_review
MLMEASURE1:c8002176eef20f2923f4bc56	true	2	PV13:440689ec87f076d7612f8ef3;PV13:75cb8b1cd0900426123048fe	PEPlife2	"[[""-0.875061263392"",""="",""""],[""-1.47712125472"",""="",""""]]"	replicate_variability_or_condition_conflict_review
MLMEASURE1:c90891116ddd9ec2a0a9e97a	true	5	PV13:05508fdf73e7c7ad16b442ae;PV13:0ba299a7b057b87f56e01a4d;PV13:c8fbf457536831022a139d30;PV13:cdf47c6a96310c0d8c3fa617;PV13:cfe1c72c78e1eef5f9cd7e10	NIST ThermoML	"[[""-2.17582207991"",""="",""""],[""-2.2554801475"",""="",""""],[""-2.34657521636"",""="",""""],[""-2.44841583064"",""="",""""],[""-2.60991312458"",""="",""""]]"	replicate_variability_or_condition_conflict_review
MLMEASURE1:ca45a46e812da4d8a4410e6d	true	2	PV13:16b9a33c1a5afadc6fe04e60;PV13:1a4438a2828def2a96382aa0	swemacrocycledb_figshare_v1_ar_gt_0_3	"[[""-6.699"",""="",""""],[""-6.721"",""="",""""]]"	replicate_variability_or_condition_conflict_review
MLMEASURE1:ca586b0cfa92678f05f61edd	true	2	PV13:8afef0a52ae8b632a16ffa5c;PV13:fa68da524a6b59200c731e5e	PEPlife2	"[[""0.462397997899"",""="",""""],[""1.47712125472"","">"",""""]]"	replicate_variability_or_condition_conflict_review
MLMEASURE1:ca99f86af40a44c11eebf440	true	2	PV13:255e96f1d63b78ee3833a4df;PV13:5666afb58357b1a4bfe1a708	PEPlife2	"[[""1.19589965241"",""="",""""],[""1.20139712432"",""="",""""]]"	replicate_variability_or_condition_conflict_review
MLMEASURE1:caff194bc9776227b030b9a6	true	2	PV13:900f6ac1f4894b5f0f1b63b8;PV13:9cec9880587f3ca33e9ca2fb	swemacrocycledb_figshare_v1_ar_gt_0_3	"[[""-6.18"",""="",""""],[""-6.180456064"",""="",""""]]"	replicate_variability_or_condition_conflict_review
MLMEASURE1:cb4da346d6c4bfecc2ad2bde	true	4	PV13:1835dbb6a2e7f71bc24d6248;PV13:31245af03483b862ddf55495;PV13:449e8e390936165993d9544d;PV13:87f0f6df466e60de6fb5687f	PEPlife2	"[[""0.979548374704"",""="",""""],[""1.04020662757"",""="",""""],[""1.0580462304"",""="",""""],[""1.0817072701"",""="",""""]]"	replicate_variability_or_condition_conflict_review
MLMEASURE1:cc40c07307cf748125bd0114	true	2	PV13:d90b93010ee28a5caa7b58c2;PV13:ea4fd1b918bbdbdd0ae1007f	PEPlife2	"[[""0.255272505103"",""~"",""""],[""0.481920137601"",""~"",""""]]"	replicate_variability_or_condition_conflict_review
MLMEASURE1:cc4656ba8ec7183a0f9d7b9d	true	2	PV13:b947d7cda809636864db137b;PV13:c262d332cfd81bc265f6d7c0	PEPlife2	"[[""-1.41642341437"",""="",""""],[""-2.12493873661"",""="",""""]]"	replicate_variability_or_condition_conflict_review
MLMEASURE1:cc9a9aaab68874fe217ade96	true	3	PV13:0242d626327cef6325ffaab8;PV13:435a261bf6a568b106492dc2;PV13:7264d33777fd50dab32c061b	PEPlife2	"[[""-0.602059991328"",""="",""""],[""-1.07918124605"",""="",""""],[""1.38021124171"","">"",""""]]"	replicate_variability_or_condition_conflict_review
MLMEASURE1:ccdd9f7232acfc534223628e	true	2	PV13:99022078a4ef045b6bf6819c;PV13:ef1cab569cd6ad529fbfa347	swemacrocycledb_figshare_v1_ar_gt_0_3	"[[""-6.244"",""="",""""],[""-6.367"",""="",""""]]"	replicate_variability_or_condition_conflict_review
MLMEASURE1:cd6697a3c08b17dfca29534e	true	2	PV13:4145ce0d7c63f49130d0a94f;PV13:b0e19f05db66966efb4c243d	swemacrocycledb_figshare_v1_ar_gt_0_3	"[[""-6.886"",""="",""""],[""-7.046"",""="",""""]]"	replicate_variability_or_condition_conflict_review
MLMEASURE1:cf19c103aec7dd74c7bcf497	true	2	PV13:9a36143e45738f13e063e7a1;PV13:b70791840204d00bba35e416	PEPlife2	"[[""1.06818586175"",""="",""""],[""1.35218251811"",""="",""""]]"	replicate_variability_or_condition_conflict_review
MLMEASURE1:cf9e01c5c3e6763f2dd1b498	true	2	PV13:863ee7d0fde553b5f45fa20c;PV13:9716530d73dac88ab9c8c240	swemacrocycledb_figshare_v1_ar_gt_0_3	"[[""-6.444"",""="",""""],[""-6.796"",""="",""""]]"	replicate_variability_or_condition_conflict_review
MLMEASURE1:cfdc3615cb329cb5a58258d0	true	5	PV13:1f546f1a7065e6e2830fd5c8;PV13:72256b683f71637c329abafd;PV13:83f35685049d218940ebf2a5;PV13:848714b8233a815200d6f9a6;PV13:ea0a86c6262169c1fdda64f7	PEPlife2	"[[""2.06445798923"",""="",""""],[""2.08635983067"",""="",""""],[""2.09342168516"",""="",""""],[""2.11260500153"",""="",""""],[""2.11727129566"",""="",""""]]"	replicate_variability_or_condition_conflict_review
MLMEASURE1:d0164752864c6a6018aa84e1	true	9	PV13:012424a4a6b69a9ee692bc01;PV13:12f43593020c37b78d8ff362;PV13:4d76160706a7344bfaf46412;PV13:62f59bd98738bd1ae05530ee;PV13:64838d57293be5afd18c537d;PV13:9b62d339fee9c871b3b71aa4;PV13:a9928803c7e2c1f312701693;PV13:d2721eb944f93703e7a746a4;PV13:e108f8f63639aefd25904035	PEPlife2	"[[""-0.236572006437"",""="",""""],[""-0.301029995664"",""="",""""],[""-0.397940008672"",""="",""""],[""-0.547702329005"",""="",""""],[""-0.602059991328"",""="",""""],[""-0.897337658103"",""="",""""],[""-1.15697496861"",""="",""""],[""0.120025233114"",""="",""""],[""0.568201724067"",""="",""""]]"	replicate_variability_or_condition_conflict_review
MLMEASURE1:d0c3a1073f230a0c808d52e8	true	10	PV13:01b370b5faf4a59612498c6d;PV13:0837934af2b15c99ce416604;PV13:13319a36e1169fd0bfc6c444;PV13:4cdca579141a31fe56ccc5fb;PV13:56152dd0c2f451c342fcb78a;PV13:752af32d031c6694939cb0cc;PV13:ba9e48e37ba7fad66004bd0f;PV13:bf3ba15a6bc04f054475a67c;PV13:f08dae334d6176b5a7824047;PV13:fe8b1760ec774ca872aec8de	PEPlife2	"[[""2.16136800223"",""="",""""],[""2.17609125906"",""="",""""],[""2.17897694729"",""="",""""],[""2.19033169817"",""="",""""],[""2.20139712432"",""="",""""],[""2.2121876044"",""="",""""],[""2.22271647115"",""="",""""],[""2.22608411598"",""="",""""],[""2.25647720624"",""="",""""],[""2.30362797638"",""="",""""]]"	replicate_variability_or_condition_conflict_review
MLMEASURE1:d0f9c31829bac3e497772202	true	2	PV13:247e50fb911b1bd65d795c1c;PV13:4337ed279e40f1fec3a584c4	PEPlife2	"[[""-1.47712125472"",""<"",""""],[""0.698970004336"",""<"",""""]]"	replicate_variability_or_condition_conflict_review
MLMEASURE1:d11081b4cc03801b06ff41d9	true	2	PV13:4be3a282107aaf3d4e9eef72;PV13:932ac7396585f8abea2499b3	acs_jmedchem_5c00544	"[[""125"",""="",""""],[""162"",""="",""""]]"	replicate_variability_or_condition_conflict_review
MLMEASURE1:d1a14053621851d60086bad4	true	3	PV13:7f550d85cb34d1b2b4955f83;PV13:b3921ceca488a4bb4553eb1c;PV13:ff5d0d53f4cdc9c3c69f1340	PEPlife2	"[[""-1.07918124605"",""="",""""],[""-1.30102999566"",""="",""""],[""-1.54770232901"",""="",""""]]"	replicate_variability_or_condition_conflict_review
MLMEASURE1:d219e5c15b2d07945dd8e52b	true	3	PV13:13ea9155cbdd37cbb8f6553f;PV13:1802a4393e43f5e349ff15a9;PV13:d539b0bef88e7d38407c6bbe	PEPlife2	"[[""-0.176091259056"",""="",""""],[""-0.191563945712"",""="",""""],[""0.121121936934"",""="",""""]]"	replicate_variability_or_condition_conflict_review
MLMEASURE1:d2248e66e92856d856edb571	true	5	PV13:04f0685f6cd0224e590c2888;PV13:a5d42e09735a442eef1ae4da;PV13:ac63ff27f5f37f6c6a5f28a6;PV13:ca9a3797bacd00bca0cf6fbf;PV13:e3d3e3d9d441fb448e0ef78d	NIST ThermoML	"[[""-1.95400458125"",""="",""""],[""-2.02946717023"",""="",""""],[""-2.08557221396"",""="",""""],[""-2.2665940668"",""="",""""],[""-2.4582585499"",""="",""""]]"	replicate_variability_or_condition_conflict_review
MLMEASURE1:d24d3a88b5b39e250bce179d	true	2	PV13:023f3c6e6597cd4e57ae4366;PV13:f2489eb5e87bd68339c78a59	PEPlife2	"[[""-0.187086643357"",""="",""""],[""0.602059991328"","">"",""""]]"	replicate_variability_or_condition_conflict_review
MLMEASURE1:d25358efe6b47bd470583059	true	2	PV13:8ff8a698d6a0e176caa3dff0;PV13:e2d1546a868a6f6cc6097249	PEPlife2	"[[""0.778151250384"",""="",""""],[""1.07918124605"","">"",""""]]"	replicate_variability_or_condition_conflict_review
MLMEASURE1:d297a8a54d2268013eefb028	true	2	PV13:3057bc093c9b0302104e45ee;PV13:bffa4ce1284085db00951474	PEPlife2	"[[""-0.262277406672"",""="",""""],[""-0.324832910337"",""="",""""]]"	replicate_variability_or_condition_conflict_review
MLMEASURE1:d2efab78006a705425c7d881	true	2	PV13:05fdb9f51cb7bbe492856571;PV13:cb1d0d06fea27ce294c79b11	PEPlife2	"[[""0.176091259056"",""="",""""],[""1.9243826772"",""="",""""]]"	replicate_variability_or_condition_conflict_review
MLMEASURE1:d356791a9bb9075afa85066e	true	5	PV13:4c8e0c9b0892447756ac1d5e;PV13:580b7c5677b0bf388cf27862;PV13:db0463df6d19dc7fe18dc8d7;PV13:e98d47a6f8d2c26fab5a97bd;PV13:f358f3c4018b26d3d83d596d	PEPlife2	"[[""-0.601192269797"",""="",""""],[""-0.604964981971"",""="",""""],[""-0.616783248149"",""="",""""],[""-0.674347529428"",""="",""""],[""0.78055732015"",""="",""""]]"	replicate_variability_or_condition_conflict_review
MLMEASURE1:d356dba170b404b3bd3c037b	true	2	PV13:56554ef67723a1dbaa425cc4;PV13:59b44b42b0d7cad5398e9555	swemacrocycledb_figshare_v1_ar_gt_0_3	"[[""-6.854"",""="",""""],[""-7.699"",""="",""""]]"	replicate_variability_or_condition_conflict_review
MLMEASURE1:d359558a7a6321155af4f4e3	true	2	PV13:a3608711a67b39cdb566a321;PV13:b58f890ee59717635e0454f4	swemacrocycledb_figshare_v1_ar_gt_0_3	"[[""-6.337"",""="",""""],[""-6.638"",""="",""""]]"	replicate_variability_or_condition_conflict_review
MLMEASURE1:d3bd0f905ace8d25216a4989	true	2	PV13:250caa6b9b8130a3db0eeeb5;PV13:4ea64c6a2cfba0fd18ad8828	acs_jmedchem_5c00544	"[[""206"",""="",""""],[""295"",""="",""""]]"	replicate_variability_or_condition_conflict_review
MLMEASURE1:d3d21fb3ea4a29fe579192a3	true	2	PV13:07934f12c4f43b05ab410d85;PV13:8c639a78304a3cdbd1a5d6c3	swemacrocycledb_figshare_v1_ar_gt_0_3	"[[""-6.921"",""="",""""],[""-7.222"",""="",""""]]"	replicate_variability_or_condition_conflict_review
MLMEASURE1:d4efc44e3088ee1ebdbf9a57	true	2	PV13:501864884f96d70e90cf6f36;PV13:defb1f88f47b869b97323351	PEPlife2	"[[""-1.09872335377"",""="",""""],[""-1.10976533369"",""="",""""]]"	replicate_variability_or_condition_conflict_review
MLMEASURE1:d582e8ae9153aff495f7ed61	true	3	PV13:567ccaacf69d1cb3de1caacc;PV13:d6d1d88a0d8bb65f51581177;PV13:e76108093e050e6d0bfb1f80	PEPlife2	"[[""0.792391689498"",""="",""""],[""0.880813592281"",""="",""""],[""0.954242509439"",""="",""""]]"	replicate_variability_or_condition_conflict_review
MLMEASURE1:d5cbf8962bae8bd0c00c3e52	true	2	PV13:029742ce01b3ef31d78a1378;PV13:702d98b2bdb14a0a739979c5	swemacrocycledb_figshare_v1_ar_gt_0_3	"[[""-5.254"",""="",""""],[""-5.562"",""="",""""]]"	replicate_variability_or_condition_conflict_review
MLMEASURE1:d6528c28001c17d378737cd0	true	3	PV13:5a60538ebb0feb6f4602247a;PV13:7c82e2821b011960d08ccca1;PV13:9210e2484b51f3e7b77ab2c8	PEPlife2	"[[""-1.34066493733"",""="",""""],[""-1.44235914846"",""="",""""],[""-2.18155415476"",""="",""""]]"	replicate_variability_or_condition_conflict_review
MLMEASURE1:d66040d53031b7d90093689f	true	2	PV14:fb96476eecb9b65f1f43fd3b;PV14:fce6fffa97c68c3c11200ec2	primary_pk_literature_v14	"[[""4.050000000000000000000000001"",""="",""""],[""4.116666666666666666666666667"",""="",""""]]"	replicate_variability_or_condition_conflict_review
MLMEASURE1:d667d432ccb75f418ffa9489	true	8	PV13:0499e542c5ad73b918530122;PV13:04b7f35f1738088dc790d2a5;PV13:0972a366ff898a21a8a68711;PV13:3f50aae7e750f2315bf4c1d7;PV13:4154804ad27662bc678e2bfa;PV13:d78f94ed65ccf97ff8ee861f;PV13:e9576fe42bed1325c25d2d06;PV13:eec72cd4ad78903dfd126c25	PEPlife2	"[[""-0.0655015487564"",""="",""""],[""-0.0915149811214"",""="",""""],[""0.485721426482"",""="",""""],[""0.515873843712"",""="",""""],[""0.720159303406"",""="",""""],[""0.830588668685"",""="",""""],[""0.922206277439"",""="",""""],[""1.00389116624"",""="",""""]]"	replicate_variability_or_condition_conflict_review
MLMEASURE1:d6c120a55f0508b6f208d2ae	true	2	PV13:9157edab12cdfd731b7270b2;PV13:b11e1873b1a69f8010ecc38c	CycPeptMPDB	"[[""-5.54"",""="",""""],[""-6.1"",""="",""""]]"	replicate_variability_or_condition_conflict_review
MLMEASURE1:d6e573fd8e26ffa9ef2c907b	true	3	PV13:2059492082fe800d502577e9;PV13:59a6efc898a5b0540839209e;PV13:dea24ac74c8c15221382dd53	PEPlife2	"[[""-0.161150909263"",""="",""""],[""0.278753600953"",""="",""""],[""1.63457802285"",""="",""""]]"	replicate_variability_or_condition_conflict_review
MLMEASURE1:d71e2f711a878c241bb38437	true	2	PV13:d3b49a326e2d0093122ff03d;PV13:f166a17a35767c8f4d803187	PEPlife2	"[[""-0.0791812460476"",""="",""""],[""-0.52287874528"",""="",""""]]"	replicate_variability_or_condition_conflict_review
MLMEASURE1:d73cd4f8638d61f5b5dc3376	true	3	PV13:08659ebcdc32c67b88a04a11;PV13:48e70ccd5350b5b4c4f92901;PV13:8835dceacb73c17e7147764b	PEPlife2	"[[""0.43775056282"",""="",""""],[""0.617000341121"",""="",""""],[""0.646403726223"",""="",""""]]"	replicate_variability_or_condition_conflict_review
MLMEASURE1:d7d127d8a1b8a1c9d093343d	true	2	PV13:dc7922d5d912466cf7a320e8;PV13:edd5cbac57d6856c77d49661	PEPlife2	"[[""-0.602059991328"",""="",""""],[""-1.77815125038"",""="",""""]]"	replicate_variability_or_condition_conflict_review
MLMEASURE1:d7f860297f715fdc16dde036	true	2	PV13:386bfd4791ff34c7da386d91;PV13:801700346ba7f566c4663f77	CycPeptMPDB	"[[""-5.37"",""="",""""],[""-5.54"",""="",""""]]"	replicate_variability_or_condition_conflict_review
MLMEASURE1:d82de4372ed38fd6934f60ba	true	2	PV13:6e3048cc5fd80b83b666edb7;PV13:d3bc29b7027c7e7df0e5b121	swemacrocycledb_figshare_v1_ar_gt_0_3	"[[""-6.237"",""="",""""],[""-6.796"",""="",""""]]"	replicate_variability_or_condition_conflict_review
MLMEASURE1:d884be7e4819154b4cce517c	true	4	PV13:5095b1ac76210281cee8b3e5;PV13:6db28f5591976a08a190a083;PV13:8b1104c56a0bf2f2e33abe28;PV13:feac21387110b24029a0de10	NIST ThermoML	"[[""-0.565431095966"",""="",""""],[""-0.663540266151"",""="",""""],[""-0.801342913046"",""="",""""],[""-0.896196279044"",""="",""""]]"	replicate_variability_or_condition_conflict_review
MLMEASURE1:d8a16db1c4e7706a6d106a5e	true	2	PV15:868582ad21fa5acedb9786e8;PV15:be53ff405e614b79aa97f630	primary_ppb_kp_v15	"[[""0.888"",""="",""""],[""0.9"",""="",""""]]"	replicate_variability_or_condition_conflict_review
MLMEASURE1:d97f4b1d84deca195ecd2b56	true	2	PV13:62e505316fa3bd6afcee373a;PV13:db2aa384f9bbd77301eeb227	swemacrocycledb_figshare_v1_ar_gt_0_3	"[[""-6.398"",""="",""""],[""-6.585"",""="",""""]]"	replicate_variability_or_condition_conflict_review
MLMEASURE1:d9d45706a187f9120c1b2cd6	true	2	PV13:2364269698e0ccd0ddf6deca;PV13:f6bc5fc6125ebb6d2620b850	PEPlife2	"[[""0.176091259056"",""="",""""],[""1.08990511144"",""="",""""]]"	replicate_variability_or_condition_conflict_review
MLMEASURE1:db29c0ca646ab0e49aa33e55	true	2	PV13:744d9a324b77b2c87782bb7a;PV13:bd7211e624060ce1d76f389c	CycPeptMPDB	"[[""-5.63"",""="",""""],[""-6.74"",""="",""""]]"	replicate_variability_or_condition_conflict_review
MLMEASURE1:dba36d16c77ae2d1ad73edf4	true	2	PV13:46880561c06314d4a40aaabf;PV13:7c93a7b083b644499d1587b2	swemacrocycledb_figshare_v1_ar_gt_0_3	"[[""-5.74"",""="",""""],[""-6.42"",""="",""""]]"	replicate_variability_or_condition_conflict_review
MLMEASURE1:dba588ac8635b58052797fd5	true	2	PV13:b40bcc971bcae6f0c8df92f7;PV13:f3118ef0244a33b68fcd1951	PEPlife2	"[[""0.447158031342"",""="",""""],[""0.579783596617"",""="",""""]]"	replicate_variability_or_condition_conflict_review
MLMEASURE1:dbc84d7fed320d342c93b813	true	4	PV13:399fe00478c5bfd3ea524f11;PV13:654c9bfc09b7dfcecf0e15c0;PV13:86446a35a7fc1d98ebffd80b;PV13:f8e77e310ba6ffef1b7530b8	PEPlife2	"[[""-0.622815212919"",""="",""""],[""-0.706269243078"",""="",""""],[""-0.933674074638"",""="",""""],[""-1.68824613894"",""="",""""]]"	replicate_variability_or_condition_conflict_review
MLMEASURE1:dc8d71766aac82adde76d7b0	true	2	PV13:13aac5aad175236dbeb8a642;PV13:a74de374239f870894b9485c	PEPlife2	"[[""-0.823908740944"",""="",""""],[""-1"",""="",""""]]"	replicate_variability_or_condition_conflict_review
MLMEASURE1:dcc7b7251f462ec399d91f54	true	2	PV13:c265aef4b7db59468f59def7;PV13:fe38203e79652f6977011119	swemacrocycledb_figshare_v1_ar_gt_0_3	"[[""-6.854"",""="",""""],[""-7.301"",""="",""""]]"	replicate_variability_or_condition_conflict_review
MLMEASURE1:dd1039c368da1d35a301331c	true	2	PV13:9fae6259661495c784c2e9b4;PV13:d860fa0b325aa5c91bbc6583	swemacrocycledb_figshare_v1_ar_gt_0_3	"[[""-5.764"",""="",""""],[""-6.102"",""="",""""]]"	replicate_variability_or_condition_conflict_review
MLMEASURE1:dd4abc7b94669de510fd90a8	true	2	PV13:644a6c708c9faf8ae0b4a06b;PV13:d74bd26ddbf034eac6753160	PEPlife2	"[[""-0.0299632233774"",""="",""""],[""-0.209949526317"",""="",""""]]"	replicate_variability_or_condition_conflict_review
MLMEASURE1:dd91730e701c21053d1418f3	true	2	PV13:72dea5ec06d2e3b58543ea4d;PV13:a142448f9404fb68c8333d46	swemacrocycledb_figshare_v1_ar_gt_0_3	"[[""-4.786"",""="",""""],[""-4.786216701"",""="",""""]]"	replicate_variability_or_condition_conflict_review
MLMEASURE1:dd91aa6e2b77b9a2f9711942	true	2	PV13:552918d04edb2f1482c8c73b;PV13:b5e7b9421db016a41e58f410	PEPlife2	"[[""0.236789099409"",""="",""""],[""0.291368850452"",""="",""""]]"	replicate_variability_or_condition_conflict_review
MLMEASURE1:dddc0cb3aa818594631744be	true	5	PV13:1ee76267013ce6193b22fe5e;PV13:29a7668e53884a03fe24d7ad;PV13:a993a2e1626f690bbf51b9ab;PV13:c21f1ef8159cd6ac9fbf5e58;PV13:c760860d4ec55b42383926fd	NIST ThermoML	"[[""-2.78901302617"",""="",""""],[""-2.95675564599"",""="",""""],[""-3.10829532376"",""="",""""],[""-3.25735341006"",""="",""""],[""-3.29234467647"",""="",""""]]"	replicate_variability_or_condition_conflict_review
MLMEASURE1:dddfff2bbad02cfc0c369f3b	true	2	PV13:6181281c0899a6ddc9bafa76;PV13:bc0b67dfe6ad750780b3d6b0	PEPlife2	"[[""0.0273496077748"",""="",""""],[""1"","">"",""""]]"	replicate_variability_or_condition_conflict_review
MLMEASURE1:de2c2e0b479afaef23505c5a	true	2	PV13:c477be64387421adf3adceb6;PV13:dd4e33195ef98b713df44a14	PEPlife2	"[[""0.380211241712"",""="",""""],[""0.447158031342"",""="",""""]]"	replicate_variability_or_condition_conflict_review
MLMEASURE1:dee316ae34f76a8c3ea1700b	true	6	PV13:5f3795f4f998a5fb4fb5e80d;PV13:6100a60b510ff7191be8fc5e;PV13:8566693ddb46982cf5706f5d;PV13:a381ac5f5abf350ef3aef29b;PV13:ae8af415edb686062b69d22c;PV13:c65150c3eccb87ea07e68e44	PEPlife2	"[[""-1.28678955655"",""="",""""],[""-1.3784775289"",""="",""""],[""-1.38369956956"",""="",""""],[""-1.40340290437"",""="",""""],[""-1.42404281124"",""="",""""],[""-1.44169151654"",""="",""""]]"	replicate_variability_or_condition_conflict_review
MLMEASURE1:df02a43f4f58c68510fc7051	true	2	PV13:1bff953e37b4cc2d9e7489ba;PV13:5e942956aeb4a3d7036cba2d	PEPlife2	"[[""-0.47712125472"",""~"",""""],[""-1.07918124605"",""<"",""""]]"	replicate_variability_or_condition_conflict_review
MLMEASURE1:df374a5bb3ebc45f511c7e03	true	5	PV13:3adf47c8dbd367d8d2810605;PV13:5b65898d8a2ae1dda756af25;PV13:663f8b550b62674b9c474f57;PV13:9ad1c2fdf51081b32d34b3bb;PV13:e242ac8f1b6f6e09cfb4d1c8	PEPlife2	"[[""0.462397997899"",""="",""""],[""0.785329835011"",""="",""""],[""1.69372694892"",""="",""""],[""1.84818911699"",""="",""""],[""1.88309335858"",""="",""""]]"	replicate_variability_or_condition_conflict_review
MLMEASURE1:e01579e37ad3a665da4a9809	true	2	PV13:3078d2f1fe3cd0ea178d4fa5;PV13:c7910c14132efd2d92d6a56c	CycPeptMPDB	"[[""-5.1"",""="",""""],[""-6.18"",""="",""""]]"	replicate_variability_or_condition_conflict_review
MLMEASURE1:e0871628a8b034e9ec08541a	true	4	PV13:0fae7898015a8466e3f09ea6;PV13:857bec15d966b4657055e506;PV13:b103e31245e5267a061f3a18;PV13:f2f8e289cc7cdba6efe820c7	PEPlife2	"[[""-0.596307662439"",""="",""""],[""-1.09062228917"",""="",""""],[""-1.98575956089"",""="",""""],[""0.255272505103"",""="",""""]]"	replicate_variability_or_condition_conflict_review
MLMEASURE1:e0c182baccd4b9f812c29b40	true	2	PV13:47add57d7aba937b739c4fc6;PV13:6ed0bd611ddaa86e911d6822	PEPlife2	"[[""-0.576754126063"",""="",""""],[""-1.47712125472"",""="",""""]]"	replicate_variability_or_condition_conflict_review
MLMEASURE1:e0e402c3da567702585e6c23	true	2	PV13:8094fc903998d1a50058d5a5;PV13:ae7d6703eb8a70f4538b3867	PEPlife2	"[[""-1.07918124605"",""="",""""],[""-1.54770232901"",""="",""""]]"	replicate_variability_or_condition_conflict_review
MLMEASURE1:e13d4d73b543ac17b7d4549f	true	4	PV13:23030325d313987160b223bd;PV13:a66423793d48ff9289162e7a;PV13:b4a41e100fc824db34c9fba2;PV13:fd6a28361bc62a1bf072b1d1	PEPlife2	"[[""-2.15490195999"",""="",""""],[""-2.26850077084"",""="",""""],[""-2.33099321904"",""="",""""],[""-2.34411489636"",""="",""""]]"	replicate_variability_or_condition_conflict_review
MLMEASURE1:e13f49269efa6f2f5a1620d5	true	12	PV13:06dc904fdb142920813818fc;PV13:0f3cbba0d660fc8ce2c7c294;PV13:214167198c6c4b8f1de07eee;PV13:3fc1fa0206f505ab4f9093c1;PV13:4025e93b9cd759489b3ba47a;PV13:76e7afa85080a53123f357de;PV13:886317ae9fe2125eb130060a;PV13:8f51b5ff463b3dc409b90ad6;PV13:c33de6374dc989ac1abccb63;PV13:d6f8e02c80d24abb05b9f34b;PV13:e9ddd7fbad55f39e20dac9be;PV13:f625d8024fdcb11a5afca992	PEPlife2	"[[""0.255272505103"",""="",""""],[""0.301029995664"",""="",""""],[""0.322219294734"",""="",""""],[""0.462397997899"",""="",""""],[""0.491361693834"",""="",""""],[""0.518513939878"",""="",""""],[""0.556302500767"",""="",""""],[""0.61278385672"",""="",""""],[""0.662757831682"",""="",""""],[""0.778151250384"",""="",""""],[""0.86332286012"",""="",""""],[""1.38021124171"","">"",""""]]"	replicate_variability_or_condition_conflict_review
MLMEASURE1:e248ddf31549202661496808	true	2	PV13:3ff2b0f828c61b0b67629e82;PV13:4ec09e97d6939531c078d674	swemacrocycledb_figshare_v1_ar_gt_0_3	"[[""-6.347"",""="",""""],[""-6.699"",""="",""""]]"	replicate_variability_or_condition_conflict_review
MLMEASURE1:e2eeb695c7cb8cf99c75b932	true	8	PV13:39e81fd8fee89f2e036dfbe0;PV13:405e111b020ee0a993ee631f;PV13:4831319b09ee923ca83e724a;PV13:6b8ef7b94d437a635b84d2b9;PV13:7eb164c9f739683810e979b4;PV13:823e5c81c1a825e20cfb221c;PV13:ab8f806dfcce73875b0a12f3;PV13:f39c1aa641a578705518e50b	PEPlife2	"[[""1.07188200731"",""="",""""],[""1.1105897103"",""="",""""],[""1.17609125906"",""="",""""],[""1.18752072084"",""="",""""],[""1.30749603791"",""="",""""],[""1.33445375115"",""="",""""],[""1.54900326203"",""="",""""],[""1.717670503"",""="",""""]]"	replicate_variability_or_condition_conflict_review
MLMEASURE1:e31b0ec928c3c76dcb76e5d9	true	2	PV13:452307bfa1591f43f48ac1a6;PV13:999489f32e1e57e80bcb412a	CycPeptMPDB	"[[""-5.932986852"",""="",""""],[""-8.678860161"",""="",""""]]"	replicate_variability_or_condition_conflict_review
MLMEASURE1:e329b8314c86d4ed1f9b0feb	true	2	PV13:9f0f9b5a372b3ad3a5922867;PV13:adb10f639d1d38abd7ca9fa1	PEPlife2	"[[""-0.681241237376"",""="",""""],[""-0.795880017344"",""="",""""]]"	replicate_variability_or_condition_conflict_review
MLMEASURE1:e4591a03464c47039759d6e9	true	4	PV13:5bd7b3255abac266cc85de45;PV13:dd0fdeb7fbd57a2a7fe4bcb0;PV13:e1d7a5a646ebfce2bfe84f70;PV13:fb0017d9c02b9f1fd37065c7	swemacrocycledb_figshare_v1_ar_gt_0_3	"[[""0.322219294734"",""="",""""],[""0.462397997899"",""="",""""],[""0.732393759823"",""="",""""],[""0.785329835011"",""="",""""]]"	replicate_variability_or_condition_conflict_review
MLMEASURE1:e45f6ee20f5431f12b34417e	true	2	PV13:84110deaab1b7e8af9b138da;PV13:d630092e1986878e8bd97a02	CycPeptMPDB	"[[""-5.49"",""="",""""],[""-6.3"",""="",""""]]"	replicate_variability_or_condition_conflict_review
MLMEASURE1:e49bf428cc4200a8dfde2976	true	5	PV13:0360c676ef2d3c8c477c76e2;PV13:06b23b0903386b35a1c2af26;PV13:103925a3a034b0340dce122e;PV13:6f8914455f093cd1449cb538;PV13:b40817b078b4cc6c1ca90deb	NIST ThermoML	"[[""-1.82973828461"",""="",""""],[""-1.83564714422"",""="",""""],[""-1.84466396253"",""="",""""],[""-1.85698519975"",""="",""""],[""-1.86327943284"",""="",""""]]"	replicate_variability_or_condition_conflict_review
MLMEASURE1:e4c306fadaa9a46bc7a62e8c	true	10	PV13:133298b7b0f9622d2200c882;PV13:2373847b4a83add28dfc99be;PV13:2ec95bac332b2dd3d1f00bea;PV13:645f6d157eb7d9941f0123db;PV13:65728e6ce4c5c68803f581e0;PV13:762bf2181b8aa75d1e0b7a24;PV13:93973ef0d808876323f4f5eb;PV13:9d542eb0b93f5f50c98b9618;PV13:b66c2e9d5af12353d3dde417;PV13:c71e1a74e937af0e6d28bef4	PEPlife2	"[[""-0.221848749616"",""="",""""],[""0.0791812460476"",""="",""""],[""0.278753600953"",""="",""""],[""0.602059991328"",""="",""""],[""0.919078092376"",""="",""""],[""0.939519252619"",""="",""""],[""0.963787827346"",""="",""""],[""0.995635194598"",""="",""""],[""1.10037054512"",""="",""""],[""1.64933485871"",""="",""""]]"	replicate_variability_or_condition_conflict_review
MLMEASURE1:e4ed8a8c3c2ca6f57f9df09a	true	4	PV13:5df637f76e77c392cf27259a;PV13:97cc62a07a12e140e2342f40;PV13:9fe2c6ec8fb918542b5dccef;PV13:f900ce1bbe661ae4f0a2feaa	swemacrocycledb_figshare_v1_ar_gt_0_3	"[[""0.361727836018"",""="",""""],[""0.447158031342"",""="",""""],[""0.698970004336"",""="",""""],[""1.14612803568"",""="",""""]]"	replicate_variability_or_condition_conflict_review
MLMEASURE1:e500b84f1b056100f9274dc6	true	3	PV13:0b224b66d1da63acbfe2ed6d;PV13:a47b83300f78dfe8fbde0509;PV13:dbca0abb33acce8f5eaea89f	PEPlife2	"[[""-0.875061263392"",""="",""""],[""0"",""="",""""],[""1"",""="",""""]]"	replicate_variability_or_condition_conflict_review
MLMEASURE1:e57dedc5ae9f11b87b020d53	true	2	PV13:584bbdc02692adbef8c89115;PV13:e2bdc94527facfd419b819a2	PEPlife2	"[[""-0.0951042121448"",""="",""""],[""0.543240027928"",""="",""""]]"	replicate_variability_or_condition_conflict_review
MLMEASURE1:e598ce7e17dfa9da240cdb43	true	2	PV13:007e20d395b303b53f4b78f6;PV13:20579381af0e21f63d3928f1	PEPlife2	"[[""-0.221848749616"",""="",""""],[""0.531478917042"",""="",""""]]"	replicate_variability_or_condition_conflict_review
MLMEASURE1:e5c788beadb49b9fe016649a	true	3	PV13:2cbbb7df7844c121bf6627d1;PV13:70674cb98c9f2b3c101d47c2;PV13:c53b94e61c5b4daef835f21a	CycPeptMPDB	"[[""-5.55"",""="",""""],[""-6.11"",""="",""""],[""-6.22"",""="",""""]]"	replicate_variability_or_condition_conflict_review
MLMEASURE1:e5d7fd7d081282c7ac3299c6	true	2	PV13:2067ba47cdc0fee5c34e17cb;PV13:708e9c44978d66700eca3e14	PEPlife2	"[[""-0.301029995664"",""="",""""],[""-0.778151250384"",""="",""""]]"	replicate_variability_or_condition_conflict_review
MLMEASURE1:e613ad16c3432c1e25d23c67	true	2	PV13:95d37d4d89959f18b2f9d743;PV13:a1d2c4d3e9b674669648d88d	PEPlife2	"[[""0.43933269383"",""="",""""],[""1.76591679397"",""="",""""]]"	replicate_variability_or_condition_conflict_review
MLMEASURE1:e625087e8de75516ff311963	true	7	PV13:0906fcfa418d333a55c15eb8;PV13:0d77c223e9aa6dff474c6736;PV13:1d0b40a7cfd9a3b60c93cd91;PV13:21aff5496ef3b2c5053d3e84;PV13:33287daec03d12210ef6e88a;PV13:86e36b897251dc599186d279;PV13:a9dbb6c0fd0cfc1574c98807	PEPlife2	"[[""-0.10790539731"",""="",""""],[""-0.13667713988"",""="",""""],[""-0.154901959986"",""="",""""],[""-0.259637310506"",""="",""""],[""-0.346787486225"",""="",""""],[""-0.443697499233"",""="",""""],[""-0.585026652029"",""="",""""]]"	replicate_variability_or_condition_conflict_review
MLMEASURE1:e64b9256901c9234a12dbb97	true	4	PV13:1c8bc6fbb74e3eeb4ab0d564;PV13:c690f4a86cfe0e88b12829b4;PV13:dc5e88631d6f6a79ff13a5ed;PV13:de8982a5e89fb0807bf468c6	PEPlife2	"[[""-0.616783248149"",""="",""""],[""-1.38021124171"",""="",""""],[""-1.43572856956"",""="",""""],[""-1.77815125038"",""<"",""""]]"	replicate_variability_or_condition_conflict_review
MLMEASURE1:e68af2b6c653882d4dae298b	true	2	PV13:4d2ead137abb3387a478c034;PV13:d8d653502ebf0816d5f9d628	PEPlife2	"[[""-0.0457574905607"",""="",""""],[""-0.0621479067488"",""="",""""]]"	replicate_variability_or_condition_conflict_review
MLMEASURE1:e68cf0d897e28e73bb27b332	true	2	PV13:13a01f6faded16b19d485b2b;PV13:9e3cda088d8611c17a9c4a5c	swemacrocycledb_figshare_v1_ar_gt_0_3	"[[""-6.215"",""="",""""],[""-6.585"",""="",""""]]"	replicate_variability_or_condition_conflict_review
MLMEASURE1:e69f41bb1d8eeca5ed9a4605	true	2	PV13:06b9f19d83fd6e2a542e4c00;PV13:11d19b68c43c06ec8a838752	PEPlife2	"[[""0.176091259056"",""="",""""],[""0.698970004336"",""="",""""]]"	replicate_variability_or_condition_conflict_review
MLMEASURE1:e773c32dc1ac2314aef644d1	true	2	PV13:b6f8df265574a91e9fed3129;PV13:f0d3cdb6646271693811b8c1	PEPlife2	"[[""-1.03778856089"",""="",""""],[""-1.93305321037"",""="",""""]]"	replicate_variability_or_condition_conflict_review
MLMEASURE1:e86d747cc1b13cd331374509	true	2	PV13:a394b89c5a80cceb3bb5d2be;PV13:e7c004934a34cebbe6a1dfe7	PEPlife2	"[[""-0.795880017344"",""="",""""],[""-1.25701316668"",""="",""""]]"	replicate_variability_or_condition_conflict_review
MLMEASURE1:e87a7716975e533cc4b6895a	true	6	PV13:634e83382498204136dd6f87;PV13:836be867dbb275ba8da5106a;PV13:85bc8db3033b2932d697aecd;PV13:a70717be9377682c6c2d1e72;PV13:c185958d7d41b3028b6fe096;PV13:de1963b7c08d68c366eb5752	PEPlife2	"[[""-0.0942041196321"",""="",""""],[""-0.337242168318"",""="",""""],[""-0.35951856303"",""="",""""],[""-0.407823242604"",""="",""""],[""-0.467245621008"",""="",""""],[""-0.605548319174"",""="",""""]]"	replicate_variability_or_condition_conflict_review
MLMEASURE1:e8abeebb274dc9f650005cf3	true	5	PV13:57842634ab278180f6c2be5a;PV13:5b5903544fd4955cccf37f19;PV13:ba9c712f016aef8e36307a89;PV13:ceec5d1d69e0960e51cc4fec;PV13:f955ead1ca9495562c04c556	NIST ThermoML	"[[""-2.49410421878"",""="",""""],[""-2.5708131551"",""="",""""],[""-2.67604699246"",""="",""""],[""-2.80729319339"",""="",""""],[""-2.92819160817"",""="",""""]]"	replicate_variability_or_condition_conflict_review
MLMEASURE1:e8abf0261b277d19d6a8987b	true	2	PV13:a4bf44a74ffdbe666b37f3d5;PV13:f6c1734620fbf057a5e1b359	CycPeptMPDB	"[[""-5.36"",""="",""""],[""-6.78"",""="",""""]]"	replicate_variability_or_condition_conflict_review
MLMEASURE1:e90dd0efc2824c56f6492ce2	true	5	PV13:31a61fedcc8ac29c4184c495;PV13:452ce6f871307836b4373dd8;PV13:50109d6770c581ae680596e6;PV13:75a96707755f7fb725c3628c;PV13:d909d153d3a51d79b6853c45	NIST ThermoML	"[[""-3.16058480732"",""="",""""],[""-3.25344363859"",""="",""""],[""-3.37335173153"",""="",""""],[""-3.47807775512"",""="",""""],[""-3.61618463402"",""="",""""]]"	replicate_variability_or_condition_conflict_review
MLMEASURE1:e90f164781d653a54114b692	true	2	PV13:380f64aab824329a3dfa7bfa;PV13:9e785c1af4cc4fefda40d36d	PEPlife2	"[[""0.121887985104"",""="",""""],[""0.801632346233"",""="",""""]]"	replicate_variability_or_condition_conflict_review
MLMEASURE1:e927c05c34168b77d6fbc6e9	true	3	PV13:316138655e698c46736c87a2;PV13:b09d35531151a836a5b102af;PV13:fc092bf610ad5685b96b4873	PEPlife2	"[[""1.62736585659"",""="",""""],[""1.78675142215"",""="",""""],[""1.78887511578"",""="",""""]]"	replicate_variability_or_condition_conflict_review
MLMEASURE1:e96ba7aff11b09bbc087c937	true	2	PV13:476e76850a34c4b5296d743f;PV13:4cf334bd8e281ae6a3505645	PEPlife2	"[[""-0.914828390263"",""="",""""],[""-1.22184874962"",""="",""""]]"	replicate_variability_or_condition_conflict_review
MLMEASURE1:e9ee3d04bbf2adc945d83867	true	7	PV13:0ead6c1edab527fe443493cf;PV13:13a2387fa4830c76c7248014;PV13:359d67a5fa8aa0b19716ba08;PV13:7942015091029aabcfae0bce;PV13:9cd2153b32128a1391ba753a;PV13:ae2d240bb24286fb163ea1d0;PV13:e615f3c6b4cf920d72f66031	NIST ThermoML	"[[""-0.00877392430751"",""="",""""],[""-0.13667713988"",""="",""""],[""-0.337242168318"",""="",""""],[""-0.443697499233"",""="",""""],[""0.240549248283"",""="",""""],[""0.502427119984"",""="",""""],[""0.720159303406"",""="",""""]]"	replicate_variability_or_condition_conflict_review
MLMEASURE1:ea2e170062c03b3facf94415	true	2	PV13:70ffc237a6158542fd6a1f3b;PV13:9980d303072fc6e6b074e11e	swemacrocycledb_figshare_v1_ar_gt_0_3	"[[""-6.538"",""="",""""],[""-6.62"",""="",""""]]"	replicate_variability_or_condition_conflict_review
MLMEASURE1:ea470fb9a62c62da7ec039cf	true	2	PV13:92b17b2272f5a48a60598f52;PV13:bab17206e416ff74d044c4d4	PEPlife2	"[[""0.799340549454"",""="",""""],[""0.903089986992"",""="",""""]]"	replicate_variability_or_condition_conflict_review
MLMEASURE1:ea7ebadb204c126413d2d773	true	5	PV13:33263759b1ef0b6ed0e10b5c;PV13:40db997f1411def160c737cf;PV13:694807870fc05343b1467661;PV13:8e67b6ac528b898c7f55a5b7;PV13:aa851b315e51541c55790158	PEPlife2	"[[""-0.0457574905607"",""="",""""],[""-0.0791812460476"",""="",""""],[""0.278753600953"",""="",""""],[""1.87225341948"",""="",""""],[""2.10037054512"",""="",""""]]"	replicate_variability_or_condition_conflict_review
MLMEASURE1:ea95168ceca09f6a51640be6	true	2	PV13:a933de916f301ac35f478445;PV13:ebf82cf7132be53593a2a24e	swemacrocycledb_figshare_v1_ar_gt_0_3	"[[""-4.68"",""="",""""],[""-5.469"",""="",""""]]"	replicate_variability_or_condition_conflict_review
MLMEASURE1:ea9f288a3a20a412ca3dfd9a	true	2	PV13:a72014cc0ed5583f01b392b6;PV13:cfaf6b408a154ff0aaa2c860	CycPeptMPDB	"[[""-5.85"",""="",""""],[""-5.89"",""="",""""]]"	replicate_variability_or_condition_conflict_review
MLMEASURE1:eb9db8ab0f468d0ae228920c	true	2	PV13:7b51d9bbe237c9438fa7363b;PV13:ae1647a04fe0be3e3f88f624	swemacrocycledb_figshare_v1_ar_gt_0_3	"[[""-4.538"",""="",""""],[""-5.824"",""="",""""]]"	replicate_variability_or_condition_conflict_review
MLMEASURE1:ebbb578fad5f8caa1b6a7851	true	2	PV13:34175e2f50b23de23eaf7bcd;PV13:98880886f2be1b9e736a9aab	PEPlife2	"[[""0.518513939878"",""="",""""],[""0.851258348719"",""="",""""]]"	replicate_variability_or_condition_conflict_review
MLMEASURE1:ebee9030e4fb05a1d6d2577b	true	3	PV13:4b02eccb939512001dfc3e1c;PV13:dc9ac4b034a12677bebefd6a;PV13:f5e85bb58c8cf09d1b87a690	PEPlife2	"[[""0.683947130752"",""="",""""],[""0.744292983123"",""="",""""],[""0.794488046659"",""="",""""]]"	replicate_variability_or_condition_conflict_review
MLMEASURE1:ec19eaaf18e53cbb46abfeee	true	3	PV13:218aea213b3b673853bd945c;PV13:64da86166767ffa2a3c4c8f8;PV13:786e522751decfcdd87c8b88	PEPlife2	"[[""-0.0879551703551"",""="",""""],[""-0.301029995664"",""="",""""],[""0.653212513775"",""="",""""]]"	replicate_variability_or_condition_conflict_review
MLMEASURE1:ec6b4c2adfc673c889ec2949	true	9	PV13:0c3089e435b6a20b723e22fe;PV13:14ca76640cf187649a285022;PV13:2b54a9dea32a198814e20e26;PV13:89c2d9817f2358cdb4bdb0b8;PV13:934dd7029f134bb6d1d0503f;PV13:a41afc001c086f26b5a2eafa;PV13:accc890e309c1c14b490169b;PV13:d135a9e60f884577bb8914e4;PV13:edd7e808a56e7fa089962554	PEPlife2	"[[""-0.0705810742857"",""="",""""],[""0.0731070983354"",""="",""""],[""0.0851716097368"",""="",""""],[""0.0910804693473"",""="",""""],[""0.124938736608"",""="",""""],[""0.217483944214"",""="",""""],[""0.221848749616"",""="",""""],[""0.308208580291"",""="",""""],[""0.531478917042"",""="",""""]]"	replicate_variability_or_condition_conflict_review
MLMEASURE1:ec70eecd728b1d9272acbe96	true	3	PV13:472f304f5f3b8789ae0bf81c;PV13:6cc404039acd50d8df919ff9;PV13:dac00f4fa270d8da952cf2b5	NIST ThermoML	"[[""-1.88605664769"",""="",""""],[""-1.93554201077"",""="",""""],[""-2.03621217265"",""="",""""]]"	replicate_variability_or_condition_conflict_review
MLMEASURE1:ecb77d205be46c8c380a7525	true	4	PV13:0851210fceef869683b51f4e;PV13:14beaa101a2dae8001d2e8fd;PV13:16205c22ddc402e9965b533b;PV13:1d615652f9a1ea77ceaf1c5d	PEPlife2	"[[""-0.301029995664"",""<"",""""],[""0"",""~"",""""],[""0.176091259056"",""~"",""""],[""1.38021124171"",""~"",""""]]"	replicate_variability_or_condition_conflict_review
MLMEASURE1:ed9aeb29fa90057f41960a23	true	2	PV13:3b31a11f1207ddbcd8357e8a;PV13:708c6be4548d185707f4e9b8	PEPlife2	"[[""-0.542622803476"",""="",""""],[""-0.748767472698"",""="",""""]]"	replicate_variability_or_condition_conflict_review
MLMEASURE1:edd9747502002a1932bd24fe	true	2	PV13:775843704c2d70fc56799d67;PV13:fe84d7caa7cfd9ac629332c9	swemacrocycledb_figshare_v1_ar_gt_0_3	"[[""-6.854"",""="",""""],[""-6.959"",""="",""""]]"	replicate_variability_or_condition_conflict_review
MLMEASURE1:eea289d6063a255bf1a4a8c3	true	2	PV13:33075cdaedf03ac635215572;PV13:ffa7ebb75d398e63d846dc79	PEPlife2	"[[""-0.823908740944"",""="",""""],[""1.47712125472"",""="",""""]]"	replicate_variability_or_condition_conflict_review
MLMEASURE1:eedb8b0f5b793e13ff904861	true	5	PV13:0a35cd7aad2a156a7a51db02;PV13:142606b7cac39f7e64d87ea7;PV13:1bf58b766687d6d5a2ee1043;PV13:99bb6fa4631147497a9ac6d4;PV13:d478232842865fe8dcd23f8c	NIST ThermoML	"[[""-1.79048498546"",""="",""""],[""-1.80134291305"",""="",""""],[""-1.80966830183"",""="",""""],[""-1.83268266525"",""="",""""],[""-1.85387196432"",""="",""""]]"	replicate_variability_or_condition_conflict_review
MLMEASURE1:ef6d8bee1e59e83ee23627ab	true	2	PV13:70c339df59e942c4837a0977;PV13:a80ed95e8c80c34350147bf6	CycPeptMPDB	"[[""-5.92"",""="",""""],[""-5.96"",""="",""""]]"	replicate_variability_or_condition_conflict_review
MLMEASURE1:f01632f2070c8c97ff3c230d	true	2	PV13:00e016cdd7c77611d1a54db6;PV13:64d4d476a0962cc19127df43	PEPlife2	"[[""-0.124938736608"",""~"",""""],[""0.301029995664"",""~"",""""]]"	replicate_variability_or_condition_conflict_review
MLMEASURE1:f133078bb2e2a3379e0fe0e0	true	2	PV13:20ec53abd61804186ebca357;PV13:4f111b07b279e4ceafc4cdf7	swemacrocycledb_figshare_v1_ar_gt_0_3	"[[""-5.593"",""="",""""],[""-5.947"",""="",""""]]"	replicate_variability_or_condition_conflict_review
MLMEASURE1:f1e2ecc649131c939eee4fc6	true	2	PV13:99b94569128ff5448b0a7f3c;PV13:d8c600846c09b53f77621406	PEPlife2	"[[""-0.71745341003"",""="",""""],[""-0.750801642609"",""="",""""]]"	replicate_variability_or_condition_conflict_review
MLMEASURE1:f20e408370158bbe4dc984d4	true	3	PV13:3676c73b90602e45034ae96d;PV13:86c9ecc62259da2d595c6c39;PV13:b9c31d000ddb91fac7302e6e	PEPlife2	"[[""1.94596070358"",""="",""""],[""2.357934847"",""="",""""],[""2.40483371662"",""="",""""]]"	replicate_variability_or_condition_conflict_review
MLMEASURE1:f246b346a603ba53996fdaf6	true	2	PV13:0a470e06c1c50d5e4a087633;PV13:96ab5bf2cd264eebf6a84456	swemacrocycledb_figshare_v1_ar_gt_0_3	"[[""-6.222"",""="",""""],[""-6.745"",""="",""""]]"	replicate_variability_or_condition_conflict_review
MLMEASURE1:f264b6afe520015b64e983a5	false	2	PV13:1eeea800c3b5772bdf70fd86;PV13:e6f98e939f8188d2ebaf03cb	swemacrocycledb_figshare_v1_ar_gt_0_3	"[[""-5.076"",""="",""""],[""-6.721"",""="",""""]]"	replicate_variability_or_condition_conflict_review
MLMEASURE1:f2d035ff0d5277238356edaa	true	2	PV13:979f18cc407548a6a0faf36e;PV13:a319a82607a0e526057380e3	PEPlife2	"[[""-0.775553269664"",""="",""""],[""-1.12205304837"",""="",""""]]"	replicate_variability_or_condition_conflict_review
MLMEASURE1:f3b7aba223c1a04b39215c5f	true	2	PV13:912714fd680f48d053ed9b3c;PV13:e5c4e2e6e5ee2c9385e351f3	PEPlife2	"[[""1.93530569029"",""="",""""],[""2.12684544065"",""="",""""]]"	replicate_variability_or_condition_conflict_review
MLMEASURE1:f3d3657b8d6b064af9add36f	true	3	PV13:5653a0839e104cb1436ba291;PV13:7db5a503bc45d89bf99e5c8c;PV13:f86a0e770b4cb7937cfc7038	NIST ThermoML	"[[""-1.91009488856"",""="",""""],[""-2.0043648054"",""="",""""],[""-2.15490195999"",""="",""""]]"	replicate_variability_or_condition_conflict_review
MLMEASURE1:f3e33c0095d0c9722e4860af	true	2	PV13:8dfd3222d06e70abf1900fc1;PV13:a398e429b13713b8f2e84cbb	swemacrocycledb_figshare_v1_ar_gt_0_3	"[[""-6.553"",""="",""""],[""-7.155"",""="",""""]]"	replicate_variability_or_condition_conflict_review
MLMEASURE1:f46ab2f2e451c93cb3ed7446	true	5	PV13:24bb482e3405725875e647f8;PV13:752cc55214cba9b3a39bb83d;PV13:801e62fce7e8fd336b703549;PV13:844c831deccdf04a099f0e51;PV13:d018bdc3dd04c83d73095551	PEPlife2	"[[""0.0851716097368"",""="",""""],[""0.113943352307"",""="",""""],[""0.845098040014"",""="",""""],[""0.94448267215"",""="",""""],[""0.9731278536"",""="",""""]]"	replicate_variability_or_condition_conflict_review
MLMEASURE1:f4d0384ea76d0d397d27b64f	true	9	PV13:05fd9e5ead42ce5c67be1e24;PV13:1d22637bf653293864633606;PV13:23500c4afe3a8c2b0d5ab2c2;PV13:348bc78511b54542bc56e1fd;PV13:58bb22f57bb27142c13a9c35;PV13:a3762eb80190a10b3863cca4;PV13:adfda10f4ca30bbe6908a44f;PV13:e1274c8376c1dcb0f11e1282;PV13:f067f4c34ea5652ebf2ab415	PEPlife2	"[[""-0.187086643357"",""="",""""],[""-0.301029995664"",""="",""""],[""-0.397940008672"",""="",""""],[""-0.466397389328"",""="",""""],[""-0.47712125472"",""="",""""],[""-0.499397649431"",""="",""""],[""-0.547702329005"",""="",""""],[""-0.677780705266"",""="",""""],[""0.361727836018"",""="",""""]]"	replicate_variability_or_condition_conflict_review
MLMEASURE1:f5116135cc883aade4122283	true	2	PV13:4862db4e3caa791fa732ea40;PV13:e61aaf9a2ff49af2ec08e8d4	PEPlife2	"[[""0.42160392687"",""="",""""],[""1.91291255118"",""="",""""]]"	replicate_variability_or_condition_conflict_review
MLMEASURE1:f600bb2f16302e0381e283dc	true	2	PV13:7457ee4d08b79d6f0f2c5f19;PV13:a190d86d1d600a63823fce37	PEPlife2	"[[""0"",""="",""""],[""0.176091259056"",""="",""""]]"	replicate_variability_or_condition_conflict_review
MLMEASURE1:f609d754f86887dd840563f1	true	3	PV13:60cbc340bd3911f876bbcff8;PV13:b461517dac12774700244a55;PV13:ee3283fe4d3796e4e541e555	PEPlife2	"[[""1.79657433321"",""="",""""],[""1.98766626493"",""="",""""],[""2.08062648692"",""="",""""]]"	replicate_variability_or_condition_conflict_review
MLMEASURE1:f6ab03c3211789d145f6d4e8	true	2	PV13:b6febd741b8f3448e5dad5bf;PV13:f92bbcde13fc88c55edab471	CycPeptMPDB	"[[""-4.88"",""="",""""],[""-4.97"",""="",""""]]"	replicate_variability_or_condition_conflict_review
MLMEASURE1:f6b39dff02446df9e7eb5aa9	true	2	PV13:2c2ba8995a121c3b6720b3c6;PV13:61dbe24af4e6f036389898fa	swemacrocycledb_figshare_v1_ar_gt_0_3	"[[""-5.378"",""="",""""],[""-6.252"",""="",""""]]"	replicate_variability_or_condition_conflict_review
MLMEASURE1:f6f70d5e0cf45cfdb206eef9	true	2	PV13:36b768385a6ab5d85305aeda;PV13:bdeecaa70c348ee99f6cba40	swemacrocycledb_figshare_v1_ar_gt_0_3	"[[""-5.524"",""="",""""],[""-6.201"",""="",""""]]"	replicate_variability_or_condition_conflict_review
MLMEASURE1:f73570135e50a63b0fe0e178	true	6	PV13:250a49c717f46499ba968a01;PV13:35567ad14235d7100c9602e5;PV13:6ad5d34f038232fb8150eaa1;PV13:7a0e9316d8969e2b66365b22;PV13:c6de50cd96f2651f1c831e01;PV13:f20d79ca6932a336694bf507	PEPlife2	"[[""-0.301029995664"",""="",""""],[""0.243038048686"",""="",""""],[""0.54406804435"",""="",""""],[""0.740362689494"",""="",""""],[""1.06069784035"",""="",""""],[""1.2552725051"",""="",""""]]"	replicate_variability_or_condition_conflict_review
MLMEASURE1:f770403ee1ea400cdd757ea9	true	2	PV14:00e799e7bdedcc1e2cf645f2;PV14:700cb3bfe0edc70cfab25685	primary_pk_literature_v14	"[[""0.204"",""="",""""],[""0.208"",""="",""""]]"	replicate_variability_or_condition_conflict_review
MLMEASURE1:f7d0eb3274f49214f06020f4	true	2	PV13:59ff4074e44d64aa78fccc2c;PV13:dd120dfa82915f33697fe318	PEPlife2	"[[""0.0737183503461"",""="",""""],[""0.606453024954"",""="",""""]]"	replicate_variability_or_condition_conflict_review
MLMEASURE1:f82e683ea3d33073b1d3e53a	true	2	PV13:46791a870b5b11ec3961fbb4;PV13:5af538c549eb77bfca459cde	CycPeptMPDB	"[[""-5.895295211"",""="",""""],[""-5.962810496"",""="",""""]]"	replicate_variability_or_condition_conflict_review
MLMEASURE1:f853c7e521e083deb4d949db	true	8	PV13:0de39e35fe1ab2da31a01728;PV13:23345f9aecacd180eef44258;PV13:443bcd9cd5b81fd42074dab2;PV13:4edf1e28cdced2ece2e146cc;PV13:6a4ff5be1d135417cfe2eb76;PV13:8d4bc78a72e028eec6b71e21;PV13:c1c5cfd434eacea8bd79ecc6;PV13:f89f8a1d4e8c18d62736a66d	PEPlife2	"[[""0.0791812460476"",""="",""""],[""0.230448921378"",""="",""""],[""0.50514997832"",""="",""""],[""0.54406804435"",""="",""""],[""0.838849090737"",""="",""""],[""1"",""="",""""],[""1.2552725051"",""="",""""],[""1.98227123304"","">"",""""]]"	replicate_variability_or_condition_conflict_review
MLMEASURE1:f8ba245056b7b56d1ec2d6d2	true	2	PV13:26763a1bab509653185ec2d1;PV13:b208d9005e0dcc340a90605e	PEPlife2	"[[""2.36361197989"",""="",""""],[""2.40654018043"",""="",""""]]"	replicate_variability_or_condition_conflict_review
MLMEASURE1:f8c9c83124156891566d06e7	true	2	PV14:23dbdbd4039bd87087910841;PV14:e8b653ad7c78d49efcdbf307	primary_pk_literature_v14	"[[""0.323"",""="",""""],[""0.366"",""="",""""]]"	replicate_variability_or_condition_conflict_review
MLMEASURE1:f8fd8746db8789a6563cd33a	true	2	PV13:84d54c087f142be6042e0e79;PV13:b015a60d719503a0f34c1301	PEPlife2	"[[""1.84509804001"",""="",""""],[""2.17609125906"",""="",""""]]"	replicate_variability_or_condition_conflict_review
MLMEASURE1:f92e13d3300149294cb3bf12	true	2	PV13:596d6e75c58de5cd7f6a1562;PV13:e1f74c541095850410db69ea	CycPeptMPDB	"[[""-5.04"",""="",""""],[""-5.05"",""="",""""]]"	replicate_variability_or_condition_conflict_review
MLMEASURE1:f94125d75fc709c278dcf7d5	true	5	PV13:03fce6f332fc13db037038c3;PV13:7b2266ebaabf8b66ff234fdd;PV13:8d9c8483b22b7a7f2f64c027;PV13:96df7831904653d13dda79b8;PV13:a9d7bcb85e6d1565ca22e2d4	PEPlife2	"[[""-0.2831622767"",""="",""""],[""-0.314258261398"",""="",""""],[""-0.40671393298"",""="",""""],[""-0.486782399932"",""="",""""],[""-0.61618463402"",""="",""""]]"	replicate_variability_or_condition_conflict_review
MLMEASURE1:f94f46524c6358ec9ab15e65	true	2	PV13:63d9439f66b59b169fbf1dda;PV13:69a4787923a232f8739f324e	PMC12990038 primary article tables	"[[""0.272"",""="",""""],[""0.349"",""="",""""]]"	replicate_variability_or_condition_conflict_review
MLMEASURE1:f9518c400e3e034266736c30	true	3	PV13:23f2d9607f15d19d3daa0638;PV13:75460e782fd7f9488e076a57;PV13:7ca579c1c9e206e785d7f8f3	PEPlife2	"[[""-0.84365279914"",""="",""""],[""0.317715203095"",""="",""""],[""0.462896900288"",""="",""""]]"	replicate_variability_or_condition_conflict_review
MLMEASURE1:f9608a0249617579087b53b6	true	3	PV13:0ce8825841b46e3786e39dfb;PV13:5e06d7c49bd5de40be07dbb4;PV13:759220108678b4a7abbd9bdc	PEPlife2	"[[""0.322219294734"",""="",""""],[""0.47712125472"",""="",""""],[""0.518513939878"",""="",""""]]"	replicate_variability_or_condition_conflict_review
MLMEASURE1:f9788242e249f53b12591fcb	true	2	PV13:597803714a3ba7b0a4090dd0;PV13:fc857524b2f8b5a465190808	CycPeptMPDB	"[[""-6.67"",""="",""""],[""-7.41"",""="",""""]]"	replicate_variability_or_condition_conflict_review
MLMEASURE1:fa44fecd6f995c495e59a516	true	2	PV13:62f23b6640ab57453789192f;PV13:aafdb404e429d00f1c440a35	swemacrocycledb_figshare_v1_ar_gt_0_3	"[[""-4.094"",""="",""""],[""-5.097"",""="",""""]]"	replicate_variability_or_condition_conflict_review
MLMEASURE1:fa46bb625618bf800557b486	true	4	PV13:0c9d7282789e6ffcec5a2915;PV13:60b1c1b51c6564bab6f1946c;PV13:87e890404b7f25a16d09ccbd;PV13:a673e109bd336de45cb3b510	PEPlife2	"[[""-0.176091259056"",""="",""""],[""1.07918124605"",""="",""""],[""1.30102999566"",""="",""""],[""1.38021124171"",""="",""""]]"	replicate_variability_or_condition_conflict_review
MLMEASURE1:faf8ebfc1c5edde9ac8c91c3	true	2	PV13:69bf65a3890038724d9bb470;PV13:df3a14d628597aed706259c0	PEPlife2	"[[""1.07224989761"",""="",""""],[""1.08635983067"",""="",""""]]"	replicate_variability_or_condition_conflict_review
MLMEASURE1:fb2708a1d3fa90e2affa3fc8	true	3	PV13:0b4a7c5a829f78a89bd63726;PV13:64a51975d9dc9d2bbf0417f9;PV13:edd48abda14e04a136906f09	PEPlife2	"[[""-0.47712125472"",""="",""""],[""-0.654299609417"",""="",""""],[""-0.986460601364"",""="",""""]]"	replicate_variability_or_condition_conflict_review
MLMEASURE1:fb8a7b684efffafd2c5067de	true	2	PV13:5a3c2e7cad1f19baf8c8a4b5;PV13:8b2bda34dbd96340c667a097	swemacrocycledb_figshare_v1_ar_gt_0_3	"[[""-7.301"",""="",""""],[""-7.398"",""="",""""]]"	replicate_variability_or_condition_conflict_review
MLMEASURE1:fbaf786e1eeb1e8f0220f949	true	2	PV13:360410212011b35b64c596e1;PV13:4ba92160978c11392c185480	PEPlife2	"[[""-1.17284620424"",""="",""""],[""-1.81593981127"",""="",""""]]"	replicate_variability_or_condition_conflict_review
MLMEASURE1:fc4e665f3cf0b91150a5e5c2	true	4	PV13:64a1b70a24a8b4074de8e7b4;PV13:8d6e2fc58ef464b84ec4f2e9;PV13:a15d66dd27646e8656d8e5f7;PV13:d1cc41ae10d9384ce55ea9fb	PEPlife2	"[[""-0.263603497723"",""="",""""],[""-0.315753252485"",""="",""""],[""-1.17609125906"",""="",""""],[""-1.60205999133"",""="",""""]]"	replicate_variability_or_condition_conflict_review
MLMEASURE1:fcf9f3da1af5001053fdcf74	true	3	PV13:38746093c27efda296669a2f;PV13:618c41a9deb481adf626f267;PV13:dbf3750e7b15775f714f9df5	PEPlife2	"[[""-0.897337658103"",""="",""""],[""-0.914828390263"",""="",""""],[""-1.1446827948"",""="",""""]]"	replicate_variability_or_condition_conflict_review
MLMEASURE1:fd5476b576427f6901840313	true	2	PV13:55590782c86419abe1edfc7a;PV13:f086cb96011d8ef168a2c53a	acs_jmedchem_5c00544	"[[""-0.52287874528"",""="",""""],[""-0.698970004336"",""="",""""]]"	replicate_variability_or_condition_conflict_review
MLMEASURE1:fd82c0a2d836e73ba50c8eb1	true	2	PV13:1d85fcb119bfd2a6436bcf56;PV13:a14c69e212e121c534a70802	CycPeptMPDB	"[[""-5.675508811"",""="",""""],[""-6.387615055"",""="",""""]]"	replicate_variability_or_condition_conflict_review
MLMEASURE1:fdaea46e7551733597f6c919	true	4	PV13:4628c742164fdc055ed9db05;PV13:57c5061d8d4512490bbf9951;PV13:7306bfa5d297edaf51c90b20;PV13:f8f0a91233f99a9d601af3d5	PEPlife2	"[[""-0.886056647693"",""="",""""],[""-1.02610280256"",""="",""""],[""-1.09691001301"",""="",""""],[""-1.1446827948"",""="",""""]]"	replicate_variability_or_condition_conflict_review
MLMEASURE1:fde145aac1cc3e6a17b86102	true	2	PV13:1c144bfad5e6e8dba9cc0f06;PV13:a4dc157c2bd54ec18fde3be5	CycPeptMPDB	"[[""-5.18"",""="",""""],[""-5.5"",""="",""""]]"	replicate_variability_or_condition_conflict_review
MLMEASURE1:fe2ef84632b0e1dd801c9aa7	true	4	PV13:1a87f0af94c529dca48892bc;PV13:44cdbdf318a45305e4423e86;PV13:cd5ffe17e6b6759cd9bf1e94;PV13:eca0c470ab4a98085140fad3	swemacrocycledb_figshare_v1_ar_gt_0_3	"[[""-5.462180905"",""="",""""],[""-5.962573502"",""="",""""],[""-6.045757491"",""="",""""],[""-6.229147988"",""="",""""]]"	replicate_variability_or_condition_conflict_review
MLMEASURE1:fee937908bbafabb8100d2a6	true	2	PV13:37af7880dcb2c9d586c37137;PV13:70c6caba69edc216feb86c3f	PEPlife2	"[[""0.301029995664"",""="",""""],[""0.305351369447"",""="",""""]]"	replicate_variability_or_condition_conflict_review
MLMEASURE1:fef8184ab5a87e63e16e2d9a	true	2	PV13:4f55a89e53adf048aacc7ddf;PV13:dfcc35c8044172c61e24e138	PEPlife2	"[[""-0.528952892993"",""="",""""],[""-0.606132440959"",""="",""""]]"	replicate_variability_or_condition_conflict_review
MLMEASURE1:ff655334eb9753c560dd25c2	true	2	PV13:d3eb0ac5c5fb9c20117807c0;PV13:f958b0dea7545f0f54d4884b	PEPlife2	"[[""-0.654299609417"",""="",""""],[""-1.54770232901"",""="",""""]]"	replicate_variability_or_condition_conflict_review
MLMEASURE1:ffa8976d0e33fa72a67347ec	true	2	PV13:48881af6cc81d10c08318be7;PV13:fd49bf8860de4056b99f9de8	swemacrocycledb_figshare_v1_ar_gt_0_3	"[[""0.361727836018"",""="",""""],[""1.07918124605"",""="",""""]]"	replicate_variability_or_condition_conflict_review
MLMEASURE1:ffc6a95931a09cbf1d903dee	true	5	PV13:1929537e70f0118f32966080;PV13:1ef644977da20771caa211fd;PV13:95a15f803f3e210db71eccc7;PV13:cc7f2901b4c5908018ea050c;PV13:d60facc0d7b4ac066d675987	PEPlife2	"[[""-0.308329234405"",""="",""""],[""-0.330993219041"",""="",""""],[""-0.346787486225"",""="",""""],[""-0.574031267728"",""="",""""],[""0.0142404391146"",""="",""""]]"	replicate_variability_or_condition_conflict_review
