normalized_observation_key	representative_record_id	member_count	member_record_ids	source_ids	raw_values_json	member_lineage_json	scope
MLOBS1:0048e18846e8ed7b4d17422b	PV13:6cd6de824975ce89ef5658ae	2	PV13:6cd6de824975ce89ef5658ae;PV13:ca7f0a43857cd381a9590085	PEPlife2	"[[""12.1"",""="",""minute"",""""]]"	"[{""context_json"":""{\""curation_status\"":\""\"",\""in_vivo_in_vitro\"":\""in vitro\"",\""input_record_id\"":\""PEPML000010130\"",\""normalized_lower\"":\""\"",\""normalized_unit\"":\""h\"",\""normalized_upper\"":\""\"",\""normalized_value\"":\""0.201666666667\"",\""row_role\"":\""curated_source_observation\"",\""source_raw_text\"":\""12.1 \\u00b10.1 minute\"",\""tissue\"":\""\"",\""value_lower\"":\""\"",\""value_origin\"":\""curated_source_observation\"",\""value_upper\"":\""\""}"",""doi_pmid"":""PMID:12444298"",""evidence_tier"":""public_database_curated_experimental_numeric"",""input_dataset"":""governed_numeric_v12"",""license"":""redistribution_license_not_identified"",""quality_flags"":"""",""record_id"":""PV13:6cd6de824975ce89ef5658ae"",""review_reasons"":"""",""source_group_ids"":[""PMID:12444298""],""source_id"":""PEPlife2"",""source_record_id"":""2254"",""source_url"":""https://pubmed.ncbi.nlm.nih.gov/12444298/"",""upstream_observation_key"":""observation:f4a0f2f503b2de8c24015c79ad6b6ba9afb98535c8e3d41e4102bd818a5e367a""},{""context_json"":""{\""curation_status\"":\""\"",\""in_vivo_in_vitro\"":\""in vitro\"",\""input_record_id\"":\""PEPML000010125\"",\""normalized_lower\"":\""\"",\""normalized_unit\"":\""h\"",\""normalized_upper\"":\""\"",\""normalized_value\"":\""0.201666666667\"",\""row_role\"":\""curated_source_observation\"",\""source_raw_text\"":\""12.1 \\u00b10.2 minute\"",\""tissue\"":\""\"",\""value_lower\"":\""\"",\""value_origin\"":\""curated_source_observation\"",\""value_upper\"":\""\""}"",""doi_pmid"":""PMID:12444298"",""evidence_tier"":""public_database_curated_experimental_numeric"",""input_dataset"":""governed_numeric_v12"",""license"":""redistribution_license_not_identified"",""quality_flags"":"""",""record_id"":""PV13:ca7f0a43857cd381a9590085"",""review_reasons"":"""",""source_group_ids"":[""PMID:12444298""],""source_id"":""PEPlife2"",""source_record_id"":""2249"",""source_url"":""https://pubmed.ncbi.nlm.nih.gov/12444298/"",""upstream_observation_key"":""observation:cc3de8ba0da39a52cb47b35beb54b5af7338cd11b2a5b475de010c61fe7c5fc6""}]"	unit_and_task_normalized_exact_observation_duplicate
MLOBS1:08c3a391e82f7f53722101bd	PV13:38447ceaef9588b418ca2f17	2	PV13:38447ceaef9588b418ca2f17;PV13:f168dbd2940fe404cdcef6a8	CycPeptMPDB	"[[""-5.74"",""="",""source_log10_permeability"",""""]]"	"[{""context_json"":""{\""curation_status\"":\""\"",\""in_vivo_in_vitro\"":\""\"",\""input_record_id\"":\""PEPML000002254\"",\""normalized_lower\"":\""\"",\""normalized_unit\"":\""\"",\""normalized_upper\"":\""\"",\""normalized_value\"":\""\"",\""row_role\"":\""curated_source_observation\"",\""source_raw_text\"":\""value=-5.74; source=2018_CHUGAI; version=1.0; detection_note=; recovery=\"",\""tissue\"":\""\"",\""value_lower\"":\""\"",\""value_origin\"":\""curated_source_observation\"",\""value_upper\"":\""\""}"",""doi_pmid"":"""",""evidence_tier"":""public_database_curated_experimental"",""input_dataset"":""governed_numeric_v12"",""license"":""redistribution_license_not_identified"",""quality_flags"":""assay_specific_value;unit_requires_source_protocol_check"",""record_id"":""PV13:38447ceaef9588b418ca2f17"",""review_reasons"":"""",""source_group_ids"":[""SOURCE:cycpeptmpdb""],""source_id"":""CycPeptMPDB"",""source_record_id"":""2118"",""source_url"":""http://cycpeptmpdb.com/"",""upstream_observation_key"":""observation:615c93ff4bcd1eb19a9fe49485eae4706ab75a6f72563bd10f89bbca733078fd""},{""context_json"":""{\""curation_status\"":\""\"",\""in_vivo_in_vitro\"":\""\"",\""input_record_id\"":\""PEPML000002147\"",\""normalized_lower\"":\""\"",\""normalized_unit\"":\""\"",\""normalized_upper\"":\""\"",\""normalized_value\"":\""\"",\""row_role\"":\""curated_source_observation\"",\""source_raw_text\"":\""value=-5.74; source=2018_CHUGAI; version=1.0; detection_note=; recovery=\"",\""tissue\"":\""\"",\""value_lower\"":\""\"",\""value_origin\"":\""curated_source_observation\"",\""value_upper\"":\""\""}"",""doi_pmid"":"""",""evidence_tier"":""public_database_curated_experimental"",""input_dataset"":""governed_numeric_v12"",""license"":""redistribution_license_not_identified"",""quality_flags"":""assay_specific_value;unit_requires_source_protocol_check"",""record_id"":""PV13:f168dbd2940fe404cdcef6a8"",""review_reasons"":"""",""source_group_ids"":[""SOURCE:cycpeptmpdb""],""source_id"":""CycPeptMPDB"",""source_record_id"":""2011"",""source_url"":""http://cycpeptmpdb.com/"",""upstream_observation_key"":""observation:c95898f4e43fd5da9e4801b1e32566bad8e29e457bd4557d7645d4bc3530981c""}]"	unit_and_task_normalized_exact_observation_duplicate
MLOBS1:0a64bd27ceff6ba70331e672	PV13:2fb6cdc0ad47ab2d28fd0fb5	3	PV13:2fb6cdc0ad47ab2d28fd0fb5;PV13:93ff95c3a90d237d54b81681;PV13:f1f529dc16c371329fcfa5de	PEPlife2	"[[""11.9"",""="",""minute"",""""]]"	"[{""context_json"":""{\""curation_status\"":\""\"",\""in_vivo_in_vitro\"":\""in vitro\"",\""input_record_id\"":\""PEPML000010126\"",\""normalized_lower\"":\""\"",\""normalized_unit\"":\""h\"",\""normalized_upper\"":\""\"",\""normalized_value\"":\""0.198333333333\"",\""row_role\"":\""curated_source_observation\"",\""source_raw_text\"":\""11.9 \\u00b10.2 minute\"",\""tissue\"":\""\"",\""value_lower\"":\""\"",\""value_origin\"":\""curated_source_observation\"",\""value_upper\"":\""\""}"",""doi_pmid"":""PMID:12444298"",""evidence_tier"":""public_database_curated_experimental_numeric"",""input_dataset"":""governed_numeric_v12"",""license"":""redistribution_license_not_identified"",""quality_flags"":"""",""record_id"":""PV13:2fb6cdc0ad47ab2d28fd0fb5"",""review_reasons"":"""",""source_group_ids"":[""PMID:12444298""],""source_id"":""PEPlife2"",""source_record_id"":""2250"",""source_url"":""https://pubmed.ncbi.nlm.nih.gov/12444298/"",""upstream_observation_key"":""observation:2c71623d87531eab769a792f1cb522c055f77f35d738bcabb99b2ba6b7352a0b""},{""context_json"":""{\""curation_status\"":\""\"",\""in_vivo_in_vitro\"":\""in vitro\"",\""input_record_id\"":\""PEPML000010131\"",\""normalized_lower\"":\""\"",\""normalized_unit\"":\""h\"",\""normalized_upper\"":\""\"",\""normalized_value\"":\""0.198333333333\"",\""row_role\"":\""curated_source_observation\"",\""source_raw_text\"":\""11.9 \\u00b10.3 minute\"",\""tissue\"":\""\"",\""value_lower\"":\""\"",\""value_origin\"":\""curated_source_observation\"",\""value_upper\"":\""\""}"",""doi_pmid"":""PMID:12444298"",""evidence_tier"":""public_database_curated_experimental_numeric"",""input_dataset"":""governed_numeric_v12"",""license"":""redistribution_license_not_identified"",""quality_flags"":"""",""record_id"":""PV13:93ff95c3a90d237d54b81681"",""review_reasons"":"""",""source_group_ids"":[""PMID:12444298""],""source_id"":""PEPlife2"",""source_record_id"":""2255"",""source_url"":""https://pubmed.ncbi.nlm.nih.gov/12444298/"",""upstream_observation_key"":""observation:5a3752ba1d29d767cff2540fc3dd6f79d787cb6c936143f086d0c5c1c85120c8""},{""context_json"":""{\""curation_status\"":\""\"",\""in_vivo_in_vitro\"":\""in vitro\"",\""input_record_id\"":\""PEPML000010132\"",\""normalized_lower\"":\""\"",\""normalized_unit\"":\""h\"",\""normalized_upper\"":\""\"",\""normalized_value\"":\""0.198333333333\"",\""row_role\"":\""curated_source_observation\"",\""source_raw_text\"":\""11.9 \\u00b10.4 minute\"",\""tissue\"":\""\"",\""value_lower\"":\""\"",\""value_origin\"":\""curated_source_observation\"",\""value_upper\"":\""\""}"",""doi_pmid"":""PMID:12444298"",""evidence_tier"":""public_database_curated_experimental_numeric"",""input_dataset"":""governed_numeric_v12"",""license"":""redistribution_license_not_identified"",""quality_flags"":"""",""record_id"":""PV13:f1f529dc16c371329fcfa5de"",""review_reasons"":"""",""source_group_ids"":[""PMID:12444298""],""source_id"":""PEPlife2"",""source_record_id"":""2256"",""source_url"":""https://pubmed.ncbi.nlm.nih.gov/12444298/"",""upstream_observation_key"":""observation:178b68a12cdba183699a1720fc62c2b82c93dabb11c7344a52202b146eb96c20""}]"	unit_and_task_normalized_exact_observation_duplicate
MLOBS1:0b0075f42cbe3e50488726e5	PV13:9e1f4b9d18d5e669a97a2dfd	2	PV13:9e1f4b9d18d5e669a97a2dfd;PV13:e39eefab41643675483dc3f3	PEPlife2	"[[""32.4"",""="",""minutes"",""""]]"	"[{""context_json"":""{\""curation_status\"":\""\"",\""in_vivo_in_vitro\"":\""in vivo\"",\""input_record_id\"":\""PEPML000010781\"",\""normalized_lower\"":\""\"",\""normalized_unit\"":\""h\"",\""normalized_upper\"":\""\"",\""normalized_value\"":\""0.54\"",\""row_role\"":\""curated_source_observation\"",\""source_raw_text\"":\""32.4 \\u00b15(long half life) minutes\"",\""tissue\"":\""\"",\""value_lower\"":\""\"",\""value_origin\"":\""curated_source_observation\"",\""value_upper\"":\""\""}"",""doi_pmid"":""PMID:1551497"",""evidence_tier"":""public_database_curated_experimental_numeric"",""input_dataset"":""governed_numeric_v12"",""license"":""redistribution_license_not_identified"",""quality_flags"":"""",""record_id"":""PV13:9e1f4b9d18d5e669a97a2dfd"",""review_reasons"":"""",""source_group_ids"":[""PMID:1551497""],""source_id"":""PEPlife2"",""source_record_id"":""2913"",""source_url"":""https://pubmed.ncbi.nlm.nih.gov/1551497/"",""upstream_observation_key"":""observation:cd51f332ffa1f2af9cca59ef3b0a69a41b13ae2963866b1541c1b3747d5172d9""},{""context_json"":""{\""curation_status\"":\""\"",\""in_vivo_in_vitro\"":\""in vivo\"",\""input_record_id\"":\""PEPML000010779\"",\""normalized_lower\"":\""\"",\""normalized_unit\"":\""h\"",\""normalized_upper\"":\""\"",\""normalized_value\"":\""0.54\"",\""row_role\"":\""curated_source_observation\"",\""source_raw_text\"":\""32.4 \\u00b15(long half life) minutes\"",\""tissue\"":\""\"",\""value_lower\"":\""\"",\""value_origin\"":\""curated_source_observation\"",\""value_upper\"":\""\""}"",""doi_pmid"":""PMID:1551497"",""evidence_tier"":""public_database_curated_experimental_numeric"",""input_dataset"":""governed_numeric_v12"",""license"":""redistribution_license_not_identified"",""quality_flags"":"""",""record_id"":""PV13:e39eefab41643675483dc3f3"",""review_reasons"":"""",""source_group_ids"":[""PMID:1551497""],""source_id"":""PEPlife2"",""source_record_id"":""2911"",""source_url"":""https://pubmed.ncbi.nlm.nih.gov/1551497/"",""upstream_observation_key"":""observation:76702255886f0831715e1738d0e78c83f0bf32a88a3c9fef88e7d7f0d8c535b6""}]"	unit_and_task_normalized_exact_observation_duplicate
MLOBS1:128f2c4f1f42d54236768960	PV13:baf864d38178adc569fb04c4	2	PV13:baf864d38178adc569fb04c4;PV13:ce4c215046a59b0c97c64cda	CycPeptMPDB	"[[""-5.7"",""="",""source_log10_permeability"",""""]]"	"[{""context_json"":""{\""curation_status\"":\""\"",\""in_vivo_in_vitro\"":\""\"",\""input_record_id\"":\""PEPML000002358\"",\""normalized_lower\"":\""\"",\""normalized_unit\"":\""\"",\""normalized_upper\"":\""\"",\""normalized_value\"":\""\"",\""row_role\"":\""curated_source_observation\"",\""source_raw_text\"":\""value=-5.7; source=2018_CHUGAI; version=1.0; detection_note=; recovery=\"",\""tissue\"":\""\"",\""value_lower\"":\""\"",\""value_origin\"":\""curated_source_observation\"",\""value_upper\"":\""\""}"",""doi_pmid"":"""",""evidence_tier"":""public_database_curated_experimental"",""input_dataset"":""governed_numeric_v12"",""license"":""redistribution_license_not_identified"",""quality_flags"":""assay_specific_value;unit_requires_source_protocol_check"",""record_id"":""PV13:baf864d38178adc569fb04c4"",""review_reasons"":"""",""source_group_ids"":[""SOURCE:cycpeptmpdb""],""source_id"":""CycPeptMPDB"",""source_record_id"":""2222"",""source_url"":""http://cycpeptmpdb.com/"",""upstream_observation_key"":""observation:9ac4df7a874974bdb752859db6f71c1c7b9e414b55db15b75b573e367ba17552""},{""context_json"":""{\""curation_status\"":\""\"",\""in_vivo_in_vitro\"":\""\"",\""input_record_id\"":\""PEPML000008292\"",\""normalized_lower\"":\""\"",\""normalized_unit\"":\""\"",\""normalized_upper\"":\""\"",\""normalized_value\"":\""\"",\""row_role\"":\""curated_source_observation\"",\""source_raw_text\"":\""value=-5.7; source=2023_Ohta; version=1.2; detection_note=; recovery=\"",\""tissue\"":\""\"",\""value_lower\"":\""\"",\""value_origin\"":\""curated_source_observation\"",\""value_upper\"":\""\""}"",""doi_pmid"":"""",""evidence_tier"":""public_database_curated_experimental"",""input_dataset"":""governed_numeric_v12"",""license"":""redistribution_license_not_identified"",""quality_flags"":""assay_specific_value;unit_requires_source_protocol_check"",""record_id"":""PV13:ce4c215046a59b0c97c64cda"",""review_reasons"":"""",""source_group_ids"":[""SOURCE:cycpeptmpdb""],""source_id"":""CycPeptMPDB"",""source_record_id"":""7915"",""source_url"":""http://cycpeptmpdb.com/"",""upstream_observation_key"":""observation:cf944517691d4d77bba9212111b950f42334ee5833d301418b76a1012a97ba70""}]"	unit_and_task_normalized_exact_observation_duplicate
MLOBS1:1abca6bc2c8bc5d73fc81b18	PV13:3a0ea485691d8421f99e4f5e	2	PV13:3a0ea485691d8421f99e4f5e;PV13:6631c2811b9ea5efef97a28d	PEPlife2	"[[""33.6"",""="",""Hours"",""""]]"	"[{""context_json"":""{\""curation_status\"":\""\"",\""in_vivo_in_vitro\"":\""In Vivo\"",\""input_record_id\"":\""PEPML000012725\"",\""normalized_lower\"":\""\"",\""normalized_unit\"":\""h\"",\""normalized_upper\"":\""\"",\""normalized_value\"":\""33.6\"",\""row_role\"":\""curated_source_observation\"",\""source_raw_text\"":\""33.6 (T1/2 Elimination Half life) Hours\"",\""tissue\"":\""\"",\""value_lower\"":\""\"",\""value_origin\"":\""curated_source_observation\"",\""value_upper\"":\""\""}"",""doi_pmid"":""PMID:30023916"",""evidence_tier"":""public_database_curated_experimental_numeric"",""input_dataset"":""governed_numeric_v12"",""license"":""redistribution_license_not_identified"",""quality_flags"":"""",""record_id"":""PV13:3a0ea485691d8421f99e4f5e"",""review_reasons"":"""",""source_group_ids"":[""PMID:30023916""],""source_id"":""PEPlife2"",""source_record_id"":""5687"",""source_url"":""https://pubmed.ncbi.nlm.nih.gov/30023916/"",""upstream_observation_key"":""observation:4a376c4bd3ccea710b59735ff9e46d4e3b4aad3ca679002cc4535dfa00cc01b4""},{""context_json"":""{\""curation_status\"":\""\"",\""in_vivo_in_vitro\"":\""In Vivo\"",\""input_record_id\"":\""PEPML000011886\"",\""normalized_lower\"":\""\"",\""normalized_unit\"":\""h\"",\""normalized_upper\"":\""\"",\""normalized_value\"":\""33.6\"",\""row_role\"":\""curated_source_observation\"",\""source_raw_text\"":\""33.6 (T1/2 Elimination Half Life) Hours\"",\""tissue\"":\""\"",\""value_lower\"":\""\"",\""value_origin\"":\""curated_source_observation\"",\""value_upper\"":\""\""}"",""doi_pmid"":""PMID:35259149"",""evidence_tier"":""public_database_curated_experimental_numeric"",""input_dataset"":""governed_numeric_v12"",""license"":""redistribution_license_not_identified"",""quality_flags"":"""",""record_id"":""PV13:6631c2811b9ea5efef97a28d"",""review_reasons"":"""",""source_group_ids"":[""PMID:35259149""],""source_id"":""PEPlife2"",""source_record_id"":""4817"",""source_url"":""https://pubmed.ncbi.nlm.nih.gov/35259149/"",""upstream_observation_key"":""observation:dbb8c7acd5fef4ebe387eaf23cc5210d925701987bf34b7e192c424b75991965""}]"	unit_and_task_normalized_exact_observation_duplicate
MLOBS1:1d552ddc89ba5d91f6e4f225	PV13:6ee2616b32ba2aea4ef4517f	2	PV13:6ee2616b32ba2aea4ef4517f;PV13:937fbadc1746804b3841609b	CycPeptMPDB	"[[""-5.6"",""="",""source_log10_permeability"",""""]]"	"[{""context_json"":""{\""curation_status\"":\""\"",\""in_vivo_in_vitro\"":\""\"",\""input_record_id\"":\""PEPML000002227\"",\""normalized_lower\"":\""\"",\""normalized_unit\"":\""\"",\""normalized_upper\"":\""\"",\""normalized_value\"":\""\"",\""row_role\"":\""curated_source_observation\"",\""source_raw_text\"":\""value=-5.6; source=2018_CHUGAI; version=1.0; detection_note=; recovery=\"",\""tissue\"":\""\"",\""value_lower\"":\""\"",\""value_origin\"":\""curated_source_observation\"",\""value_upper\"":\""\""}"",""doi_pmid"":"""",""evidence_tier"":""public_database_curated_experimental"",""input_dataset"":""governed_numeric_v12"",""license"":""redistribution_license_not_identified"",""quality_flags"":""assay_specific_value;unit_requires_source_protocol_check"",""record_id"":""PV13:6ee2616b32ba2aea4ef4517f"",""review_reasons"":"""",""source_group_ids"":[""SOURCE:cycpeptmpdb""],""source_id"":""CycPeptMPDB"",""source_record_id"":""2091"",""source_url"":""http://cycpeptmpdb.com/"",""upstream_observation_key"":""observation:976f94cd70294a42457bfc3f3184c579a83c7d697a142975ff604a5cfbff796b""},{""context_json"":""{\""curation_status\"":\""\"",\""in_vivo_in_vitro\"":\""\"",\""input_record_id\"":\""PEPML000008283\"",\""normalized_lower\"":\""\"",\""normalized_unit\"":\""\"",\""normalized_upper\"":\""\"",\""normalized_value\"":\""\"",\""row_role\"":\""curated_source_observation\"",\""source_raw_text\"":\""value=-5.6; source=2023_Ohta; version=1.2; detection_note=; recovery=\"",\""tissue\"":\""\"",\""value_lower\"":\""\"",\""value_origin\"":\""curated_source_observation\"",\""value_upper\"":\""\""}"",""doi_pmid"":"""",""evidence_tier"":""public_database_curated_experimental"",""input_dataset"":""governed_numeric_v12"",""license"":""redistribution_license_not_identified"",""quality_flags"":""assay_specific_value;unit_requires_source_protocol_check"",""record_id"":""PV13:937fbadc1746804b3841609b"",""review_reasons"":"""",""source_group_ids"":[""SOURCE:cycpeptmpdb""],""source_id"":""CycPeptMPDB"",""source_record_id"":""7906"",""source_url"":""http://cycpeptmpdb.com/"",""upstream_observation_key"":""observation:c7ae3bd7fc9bc92951b5c20d967ff066c42b8ebbf9d455dcaa4d67ca48d7de6e""}]"	unit_and_task_normalized_exact_observation_duplicate
MLOBS1:2e7d600b821c9c7af5d13415	PV13:1712c671bc497b19d81a1e19	2	PV13:1712c671bc497b19d81a1e19;PV13:72a3c818b79ed09a30014cfd	PEPlife2	"[[""1.6"",""="",""Hours"",""""]]"	"[{""context_json"":""{\""curation_status\"":\""\"",\""in_vivo_in_vitro\"":\""In Vivo\"",\""input_record_id\"":\""PEPML000012969\"",\""normalized_lower\"":\""\"",\""normalized_unit\"":\""h\"",\""normalized_upper\"":\""\"",\""normalized_value\"":\""1.6\"",\""row_role\"":\""curated_source_observation\"",\""source_raw_text\"":\""1.6 Hours\"",\""tissue\"":\""\"",\""value_lower\"":\""\"",\""value_origin\"":\""curated_source_observation\"",\""value_upper\"":\""\""}"",""doi_pmid"":""PMID:28932995"",""evidence_tier"":""public_database_curated_experimental_numeric"",""input_dataset"":""governed_numeric_v12"",""license"":""redistribution_license_not_identified"",""quality_flags"":"""",""record_id"":""PV13:1712c671bc497b19d81a1e19"",""review_reasons"":"""",""source_group_ids"":[""PMID:28932995""],""source_id"":""PEPlife2"",""source_record_id"":""5932"",""source_url"":""https://pubmed.ncbi.nlm.nih.gov/28932995/"",""upstream_observation_key"":""observation:20896c6d750727614b6c1be289085e819731aeadeccdcf3cddf03b609a07b99b""},{""context_json"":""{\""curation_status\"":\""\"",\""in_vivo_in_vitro\"":\""In Vivo\"",\""input_record_id\"":\""PEPML000012974\"",\""normalized_lower\"":\""\"",\""normalized_unit\"":\""h\"",\""normalized_upper\"":\""\"",\""normalized_value\"":\""1.6\"",\""row_role\"":\""curated_source_observation\"",\""source_raw_text\"":\""1.6 Hours\"",\""tissue\"":\""\"",\""value_lower\"":\""\"",\""value_origin\"":\""curated_source_observation\"",\""value_upper\"":\""\""}"",""doi_pmid"":""PMID:28932995"",""evidence_tier"":""public_database_curated_experimental_numeric"",""input_dataset"":""governed_numeric_v12"",""license"":""redistribution_license_not_identified"",""quality_flags"":"""",""record_id"":""PV13:72a3c818b79ed09a30014cfd"",""review_reasons"":"""",""source_group_ids"":[""PMID:28932995""],""source_id"":""PEPlife2"",""source_record_id"":""5937"",""source_url"":""https://pubmed.ncbi.nlm.nih.gov/28932995/"",""upstream_observation_key"":""observation:c016681469c5a7f6e88e77f907acad5a0853ef195aaa48842c014962b5968017""}]"	unit_and_task_normalized_exact_observation_duplicate
MLOBS1:2f7acaa84fdd715d70b65b97	PV13:5bea463501b76ad4eb93e949	2	PV13:5bea463501b76ad4eb93e949;PV13:fa1be5eb8eadd4649fd3c544	PEPlife2	"[[""18.5"",""="",""Minutes"",""""]]"	"[{""context_json"":""{\""curation_status\"":\""\"",\""in_vivo_in_vitro\"":\""In Vivo\"",\""input_record_id\"":\""PEPML000011471\"",\""normalized_lower\"":\""\"",\""normalized_unit\"":\""h\"",\""normalized_upper\"":\""\"",\""normalized_value\"":\""0.308333333333\"",\""row_role\"":\""curated_source_observation\"",\""source_raw_text\"":\""18.5 Minutes\"",\""tissue\"":\""\"",\""value_lower\"":\""\"",\""value_origin\"":\""curated_source_observation\"",\""value_upper\"":\""\""}"",""doi_pmid"":""PMID:36588717"",""evidence_tier"":""public_database_curated_experimental_numeric"",""input_dataset"":""governed_numeric_v12"",""license"":""redistribution_license_not_identified"",""quality_flags"":"""",""record_id"":""PV13:5bea463501b76ad4eb93e949"",""review_reasons"":"""",""source_group_ids"":[""PMID:36588717""],""source_id"":""PEPlife2"",""source_record_id"":""4396"",""source_url"":""https://pubmed.ncbi.nlm.nih.gov/36588717/"",""upstream_observation_key"":""observation:5ed0c5179afe32ef695bcc9270b3dae8088bb75b9352c01e44af9e395a011556""},{""context_json"":""{\""curation_status\"":\""\"",\""in_vivo_in_vitro\"":\""In Vivo\"",\""input_record_id\"":\""PEPML000011774\"",\""normalized_lower\"":\""\"",\""normalized_unit\"":\""h\"",\""normalized_upper\"":\""\"",\""normalized_value\"":\""0.308333333333\"",\""row_role\"":\""curated_source_observation\"",\""source_raw_text\"":\""18.5 Minutes\"",\""tissue\"":\""\"",\""value_lower\"":\""\"",\""value_origin\"":\""curated_source_observation\"",\""value_upper\"":\""\""}"",""doi_pmid"":""PMID:36588717"",""evidence_tier"":""public_database_curated_experimental_numeric"",""input_dataset"":""governed_numeric_v12"",""license"":""redistribution_license_not_identified"",""quality_flags"":"""",""record_id"":""PV13:fa1be5eb8eadd4649fd3c544"",""review_reasons"":"""",""source_group_ids"":[""PMID:36588717""],""source_id"":""PEPlife2"",""source_record_id"":""4704"",""source_url"":""https://pubmed.ncbi.nlm.nih.gov/36588717/"",""upstream_observation_key"":""observation:67a93a8e829443fe845cb57f6197d74e1744ed39d9d57748578248112eba744a""}]"	unit_and_task_normalized_exact_observation_duplicate
MLOBS1:33c60b9d25271d7f40ae169e	PV13:1149da7c9280b5bbe0e05f07	2	PV13:1149da7c9280b5bbe0e05f07;PV13:452e6d492f059bae9b4b018b	CycPeptMPDB	"[[""-5.49"",""="",""source_log10_permeability"",""""]]"	"[{""context_json"":""{\""curation_status\"":\""\"",\""in_vivo_in_vitro\"":\""\"",\""input_record_id\"":\""PEPML000002127\"",\""normalized_lower\"":\""\"",\""normalized_unit\"":\""\"",\""normalized_upper\"":\""\"",\""normalized_value\"":\""\"",\""row_role\"":\""curated_source_observation\"",\""source_raw_text\"":\""value=-5.49; source=2018_CHUGAI; version=1.0; detection_note=; recovery=\"",\""tissue\"":\""\"",\""value_lower\"":\""\"",\""value_origin\"":\""curated_source_observation\"",\""value_upper\"":\""\""}"",""doi_pmid"":"""",""evidence_tier"":""public_database_curated_experimental"",""input_dataset"":""governed_numeric_v12"",""license"":""redistribution_license_not_identified"",""quality_flags"":""assay_specific_value;unit_requires_source_protocol_check"",""record_id"":""PV13:1149da7c9280b5bbe0e05f07"",""review_reasons"":"""",""source_group_ids"":[""SOURCE:cycpeptmpdb""],""source_id"":""CycPeptMPDB"",""source_record_id"":""1991"",""source_url"":""http://cycpeptmpdb.com/"",""upstream_observation_key"":""observation:88d4c3b0d05b80c787f060c95a78f8f7a85dc77ef62948b84ed9bdde13d9347d""},{""context_json"":""{\""curation_status\"":\""\"",\""in_vivo_in_vitro\"":\""\"",\""input_record_id\"":\""PEPML000008295\"",\""normalized_lower\"":\""\"",\""normalized_unit\"":\""\"",\""normalized_upper\"":\""\"",\""normalized_value\"":\""\"",\""row_role\"":\""curated_source_observation\"",\""source_raw_text\"":\""value=-5.49; source=2023_Ohta; version=1.2; detection_note=; recovery=\"",\""tissue\"":\""\"",\""value_lower\"":\""\"",\""value_origin\"":\""curated_source_observation\"",\""value_upper\"":\""\""}"",""doi_pmid"":"""",""evidence_tier"":""public_database_curated_experimental"",""input_dataset"":""governed_numeric_v12"",""license"":""redistribution_license_not_identified"",""quality_flags"":""assay_specific_value;unit_requires_source_protocol_check"",""record_id"":""PV13:452e6d492f059bae9b4b018b"",""review_reasons"":"""",""source_group_ids"":[""SOURCE:cycpeptmpdb""],""source_id"":""CycPeptMPDB"",""source_record_id"":""7918"",""source_url"":""http://cycpeptmpdb.com/"",""upstream_observation_key"":""observation:b49149cfd2a3c35363c1bea398c4386c9b3f002855935f892333ee2b212591e0""}]"	unit_and_task_normalized_exact_observation_duplicate
MLOBS1:36f8049473194934fa9d67fe	PV13:00fbc15c71976b4d1d651aec	3	PV13:00fbc15c71976b4d1d651aec;PV13:3a85de17efd955bc30dacbc3;PV13:8701f6f6884147e1ac6ea401	CycPeptMPDB	"[[""-5.52"",""="",""source_log10_permeability"",""""]]"	"[{""context_json"":""{\""curation_status\"":\""\"",\""in_vivo_in_vitro\"":\""\"",\""input_record_id\"":\""PEPML000008289\"",\""normalized_lower\"":\""\"",\""normalized_unit\"":\""\"",\""normalized_upper\"":\""\"",\""normalized_value\"":\""\"",\""row_role\"":\""curated_source_observation\"",\""source_raw_text\"":\""value=-5.52; source=2023_Ohta; version=1.2; detection_note=; recovery=\"",\""tissue\"":\""\"",\""value_lower\"":\""\"",\""value_origin\"":\""curated_source_observation\"",\""value_upper\"":\""\""}"",""doi_pmid"":"""",""evidence_tier"":""public_database_curated_experimental"",""input_dataset"":""governed_numeric_v12"",""license"":""redistribution_license_not_identified"",""quality_flags"":""assay_specific_value;unit_requires_source_protocol_check"",""record_id"":""PV13:00fbc15c71976b4d1d651aec"",""review_reasons"":"""",""source_group_ids"":[""SOURCE:cycpeptmpdb""],""source_id"":""CycPeptMPDB"",""source_record_id"":""7912"",""source_url"":""http://cycpeptmpdb.com/"",""upstream_observation_key"":""observation:0f05e3b07c590e5718432a9bf0788cd6e4ee89c5d65ed29740d89821b583c744""},{""context_json"":""{\""curation_status\"":\""\"",\""in_vivo_in_vitro\"":\""\"",\""input_record_id\"":\""PEPML000002278\"",\""normalized_lower\"":\""\"",\""normalized_unit\"":\""\"",\""normalized_upper\"":\""\"",\""normalized_value\"":\""\"",\""row_role\"":\""curated_source_observation\"",\""source_raw_text\"":\""value=-5.52; source=2018_CHUGAI; version=1.0; detection_note=; recovery=\"",\""tissue\"":\""\"",\""value_lower\"":\""\"",\""value_origin\"":\""curated_source_observation\"",\""value_upper\"":\""\""}"",""doi_pmid"":"""",""evidence_tier"":""public_database_curated_experimental"",""input_dataset"":""governed_numeric_v12"",""license"":""redistribution_license_not_identified"",""quality_flags"":""assay_specific_value;unit_requires_source_protocol_check"",""record_id"":""PV13:3a85de17efd955bc30dacbc3"",""review_reasons"":"""",""source_group_ids"":[""SOURCE:cycpeptmpdb""],""source_id"":""CycPeptMPDB"",""source_record_id"":""2142"",""source_url"":""http://cycpeptmpdb.com/"",""upstream_observation_key"":""observation:b0ae4dbac82d46c12318ecd5c4204a8dbd75e35c9af118c150f2571196310f6b""},{""context_json"":""{\""curation_status\"":\""\"",\""in_vivo_in_vitro\"":\""\"",\""input_record_id\"":\""PEPML000002138\"",\""normalized_lower\"":\""\"",\""normalized_unit\"":\""\"",\""normalized_upper\"":\""\"",\""normalized_value\"":\""\"",\""row_role\"":\""curated_source_observation\"",\""source_raw_text\"":\""value=-5.52; source=2018_CHUGAI; version=1.0; detection_note=; recovery=\"",\""tissue\"":\""\"",\""value_lower\"":\""\"",\""value_origin\"":\""curated_source_observation\"",\""value_upper\"":\""\""}"",""doi_pmid"":"""",""evidence_tier"":""public_database_curated_experimental"",""input_dataset"":""governed_numeric_v12"",""license"":""redistribution_license_not_identified"",""quality_flags"":""assay_specific_value;unit_requires_source_protocol_check"",""record_id"":""PV13:8701f6f6884147e1ac6ea401"",""review_reasons"":"""",""source_group_ids"":[""SOURCE:cycpeptmpdb""],""source_id"":""CycPeptMPDB"",""source_record_id"":""2002"",""source_url"":""http://cycpeptmpdb.com/"",""upstream_observation_key"":""observation:de5199ae9c8ac16bda15f1150c351f9124381d2116d4e20c0f4cf1ad371346b3""}]"	unit_and_task_normalized_exact_observation_duplicate
MLOBS1:38f6fb6e26ff4ea5daa206cb	PV13:340a5b098154c378b780d9bf	2	PV13:340a5b098154c378b780d9bf;PV13:8a1825a100f1c99ee3914348	CycPeptMPDB	"[[""-5.74"",""="",""source_log10_permeability"",""""]]"	"[{""context_json"":""{\""curation_status\"":\""\"",\""in_vivo_in_vitro\"":\""\"",\""input_record_id\"":\""PEPML000002275\"",\""normalized_lower\"":\""\"",\""normalized_unit\"":\""\"",\""normalized_upper\"":\""\"",\""normalized_value\"":\""\"",\""row_role\"":\""curated_source_observation\"",\""source_raw_text\"":\""value=-5.74; source=2018_CHUGAI; version=1.0; detection_note=; recovery=\"",\""tissue\"":\""\"",\""value_lower\"":\""\"",\""value_origin\"":\""curated_source_observation\"",\""value_upper\"":\""\""}"",""doi_pmid"":"""",""evidence_tier"":""public_database_curated_experimental"",""input_dataset"":""governed_numeric_v12"",""license"":""redistribution_license_not_identified"",""quality_flags"":""assay_specific_value;unit_requires_source_protocol_check"",""record_id"":""PV13:340a5b098154c378b780d9bf"",""review_reasons"":"""",""source_group_ids"":[""SOURCE:cycpeptmpdb""],""source_id"":""CycPeptMPDB"",""source_record_id"":""2139"",""source_url"":""http://cycpeptmpdb.com/"",""upstream_observation_key"":""observation:fa8843156acc4de73a24206008a3645898b0925be76632a3a8040f233e67463c""},{""context_json"":""{\""curation_status\"":\""\"",\""in_vivo_in_vitro\"":\""\"",\""input_record_id\"":\""PEPML000002150\"",\""normalized_lower\"":\""\"",\""normalized_unit\"":\""\"",\""normalized_upper\"":\""\"",\""normalized_value\"":\""\"",\""row_role\"":\""curated_source_observation\"",\""source_raw_text\"":\""value=-5.74; source=2018_CHUGAI; version=1.0; detection_note=; recovery=\"",\""tissue\"":\""\"",\""value_lower\"":\""\"",\""value_origin\"":\""curated_source_observation\"",\""value_upper\"":\""\""}"",""doi_pmid"":"""",""evidence_tier"":""public_database_curated_experimental"",""input_dataset"":""governed_numeric_v12"",""license"":""redistribution_license_not_identified"",""quality_flags"":""assay_specific_value;unit_requires_source_protocol_check"",""record_id"":""PV13:8a1825a100f1c99ee3914348"",""review_reasons"":"""",""source_group_ids"":[""SOURCE:cycpeptmpdb""],""source_id"":""CycPeptMPDB"",""source_record_id"":""2014"",""source_url"":""http://cycpeptmpdb.com/"",""upstream_observation_key"":""observation:ec32ec62e7a0c44bdada66334bd83d3dc93a2668f2755ad27da5cb96a32242de""}]"	unit_and_task_normalized_exact_observation_duplicate
MLOBS1:3b40cdd436acae103f11c5b6	PV13:0a816a49024251cc3de0193e	2	PV13:0a816a49024251cc3de0193e;PV13:10f82dc44ab1c9faf522bbbc	PEPlife2	"[[""1.88"",""="",""Hours"",""""]]"	"[{""context_json"":""{\""curation_status\"":\""\"",\""in_vivo_in_vitro\"":\""In Vivo\"",\""input_record_id\"":\""PEPML000011356\"",\""normalized_lower\"":\""\"",\""normalized_unit\"":\""h\"",\""normalized_upper\"":\""\"",\""normalized_value\"":\""1.88\"",\""row_role\"":\""curated_source_observation\"",\""source_raw_text\"":\""1.88 \\u00b1 0.2 (T1/2 Elimination) Hours\"",\""tissue\"":\""\"",\""value_lower\"":\""\"",\""value_origin\"":\""curated_source_observation\"",\""value_upper\"":\""\""}"",""doi_pmid"":""PMID:36630826"",""evidence_tier"":""public_database_curated_experimental_numeric"",""input_dataset"":""governed_numeric_v12"",""license"":""redistribution_license_not_identified"",""quality_flags"":"""",""record_id"":""PV13:0a816a49024251cc3de0193e"",""review_reasons"":"""",""source_group_ids"":[""PMID:36630826""],""source_id"":""PEPlife2"",""source_record_id"":""4279"",""source_url"":""https://pubmed.ncbi.nlm.nih.gov/36630826/"",""upstream_observation_key"":""observation:44535bbde9d3566796c6f2895be03762d3b5a080ccd91da2337b388a196c0e09""},{""context_json"":""{\""curation_status\"":\""\"",\""in_vivo_in_vitro\"":\""In Vivo\"",\""input_record_id\"":\""PEPML000011344\"",\""normalized_lower\"":\""\"",\""normalized_unit\"":\""h\"",\""normalized_upper\"":\""\"",\""normalized_value\"":\""1.88\"",\""row_role\"":\""curated_source_observation\"",\""source_raw_text\"":\""1.88 \\u00b1 0.2(T1/2 Elimination) Hours\"",\""tissue\"":\""\"",\""value_lower\"":\""\"",\""value_origin\"":\""curated_source_observation\"",\""value_upper\"":\""\""}"",""doi_pmid"":""PMID:36630826"",""evidence_tier"":""public_database_curated_experimental_numeric"",""input_dataset"":""governed_numeric_v12"",""license"":""redistribution_license_not_identified"",""quality_flags"":"""",""record_id"":""PV13:10f82dc44ab1c9faf522bbbc"",""review_reasons"":"""",""source_group_ids"":[""PMID:36630826""],""source_id"":""PEPlife2"",""source_record_id"":""4267"",""source_url"":""https://pubmed.ncbi.nlm.nih.gov/36630826/"",""upstream_observation_key"":""observation:4c0b7944021fc3585c7c8e37d414e239caaffc4d7652e8af3bdb1ae70bcc97af""}]"	unit_and_task_normalized_exact_observation_duplicate
MLOBS1:3fd096acf8e5ef1fde99d334	PV13:9ed53df9415e6da386b7f1bd	2	PV13:9ed53df9415e6da386b7f1bd;PV13:edd518b28a96d5d76244b710	PEPlife2	"[[""25.8"",""="",""Hours"",""""]]"	"[{""context_json"":""{\""curation_status\"":\""\"",\""in_vivo_in_vitro\"":\""In Vivo\"",\""input_record_id\"":\""PEPML000012726\"",\""normalized_lower\"":\""\"",\""normalized_unit\"":\""h\"",\""normalized_upper\"":\""\"",\""normalized_value\"":\""25.8\"",\""row_role\"":\""curated_source_observation\"",\""source_raw_text\"":\""25.8 (T1/2 Elimination Half life) Hours\"",\""tissue\"":\""\"",\""value_lower\"":\""\"",\""value_origin\"":\""curated_source_observation\"",\""value_upper\"":\""\""}"",""doi_pmid"":""PMID:30023916"",""evidence_tier"":""public_database_curated_experimental_numeric"",""input_dataset"":""governed_numeric_v12"",""license"":""redistribution_license_not_identified"",""quality_flags"":"""",""record_id"":""PV13:9ed53df9415e6da386b7f1bd"",""review_reasons"":"""",""source_group_ids"":[""PMID:30023916""],""source_id"":""PEPlife2"",""source_record_id"":""5688"",""source_url"":""https://pubmed.ncbi.nlm.nih.gov/30023916/"",""upstream_observation_key"":""observation:3882682ad9545e13c000b065bf2067f762e9bb5b6cfd3a770674abfb6de9574b""},{""context_json"":""{\""curation_status\"":\""\"",\""in_vivo_in_vitro\"":\""In Vivo\"",\""input_record_id\"":\""PEPML000011887\"",\""normalized_lower\"":\""\"",\""normalized_unit\"":\""h\"",\""normalized_upper\"":\""\"",\""normalized_value\"":\""25.8\"",\""row_role\"":\""curated_source_observation\"",\""source_raw_text\"":\""25.8 (T1/2 Elimination Half Life) Hours\"",\""tissue\"":\""\"",\""value_lower\"":\""\"",\""value_origin\"":\""curated_source_observation\"",\""value_upper\"":\""\""}"",""doi_pmid"":""PMID:35259149"",""evidence_tier"":""public_database_curated_experimental_numeric"",""input_dataset"":""governed_numeric_v12"",""license"":""redistribution_license_not_identified"",""quality_flags"":"""",""record_id"":""PV13:edd518b28a96d5d76244b710"",""review_reasons"":"""",""source_group_ids"":[""PMID:35259149""],""source_id"":""PEPlife2"",""source_record_id"":""4818"",""source_url"":""https://pubmed.ncbi.nlm.nih.gov/35259149/"",""upstream_observation_key"":""observation:de87662dd7fb4c368513f506c57c8ffc9974c2a1425b54883cfd1f365091688d""}]"	unit_and_task_normalized_exact_observation_duplicate
MLOBS1:456ef6df318e2b2e08de188a	PV13:61e29dccf704318651d380b2	2	PV13:61e29dccf704318651d380b2;PV13:b64f985482009adfb725718f	PEPlife2	"[[""1.9"",""="",""Hours"",""""]]"	"[{""context_json"":""{\""curation_status\"":\""\"",\""in_vivo_in_vitro\"":\""In Vivo\"",\""input_record_id\"":\""PEPML000012973\"",\""normalized_lower\"":\""\"",\""normalized_unit\"":\""h\"",\""normalized_upper\"":\""\"",\""normalized_value\"":\""1.9\"",\""row_role\"":\""curated_source_observation\"",\""source_raw_text\"":\""1.9 Hours\"",\""tissue\"":\""\"",\""value_lower\"":\""\"",\""value_origin\"":\""curated_source_observation\"",\""value_upper\"":\""\""}"",""doi_pmid"":""PMID:28932995"",""evidence_tier"":""public_database_curated_experimental_numeric"",""input_dataset"":""governed_numeric_v12"",""license"":""redistribution_license_not_identified"",""quality_flags"":"""",""record_id"":""PV13:61e29dccf704318651d380b2"",""review_reasons"":"""",""source_group_ids"":[""PMID:28932995""],""source_id"":""PEPlife2"",""source_record_id"":""5936"",""source_url"":""https://pubmed.ncbi.nlm.nih.gov/28932995/"",""upstream_observation_key"":""observation:7f5f494eb2aa37163a670a45644694d1561b6d42006f460e02cc1333ffb252f0""},{""context_json"":""{\""curation_status\"":\""\"",\""in_vivo_in_vitro\"":\""In Vivo\"",\""input_record_id\"":\""PEPML000012971\"",\""normalized_lower\"":\""\"",\""normalized_unit\"":\""h\"",\""normalized_upper\"":\""\"",\""normalized_value\"":\""1.9\"",\""row_role\"":\""curated_source_observation\"",\""source_raw_text\"":\""1.9 Hours\"",\""tissue\"":\""\"",\""value_lower\"":\""\"",\""value_origin\"":\""curated_source_observation\"",\""value_upper\"":\""\""}"",""doi_pmid"":""PMID:28932995"",""evidence_tier"":""public_database_curated_experimental_numeric"",""input_dataset"":""governed_numeric_v12"",""license"":""redistribution_license_not_identified"",""quality_flags"":"""",""record_id"":""PV13:b64f985482009adfb725718f"",""review_reasons"":"""",""source_group_ids"":[""PMID:28932995""],""source_id"":""PEPlife2"",""source_record_id"":""5934"",""source_url"":""https://pubmed.ncbi.nlm.nih.gov/28932995/"",""upstream_observation_key"":""observation:3b6d5440c665712ff7e4d8cb12fede91eb4e4f557e46315a71b866f1fd2ecb6e""}]"	unit_and_task_normalized_exact_observation_duplicate
MLOBS1:4619e65475234b23b3fca9c5	PV13:1314837d61c6de0354c55e01	2	PV13:1314837d61c6de0354c55e01;PV13:6782e4e24c4506c1612d4b74	CycPeptMPDB	"[[""-5.85"",""="",""source_log10_permeability"",""""]]"	"[{""context_json"":""{\""curation_status\"":\""\"",\""in_vivo_in_vitro\"":\""\"",\""input_record_id\"":\""PEPML000002122\"",\""normalized_lower\"":\""\"",\""normalized_unit\"":\""\"",\""normalized_upper\"":\""\"",\""normalized_value\"":\""\"",\""row_role\"":\""curated_source_observation\"",\""source_raw_text\"":\""value=-5.85; source=2018_CHUGAI; version=1.0; detection_note=; recovery=\"",\""tissue\"":\""\"",\""value_lower\"":\""\"",\""value_origin\"":\""curated_source_observation\"",\""value_upper\"":\""\""}"",""doi_pmid"":"""",""evidence_tier"":""public_database_curated_experimental"",""input_dataset"":""governed_numeric_v12"",""license"":""redistribution_license_not_identified"",""quality_flags"":""assay_specific_value;unit_requires_source_protocol_check"",""record_id"":""PV13:1314837d61c6de0354c55e01"",""review_reasons"":"""",""source_group_ids"":[""SOURCE:cycpeptmpdb""],""source_id"":""CycPeptMPDB"",""source_record_id"":""1986"",""source_url"":""http://cycpeptmpdb.com/"",""upstream_observation_key"":""observation:5624f94d88af82ac8d83a4707f4f6e073955041eed7c67eba8df71028545c598""},{""context_json"":""{\""curation_status\"":\""\"",\""in_vivo_in_vitro\"":\""\"",\""input_record_id\"":\""PEPML000008276\"",\""normalized_lower\"":\""\"",\""normalized_unit\"":\""\"",\""normalized_upper\"":\""\"",\""normalized_value\"":\""\"",\""row_role\"":\""curated_source_observation\"",\""source_raw_text\"":\""value=-5.85; source=2023_Ohta; version=1.2; detection_note=; recovery=\"",\""tissue\"":\""\"",\""value_lower\"":\""\"",\""value_origin\"":\""curated_source_observation\"",\""value_upper\"":\""\""}"",""doi_pmid"":"""",""evidence_tier"":""public_database_curated_experimental"",""input_dataset"":""governed_numeric_v12"",""license"":""redistribution_license_not_identified"",""quality_flags"":""assay_specific_value;unit_requires_source_protocol_check"",""record_id"":""PV13:6782e4e24c4506c1612d4b74"",""review_reasons"":"""",""source_group_ids"":[""SOURCE:cycpeptmpdb""],""source_id"":""CycPeptMPDB"",""source_record_id"":""7899"",""source_url"":""http://cycpeptmpdb.com/"",""upstream_observation_key"":""observation:b63641734a52231960f569d4cd81bc7eaae8c96ad7d21f7c4853ad46a8ec8774""}]"	unit_and_task_normalized_exact_observation_duplicate
MLOBS1:49cc4b859dc2f90dcdabf51b	PV13:0888572e05619ada0996c807	2	PV13:0888572e05619ada0996c807;PV13:3c2b0be7b91ff7603cb1c1f1	CycPeptMPDB	"[[""-7.096910013"",""="",""source_log10_permeability"",""""]]"	"[{""context_json"":""{\""curation_status\"":\""\"",\""in_vivo_in_vitro\"":\""\"",\""input_record_id\"":\""PEPML000008460\"",\""normalized_lower\"":\""\"",\""normalized_unit\"":\""\"",\""normalized_upper\"":\""\"",\""normalized_value\"":\""\"",\""row_role\"":\""curated_source_observation\"",\""source_raw_text\"":\""value=-7.096910013; source=2023_Tanada; version=1.2; detection_note=; recovery=\"",\""tissue\"":\""\"",\""value_lower\"":\""\"",\""value_origin\"":\""curated_source_observation\"",\""value_upper\"":\""\""}"",""doi_pmid"":"""",""evidence_tier"":""public_database_curated_experimental"",""input_dataset"":""governed_numeric_v12"",""license"":""redistribution_license_not_identified"",""quality_flags"":""assay_specific_value;unit_requires_source_protocol_check"",""record_id"":""PV13:0888572e05619ada0996c807"",""review_reasons"":"""",""source_group_ids"":[""SOURCE:cycpeptmpdb""],""source_id"":""CycPeptMPDB"",""source_record_id"":""8083"",""source_url"":""http://cycpeptmpdb.com/"",""upstream_observation_key"":""observation:0635db160e8ea969d98c965534cc88ed291f2e11b32259c22e62114abeb57a82""},{""context_json"":""{\""curation_status\"":\""\"",\""in_vivo_in_vitro\"":\""\"",\""input_record_id\"":\""PEPML000008773\"",\""normalized_lower\"":\""\"",\""normalized_unit\"":\""\"",\""normalized_upper\"":\""\"",\""normalized_value\"":\""\"",\""row_role\"":\""curated_source_observation\"",\""source_raw_text\"":\""value=-7.096910013; source=2024_Kage; version=1.2; detection_note=; recovery=\"",\""tissue\"":\""\"",\""value_lower\"":\""\"",\""value_origin\"":\""curated_source_observation\"",\""value_upper\"":\""\""}"",""doi_pmid"":"""",""evidence_tier"":""public_database_curated_experimental"",""input_dataset"":""governed_numeric_v12"",""license"":""redistribution_license_not_identified"",""quality_flags"":""assay_specific_value;unit_requires_source_protocol_check"",""record_id"":""PV13:3c2b0be7b91ff7603cb1c1f1"",""review_reasons"":"""",""source_group_ids"":[""SOURCE:cycpeptmpdb""],""source_id"":""CycPeptMPDB"",""source_record_id"":""8369"",""source_url"":""http://cycpeptmpdb.com/"",""upstream_observation_key"":""observation:bc7ddba71377b138c12bd18bd8237d9a73f28de21fa44d44c767e8c1f31d046d""}]"	unit_and_task_normalized_exact_observation_duplicate
MLOBS1:4df2d269b00e4a45e0f511db	PV13:a1493ab8b955a26ed1cddb40	2	PV13:a1493ab8b955a26ed1cddb40;PV13:ab990252905ff36b3fdceb60	CycPeptMPDB	"[[""-5.96"",""="",""source_log10_permeability"",""""]]"	"[{""context_json"":""{\""curation_status\"":\""\"",\""in_vivo_in_vitro\"":\""\"",\""input_record_id\"":\""PEPML000002272\"",\""normalized_lower\"":\""\"",\""normalized_unit\"":\""\"",\""normalized_upper\"":\""\"",\""normalized_value\"":\""\"",\""row_role\"":\""curated_source_observation\"",\""source_raw_text\"":\""value=-5.96; source=2018_CHUGAI; version=1.0; detection_note=; recovery=\"",\""tissue\"":\""\"",\""value_lower\"":\""\"",\""value_origin\"":\""curated_source_observation\"",\""value_upper\"":\""\""}"",""doi_pmid"":"""",""evidence_tier"":""public_database_curated_experimental"",""input_dataset"":""governed_numeric_v12"",""license"":""redistribution_license_not_identified"",""quality_flags"":""assay_specific_value;unit_requires_source_protocol_check"",""record_id"":""PV13:a1493ab8b955a26ed1cddb40"",""review_reasons"":"""",""source_group_ids"":[""SOURCE:cycpeptmpdb""],""source_id"":""CycPeptMPDB"",""source_record_id"":""2136"",""source_url"":""http://cycpeptmpdb.com/"",""upstream_observation_key"":""observation:b3262fbb82cb12fc7d98eb3cd62fae6fb2291f1b2d5ebb4bd86036134f65324a""},{""context_json"":""{\""curation_status\"":\""\"",\""in_vivo_in_vitro\"":\""\"",\""input_record_id\"":\""PEPML000002153\"",\""normalized_lower\"":\""\"",\""normalized_unit\"":\""\"",\""normalized_upper\"":\""\"",\""normalized_value\"":\""\"",\""row_role\"":\""curated_source_observation\"",\""source_raw_text\"":\""value=-5.96; source=2018_CHUGAI; version=1.0; detection_note=; recovery=\"",\""tissue\"":\""\"",\""value_lower\"":\""\"",\""value_origin\"":\""curated_source_observation\"",\""value_upper\"":\""\""}"",""doi_pmid"":"""",""evidence_tier"":""public_database_curated_experimental"",""input_dataset"":""governed_numeric_v12"",""license"":""redistribution_license_not_identified"",""quality_flags"":""assay_specific_value;unit_requires_source_protocol_check"",""record_id"":""PV13:ab990252905ff36b3fdceb60"",""review_reasons"":"""",""source_group_ids"":[""SOURCE:cycpeptmpdb""],""source_id"":""CycPeptMPDB"",""source_record_id"":""2017"",""source_url"":""http://cycpeptmpdb.com/"",""upstream_observation_key"":""observation:5e26cf4269e93c4abe5c08482b44991a53eedb3fb3a7b7cc0f5bc5a988ce7ac1""}]"	unit_and_task_normalized_exact_observation_duplicate
MLOBS1:543dd7217096405fb7bc6422	PV13:098ff2072c079900b77dc87b	2	PV13:098ff2072c079900b77dc87b;PV13:5ae49645123ca177b980eef3	PEPlife2	"[[""29.7"",""="",""Minutes"",""""]]"	"[{""context_json"":""{\""curation_status\"":\""\"",\""in_vivo_in_vitro\"":\""In Vivo\"",\""input_record_id\"":\""PEPML000011474\"",\""normalized_lower\"":\""\"",\""normalized_unit\"":\""h\"",\""normalized_upper\"":\""\"",\""normalized_value\"":\""0.495\"",\""row_role\"":\""curated_source_observation\"",\""source_raw_text\"":\""29.7 Minutes\"",\""tissue\"":\""\"",\""value_lower\"":\""\"",\""value_origin\"":\""curated_source_observation\"",\""value_upper\"":\""\""}"",""doi_pmid"":""PMID:36588717"",""evidence_tier"":""public_database_curated_experimental_numeric"",""input_dataset"":""governed_numeric_v12"",""license"":""redistribution_license_not_identified"",""quality_flags"":"""",""record_id"":""PV13:098ff2072c079900b77dc87b"",""review_reasons"":"""",""source_group_ids"":[""PMID:36588717""],""source_id"":""PEPlife2"",""source_record_id"":""4399"",""source_url"":""https://pubmed.ncbi.nlm.nih.gov/36588717/"",""upstream_observation_key"":""observation:3af0bf0ff4efdbc2c0a54832f38aa0b4ce86ac862649881d4341543961b8dfea""},{""context_json"":""{\""curation_status\"":\""\"",\""in_vivo_in_vitro\"":\""In Vivo\"",\""input_record_id\"":\""PEPML000011777\"",\""normalized_lower\"":\""\"",\""normalized_unit\"":\""h\"",\""normalized_upper\"":\""\"",\""normalized_value\"":\""0.495\"",\""row_role\"":\""curated_source_observation\"",\""source_raw_text\"":\""29.7 Minutes\"",\""tissue\"":\""\"",\""value_lower\"":\""\"",\""value_origin\"":\""curated_source_observation\"",\""value_upper\"":\""\""}"",""doi_pmid"":""PMID:36588717"",""evidence_tier"":""public_database_curated_experimental_numeric"",""input_dataset"":""governed_numeric_v12"",""license"":""redistribution_license_not_identified"",""quality_flags"":"""",""record_id"":""PV13:5ae49645123ca177b980eef3"",""review_reasons"":"""",""source_group_ids"":[""PMID:36588717""],""source_id"":""PEPlife2"",""source_record_id"":""4707"",""source_url"":""https://pubmed.ncbi.nlm.nih.gov/36588717/"",""upstream_observation_key"":""observation:c6b0a3bd07e4043c631c6f454a2f5abe63414bfccd8b47fa614d6e818516832e""}]"	unit_and_task_normalized_exact_observation_duplicate
MLOBS1:555673a7fa7fd46212a7efde	PV13:31ed04f03ce2c30d41cff749	2	PV13:31ed04f03ce2c30d41cff749;PV13:587502127d8690ecfb7c28a5	CycPeptMPDB	"[[""-5.68"",""="",""source_log10_permeability"",""""]]"	"[{""context_json"":""{\""curation_status\"":\""\"",\""in_vivo_in_vitro\"":\""\"",\""input_record_id\"":\""PEPML000008226\"",\""normalized_lower\"":\""\"",\""normalized_unit\"":\""\"",\""normalized_upper\"":\""\"",\""normalized_value\"":\""\"",\""row_role\"":\""curated_source_observation\"",\""source_raw_text\"":\""value=-5.68; source=2023_Ohta; version=1.2; detection_note=; recovery=\"",\""tissue\"":\""\"",\""value_lower\"":\""\"",\""value_origin\"":\""curated_source_observation\"",\""value_upper\"":\""\""}"",""doi_pmid"":"""",""evidence_tier"":""public_database_curated_experimental"",""input_dataset"":""governed_numeric_v12"",""license"":""redistribution_license_not_identified"",""quality_flags"":""assay_specific_value;unit_requires_source_protocol_check"",""record_id"":""PV13:31ed04f03ce2c30d41cff749"",""review_reasons"":"""",""source_group_ids"":[""SOURCE:cycpeptmpdb""],""source_id"":""CycPeptMPDB"",""source_record_id"":""7849"",""source_url"":""http://cycpeptmpdb.com/"",""upstream_observation_key"":""observation:099202e4fa00eb0bd241b66635f138c734e01e3a0f62da07b874eef310b9a522""},{""context_json"":""{\""curation_status\"":\""\"",\""in_vivo_in_vitro\"":\""\"",\""input_record_id\"":\""PEPML000002144\"",\""normalized_lower\"":\""\"",\""normalized_unit\"":\""\"",\""normalized_upper\"":\""\"",\""normalized_value\"":\""\"",\""row_role\"":\""curated_source_observation\"",\""source_raw_text\"":\""value=-5.68; source=2018_CHUGAI; version=1.0; detection_note=; recovery=\"",\""tissue\"":\""\"",\""value_lower\"":\""\"",\""value_origin\"":\""curated_source_observation\"",\""value_upper\"":\""\""}"",""doi_pmid"":"""",""evidence_tier"":""public_database_curated_experimental"",""input_dataset"":""governed_numeric_v12"",""license"":""redistribution_license_not_identified"",""quality_flags"":""assay_specific_value;unit_requires_source_protocol_check"",""record_id"":""PV13:587502127d8690ecfb7c28a5"",""review_reasons"":"""",""source_group_ids"":[""SOURCE:cycpeptmpdb""],""source_id"":""CycPeptMPDB"",""source_record_id"":""2008"",""source_url"":""http://cycpeptmpdb.com/"",""upstream_observation_key"":""observation:a439ac540a94be8f248100724fbf8308377b7d587307d3cdd542fc77f860167d""}]"	unit_and_task_normalized_exact_observation_duplicate
MLOBS1:58a7fe86787f24db6694d72b	PV13:2cda1d40b4e26e11556232fc	2	PV13:2cda1d40b4e26e11556232fc;PV13:5089168b6c3644f939e864cf	CycPeptMPDB	"[[""-5.59"",""="",""source_log10_permeability"",""""]]"	"[{""context_json"":""{\""curation_status\"":\""\"",\""in_vivo_in_vitro\"":\""\"",\""input_record_id\"":\""PEPML000002220\"",\""normalized_lower\"":\""\"",\""normalized_unit\"":\""\"",\""normalized_upper\"":\""\"",\""normalized_value\"":\""\"",\""row_role\"":\""curated_source_observation\"",\""source_raw_text\"":\""value=-5.59; source=2018_CHUGAI; version=1.0; detection_note=; recovery=\"",\""tissue\"":\""\"",\""value_lower\"":\""\"",\""value_origin\"":\""curated_source_observation\"",\""value_upper\"":\""\""}"",""doi_pmid"":"""",""evidence_tier"":""public_database_curated_experimental"",""input_dataset"":""governed_numeric_v12"",""license"":""redistribution_license_not_identified"",""quality_flags"":""assay_specific_value;unit_requires_source_protocol_check"",""record_id"":""PV13:2cda1d40b4e26e11556232fc"",""review_reasons"":"""",""source_group_ids"":[""SOURCE:cycpeptmpdb""],""source_id"":""CycPeptMPDB"",""source_record_id"":""2084"",""source_url"":""http://cycpeptmpdb.com/"",""upstream_observation_key"":""observation:68462b897f716c5fe383e319302cdf89cd2a1f77082d242b8a915f21c5ddff56""},{""context_json"":""{\""curation_status\"":\""\"",\""in_vivo_in_vitro\"":\""\"",\""input_record_id\"":\""PEPML000002143\"",\""normalized_lower\"":\""\"",\""normalized_unit\"":\""\"",\""normalized_upper\"":\""\"",\""normalized_value\"":\""\"",\""row_role\"":\""curated_source_observation\"",\""source_raw_text\"":\""value=-5.59; source=2018_CHUGAI; version=1.0; detection_note=; recovery=\"",\""tissue\"":\""\"",\""value_lower\"":\""\"",\""value_origin\"":\""curated_source_observation\"",\""value_upper\"":\""\""}"",""doi_pmid"":"""",""evidence_tier"":""public_database_curated_experimental"",""input_dataset"":""governed_numeric_v12"",""license"":""redistribution_license_not_identified"",""quality_flags"":""assay_specific_value;unit_requires_source_protocol_check"",""record_id"":""PV13:5089168b6c3644f939e864cf"",""review_reasons"":"""",""source_group_ids"":[""SOURCE:cycpeptmpdb""],""source_id"":""CycPeptMPDB"",""source_record_id"":""2007"",""source_url"":""http://cycpeptmpdb.com/"",""upstream_observation_key"":""observation:ce8a78b7fd0ba2d61753e215581fd59c070b0345027bf95e9c8b453cbfd35daa""}]"	unit_and_task_normalized_exact_observation_duplicate
MLOBS1:5a78480502d0fde57bad2e7a	PV13:56b6fc83c97a1e7277346d64	2	PV13:56b6fc83c97a1e7277346d64;PV13:8d21442afbaf7d233c0f36df	PEPlife2	"[[""30.3"",""="",""Hours"",""""]]"	"[{""context_json"":""{\""curation_status\"":\""\"",\""in_vivo_in_vitro\"":\""In Vivo\"",\""input_record_id\"":\""PEPML000011885\"",\""normalized_lower\"":\""\"",\""normalized_unit\"":\""h\"",\""normalized_upper\"":\""\"",\""normalized_value\"":\""30.3\"",\""row_role\"":\""curated_source_observation\"",\""source_raw_text\"":\""30.3 (T1/2 Elimination Half Life) Hours\"",\""tissue\"":\""\"",\""value_lower\"":\""\"",\""value_origin\"":\""curated_source_observation\"",\""value_upper\"":\""\""}"",""doi_pmid"":""PMID:35259149"",""evidence_tier"":""public_database_curated_experimental_numeric"",""input_dataset"":""governed_numeric_v12"",""license"":""redistribution_license_not_identified"",""quality_flags"":"""",""record_id"":""PV13:56b6fc83c97a1e7277346d64"",""review_reasons"":"""",""source_group_ids"":[""PMID:35259149""],""source_id"":""PEPlife2"",""source_record_id"":""4816"",""source_url"":""https://pubmed.ncbi.nlm.nih.gov/35259149/"",""upstream_observation_key"":""observation:5b37afe87430133ddf15d7e0084ac25b79d7ef2bbe9b1d92c0817511b93ffd1e""},{""context_json"":""{\""curation_status\"":\""\"",\""in_vivo_in_vitro\"":\""In Vivo\"",\""input_record_id\"":\""PEPML000012724\"",\""normalized_lower\"":\""\"",\""normalized_unit\"":\""h\"",\""normalized_upper\"":\""\"",\""normalized_value\"":\""30.3\"",\""row_role\"":\""curated_source_observation\"",\""source_raw_text\"":\""30.3 (T1/2 Elimination Half life) Hours\"",\""tissue\"":\""\"",\""value_lower\"":\""\"",\""value_origin\"":\""curated_source_observation\"",\""value_upper\"":\""\""}"",""doi_pmid"":""PMID:30023916"",""evidence_tier"":""public_database_curated_experimental_numeric"",""input_dataset"":""governed_numeric_v12"",""license"":""redistribution_license_not_identified"",""quality_flags"":"""",""record_id"":""PV13:8d21442afbaf7d233c0f36df"",""review_reasons"":"""",""source_group_ids"":[""PMID:30023916""],""source_id"":""PEPlife2"",""source_record_id"":""5686"",""source_url"":""https://pubmed.ncbi.nlm.nih.gov/30023916/"",""upstream_observation_key"":""observation:7294af21be00327d39a554ddfa1dcf7a654847c7d49196b01e14c9de07a08001""}]"	unit_and_task_normalized_exact_observation_duplicate
MLOBS1:5aea9783b4cec8850eb8a97f	PV13:752af32d031c6694939cb0cc	2	PV13:752af32d031c6694939cb0cc;PV13:7840cffcd40783056746801b	PEPlife2	"[[""163"",""="",""Hours"",""""]]"	"[{""context_json"":""{\""curation_status\"":\""\"",\""in_vivo_in_vitro\"":\""In Vivo\"",\""input_record_id\"":\""PEPML000011233\"",\""normalized_lower\"":\""\"",\""normalized_unit\"":\""h\"",\""normalized_upper\"":\""\"",\""normalized_value\"":\""163\"",\""row_role\"":\""curated_source_observation\"",\""source_raw_text\"":\""163 (Terminal elimination half life) Hours\"",\""tissue\"":\""\"",\""value_lower\"":\""\"",\""value_origin\"":\""curated_source_observation\"",\""value_upper\"":\""\""}"",""doi_pmid"":""PMID:38952487"",""evidence_tier"":""public_database_curated_experimental_numeric"",""input_dataset"":""governed_numeric_v12"",""license"":""redistribution_license_not_identified"",""quality_flags"":""modified_sequence_preserved_in_source_notation"",""record_id"":""PV13:752af32d031c6694939cb0cc"",""review_reasons"":"""",""source_group_ids"":[""PMID:38952487""],""source_id"":""PEPlife2"",""source_record_id"":""4155"",""source_url"":""https://pubmed.ncbi.nlm.nih.gov/38952487/"",""upstream_observation_key"":""observation:68fc9a5d5cf5aa07e314be7406b2367882bb4bc3ee11fdbfe985d139a13f5d17""},{""context_json"":""{\""curation_status\"":\""\"",\""in_vivo_in_vitro\"":\""In Vivo\"",\""input_record_id\"":\""PEPML000012829\"",\""normalized_lower\"":\""\"",\""normalized_unit\"":\""h\"",\""normalized_upper\"":\""\"",\""normalized_value\"":\""163\"",\""row_role\"":\""curated_source_observation\"",\""source_raw_text\"":\""163 Hours\"",\""tissue\"":\""\"",\""value_lower\"":\""\"",\""value_origin\"":\""curated_source_observation\"",\""value_upper\"":\""\""}"",""doi_pmid"":""PMID:29536338"",""evidence_tier"":""public_database_curated_experimental_numeric"",""input_dataset"":""governed_numeric_v12"",""license"":""redistribution_license_not_identified"",""quality_flags"":""modified_sequence_preserved_in_source_notation"",""record_id"":""PV13:7840cffcd40783056746801b"",""review_reasons"":"""",""source_group_ids"":[""PMID:29536338""],""source_id"":""PEPlife2"",""source_record_id"":""5791"",""source_url"":""https://pubmed.ncbi.nlm.nih.gov/29536338/"",""upstream_observation_key"":""observation:27acd43998c1de4f12084a5263a8570b0c91a691f9c6acacc484c4615e81579a""}]"	unit_and_task_normalized_exact_observation_duplicate
MLOBS1:5bc264c6c64e8c179f4e812c	PV13:32996b334de690ada8bcc404	2	PV13:32996b334de690ada8bcc404;PV13:ab8d27bbe85c992566b93a38	CycPeptMPDB	"[[""-5.72"",""="",""source_log10_permeability"",""""]]"	"[{""context_json"":""{\""curation_status\"":\""\"",\""in_vivo_in_vitro\"":\""\"",\""input_record_id\"":\""PEPML000002209\"",\""normalized_lower\"":\""\"",\""normalized_unit\"":\""\"",\""normalized_upper\"":\""\"",\""normalized_value\"":\""\"",\""row_role\"":\""curated_source_observation\"",\""source_raw_text\"":\""value=-5.72; source=2018_CHUGAI; version=1.0; detection_note=; recovery=\"",\""tissue\"":\""\"",\""value_lower\"":\""\"",\""value_origin\"":\""curated_source_observation\"",\""value_upper\"":\""\""}"",""doi_pmid"":"""",""evidence_tier"":""public_database_curated_experimental"",""input_dataset"":""governed_numeric_v12"",""license"":""redistribution_license_not_identified"",""quality_flags"":""assay_specific_value;unit_requires_source_protocol_check"",""record_id"":""PV13:32996b334de690ada8bcc404"",""review_reasons"":"""",""source_group_ids"":[""SOURCE:cycpeptmpdb""],""source_id"":""CycPeptMPDB"",""source_record_id"":""2073"",""source_url"":""http://cycpeptmpdb.com/"",""upstream_observation_key"":""observation:10343e08e9570ab62b4e329c19adc32d98e2b60e67ad92b70b8e23ee21ad40ee""},{""context_json"":""{\""curation_status\"":\""\"",\""in_vivo_in_vitro\"":\""\"",\""input_record_id\"":\""PEPML000008280\"",\""normalized_lower\"":\""\"",\""normalized_unit\"":\""\"",\""normalized_upper\"":\""\"",\""normalized_value\"":\""\"",\""row_role\"":\""curated_source_observation\"",\""source_raw_text\"":\""value=-5.72; source=2023_Ohta; version=1.2; detection_note=; recovery=\"",\""tissue\"":\""\"",\""value_lower\"":\""\"",\""value_origin\"":\""curated_source_observation\"",\""value_upper\"":\""\""}"",""doi_pmid"":"""",""evidence_tier"":""public_database_curated_experimental"",""input_dataset"":""governed_numeric_v12"",""license"":""redistribution_license_not_identified"",""quality_flags"":""assay_specific_value;unit_requires_source_protocol_check"",""record_id"":""PV13:ab8d27bbe85c992566b93a38"",""review_reasons"":"""",""source_group_ids"":[""SOURCE:cycpeptmpdb""],""source_id"":""CycPeptMPDB"",""source_record_id"":""7903"",""source_url"":""http://cycpeptmpdb.com/"",""upstream_observation_key"":""observation:69541019931fa9713bd43a8c54646aa73f92809d17f116084bbdcbb838a437bf""}]"	unit_and_task_normalized_exact_observation_duplicate
MLOBS1:5ce0ff75e36895ac9a441c20	PV13:6e91b2de2b82f23e93e8a15f	2	PV13:6e91b2de2b82f23e93e8a15f;PV13:97d64928eee30c839475a4ea	CycPeptMPDB	"[[""-5.48"",""="",""source_log10_permeability"",""""]]"	"[{""context_json"":""{\""curation_status\"":\""\"",\""in_vivo_in_vitro\"":\""\"",\""input_record_id\"":\""PEPML000002235\"",\""normalized_lower\"":\""\"",\""normalized_unit\"":\""\"",\""normalized_upper\"":\""\"",\""normalized_value\"":\""\"",\""row_role\"":\""curated_source_observation\"",\""source_raw_text\"":\""value=-5.48; source=2018_CHUGAI; version=1.0; detection_note=; recovery=\"",\""tissue\"":\""\"",\""value_lower\"":\""\"",\""value_origin\"":\""curated_source_observation\"",\""value_upper\"":\""\""}"",""doi_pmid"":"""",""evidence_tier"":""public_database_curated_experimental"",""input_dataset"":""governed_numeric_v12"",""license"":""redistribution_license_not_identified"",""quality_flags"":""assay_specific_value;unit_requires_source_protocol_check"",""record_id"":""PV13:6e91b2de2b82f23e93e8a15f"",""review_reasons"":"""",""source_group_ids"":[""SOURCE:cycpeptmpdb""],""source_id"":""CycPeptMPDB"",""source_record_id"":""2099"",""source_url"":""http://cycpeptmpdb.com/"",""upstream_observation_key"":""observation:163762c63391383373062edefc3820048d52f20e9ea8a20a2c776b903d471dcd""},{""context_json"":""{\""curation_status\"":\""\"",\""in_vivo_in_vitro\"":\""\"",\""input_record_id\"":\""PEPML000008336\"",\""normalized_lower\"":\""\"",\""normalized_unit\"":\""\"",\""normalized_upper\"":\""\"",\""normalized_value\"":\""\"",\""row_role\"":\""curated_source_observation\"",\""source_raw_text\"":\""value=-5.48; source=2023_Ohta; version=1.2; detection_note=; recovery=\"",\""tissue\"":\""\"",\""value_lower\"":\""\"",\""value_origin\"":\""curated_source_observation\"",\""value_upper\"":\""\""}"",""doi_pmid"":"""",""evidence_tier"":""public_database_curated_experimental"",""input_dataset"":""governed_numeric_v12"",""license"":""redistribution_license_not_identified"",""quality_flags"":""assay_specific_value;unit_requires_source_protocol_check"",""record_id"":""PV13:97d64928eee30c839475a4ea"",""review_reasons"":"""",""source_group_ids"":[""SOURCE:cycpeptmpdb""],""source_id"":""CycPeptMPDB"",""source_record_id"":""7959"",""source_url"":""http://cycpeptmpdb.com/"",""upstream_observation_key"":""observation:f8a654aa0acf785f5260f0e8cae3812f51be4348d5df1f6f261a15d3442de269""}]"	unit_and_task_normalized_exact_observation_duplicate
MLOBS1:5e1f6ca03920b268a9196571	PV13:17564cde5c215e5f5af88abd	2	PV13:17564cde5c215e5f5af88abd;PV13:972d753fe9b2947ccce9e188	CycPeptMPDB	"[[""-5.96"",""="",""source_log10_permeability"",""""]]"	"[{""context_json"":""{\""curation_status\"":\""\"",\""in_vivo_in_vitro\"":\""\"",\""input_record_id\"":\""PEPML000002184\"",\""normalized_lower\"":\""\"",\""normalized_unit\"":\""\"",\""normalized_upper\"":\""\"",\""normalized_value\"":\""\"",\""row_role\"":\""curated_source_observation\"",\""source_raw_text\"":\""value=-5.96; source=2018_CHUGAI; version=1.0; detection_note=; recovery=\"",\""tissue\"":\""\"",\""value_lower\"":\""\"",\""value_origin\"":\""curated_source_observation\"",\""value_upper\"":\""\""}"",""doi_pmid"":"""",""evidence_tier"":""public_database_curated_experimental"",""input_dataset"":""governed_numeric_v12"",""license"":""redistribution_license_not_identified"",""quality_flags"":""assay_specific_value;unit_requires_source_protocol_check"",""record_id"":""PV13:17564cde5c215e5f5af88abd"",""review_reasons"":"""",""source_group_ids"":[""SOURCE:cycpeptmpdb""],""source_id"":""CycPeptMPDB"",""source_record_id"":""2048"",""source_url"":""http://cycpeptmpdb.com/"",""upstream_observation_key"":""observation:dd6bb37ac06c6de786967f010ed22e933b47580787101563d6e2144ae04e6a70""},{""context_json"":""{\""curation_status\"":\""\"",\""in_vivo_in_vitro\"":\""\"",\""input_record_id\"":\""PEPML000008111\"",\""normalized_lower\"":\""\"",\""normalized_unit\"":\""\"",\""normalized_upper\"":\""\"",\""normalized_value\"":\""\"",\""row_role\"":\""curated_source_observation\"",\""source_raw_text\"":\""value=-5.96; source=2023_Ohta; version=1.2; detection_note=; recovery=\"",\""tissue\"":\""\"",\""value_lower\"":\""\"",\""value_origin\"":\""curated_source_observation\"",\""value_upper\"":\""\""}"",""doi_pmid"":"""",""evidence_tier"":""public_database_curated_experimental"",""input_dataset"":""governed_numeric_v12"",""license"":""redistribution_license_not_identified"",""quality_flags"":""assay_specific_value;unit_requires_source_protocol_check"",""record_id"":""PV13:972d753fe9b2947ccce9e188"",""review_reasons"":"""",""source_group_ids"":[""SOURCE:cycpeptmpdb""],""source_id"":""CycPeptMPDB"",""source_record_id"":""7734"",""source_url"":""http://cycpeptmpdb.com/"",""upstream_observation_key"":""observation:202230dd038641afd950cd663e49eecf653513c01c0b26d34b432725b7ccb8ad""}]"	unit_and_task_normalized_exact_observation_duplicate
MLOBS1:60396a5ae2968a4b20d945b1	PV13:666caa9db33c890599eb459b	2	PV13:666caa9db33c890599eb459b;PV13:861d87d8e8bf56177f58a168	CycPeptMPDB	"[[""-5.77"",""="",""source_log10_permeability"",""""]]"	"[{""context_json"":""{\""curation_status\"":\""\"",\""in_vivo_in_vitro\"":\""\"",\""input_record_id\"":\""PEPML000002168\"",\""normalized_lower\"":\""\"",\""normalized_unit\"":\""\"",\""normalized_upper\"":\""\"",\""normalized_value\"":\""\"",\""row_role\"":\""curated_source_observation\"",\""source_raw_text\"":\""value=-5.77; source=2018_CHUGAI; version=1.0; detection_note=; recovery=\"",\""tissue\"":\""\"",\""value_lower\"":\""\"",\""value_origin\"":\""curated_source_observation\"",\""value_upper\"":\""\""}"",""doi_pmid"":"""",""evidence_tier"":""public_database_curated_experimental"",""input_dataset"":""governed_numeric_v12"",""license"":""redistribution_license_not_identified"",""quality_flags"":""assay_specific_value;unit_requires_source_protocol_check"",""record_id"":""PV13:666caa9db33c890599eb459b"",""review_reasons"":"""",""source_group_ids"":[""SOURCE:cycpeptmpdb""],""source_id"":""CycPeptMPDB"",""source_record_id"":""2032"",""source_url"":""http://cycpeptmpdb.com/"",""upstream_observation_key"":""observation:1b5330fbf118ec17b4ecccd1cc060594d0ee387ba8f39d9b722e5b4ce9c553aa""},{""context_json"":""{\""curation_status\"":\""\"",\""in_vivo_in_vitro\"":\""\"",\""input_record_id\"":\""PEPML000007951\"",\""normalized_lower\"":\""\"",\""normalized_unit\"":\""\"",\""normalized_upper\"":\""\"",\""normalized_value\"":\""\"",\""row_role\"":\""curated_source_observation\"",\""source_raw_text\"":\""value=-5.77; source=2023_Ohta; version=1.2; detection_note=; recovery=\"",\""tissue\"":\""\"",\""value_lower\"":\""\"",\""value_origin\"":\""curated_source_observation\"",\""value_upper\"":\""\""}"",""doi_pmid"":"""",""evidence_tier"":""public_database_curated_experimental"",""input_dataset"":""governed_numeric_v12"",""license"":""redistribution_license_not_identified"",""quality_flags"":""assay_specific_value;unit_requires_source_protocol_check"",""record_id"":""PV13:861d87d8e8bf56177f58a168"",""review_reasons"":"""",""source_group_ids"":[""SOURCE:cycpeptmpdb""],""source_id"":""CycPeptMPDB"",""source_record_id"":""7574"",""source_url"":""http://cycpeptmpdb.com/"",""upstream_observation_key"":""observation:0edb11cbae8333d71f34b16ffce35ce1371ace7369ee6ec855c1868165090f8e""}]"	unit_and_task_normalized_exact_observation_duplicate
MLOBS1:60bd414523938e631abaf973	PV13:6fd16a8fc1934f533de76aa9	2	PV13:6fd16a8fc1934f533de76aa9;PV13:b329aea04085b49ff77acb6b	CycPeptMPDB	"[[""-5.8"",""="",""source_log10_permeability"",""""]]"	"[{""context_json"":""{\""curation_status\"":\""\"",\""in_vivo_in_vitro\"":\""\"",\""input_record_id\"":\""PEPML000002134\"",\""normalized_lower\"":\""\"",\""normalized_unit\"":\""\"",\""normalized_upper\"":\""\"",\""normalized_value\"":\""\"",\""row_role\"":\""curated_source_observation\"",\""source_raw_text\"":\""value=-5.8; source=2018_CHUGAI; version=1.0; detection_note=; recovery=\"",\""tissue\"":\""\"",\""value_lower\"":\""\"",\""value_origin\"":\""curated_source_observation\"",\""value_upper\"":\""\""}"",""doi_pmid"":"""",""evidence_tier"":""public_database_curated_experimental"",""input_dataset"":""governed_numeric_v12"",""license"":""redistribution_license_not_identified"",""quality_flags"":""assay_specific_value;unit_requires_source_protocol_check"",""record_id"":""PV13:6fd16a8fc1934f533de76aa9"",""review_reasons"":"""",""source_group_ids"":[""SOURCE:cycpeptmpdb""],""source_id"":""CycPeptMPDB"",""source_record_id"":""1998"",""source_url"":""http://cycpeptmpdb.com/"",""upstream_observation_key"":""observation:379b5d368c40e69e300da1fa4f08bc3eae50441e7a393e9b72e7f83e9201f4f0""},{""context_json"":""{\""curation_status\"":\""\"",\""in_vivo_in_vitro\"":\""\"",\""input_record_id\"":\""PEPML000008319\"",\""normalized_lower\"":\""\"",\""normalized_unit\"":\""\"",\""normalized_upper\"":\""\"",\""normalized_value\"":\""\"",\""row_role\"":\""curated_source_observation\"",\""source_raw_text\"":\""value=-5.8; source=2023_Ohta; version=1.2; detection_note=; recovery=\"",\""tissue\"":\""\"",\""value_lower\"":\""\"",\""value_origin\"":\""curated_source_observation\"",\""value_upper\"":\""\""}"",""doi_pmid"":"""",""evidence_tier"":""public_database_curated_experimental"",""input_dataset"":""governed_numeric_v12"",""license"":""redistribution_license_not_identified"",""quality_flags"":""assay_specific_value;unit_requires_source_protocol_check"",""record_id"":""PV13:b329aea04085b49ff77acb6b"",""review_reasons"":"""",""source_group_ids"":[""SOURCE:cycpeptmpdb""],""source_id"":""CycPeptMPDB"",""source_record_id"":""7942"",""source_url"":""http://cycpeptmpdb.com/"",""upstream_observation_key"":""observation:eb27366da3dbce4f31dbf36708af71a82f270f98ed37d343f8fdcb87660a4360""}]"	unit_and_task_normalized_exact_observation_duplicate
MLOBS1:64a28242089950aa72e4df1a	PV13:36742418133b2d8b21b19db9	2	PV13:36742418133b2d8b21b19db9;PV13:d42b9e60552de594be9fd048	PEPlife2	"[[""17.1"",""="",""Minutes"",""""]]"	"[{""context_json"":""{\""curation_status\"":\""\"",\""in_vivo_in_vitro\"":\""In Vivo\"",\""input_record_id\"":\""PEPML000011776\"",\""normalized_lower\"":\""\"",\""normalized_unit\"":\""h\"",\""normalized_upper\"":\""\"",\""normalized_value\"":\""0.285\"",\""row_role\"":\""curated_source_observation\"",\""source_raw_text\"":\""17.1 Minutes\"",\""tissue\"":\""\"",\""value_lower\"":\""\"",\""value_origin\"":\""curated_source_observation\"",\""value_upper\"":\""\""}"",""doi_pmid"":""PMID:36588717"",""evidence_tier"":""public_database_curated_experimental_numeric"",""input_dataset"":""governed_numeric_v12"",""license"":""redistribution_license_not_identified"",""quality_flags"":"""",""record_id"":""PV13:36742418133b2d8b21b19db9"",""review_reasons"":"""",""source_group_ids"":[""PMID:36588717""],""source_id"":""PEPlife2"",""source_record_id"":""4706"",""source_url"":""https://pubmed.ncbi.nlm.nih.gov/36588717/"",""upstream_observation_key"":""observation:92e30d28a16be360e7f2500a61e4f929c140ee0fd35310a75cd0f65fd56131c7""},{""context_json"":""{\""curation_status\"":\""\"",\""in_vivo_in_vitro\"":\""In Vivo\"",\""input_record_id\"":\""PEPML000011473\"",\""normalized_lower\"":\""\"",\""normalized_unit\"":\""h\"",\""normalized_upper\"":\""\"",\""normalized_value\"":\""0.285\"",\""row_role\"":\""curated_source_observation\"",\""source_raw_text\"":\""17.1 Minutes\"",\""tissue\"":\""\"",\""value_lower\"":\""\"",\""value_origin\"":\""curated_source_observation\"",\""value_upper\"":\""\""}"",""doi_pmid"":""PMID:36588717"",""evidence_tier"":""public_database_curated_experimental_numeric"",""input_dataset"":""governed_numeric_v12"",""license"":""redistribution_license_not_identified"",""quality_flags"":"""",""record_id"":""PV13:d42b9e60552de594be9fd048"",""review_reasons"":"""",""source_group_ids"":[""PMID:36588717""],""source_id"":""PEPlife2"",""source_record_id"":""4398"",""source_url"":""https://pubmed.ncbi.nlm.nih.gov/36588717/"",""upstream_observation_key"":""observation:d017ae0bd06d1b7f4cd36a7b8b9d1c01f3ddc005550556d4f5639f4b07cb88d5""}]"	unit_and_task_normalized_exact_observation_duplicate
MLOBS1:65d66101247d44eb4a313a16	PV13:1929537e70f0118f32966080	2	PV13:1929537e70f0118f32966080;PV13:cc3b3ea1c910e862fbde21e6	PEPlife2	"[[""28"",""="",""minutes"",""""]]"	"[{""context_json"":""{\""curation_status\"":\""\"",\""in_vivo_in_vitro\"":\""in vitro\"",\""input_record_id\"":\""PEPML000011064\"",\""normalized_lower\"":\""\"",\""normalized_unit\"":\""h\"",\""normalized_upper\"":\""\"",\""normalized_value\"":\""0.466666666667\"",\""row_role\"":\""curated_source_observation\"",\""source_raw_text\"":\""28 minutes\"",\""tissue\"":\""\"",\""value_lower\"":\""\"",\""value_origin\"":\""curated_source_observation\"",\""value_upper\"":\""\""}"",""doi_pmid"":""PMID:19422857"",""evidence_tier"":""public_database_curated_experimental_numeric"",""input_dataset"":""governed_numeric_v12"",""license"":""redistribution_license_not_identified"",""quality_flags"":"""",""record_id"":""PV13:1929537e70f0118f32966080"",""review_reasons"":""noncomparable_t1_semantics:brain_homogenate"",""source_group_ids"":[""PMID:19422857""],""source_id"":""PEPlife2"",""source_record_id"":""3196"",""source_url"":""https://pubmed.ncbi.nlm.nih.gov/19422857/"",""upstream_observation_key"":""observation:53441d435e7f41e479406a499c7837bdb119c19f1b2427a76b9d4f8f78403265""},{""context_json"":""{\""curation_status\"":\""\"",\""in_vivo_in_vitro\"":\""in vitro\"",\""input_record_id\"":\""PEPML000011063\"",\""normalized_lower\"":\""\"",\""normalized_unit\"":\""h\"",\""normalized_upper\"":\""\"",\""normalized_value\"":\""0.466666666667\"",\""row_role\"":\""curated_source_observation\"",\""source_raw_text\"":\""28 minutes\"",\""tissue\"":\""\"",\""value_lower\"":\""\"",\""value_origin\"":\""curated_source_observation\"",\""value_upper\"":\""\""}"",""doi_pmid"":""PMID:19422857"",""evidence_tier"":""public_database_curated_experimental_numeric"",""input_dataset"":""governed_numeric_v12"",""license"":""redistribution_license_not_identified"",""quality_flags"":"""",""record_id"":""PV13:cc3b3ea1c910e862fbde21e6"",""review_reasons"":""noncomparable_t1_semantics:brain_homogenate"",""source_group_ids"":[""PMID:19422857""],""source_id"":""PEPlife2"",""source_record_id"":""3195"",""source_url"":""https://pubmed.ncbi.nlm.nih.gov/19422857/"",""upstream_observation_key"":""observation:74d99bedc90c72aed0c240e72361a823911b9e2fa420ff4f2176bf5796256870""}]"	unit_and_task_normalized_exact_observation_duplicate
MLOBS1:67e92d68bbf98c971667c2c1	PV13:036cf28033f2bce89bf777c3	2	PV13:036cf28033f2bce89bf777c3;PV13:0d40694b4e3d497245f8bad7	PEPlife2	"[[""7.87"",""="",""Minutes"",""""]]"	"[{""context_json"":""{\""curation_status\"":\""\"",\""in_vivo_in_vitro\"":\""In Vivo\"",\""input_record_id\"":\""PEPML000011775\"",\""normalized_lower\"":\""\"",\""normalized_unit\"":\""h\"",\""normalized_upper\"":\""\"",\""normalized_value\"":\""0.131166666667\"",\""row_role\"":\""curated_source_observation\"",\""source_raw_text\"":\""7.87 Minutes\"",\""tissue\"":\""\"",\""value_lower\"":\""\"",\""value_origin\"":\""curated_source_observation\"",\""value_upper\"":\""\""}"",""doi_pmid"":""PMID:36588717"",""evidence_tier"":""public_database_curated_experimental_numeric"",""input_dataset"":""governed_numeric_v12"",""license"":""redistribution_license_not_identified"",""quality_flags"":"""",""record_id"":""PV13:036cf28033f2bce89bf777c3"",""review_reasons"":"""",""source_group_ids"":[""PMID:36588717""],""source_id"":""PEPlife2"",""source_record_id"":""4705"",""source_url"":""https://pubmed.ncbi.nlm.nih.gov/36588717/"",""upstream_observation_key"":""observation:d55780e1f36fdd769797585fcf17e1c9028e5b0e0da2f32b4252bcd3fd59afbb""},{""context_json"":""{\""curation_status\"":\""\"",\""in_vivo_in_vitro\"":\""In Vivo\"",\""input_record_id\"":\""PEPML000011472\"",\""normalized_lower\"":\""\"",\""normalized_unit\"":\""h\"",\""normalized_upper\"":\""\"",\""normalized_value\"":\""0.131166666667\"",\""row_role\"":\""curated_source_observation\"",\""source_raw_text\"":\""7.87 Minutes\"",\""tissue\"":\""\"",\""value_lower\"":\""\"",\""value_origin\"":\""curated_source_observation\"",\""value_upper\"":\""\""}"",""doi_pmid"":""PMID:36588717"",""evidence_tier"":""public_database_curated_experimental_numeric"",""input_dataset"":""governed_numeric_v12"",""license"":""redistribution_license_not_identified"",""quality_flags"":"""",""record_id"":""PV13:0d40694b4e3d497245f8bad7"",""review_reasons"":"""",""source_group_ids"":[""PMID:36588717""],""source_id"":""PEPlife2"",""source_record_id"":""4397"",""source_url"":""https://pubmed.ncbi.nlm.nih.gov/36588717/"",""upstream_observation_key"":""observation:d13f90a5b82f1c3fa3a67fd0a6d59bd6b49b3442d61d1c5a78ab085d4f063972""}]"	unit_and_task_normalized_exact_observation_duplicate
MLOBS1:6a38c8a33a9a98d0a701d660	PV13:2e9725dadf1273e6e897111d	2	PV13:2e9725dadf1273e6e897111d;PV13:ba3bf8c4e32c465b33e1bb46	CycPeptMPDB	"[[""-7"",""="",""source_log10_permeability"",""""]]"	"[{""context_json"":""{\""curation_status\"":\""\"",\""in_vivo_in_vitro\"":\""\"",\""input_record_id\"":\""PEPML000008457\"",\""normalized_lower\"":\""\"",\""normalized_unit\"":\""\"",\""normalized_upper\"":\""\"",\""normalized_value\"":\""\"",\""row_role\"":\""curated_source_observation\"",\""source_raw_text\"":\""value=-7.0; source=2023_Tanada; version=1.2; detection_note=; recovery=\"",\""tissue\"":\""\"",\""value_lower\"":\""\"",\""value_origin\"":\""curated_source_observation\"",\""value_upper\"":\""\""}"",""doi_pmid"":"""",""evidence_tier"":""public_database_curated_experimental"",""input_dataset"":""governed_numeric_v12"",""license"":""redistribution_license_not_identified"",""quality_flags"":""assay_specific_value;unit_requires_source_protocol_check"",""record_id"":""PV13:2e9725dadf1273e6e897111d"",""review_reasons"":"""",""source_group_ids"":[""SOURCE:cycpeptmpdb""],""source_id"":""CycPeptMPDB"",""source_record_id"":""8080"",""source_url"":""http://cycpeptmpdb.com/"",""upstream_observation_key"":""observation:7927bab54c258d00f45170ae802567a87d81ae6ccd09ab77b1d8f5bea82977f6""},{""context_json"":""{\""curation_status\"":\""\"",\""in_vivo_in_vitro\"":\""\"",\""input_record_id\"":\""PEPML000008780\"",\""normalized_lower\"":\""\"",\""normalized_unit\"":\""\"",\""normalized_upper\"":\""\"",\""normalized_value\"":\""\"",\""row_role\"":\""curated_source_observation\"",\""source_raw_text\"":\""value=-7.0; source=2024_Kage; version=1.2; detection_note=; recovery=\"",\""tissue\"":\""\"",\""value_lower\"":\""\"",\""value_origin\"":\""curated_source_observation\"",\""value_upper\"":\""\""}"",""doi_pmid"":"""",""evidence_tier"":""public_database_curated_experimental"",""input_dataset"":""governed_numeric_v12"",""license"":""redistribution_license_not_identified"",""quality_flags"":""assay_specific_value;unit_requires_source_protocol_check"",""record_id"":""PV13:ba3bf8c4e32c465b33e1bb46"",""review_reasons"":"""",""source_group_ids"":[""SOURCE:cycpeptmpdb""],""source_id"":""CycPeptMPDB"",""source_record_id"":""8376"",""source_url"":""http://cycpeptmpdb.com/"",""upstream_observation_key"":""observation:83c97a0378ade59e2a9d71eeaf0e135e0181f243618080b675623b2264fbae61""}]"	unit_and_task_normalized_exact_observation_duplicate
MLOBS1:6c39de7c165f75442e49a51b	PV13:1946eaafc72b926ec85eaf64	2	PV13:1946eaafc72b926ec85eaf64;PV13:c1fb50bce95eb619ae718bdb	CycPeptMPDB	"[[""-5.66"",""="",""source_log10_permeability"",""""]]"	"[{""context_json"":""{\""curation_status\"":\""\"",\""in_vivo_in_vitro\"":\""\"",\""input_record_id\"":\""PEPML000002252\"",\""normalized_lower\"":\""\"",\""normalized_unit\"":\""\"",\""normalized_upper\"":\""\"",\""normalized_value\"":\""\"",\""row_role\"":\""curated_source_observation\"",\""source_raw_text\"":\""value=-5.66; source=2018_CHUGAI; version=1.0; detection_note=; recovery=\"",\""tissue\"":\""\"",\""value_lower\"":\""\"",\""value_origin\"":\""curated_source_observation\"",\""value_upper\"":\""\""}"",""doi_pmid"":"""",""evidence_tier"":""public_database_curated_experimental"",""input_dataset"":""governed_numeric_v12"",""license"":""redistribution_license_not_identified"",""quality_flags"":""assay_specific_value;unit_requires_source_protocol_check"",""record_id"":""PV13:1946eaafc72b926ec85eaf64"",""review_reasons"":"""",""source_group_ids"":[""SOURCE:cycpeptmpdb""],""source_id"":""CycPeptMPDB"",""source_record_id"":""2116"",""source_url"":""http://cycpeptmpdb.com/"",""upstream_observation_key"":""observation:9ef32746b0b8dca26990dae4b36a66d5863611201b8a9472b87f87294e60729c""},{""context_json"":""{\""curation_status\"":\""\"",\""in_vivo_in_vitro\"":\""\"",\""input_record_id\"":\""PEPML000002146\"",\""normalized_lower\"":\""\"",\""normalized_unit\"":\""\"",\""normalized_upper\"":\""\"",\""normalized_value\"":\""\"",\""row_role\"":\""curated_source_observation\"",\""source_raw_text\"":\""value=-5.66; source=2018_CHUGAI; version=1.0; detection_note=; recovery=\"",\""tissue\"":\""\"",\""value_lower\"":\""\"",\""value_origin\"":\""curated_source_observation\"",\""value_upper\"":\""\""}"",""doi_pmid"":"""",""evidence_tier"":""public_database_curated_experimental"",""input_dataset"":""governed_numeric_v12"",""license"":""redistribution_license_not_identified"",""quality_flags"":""assay_specific_value;unit_requires_source_protocol_check"",""record_id"":""PV13:c1fb50bce95eb619ae718bdb"",""review_reasons"":"""",""source_group_ids"":[""SOURCE:cycpeptmpdb""],""source_id"":""CycPeptMPDB"",""source_record_id"":""2010"",""source_url"":""http://cycpeptmpdb.com/"",""upstream_observation_key"":""observation:71e8a43731740a5d671d6b6b0eea6981c5014395fb4f3aba6f27a7d201780910""}]"	unit_and_task_normalized_exact_observation_duplicate
MLOBS1:72dd20c77bd63ed17a7302af	PV13:254504a924653e02ed28ac87	2	PV13:254504a924653e02ed28ac87;PV13:e1c6385c16268a5ce7ee6231	PEPlife2	"[[""25.3"",""="",""Hours"",""""]]"	"[{""context_json"":""{\""curation_status\"":\""\"",\""in_vivo_in_vitro\"":\""In Vivo\"",\""input_record_id\"":\""PEPML000012723\"",\""normalized_lower\"":\""\"",\""normalized_unit\"":\""h\"",\""normalized_upper\"":\""\"",\""normalized_value\"":\""25.3\"",\""row_role\"":\""curated_source_observation\"",\""source_raw_text\"":\""25.3 (T1/2 Elimination Half life) Hours\"",\""tissue\"":\""\"",\""value_lower\"":\""\"",\""value_origin\"":\""curated_source_observation\"",\""value_upper\"":\""\""}"",""doi_pmid"":""PMID:30023916"",""evidence_tier"":""public_database_curated_experimental_numeric"",""input_dataset"":""governed_numeric_v12"",""license"":""redistribution_license_not_identified"",""quality_flags"":"""",""record_id"":""PV13:254504a924653e02ed28ac87"",""review_reasons"":"""",""source_group_ids"":[""PMID:30023916""],""source_id"":""PEPlife2"",""source_record_id"":""5685"",""source_url"":""https://pubmed.ncbi.nlm.nih.gov/30023916/"",""upstream_observation_key"":""observation:0ea0e152d16d41893aea5e7f0d2e340961e8dc44bd53057f53446743367377d5""},{""context_json"":""{\""curation_status\"":\""\"",\""in_vivo_in_vitro\"":\""In Vivo\"",\""input_record_id\"":\""PEPML000011884\"",\""normalized_lower\"":\""\"",\""normalized_unit\"":\""h\"",\""normalized_upper\"":\""\"",\""normalized_value\"":\""25.3\"",\""row_role\"":\""curated_source_observation\"",\""source_raw_text\"":\""25.3 (T1/2 Elimination Half Life) Hours\"",\""tissue\"":\""\"",\""value_lower\"":\""\"",\""value_origin\"":\""curated_source_observation\"",\""value_upper\"":\""\""}"",""doi_pmid"":""PMID:35259149"",""evidence_tier"":""public_database_curated_experimental_numeric"",""input_dataset"":""governed_numeric_v12"",""license"":""redistribution_license_not_identified"",""quality_flags"":"""",""record_id"":""PV13:e1c6385c16268a5ce7ee6231"",""review_reasons"":"""",""source_group_ids"":[""PMID:35259149""],""source_id"":""PEPlife2"",""source_record_id"":""4815"",""source_url"":""https://pubmed.ncbi.nlm.nih.gov/35259149/"",""upstream_observation_key"":""observation:93af5645caa2fc48fe2fdfb57e2ad61ae78f7ff10bea5400adaeba7cc702fbe7""}]"	unit_and_task_normalized_exact_observation_duplicate
MLOBS1:733b276e95069deabe004f32	PV13:197147106ebaf68264e3b9bf	3	PV13:197147106ebaf68264e3b9bf;PV13:4bd8352ccbc337bafb741fb3;PV13:678a5574a2f60c0efddbd0d4	CycPeptMPDB	"[[""-5.31"",""="",""source_log10_permeability"",""""]]"	"[{""context_json"":""{\""curation_status\"":\""\"",\""in_vivo_in_vitro\"":\""\"",\""input_record_id\"":\""PEPML000000025\"",\""normalized_lower\"":\""\"",\""normalized_unit\"":\""\"",\""normalized_upper\"":\""\"",\""normalized_value\"":\""\"",\""row_role\"":\""curated_source_observation\"",\""source_raw_text\"":\""value=-5.31; source=2011_White; version=1.0; detection_note=; recovery=\"",\""tissue\"":\""\"",\""value_lower\"":\""\"",\""value_origin\"":\""curated_source_observation\"",\""value_upper\"":\""\""}"",""doi_pmid"":"""",""evidence_tier"":""public_database_curated_experimental"",""input_dataset"":""governed_numeric_v12"",""license"":""redistribution_license_not_identified"",""quality_flags"":""assay_specific_value;unit_requires_source_protocol_check"",""record_id"":""PV13:197147106ebaf68264e3b9bf"",""review_reasons"":"""",""source_group_ids"":[""SOURCE:cycpeptmpdb""],""source_id"":""CycPeptMPDB"",""source_record_id"":""25"",""source_url"":""http://cycpeptmpdb.com/"",""upstream_observation_key"":""observation:58bdbd24e8814c0442e0be17ba0d927aed1444c596e3510a98b1cb131ae1ec54""},{""context_json"":""{\""curation_status\"":\""\"",\""in_vivo_in_vitro\"":\""\"",\""input_record_id\"":\""PEPML000000994\"",\""normalized_lower\"":\""\"",\""normalized_unit\"":\""\"",\""normalized_upper\"":\""\"",\""normalized_value\"":\""\"",\""row_role\"":\""curated_source_observation\"",\""source_raw_text\"":\""value=-5.31; source=2015_Bockus_1; version=1.0; detection_note=; recovery=\"",\""tissue\"":\""\"",\""value_lower\"":\""\"",\""value_origin\"":\""curated_source_observation\"",\""value_upper\"":\""\""}"",""doi_pmid"":"""",""evidence_tier"":""public_database_curated_experimental"",""input_dataset"":""governed_numeric_v12"",""license"":""redistribution_license_not_identified"",""quality_flags"":""assay_specific_value;unit_requires_source_protocol_check"",""record_id"":""PV13:4bd8352ccbc337bafb741fb3"",""review_reasons"":"""",""source_group_ids"":[""SOURCE:cycpeptmpdb""],""source_id"":""CycPeptMPDB"",""source_record_id"":""980"",""source_url"":""http://cycpeptmpdb.com/"",""upstream_observation_key"":""observation:1b9a60a4808593b1dd33c6a11f3748785c17f2a5ffb57d84ad9dec28d1385764""},{""context_json"":""{\""curation_status\"":\""\"",\""in_vivo_in_vitro\"":\""\"",\""input_record_id\"":\""PEPML000000033\"",\""normalized_lower\"":\""\"",\""normalized_unit\"":\""\"",\""normalized_upper\"":\""\"",\""normalized_value\"":\""\"",\""row_role\"":\""curated_source_observation\"",\""source_raw_text\"":\""value=-5.31; source=2012_Rand; version=1.0; detection_note=; recovery=53.7\"",\""tissue\"":\""\"",\""value_lower\"":\""\"",\""value_origin\"":\""curated_source_observation\"",\""value_upper\"":\""\""}"",""doi_pmid"":"""",""evidence_tier"":""public_database_curated_experimental"",""input_dataset"":""governed_numeric_v12"",""license"":""redistribution_license_not_identified"",""quality_flags"":""assay_specific_value;unit_requires_source_protocol_check;recovery_value_present"",""record_id"":""PV13:678a5574a2f60c0efddbd0d4"",""review_reasons"":"""",""source_group_ids"":[""SOURCE:cycpeptmpdb""],""source_id"":""CycPeptMPDB"",""source_record_id"":""32"",""source_url"":""http://cycpeptmpdb.com/"",""upstream_observation_key"":""observation:244646b68d5658d0952aa5c2c3252a78f773d0f5f096c2c85b807e94055a3861""}]"	unit_and_task_normalized_exact_observation_duplicate
MLOBS1:75aacd7ce6300ec13e2d3caf	PV13:4a411acbb5998f9e570cc328	2	PV13:4a411acbb5998f9e570cc328;PV13:c7b384c3ffe4451663325a56	CycPeptMPDB	"[[""-5.52"",""="",""source_log10_permeability"",""""]]"	"[{""context_json"":""{\""curation_status\"":\""\"",\""in_vivo_in_vitro\"":\""\"",\""input_record_id\"":\""PEPML000002488\"",\""normalized_lower\"":\""\"",\""normalized_unit\"":\""\"",\""normalized_upper\"":\""\"",\""normalized_value\"":\""\"",\""row_role\"":\""curated_source_observation\"",\""source_raw_text\"":\""value=-5.52; source=2018_Naylor; version=1.0; detection_note=; recovery=\"",\""tissue\"":\""\"",\""value_lower\"":\""\"",\""value_origin\"":\""curated_source_observation\"",\""value_upper\"":\""\""}"",""doi_pmid"":"""",""evidence_tier"":""public_database_curated_experimental"",""input_dataset"":""governed_numeric_v12"",""license"":""redistribution_license_not_identified"",""quality_flags"":""assay_specific_value;unit_requires_source_protocol_check"",""record_id"":""PV13:4a411acbb5998f9e570cc328"",""review_reasons"":"""",""source_group_ids"":[""SOURCE:cycpeptmpdb""],""source_id"":""CycPeptMPDB"",""source_record_id"":""2328"",""source_url"":""http://cycpeptmpdb.com/"",""upstream_observation_key"":""observation:61937df302a8906aa31736b3d48f94f2e7fc02401f9956677b8aec92b6173d21""},{""context_json"":""{\""curation_status\"":\""\"",\""in_vivo_in_vitro\"":\""\"",\""input_record_id\"":\""PEPML000000993\"",\""normalized_lower\"":\""\"",\""normalized_unit\"":\""\"",\""normalized_upper\"":\""\"",\""normalized_value\"":\""\"",\""row_role\"":\""curated_source_observation\"",\""source_raw_text\"":\""value=-5.52; source=2015_Bockus_1; version=1.0; detection_note=; recovery=\"",\""tissue\"":\""\"",\""value_lower\"":\""\"",\""value_origin\"":\""curated_source_observation\"",\""value_upper\"":\""\""}"",""doi_pmid"":"""",""evidence_tier"":""public_database_curated_experimental"",""input_dataset"":""governed_numeric_v12"",""license"":""redistribution_license_not_identified"",""quality_flags"":""assay_specific_value;unit_requires_source_protocol_check"",""record_id"":""PV13:c7b384c3ffe4451663325a56"",""review_reasons"":"""",""source_group_ids"":[""SOURCE:cycpeptmpdb""],""source_id"":""CycPeptMPDB"",""source_record_id"":""980"",""source_url"":""http://cycpeptmpdb.com/"",""upstream_observation_key"":""observation:333c8d7c2976e36da35e21a5c78be2693247a439e09c6f1f8a348075a473e2ba""}]"	unit_and_task_normalized_exact_observation_duplicate
MLOBS1:7d1e59784e9e6d10d133c1e9	PV13:09035fd729be035bb772bf89	3	PV13:09035fd729be035bb772bf89;PV13:360b5b27b7b64b60ffbe45af;PV13:bee0591ab5c69eb1dbb2bd0b	CycPeptMPDB	"[[""-5.82"",""="",""source_log10_permeability"",""""]]"	"[{""context_json"":""{\""curation_status\"":\""\"",\""in_vivo_in_vitro\"":\""\"",\""input_record_id\"":\""PEPML000002152\"",\""normalized_lower\"":\""\"",\""normalized_unit\"":\""\"",\""normalized_upper\"":\""\"",\""normalized_value\"":\""\"",\""row_role\"":\""curated_source_observation\"",\""source_raw_text\"":\""value=-5.82; source=2018_CHUGAI; version=1.0; detection_note=; recovery=\"",\""tissue\"":\""\"",\""value_lower\"":\""\"",\""value_origin\"":\""curated_source_observation\"",\""value_upper\"":\""\""}"",""doi_pmid"":"""",""evidence_tier"":""public_database_curated_experimental"",""input_dataset"":""governed_numeric_v12"",""license"":""redistribution_license_not_identified"",""quality_flags"":""assay_specific_value;unit_requires_source_protocol_check"",""record_id"":""PV13:09035fd729be035bb772bf89"",""review_reasons"":"""",""source_group_ids"":[""SOURCE:cycpeptmpdb""],""source_id"":""CycPeptMPDB"",""source_record_id"":""2016"",""source_url"":""http://cycpeptmpdb.com/"",""upstream_observation_key"":""observation:12e508179a32d78d98fbf2a05250680376e5b302352d1e1b30a80b2058a16292""},{""context_json"":""{\""curation_status\"":\""\"",\""in_vivo_in_vitro\"":\""\"",\""input_record_id\"":\""PEPML000002274\"",\""normalized_lower\"":\""\"",\""normalized_unit\"":\""\"",\""normalized_upper\"":\""\"",\""normalized_value\"":\""\"",\""row_role\"":\""curated_source_observation\"",\""source_raw_text\"":\""value=-5.82; source=2018_CHUGAI; version=1.0; detection_note=; recovery=\"",\""tissue\"":\""\"",\""value_lower\"":\""\"",\""value_origin\"":\""curated_source_observation\"",\""value_upper\"":\""\""}"",""doi_pmid"":"""",""evidence_tier"":""public_database_curated_experimental"",""input_dataset"":""governed_numeric_v12"",""license"":""redistribution_license_not_identified"",""quality_flags"":""assay_specific_value;unit_requires_source_protocol_check"",""record_id"":""PV13:360b5b27b7b64b60ffbe45af"",""review_reasons"":"""",""source_group_ids"":[""SOURCE:cycpeptmpdb""],""source_id"":""CycPeptMPDB"",""source_record_id"":""2138"",""source_url"":""http://cycpeptmpdb.com/"",""upstream_observation_key"":""observation:6ec8b2f2d1aa752d3bf52d82096fdf93d208b1d762e5c7dee5e5f60dde379df4""},{""context_json"":""{\""curation_status\"":\""\"",\""in_vivo_in_vitro\"":\""\"",\""input_record_id\"":\""PEPML000008291\"",\""normalized_lower\"":\""\"",\""normalized_unit\"":\""\"",\""normalized_upper\"":\""\"",\""normalized_value\"":\""\"",\""row_role\"":\""curated_source_observation\"",\""source_raw_text\"":\""value=-5.82; source=2023_Ohta; version=1.2; detection_note=; recovery=\"",\""tissue\"":\""\"",\""value_lower\"":\""\"",\""value_origin\"":\""curated_source_observation\"",\""value_upper\"":\""\""}"",""doi_pmid"":"""",""evidence_tier"":""public_database_curated_experimental"",""input_dataset"":""governed_numeric_v12"",""license"":""redistribution_license_not_identified"",""quality_flags"":""assay_specific_value;unit_requires_source_protocol_check"",""record_id"":""PV13:bee0591ab5c69eb1dbb2bd0b"",""review_reasons"":"""",""source_group_ids"":[""SOURCE:cycpeptmpdb""],""source_id"":""CycPeptMPDB"",""source_record_id"":""7914"",""source_url"":""http://cycpeptmpdb.com/"",""upstream_observation_key"":""observation:49d1c8c3880e8b34b45b2fd8cb650f0cc0f9e8e15d23e70c04f708df20653238""}]"	unit_and_task_normalized_exact_observation_duplicate
MLOBS1:80b7d86acc6690204fd44461	PV13:0aa5c6889970e839b2bdf503	3	PV13:0aa5c6889970e839b2bdf503;PV13:432757415f252393b9f209f2;PV13:db10c9e1f14249a070fdfdec	PEPlife2	"[[""1.8"",""="",""Hours"",""""]]"	"[{""context_json"":""{\""curation_status\"":\""\"",\""in_vivo_in_vitro\"":\""In Vivo\"",\""input_record_id\"":\""PEPML000012975\"",\""normalized_lower\"":\""\"",\""normalized_unit\"":\""h\"",\""normalized_upper\"":\""\"",\""normalized_value\"":\""1.8\"",\""row_role\"":\""curated_source_observation\"",\""source_raw_text\"":\""1.8 Hours\"",\""tissue\"":\""\"",\""value_lower\"":\""\"",\""value_origin\"":\""curated_source_observation\"",\""value_upper\"":\""\""}"",""doi_pmid"":""PMID:28932995"",""evidence_tier"":""public_database_curated_experimental_numeric"",""input_dataset"":""governed_numeric_v12"",""license"":""redistribution_license_not_identified"",""quality_flags"":"""",""record_id"":""PV13:0aa5c6889970e839b2bdf503"",""review_reasons"":"""",""source_group_ids"":[""PMID:28932995""],""source_id"":""PEPlife2"",""source_record_id"":""5938"",""source_url"":""https://pubmed.ncbi.nlm.nih.gov/28932995/"",""upstream_observation_key"":""observation:2f23ae9670d514522433a168983ea410c5b42e8f8637dad164a4065f460d1824""},{""context_json"":""{\""curation_status\"":\""\"",\""in_vivo_in_vitro\"":\""In Vivo\"",\""input_record_id\"":\""PEPML000012968\"",\""normalized_lower\"":\""\"",\""normalized_unit\"":\""h\"",\""normalized_upper\"":\""\"",\""normalized_value\"":\""1.8\"",\""row_role\"":\""curated_source_observation\"",\""source_raw_text\"":\""1.8 Hours\"",\""tissue\"":\""\"",\""value_lower\"":\""\"",\""value_origin\"":\""curated_source_observation\"",\""value_upper\"":\""\""}"",""doi_pmid"":""PMID:28932995"",""evidence_tier"":""public_database_curated_experimental_numeric"",""input_dataset"":""governed_numeric_v12"",""license"":""redistribution_license_not_identified"",""quality_flags"":"""",""record_id"":""PV13:432757415f252393b9f209f2"",""review_reasons"":"""",""source_group_ids"":[""PMID:28932995""],""source_id"":""PEPlife2"",""source_record_id"":""5931"",""source_url"":""https://pubmed.ncbi.nlm.nih.gov/28932995/"",""upstream_observation_key"":""observation:e3a6494763921ad739cff3cf5ca2923e3ab0f3e7de8c68ad8459abf3e9f1f882""},{""context_json"":""{\""curation_status\"":\""\"",\""in_vivo_in_vitro\"":\""In Vivo\"",\""input_record_id\"":\""PEPML000012970\"",\""normalized_lower\"":\""\"",\""normalized_unit\"":\""h\"",\""normalized_upper\"":\""\"",\""normalized_value\"":\""1.8\"",\""row_role\"":\""curated_source_observation\"",\""source_raw_text\"":\""1.8 Hours\"",\""tissue\"":\""\"",\""value_lower\"":\""\"",\""value_origin\"":\""curated_source_observation\"",\""value_upper\"":\""\""}"",""doi_pmid"":""PMID:28932995"",""evidence_tier"":""public_database_curated_experimental_numeric"",""input_dataset"":""governed_numeric_v12"",""license"":""redistribution_license_not_identified"",""quality_flags"":"""",""record_id"":""PV13:db10c9e1f14249a070fdfdec"",""review_reasons"":"""",""source_group_ids"":[""PMID:28932995""],""source_id"":""PEPlife2"",""source_record_id"":""5933"",""source_url"":""https://pubmed.ncbi.nlm.nih.gov/28932995/"",""upstream_observation_key"":""observation:09073df32e498ed1b68c462e11546cfd3e2ecea7848f179bbc1df0ae39464e6b""}]"	unit_and_task_normalized_exact_observation_duplicate
MLOBS1:82240684fa489510e11138f9	PV13:1c714785ca0ce8a604b3a8fd	2	PV13:1c714785ca0ce8a604b3a8fd;PV13:e1396f24b0bc3347fd4b02ba	CycPeptMPDB	"[[""-5.82"",""="",""source_log10_permeability"",""""]]"	"[{""context_json"":""{\""curation_status\"":\""\"",\""in_vivo_in_vitro\"":\""\"",\""input_record_id\"":\""PEPML000002276\"",\""normalized_lower\"":\""\"",\""normalized_unit\"":\""\"",\""normalized_upper\"":\""\"",\""normalized_value\"":\""\"",\""row_role\"":\""curated_source_observation\"",\""source_raw_text\"":\""value=-5.82; source=2018_CHUGAI; version=1.0; detection_note=; recovery=\"",\""tissue\"":\""\"",\""value_lower\"":\""\"",\""value_origin\"":\""curated_source_observation\"",\""value_upper\"":\""\""}"",""doi_pmid"":"""",""evidence_tier"":""public_database_curated_experimental"",""input_dataset"":""governed_numeric_v12"",""license"":""redistribution_license_not_identified"",""quality_flags"":""assay_specific_value;unit_requires_source_protocol_check"",""record_id"":""PV13:1c714785ca0ce8a604b3a8fd"",""review_reasons"":"""",""source_group_ids"":[""SOURCE:cycpeptmpdb""],""source_id"":""CycPeptMPDB"",""source_record_id"":""2140"",""source_url"":""http://cycpeptmpdb.com/"",""upstream_observation_key"":""observation:8f7cf668bf1581114fcdf9d895bb12ad0fff8da8ff57142189ad61e90a3e4312""},{""context_json"":""{\""curation_status\"":\""\"",\""in_vivo_in_vitro\"":\""\"",\""input_record_id\"":\""PEPML000002151\"",\""normalized_lower\"":\""\"",\""normalized_unit\"":\""\"",\""normalized_upper\"":\""\"",\""normalized_value\"":\""\"",\""row_role\"":\""curated_source_observation\"",\""source_raw_text\"":\""value=-5.82; source=2018_CHUGAI; version=1.0; detection_note=; recovery=\"",\""tissue\"":\""\"",\""value_lower\"":\""\"",\""value_origin\"":\""curated_source_observation\"",\""value_upper\"":\""\""}"",""doi_pmid"":"""",""evidence_tier"":""public_database_curated_experimental"",""input_dataset"":""governed_numeric_v12"",""license"":""redistribution_license_not_identified"",""quality_flags"":""assay_specific_value;unit_requires_source_protocol_check"",""record_id"":""PV13:e1396f24b0bc3347fd4b02ba"",""review_reasons"":"""",""source_group_ids"":[""SOURCE:cycpeptmpdb""],""source_id"":""CycPeptMPDB"",""source_record_id"":""2015"",""source_url"":""http://cycpeptmpdb.com/"",""upstream_observation_key"":""observation:fb3d670efd7b414d6641aff6aae0721d80e0e394f6c4b9ced3eabee4a58a594f""}]"	unit_and_task_normalized_exact_observation_duplicate
MLOBS1:93826a4b87db6384392a6e11	PV13:251f1aaa698e6acba5ba7407	2	PV13:251f1aaa698e6acba5ba7407;PV13:749d28629b67a9dda6230594	CycPeptMPDB	"[[""-6.958607315"",""="",""source_log10_permeability"",""""]]"	"[{""context_json"":""{\""curation_status\"":\""\"",\""in_vivo_in_vitro\"":\""\"",\""input_record_id\"":\""PEPML000008775\"",\""normalized_lower\"":\""\"",\""normalized_unit\"":\""\"",\""normalized_upper\"":\""\"",\""normalized_value\"":\""\"",\""row_role\"":\""curated_source_observation\"",\""source_raw_text\"":\""value=-6.958607315; source=2024_Kage; version=1.2; detection_note=; recovery=\"",\""tissue\"":\""\"",\""value_lower\"":\""\"",\""value_origin\"":\""curated_source_observation\"",\""value_upper\"":\""\""}"",""doi_pmid"":"""",""evidence_tier"":""public_database_curated_experimental"",""input_dataset"":""governed_numeric_v12"",""license"":""redistribution_license_not_identified"",""quality_flags"":""assay_specific_value;unit_requires_source_protocol_check"",""record_id"":""PV13:251f1aaa698e6acba5ba7407"",""review_reasons"":"""",""source_group_ids"":[""SOURCE:cycpeptmpdb""],""source_id"":""CycPeptMPDB"",""source_record_id"":""8371"",""source_url"":""http://cycpeptmpdb.com/"",""upstream_observation_key"":""observation:816e13d469bdee603b0e7086d9f51e25e1dcc0d4b1f97028a1d2d15759aecbf0""},{""context_json"":""{\""curation_status\"":\""\"",\""in_vivo_in_vitro\"":\""\"",\""input_record_id\"":\""PEPML000008450\"",\""normalized_lower\"":\""\"",\""normalized_unit\"":\""\"",\""normalized_upper\"":\""\"",\""normalized_value\"":\""\"",\""row_role\"":\""curated_source_observation\"",\""source_raw_text\"":\""value=-6.958607315; source=2023_Tanada; version=1.2; detection_note=; recovery=\"",\""tissue\"":\""\"",\""value_lower\"":\""\"",\""value_origin\"":\""curated_source_observation\"",\""value_upper\"":\""\""}"",""doi_pmid"":"""",""evidence_tier"":""public_database_curated_experimental"",""input_dataset"":""governed_numeric_v12"",""license"":""redistribution_license_not_identified"",""quality_flags"":""assay_specific_value;unit_requires_source_protocol_check"",""record_id"":""PV13:749d28629b67a9dda6230594"",""review_reasons"":"""",""source_group_ids"":[""SOURCE:cycpeptmpdb""],""source_id"":""CycPeptMPDB"",""source_record_id"":""8073"",""source_url"":""http://cycpeptmpdb.com/"",""upstream_observation_key"":""observation:b62fb9afdab758bedd9116ce9967fd9ef0aa20b27f749d1ca986aa4ae43f3f90""}]"	unit_and_task_normalized_exact_observation_duplicate
MLOBS1:9d5dcfad81aca62e22874ea9	PV13:207daef61176e52c71e0f75d	3	PV13:207daef61176e52c71e0f75d;PV13:4035e31f58ccb9ea1ee0aa14;PV13:b111f937fd99e8d7584b21ea	CycPeptMPDB	"[[""-5.72"",""="",""source_log10_permeability"",""""]]"	"[{""context_json"":""{\""curation_status\"":\""\"",\""in_vivo_in_vitro\"":\""\"",\""input_record_id\"":\""PEPML000002148\"",\""normalized_lower\"":\""\"",\""normalized_unit\"":\""\"",\""normalized_upper\"":\""\"",\""normalized_value\"":\""\"",\""row_role\"":\""curated_source_observation\"",\""source_raw_text\"":\""value=-5.72; source=2018_CHUGAI; version=1.0; detection_note=; recovery=\"",\""tissue\"":\""\"",\""value_lower\"":\""\"",\""value_origin\"":\""curated_source_observation\"",\""value_upper\"":\""\""}"",""doi_pmid"":"""",""evidence_tier"":""public_database_curated_experimental"",""input_dataset"":""governed_numeric_v12"",""license"":""redistribution_license_not_identified"",""quality_flags"":""assay_specific_value;unit_requires_source_protocol_check"",""record_id"":""PV13:207daef61176e52c71e0f75d"",""review_reasons"":"""",""source_group_ids"":[""SOURCE:cycpeptmpdb""],""source_id"":""CycPeptMPDB"",""source_record_id"":""2012"",""source_url"":""http://cycpeptmpdb.com/"",""upstream_observation_key"":""observation:75ad262354b54a6aed3653b5b450cf4c343de21e351fdd45b68c8366056b7e9b""},{""context_json"":""{\""curation_status\"":\""\"",\""in_vivo_in_vitro\"":\""\"",\""input_record_id\"":\""PEPML000008290\"",\""normalized_lower\"":\""\"",\""normalized_unit\"":\""\"",\""normalized_upper\"":\""\"",\""normalized_value\"":\""\"",\""row_role\"":\""curated_source_observation\"",\""source_raw_text\"":\""value=-5.72; source=2023_Ohta; version=1.2; detection_note=; recovery=\"",\""tissue\"":\""\"",\""value_lower\"":\""\"",\""value_origin\"":\""curated_source_observation\"",\""value_upper\"":\""\""}"",""doi_pmid"":"""",""evidence_tier"":""public_database_curated_experimental"",""input_dataset"":""governed_numeric_v12"",""license"":""redistribution_license_not_identified"",""quality_flags"":""assay_specific_value;unit_requires_source_protocol_check"",""record_id"":""PV13:4035e31f58ccb9ea1ee0aa14"",""review_reasons"":"""",""source_group_ids"":[""SOURCE:cycpeptmpdb""],""source_id"":""CycPeptMPDB"",""source_record_id"":""7913"",""source_url"":""http://cycpeptmpdb.com/"",""upstream_observation_key"":""observation:7dfa78e56daa9e3ae3f30083975cfcc4d923314b90d53ec7cd07600341a742f8""},{""context_json"":""{\""curation_status\"":\""\"",\""in_vivo_in_vitro\"":\""\"",\""input_record_id\"":\""PEPML000002251\"",\""normalized_lower\"":\""\"",\""normalized_unit\"":\""\"",\""normalized_upper\"":\""\"",\""normalized_value\"":\""\"",\""row_role\"":\""curated_source_observation\"",\""source_raw_text\"":\""value=-5.72; source=2018_CHUGAI; version=1.0; detection_note=; recovery=\"",\""tissue\"":\""\"",\""value_lower\"":\""\"",\""value_origin\"":\""curated_source_observation\"",\""value_upper\"":\""\""}"",""doi_pmid"":"""",""evidence_tier"":""public_database_curated_experimental"",""input_dataset"":""governed_numeric_v12"",""license"":""redistribution_license_not_identified"",""quality_flags"":""assay_specific_value;unit_requires_source_protocol_check"",""record_id"":""PV13:b111f937fd99e8d7584b21ea"",""review_reasons"":"""",""source_group_ids"":[""SOURCE:cycpeptmpdb""],""source_id"":""CycPeptMPDB"",""source_record_id"":""2115"",""source_url"":""http://cycpeptmpdb.com/"",""upstream_observation_key"":""observation:583f66f7fe66904e35ca7d74be10a7c640856530d47c121d631bf418a5c30ab8""}]"	unit_and_task_normalized_exact_observation_duplicate
MLOBS1:ad3268cc13348c84087cac50	PV13:b5ae3d37ec98f9ba5144f7b7	2	PV13:b5ae3d37ec98f9ba5144f7b7;PV13:f02765c003a5ced18cec1e74	PEPlife2	"[[""11"",""~"",""seconds"",""""]]"	"[{""context_json"":""{\""curation_status\"":\""\"",\""in_vivo_in_vitro\"":\""in vivo\"",\""input_record_id\"":\""PEPML000009554\"",\""normalized_lower\"":\""\"",\""normalized_unit\"":\""h\"",\""normalized_upper\"":\""\"",\""normalized_value\"":\""0.00305555555556\"",\""row_role\"":\""curated_source_observation\"",\""source_raw_text\"":\""~11 \\u00b11 seconds\"",\""tissue\"":\""\"",\""value_lower\"":\""\"",\""value_origin\"":\""curated_source_observation\"",\""value_upper\"":\""\""}"",""doi_pmid"":""PMID:9740616"",""evidence_tier"":""public_database_curated_experimental_numeric"",""input_dataset"":""governed_numeric_v12"",""license"":""redistribution_license_not_identified"",""quality_flags"":"""",""record_id"":""PV13:b5ae3d37ec98f9ba5144f7b7"",""review_reasons"":"""",""source_group_ids"":[""PMID:9740616""],""source_id"":""PEPlife2"",""source_record_id"":""1674"",""source_url"":""https://pubmed.ncbi.nlm.nih.gov/9740616/"",""upstream_observation_key"":""observation:1bd69018bc148d70bd2ec5a4d25c15cda6c3c3aaa315a629b08478e20e24091d""},{""context_json"":""{\""curation_status\"":\""\"",\""in_vivo_in_vitro\"":\""in vivo\"",\""input_record_id\"":\""PEPML000009553\"",\""normalized_lower\"":\""\"",\""normalized_unit\"":\""h\"",\""normalized_upper\"":\""\"",\""normalized_value\"":\""0.00305555555556\"",\""row_role\"":\""curated_source_observation\"",\""source_raw_text\"":\""~11 \\u00b11 seconds\"",\""tissue\"":\""\"",\""value_lower\"":\""\"",\""value_origin\"":\""curated_source_observation\"",\""value_upper\"":\""\""}"",""doi_pmid"":""PMID:9740616"",""evidence_tier"":""public_database_curated_experimental_numeric"",""input_dataset"":""governed_numeric_v12"",""license"":""redistribution_license_not_identified"",""quality_flags"":"""",""record_id"":""PV13:f02765c003a5ced18cec1e74"",""review_reasons"":"""",""source_group_ids"":[""PMID:9740616""],""source_id"":""PEPlife2"",""source_record_id"":""1673"",""source_url"":""https://pubmed.ncbi.nlm.nih.gov/9740616/"",""upstream_observation_key"":""observation:8685c66db2e4d60e084de75ea719e4742bacfd60b24708ec01199e63ac31c51b""}]"	unit_and_task_normalized_exact_observation_duplicate
MLOBS1:ae9d32bda649a0bf8648b74f	PV13:6c88bb469d9bf82a05853389	2	PV13:6c88bb469d9bf82a05853389;PV13:a1e7a110d655a74702817ab7	CycPeptMPDB	"[[""-5.6"",""="",""source_log10_permeability"",""""]]"	"[{""context_json"":""{\""curation_status\"":\""\"",\""in_vivo_in_vitro\"":\""\"",\""input_record_id\"":\""PEPML000002279\"",\""normalized_lower\"":\""\"",\""normalized_unit\"":\""\"",\""normalized_upper\"":\""\"",\""normalized_value\"":\""\"",\""row_role\"":\""curated_source_observation\"",\""source_raw_text\"":\""value=-5.6; source=2018_CHUGAI; version=1.0; detection_note=; recovery=\"",\""tissue\"":\""\"",\""value_lower\"":\""\"",\""value_origin\"":\""curated_source_observation\"",\""value_upper\"":\""\""}"",""doi_pmid"":"""",""evidence_tier"":""public_database_curated_experimental"",""input_dataset"":""governed_numeric_v12"",""license"":""redistribution_license_not_identified"",""quality_flags"":""assay_specific_value;unit_requires_source_protocol_check"",""record_id"":""PV13:6c88bb469d9bf82a05853389"",""review_reasons"":"""",""source_group_ids"":[""SOURCE:cycpeptmpdb""],""source_id"":""CycPeptMPDB"",""source_record_id"":""2143"",""source_url"":""http://cycpeptmpdb.com/"",""upstream_observation_key"":""observation:d4df640eb560e3c695d6bb62dd7c91c0b11e1460bd7178c2b6959526f3aa0e4e""},{""context_json"":""{\""curation_status\"":\""\"",\""in_vivo_in_vitro\"":\""\"",\""input_record_id\"":\""PEPML000002139\"",\""normalized_lower\"":\""\"",\""normalized_unit\"":\""\"",\""normalized_upper\"":\""\"",\""normalized_value\"":\""\"",\""row_role\"":\""curated_source_observation\"",\""source_raw_text\"":\""value=-5.6; source=2018_CHUGAI; version=1.0; detection_note=; recovery=\"",\""tissue\"":\""\"",\""value_lower\"":\""\"",\""value_origin\"":\""curated_source_observation\"",\""value_upper\"":\""\""}"",""doi_pmid"":"""",""evidence_tier"":""public_database_curated_experimental"",""input_dataset"":""governed_numeric_v12"",""license"":""redistribution_license_not_identified"",""quality_flags"":""assay_specific_value;unit_requires_source_protocol_check"",""record_id"":""PV13:a1e7a110d655a74702817ab7"",""review_reasons"":"""",""source_group_ids"":[""SOURCE:cycpeptmpdb""],""source_id"":""CycPeptMPDB"",""source_record_id"":""2003"",""source_url"":""http://cycpeptmpdb.com/"",""upstream_observation_key"":""observation:0cd74f08bb28b30a1934edd1e8d45b25b7326e6a9fa9b5854ae94492673cdbe0""}]"	unit_and_task_normalized_exact_observation_duplicate
MLOBS1:b1a9ddecf8e6d47766c506a3	PV13:436f62d062f8e8d193b53e36	2	PV13:436f62d062f8e8d193b53e36;PV13:f5446509a3354a308de4e5a3	CycPeptMPDB	"[[""-5.89"",""="",""source_log10_permeability"",""""]]"	"[{""context_json"":""{\""curation_status\"":\""\"",\""in_vivo_in_vitro\"":\""\"",\""input_record_id\"":\""PEPML000002253\"",\""normalized_lower\"":\""\"",\""normalized_unit\"":\""\"",\""normalized_upper\"":\""\"",\""normalized_value\"":\""\"",\""row_role\"":\""curated_source_observation\"",\""source_raw_text\"":\""value=-5.89; source=2018_CHUGAI; version=1.0; detection_note=; recovery=\"",\""tissue\"":\""\"",\""value_lower\"":\""\"",\""value_origin\"":\""curated_source_observation\"",\""value_upper\"":\""\""}"",""doi_pmid"":"""",""evidence_tier"":""public_database_curated_experimental"",""input_dataset"":""governed_numeric_v12"",""license"":""redistribution_license_not_identified"",""quality_flags"":""assay_specific_value;unit_requires_source_protocol_check"",""record_id"":""PV13:436f62d062f8e8d193b53e36"",""review_reasons"":"""",""source_group_ids"":[""SOURCE:cycpeptmpdb""],""source_id"":""CycPeptMPDB"",""source_record_id"":""2117"",""source_url"":""http://cycpeptmpdb.com/"",""upstream_observation_key"":""observation:260e44b0ffbad64b0e459bcde8114d7691d1e359c38f1ef2a088a4492913b16a""},{""context_json"":""{\""curation_status\"":\""\"",\""in_vivo_in_vitro\"":\""\"",\""input_record_id\"":\""PEPML000002149\"",\""normalized_lower\"":\""\"",\""normalized_unit\"":\""\"",\""normalized_upper\"":\""\"",\""normalized_value\"":\""\"",\""row_role\"":\""curated_source_observation\"",\""source_raw_text\"":\""value=-5.89; source=2018_CHUGAI; version=1.0; detection_note=; recovery=\"",\""tissue\"":\""\"",\""value_lower\"":\""\"",\""value_origin\"":\""curated_source_observation\"",\""value_upper\"":\""\""}"",""doi_pmid"":"""",""evidence_tier"":""public_database_curated_experimental"",""input_dataset"":""governed_numeric_v12"",""license"":""redistribution_license_not_identified"",""quality_flags"":""assay_specific_value;unit_requires_source_protocol_check"",""record_id"":""PV13:f5446509a3354a308de4e5a3"",""review_reasons"":"""",""source_group_ids"":[""SOURCE:cycpeptmpdb""],""source_id"":""CycPeptMPDB"",""source_record_id"":""2013"",""source_url"":""http://cycpeptmpdb.com/"",""upstream_observation_key"":""observation:db26db6410087128b7e81ba4c154d7d159c6a8d8b157c85fe3e263b634b6d030""}]"	unit_and_task_normalized_exact_observation_duplicate
MLOBS1:b54ae106c05886fdcd2a91b7	PV13:49a9e4d84c95454c40178f7d	2	PV13:49a9e4d84c95454c40178f7d;PV13:d0e1662056ddf3cce438c593	CycPeptMPDB	"[[""-5.96"",""="",""source_log10_permeability"",""""]]"	"[{""context_json"":""{\""curation_status\"":\""\"",\""in_vivo_in_vitro\"":\""\"",\""input_record_id\"":\""PEPML000002142\"",\""normalized_lower\"":\""\"",\""normalized_unit\"":\""\"",\""normalized_upper\"":\""\"",\""normalized_value\"":\""\"",\""row_role\"":\""curated_source_observation\"",\""source_raw_text\"":\""value=-5.96; source=2018_CHUGAI; version=1.0; detection_note=; recovery=\"",\""tissue\"":\""\"",\""value_lower\"":\""\"",\""value_origin\"":\""curated_source_observation\"",\""value_upper\"":\""\""}"",""doi_pmid"":"""",""evidence_tier"":""public_database_curated_experimental"",""input_dataset"":""governed_numeric_v12"",""license"":""redistribution_license_not_identified"",""quality_flags"":""assay_specific_value;unit_requires_source_protocol_check"",""record_id"":""PV13:49a9e4d84c95454c40178f7d"",""review_reasons"":"""",""source_group_ids"":[""SOURCE:cycpeptmpdb""],""source_id"":""CycPeptMPDB"",""source_record_id"":""2006"",""source_url"":""http://cycpeptmpdb.com/"",""upstream_observation_key"":""observation:d10c207d77a60dff22a9bc8e6f3b2eb5c350113444faaba63c9f3cfaa2ada794""},{""context_json"":""{\""curation_status\"":\""\"",\""in_vivo_in_vitro\"":\""\"",\""input_record_id\"":\""PEPML000002256\"",\""normalized_lower\"":\""\"",\""normalized_unit\"":\""\"",\""normalized_upper\"":\""\"",\""normalized_value\"":\""\"",\""row_role\"":\""curated_source_observation\"",\""source_raw_text\"":\""value=-5.96; source=2018_CHUGAI; version=1.0; detection_note=; recovery=\"",\""tissue\"":\""\"",\""value_lower\"":\""\"",\""value_origin\"":\""curated_source_observation\"",\""value_upper\"":\""\""}"",""doi_pmid"":"""",""evidence_tier"":""public_database_curated_experimental"",""input_dataset"":""governed_numeric_v12"",""license"":""redistribution_license_not_identified"",""quality_flags"":""assay_specific_value;unit_requires_source_protocol_check"",""record_id"":""PV13:d0e1662056ddf3cce438c593"",""review_reasons"":"""",""source_group_ids"":[""SOURCE:cycpeptmpdb""],""source_id"":""CycPeptMPDB"",""source_record_id"":""2120"",""source_url"":""http://cycpeptmpdb.com/"",""upstream_observation_key"":""observation:0c700f0b258c61e5d53b4db3698d795665a83a74bfd0ae7677e3ff3b84d3e038""}]"	unit_and_task_normalized_exact_observation_duplicate
MLOBS1:b7a0b986f5d11e480ca9715c	PV13:17de04c7287a756c8c320e44	2	PV13:17de04c7287a756c8c320e44;PV13:592c2769582033be5c6a559d	CycPeptMPDB	"[[""-5.96"",""="",""source_log10_permeability"",""""]]"	"[{""context_json"":""{\""curation_status\"":\""\"",\""in_vivo_in_vitro\"":\""\"",\""input_record_id\"":\""PEPML000000022\"",\""normalized_lower\"":\""\"",\""normalized_unit\"":\""\"",\""normalized_upper\"":\""\"",\""normalized_value\"":\""\"",\""row_role\"":\""curated_source_observation\"",\""source_raw_text\"":\""value=-5.96; source=2011_White; version=1.0; detection_note=; recovery=\"",\""tissue\"":\""\"",\""value_lower\"":\""\"",\""value_origin\"":\""curated_source_observation\"",\""value_upper\"":\""\""}"",""doi_pmid"":"""",""evidence_tier"":""public_database_curated_experimental"",""input_dataset"":""governed_numeric_v12"",""license"":""redistribution_license_not_identified"",""quality_flags"":""assay_specific_value;unit_requires_source_protocol_check"",""record_id"":""PV13:17de04c7287a756c8c320e44"",""review_reasons"":"""",""source_group_ids"":[""SOURCE:cycpeptmpdb""],""source_id"":""CycPeptMPDB"",""source_record_id"":""22"",""source_url"":""http://cycpeptmpdb.com/"",""upstream_observation_key"":""observation:2ff53b79851cb0d28111caf09863c59866f2c681594c7888a5d2881463fae383""},{""context_json"":""{\""curation_status\"":\""\"",\""in_vivo_in_vitro\"":\""\"",\""input_record_id\"":\""PEPML000000995\"",\""normalized_lower\"":\""\"",\""normalized_unit\"":\""\"",\""normalized_upper\"":\""\"",\""normalized_value\"":\""\"",\""row_role\"":\""curated_source_observation\"",\""source_raw_text\"":\""value=-5.96; source=2015_Bockus_1; version=1.0; detection_note=; recovery=\"",\""tissue\"":\""\"",\""value_lower\"":\""\"",\""value_origin\"":\""curated_source_observation\"",\""value_upper\"":\""\""}"",""doi_pmid"":"""",""evidence_tier"":""public_database_curated_experimental"",""input_dataset"":""governed_numeric_v12"",""license"":""redistribution_license_not_identified"",""quality_flags"":""assay_specific_value;unit_requires_source_protocol_check"",""record_id"":""PV13:592c2769582033be5c6a559d"",""review_reasons"":"""",""source_group_ids"":[""SOURCE:cycpeptmpdb""],""source_id"":""CycPeptMPDB"",""source_record_id"":""981"",""source_url"":""http://cycpeptmpdb.com/"",""upstream_observation_key"":""observation:eb53ac25ef5bed052d5ac4436b66d440101cd6e60783402512e94eb224fd4424""}]"	unit_and_task_normalized_exact_observation_duplicate
MLOBS1:ba7cc903397fe000ff1f5a67	PV13:580b7c5677b0bf388cf27862	2	PV13:580b7c5677b0bf388cf27862;PV13:ca0edec87e869a7b40da1740	PEPlife2	"[[""15.03"",""="",""Minutes"",""""],[""15.03"",""="",""minutes"",""""]]"	"[{""context_json"":""{\""curation_status\"":\""\"",\""in_vivo_in_vitro\"":\""In Vivo\"",\""input_record_id\"":\""PEPML000012982\"",\""normalized_lower\"":\""\"",\""normalized_unit\"":\""h\"",\""normalized_upper\"":\""\"",\""normalized_value\"":\""0.2505\"",\""row_role\"":\""curated_source_observation\"",\""source_raw_text\"":\""15.03 \\u00b1 4.31 Minutes\"",\""tissue\"":\""\"",\""value_lower\"":\""\"",\""value_origin\"":\""curated_source_observation\"",\""value_upper\"":\""\""}"",""doi_pmid"":""PMID:28899838"",""evidence_tier"":""public_database_curated_experimental_numeric"",""input_dataset"":""governed_numeric_v12"",""license"":""redistribution_license_not_identified"",""quality_flags"":"""",""record_id"":""PV13:580b7c5677b0bf388cf27862"",""review_reasons"":"""",""source_group_ids"":[""PMID:28899838""],""source_id"":""PEPlife2"",""source_record_id"":""5945"",""source_url"":""https://pubmed.ncbi.nlm.nih.gov/28899838/"",""upstream_observation_key"":""observation:d2079a5b7e878dc09b14e9a89ead5a556e148b84da6b05c41b10d4198db1babc""},{""context_json"":""{\""curation_status\"":\""\"",\""in_vivo_in_vitro\"":\""in vivo\"",\""input_record_id\"":\""PEPML000010037\"",\""normalized_lower\"":\""\"",\""normalized_unit\"":\""h\"",\""normalized_upper\"":\""\"",\""normalized_value\"":\""0.2505\"",\""row_role\"":\""curated_source_observation\"",\""source_raw_text\"":\""15.03 minutes\"",\""tissue\"":\""\"",\""value_lower\"":\""\"",\""value_origin\"":\""curated_source_observation\"",\""value_upper\"":\""\""}"",""doi_pmid"":""PMID:EP2277890A1"",""evidence_tier"":""public_database_curated_experimental_numeric"",""input_dataset"":""governed_numeric_v12"",""license"":""redistribution_license_not_identified"",""quality_flags"":"""",""record_id"":""PV13:ca0edec87e869a7b40da1740"",""review_reasons"":"""",""source_group_ids"":[""SOURCE:peplife2""],""source_id"":""PEPlife2"",""source_record_id"":""2161"",""source_url"":""https://webs.iiitd.edu.in/raghava/peplife2/"",""upstream_observation_key"":""observation:726c7ade8fd475f255ee275b1463bf8fb39f202c685187110fa3179a332179c2""}]"	unit_and_task_normalized_exact_observation_duplicate
MLOBS1:bc9b47aa22680758ec5f0f5c	PV13:409f58cb162f9a94fb98faad	2	PV13:409f58cb162f9a94fb98faad;PV13:dd6344ed0ffedec2ab2bb060	PEPlife2	"[[""10"",""="",""seconds"",""""]]"	"[{""context_json"":""{\""curation_status\"":\""\"",\""in_vivo_in_vitro\"":\""in vivo\"",\""input_record_id\"":\""PEPML000009550\"",\""normalized_lower\"":\""\"",\""normalized_unit\"":\""h\"",\""normalized_upper\"":\""\"",\""normalized_value\"":\""0.00277777777778\"",\""row_role\"":\""curated_source_observation\"",\""source_raw_text\"":\""10 \\u00b11 seconds\"",\""tissue\"":\""\"",\""value_lower\"":\""\"",\""value_origin\"":\""curated_source_observation\"",\""value_upper\"":\""\""}"",""doi_pmid"":""PMID:9740616"",""evidence_tier"":""public_database_curated_experimental_numeric"",""input_dataset"":""governed_numeric_v12"",""license"":""redistribution_license_not_identified"",""quality_flags"":"""",""record_id"":""PV13:409f58cb162f9a94fb98faad"",""review_reasons"":"""",""source_group_ids"":[""PMID:9740616""],""source_id"":""PEPlife2"",""source_record_id"":""1670"",""source_url"":""https://pubmed.ncbi.nlm.nih.gov/9740616/"",""upstream_observation_key"":""observation:b231022021eb72a268fe48702b40368b613c1c6021f464bfa807422269b8cf11""},{""context_json"":""{\""curation_status\"":\""\"",\""in_vivo_in_vitro\"":\""in vivo\"",\""input_record_id\"":\""PEPML000009551\"",\""normalized_lower\"":\""\"",\""normalized_unit\"":\""h\"",\""normalized_upper\"":\""\"",\""normalized_value\"":\""0.00277777777778\"",\""row_role\"":\""curated_source_observation\"",\""source_raw_text\"":\""10 \\u00b11 seconds\"",\""tissue\"":\""\"",\""value_lower\"":\""\"",\""value_origin\"":\""curated_source_observation\"",\""value_upper\"":\""\""}"",""doi_pmid"":""PMID:9740616"",""evidence_tier"":""public_database_curated_experimental_numeric"",""input_dataset"":""governed_numeric_v12"",""license"":""redistribution_license_not_identified"",""quality_flags"":"""",""record_id"":""PV13:dd6344ed0ffedec2ab2bb060"",""review_reasons"":"""",""source_group_ids"":[""PMID:9740616""],""source_id"":""PEPlife2"",""source_record_id"":""1671"",""source_url"":""https://pubmed.ncbi.nlm.nih.gov/9740616/"",""upstream_observation_key"":""observation:b787040efbce81638449253b10bac9ba4f92a4cdaad71fe71241bcdae32a18cd""}]"	unit_and_task_normalized_exact_observation_duplicate
MLOBS1:bef08fbb3ccbac912c684f4a	PV13:00d3954c1aa44fbca976a577	2	PV13:00d3954c1aa44fbca976a577;PV13:68e08b18812d10dbf0aa9381	CycPeptMPDB	"[[""-6"",""="",""source_log10_permeability"",""""]]"	"[{""context_json"":""{\""curation_status\"":\""\"",\""in_vivo_in_vitro\"":\""\"",\""input_record_id\"":\""PEPML000002273\"",\""normalized_lower\"":\""\"",\""normalized_unit\"":\""\"",\""normalized_upper\"":\""\"",\""normalized_value\"":\""\"",\""row_role\"":\""curated_source_observation\"",\""source_raw_text\"":\""value=-6.0; source=2018_CHUGAI; version=1.0; detection_note=; recovery=\"",\""tissue\"":\""\"",\""value_lower\"":\""\"",\""value_origin\"":\""curated_source_observation\"",\""value_upper\"":\""\""}"",""doi_pmid"":"""",""evidence_tier"":""public_database_curated_experimental"",""input_dataset"":""governed_numeric_v12"",""license"":""redistribution_license_not_identified"",""quality_flags"":""assay_specific_value;unit_requires_source_protocol_check"",""record_id"":""PV13:00d3954c1aa44fbca976a577"",""review_reasons"":"""",""source_group_ids"":[""SOURCE:cycpeptmpdb""],""source_id"":""CycPeptMPDB"",""source_record_id"":""2137"",""source_url"":""http://cycpeptmpdb.com/"",""upstream_observation_key"":""observation:299f285eda633208c6e1595a1503accfaf74bb0b4de5899d332097a3fd44af79""},{""context_json"":""{\""curation_status\"":\""\"",\""in_vivo_in_vitro\"":\""\"",\""input_record_id\"":\""PEPML000002154\"",\""normalized_lower\"":\""\"",\""normalized_unit\"":\""\"",\""normalized_upper\"":\""\"",\""normalized_value\"":\""\"",\""row_role\"":\""curated_source_observation\"",\""source_raw_text\"":\""value=-6.0; source=2018_CHUGAI; version=1.0; detection_note=; recovery=\"",\""tissue\"":\""\"",\""value_lower\"":\""\"",\""value_origin\"":\""curated_source_observation\"",\""value_upper\"":\""\""}"",""doi_pmid"":"""",""evidence_tier"":""public_database_curated_experimental"",""input_dataset"":""governed_numeric_v12"",""license"":""redistribution_license_not_identified"",""quality_flags"":""assay_specific_value;unit_requires_source_protocol_check"",""record_id"":""PV13:68e08b18812d10dbf0aa9381"",""review_reasons"":"""",""source_group_ids"":[""SOURCE:cycpeptmpdb""],""source_id"":""CycPeptMPDB"",""source_record_id"":""2018"",""source_url"":""http://cycpeptmpdb.com/"",""upstream_observation_key"":""observation:83b5cbba6d556188a61997369f1a73aff833cb223bc4bcd6443f425bf3d6a9d4""}]"	unit_and_task_normalized_exact_observation_duplicate
MLOBS1:c171503b93451a88a74a009d	PV13:42d039e29893b0b39d4a4acf	2	PV13:42d039e29893b0b39d4a4acf;PV13:a973c4d706cf6b5d7a6ed631	PEPlife2	"[[""17.1"",""="",""minute"",""""]]"	"[{""context_json"":""{\""curation_status\"":\""\"",\""in_vivo_in_vitro\"":\""in vitro\"",\""input_record_id\"":\""PEPML000010122\"",\""normalized_lower\"":\""\"",\""normalized_unit\"":\""h\"",\""normalized_upper\"":\""\"",\""normalized_value\"":\""0.285\"",\""row_role\"":\""curated_source_observation\"",\""source_raw_text\"":\""17.1 \\u00b11.0 minute\"",\""tissue\"":\""\"",\""value_lower\"":\""\"",\""value_origin\"":\""curated_source_observation\"",\""value_upper\"":\""\""}"",""doi_pmid"":""PMID:12444298"",""evidence_tier"":""public_database_curated_experimental_numeric"",""input_dataset"":""governed_numeric_v12"",""license"":""redistribution_license_not_identified"",""quality_flags"":"""",""record_id"":""PV13:42d039e29893b0b39d4a4acf"",""review_reasons"":"""",""source_group_ids"":[""PMID:12444298""],""source_id"":""PEPlife2"",""source_record_id"":""2246"",""source_url"":""https://pubmed.ncbi.nlm.nih.gov/12444298/"",""upstream_observation_key"":""observation:b6291693a3db3d9d658fbb49a06066158cfb27e49e452da713e37c5a0667e9e8""},{""context_json"":""{\""curation_status\"":\""\"",\""in_vivo_in_vitro\"":\""in vitro\"",\""input_record_id\"":\""PEPML000010123\"",\""normalized_lower\"":\""\"",\""normalized_unit\"":\""h\"",\""normalized_upper\"":\""\"",\""normalized_value\"":\""0.285\"",\""row_role\"":\""curated_source_observation\"",\""source_raw_text\"":\""17.1 \\u00b11.1 minute\"",\""tissue\"":\""\"",\""value_lower\"":\""\"",\""value_origin\"":\""curated_source_observation\"",\""value_upper\"":\""\""}"",""doi_pmid"":""PMID:12444298"",""evidence_tier"":""public_database_curated_experimental_numeric"",""input_dataset"":""governed_numeric_v12"",""license"":""redistribution_license_not_identified"",""quality_flags"":"""",""record_id"":""PV13:a973c4d706cf6b5d7a6ed631"",""review_reasons"":"""",""source_group_ids"":[""PMID:12444298""],""source_id"":""PEPlife2"",""source_record_id"":""2247"",""source_url"":""https://pubmed.ncbi.nlm.nih.gov/12444298/"",""upstream_observation_key"":""observation:6d4cbd1cffed2b5b2ae85cfc5fa93886f127d48a4d7e04bd66fd28f367b3003a""}]"	unit_and_task_normalized_exact_observation_duplicate
MLOBS1:c3620d94cb2535300ab6a305	PV13:7232b6155209130a5c4df9ab	2	PV13:7232b6155209130a5c4df9ab;PV13:75666e411a3ba1c97a27686c	CycPeptMPDB	"[[""-5.92"",""="",""source_log10_permeability"",""""]]"	"[{""context_json"":""{\""curation_status\"":\""\"",\""in_vivo_in_vitro\"":\""\"",\""input_record_id\"":\""PEPML000008240\"",\""normalized_lower\"":\""\"",\""normalized_unit\"":\""\"",\""normalized_upper\"":\""\"",\""normalized_value\"":\""\"",\""row_role\"":\""curated_source_observation\"",\""source_raw_text\"":\""value=-5.92; source=2023_Ohta; version=1.2; detection_note=; recovery=\"",\""tissue\"":\""\"",\""value_lower\"":\""\"",\""value_origin\"":\""curated_source_observation\"",\""value_upper\"":\""\""}"",""doi_pmid"":"""",""evidence_tier"":""public_database_curated_experimental"",""input_dataset"":""governed_numeric_v12"",""license"":""redistribution_license_not_identified"",""quality_flags"":""assay_specific_value;unit_requires_source_protocol_check"",""record_id"":""PV13:7232b6155209130a5c4df9ab"",""review_reasons"":"""",""source_group_ids"":[""SOURCE:cycpeptmpdb""],""source_id"":""CycPeptMPDB"",""source_record_id"":""7863"",""source_url"":""http://cycpeptmpdb.com/"",""upstream_observation_key"":""observation:4ccfb6d858a6e39b14748352c7c8f3e8d81d70eeee8a4d4c33214acdfbb7f18b""},{""context_json"":""{\""curation_status\"":\""\"",\""in_vivo_in_vitro\"":\""\"",\""input_record_id\"":\""PEPML000002249\"",\""normalized_lower\"":\""\"",\""normalized_unit\"":\""\"",\""normalized_upper\"":\""\"",\""normalized_value\"":\""\"",\""row_role\"":\""curated_source_observation\"",\""source_raw_text\"":\""value=-5.92; source=2018_CHUGAI; version=1.0; detection_note=; recovery=\"",\""tissue\"":\""\"",\""value_lower\"":\""\"",\""value_origin\"":\""curated_source_observation\"",\""value_upper\"":\""\""}"",""doi_pmid"":"""",""evidence_tier"":""public_database_curated_experimental"",""input_dataset"":""governed_numeric_v12"",""license"":""redistribution_license_not_identified"",""quality_flags"":""assay_specific_value;unit_requires_source_protocol_check"",""record_id"":""PV13:75666e411a3ba1c97a27686c"",""review_reasons"":"""",""source_group_ids"":[""SOURCE:cycpeptmpdb""],""source_id"":""CycPeptMPDB"",""source_record_id"":""2113"",""source_url"":""http://cycpeptmpdb.com/"",""upstream_observation_key"":""observation:024bccb835c43dbd11bc4137b320b96e1390741dc575c3899d06fc6c1031a587""}]"	unit_and_task_normalized_exact_observation_duplicate
MLOBS1:c58f44319579719538f688db	PV13:14af0fed5619b908af96808a	2	PV13:14af0fed5619b908af96808a;PV13:7518b8bbc4b200a7943d13a8	CycPeptMPDB	"[[""-5.59"",""="",""source_log10_permeability"",""""]]"	"[{""context_json"":""{\""curation_status\"":\""\"",\""in_vivo_in_vitro\"":\""\"",\""input_record_id\"":\""PEPML000008288\"",\""normalized_lower\"":\""\"",\""normalized_unit\"":\""\"",\""normalized_upper\"":\""\"",\""normalized_value\"":\""\"",\""row_role\"":\""curated_source_observation\"",\""source_raw_text\"":\""value=-5.59; source=2023_Ohta; version=1.2; detection_note=; recovery=\"",\""tissue\"":\""\"",\""value_lower\"":\""\"",\""value_origin\"":\""curated_source_observation\"",\""value_upper\"":\""\""}"",""doi_pmid"":"""",""evidence_tier"":""public_database_curated_experimental"",""input_dataset"":""governed_numeric_v12"",""license"":""redistribution_license_not_identified"",""quality_flags"":""assay_specific_value;unit_requires_source_protocol_check"",""record_id"":""PV13:14af0fed5619b908af96808a"",""review_reasons"":"""",""source_group_ids"":[""SOURCE:cycpeptmpdb""],""source_id"":""CycPeptMPDB"",""source_record_id"":""7911"",""source_url"":""http://cycpeptmpdb.com/"",""upstream_observation_key"":""observation:db9cd4e7035703016773a3650bac59105ae0248aff4c70504ae4ec664be1c2fa""},{""context_json"":""{\""curation_status\"":\""\"",\""in_vivo_in_vitro\"":\""\"",\""input_record_id\"":\""PEPML000002095\"",\""normalized_lower\"":\""\"",\""normalized_unit\"":\""\"",\""normalized_upper\"":\""\"",\""normalized_value\"":\""\"",\""row_role\"":\""curated_source_observation\"",\""source_raw_text\"":\""value=-5.59; source=2018_CHUGAI; version=1.0; detection_note=; recovery=\"",\""tissue\"":\""\"",\""value_lower\"":\""\"",\""value_origin\"":\""curated_source_observation\"",\""value_upper\"":\""\""}"",""doi_pmid"":"""",""evidence_tier"":""public_database_curated_experimental"",""input_dataset"":""governed_numeric_v12"",""license"":""redistribution_license_not_identified"",""quality_flags"":""assay_specific_value;unit_requires_source_protocol_check"",""record_id"":""PV13:7518b8bbc4b200a7943d13a8"",""review_reasons"":"""",""source_group_ids"":[""SOURCE:cycpeptmpdb""],""source_id"":""CycPeptMPDB"",""source_record_id"":""1959"",""source_url"":""http://cycpeptmpdb.com/"",""upstream_observation_key"":""observation:d4f1a59155f562d99289ffa0c4c20fd0c0ec55fd857bacfb31776ed5f19a3700""}]"	unit_and_task_normalized_exact_observation_duplicate
MLOBS1:c5a7a1dc8894b65c9f8f5bd9	PV13:13aac5aad175236dbeb8a642	2	PV13:13aac5aad175236dbeb8a642;PV13:bc18a0add8ba659f4376cfb7	PEPlife2	"[[""6"",""="",""Minutes"",""""]]"	"[{""context_json"":""{\""curation_status\"":\""\"",\""in_vivo_in_vitro\"":\""In Vitro\"",\""input_record_id\"":\""PEPML000011504\"",\""normalized_lower\"":\""\"",\""normalized_unit\"":\""h\"",\""normalized_upper\"":\""\"",\""normalized_value\"":\""0.1\"",\""row_role\"":\""curated_source_observation\"",\""source_raw_text\"":\""6 Minutes\"",\""tissue\"":\""\"",\""value_lower\"":\""\"",\""value_origin\"":\""curated_source_observation\"",\""value_upper\"":\""\""}"",""doi_pmid"":""PMID:36499357"",""evidence_tier"":""public_database_curated_experimental_numeric"",""input_dataset"":""governed_numeric_v12"",""license"":""redistribution_license_not_identified"",""quality_flags"":"""",""record_id"":""PV13:13aac5aad175236dbeb8a642"",""review_reasons"":"""",""source_group_ids"":[""PMID:36499357""],""source_id"":""PEPlife2"",""source_record_id"":""4429"",""source_url"":""https://pubmed.ncbi.nlm.nih.gov/36499357/"",""upstream_observation_key"":""observation:03408cc785adc960d67b630d224b417a07f4637fcf36dc1219d6b9fd18df0aec""},{""context_json"":""{\""curation_status\"":\""\"",\""in_vivo_in_vitro\"":\""In Vitro\"",\""input_record_id\"":\""PEPML000011498\"",\""normalized_lower\"":\""\"",\""normalized_unit\"":\""h\"",\""normalized_upper\"":\""\"",\""normalized_value\"":\""0.1\"",\""row_role\"":\""curated_source_observation\"",\""source_raw_text\"":\""6 Minutes\"",\""tissue\"":\""\"",\""value_lower\"":\""\"",\""value_origin\"":\""curated_source_observation\"",\""value_upper\"":\""\""}"",""doi_pmid"":""PMID:36499357"",""evidence_tier"":""public_database_curated_experimental_numeric"",""input_dataset"":""governed_numeric_v12"",""license"":""redistribution_license_not_identified"",""quality_flags"":"""",""record_id"":""PV13:bc18a0add8ba659f4376cfb7"",""review_reasons"":"""",""source_group_ids"":[""PMID:36499357""],""source_id"":""PEPlife2"",""source_record_id"":""4423"",""source_url"":""https://pubmed.ncbi.nlm.nih.gov/36499357/"",""upstream_observation_key"":""observation:4cbdbb727d406512bc138d364458dca544d202e5d4fc87e228ffa5430be80c67""}]"	unit_and_task_normalized_exact_observation_duplicate
MLOBS1:c8f77669f9884c73c5313038	PV13:aa851b315e51541c55790158	2	PV13:aa851b315e51541c55790158;PV13:dd242fdb624eca8be0fde1ce	PEPlife2	"[[""50"",""="",""minutes"",""""]]"	"[{""context_json"":""{\""curation_status\"":\""\"",\""in_vivo_in_vitro\"":\""in vitro\"",\""input_record_id\"":\""PEPML000010962\"",\""normalized_lower\"":\""\"",\""normalized_unit\"":\""h\"",\""normalized_upper\"":\""\"",\""normalized_value\"":\""0.833333333333\"",\""row_role\"":\""curated_source_observation\"",\""source_raw_text\"":\""50 minutes\"",\""tissue\"":\""\"",\""value_lower\"":\""\"",\""value_origin\"":\""curated_source_observation\"",\""value_upper\"":\""\""}"",""doi_pmid"":""PMID:20382695"",""evidence_tier"":""public_database_curated_experimental_numeric"",""input_dataset"":""governed_numeric_v12"",""license"":""redistribution_license_not_identified"",""quality_flags"":"""",""record_id"":""PV13:aa851b315e51541c55790158"",""review_reasons"":"""",""source_group_ids"":[""PMID:20382695""],""source_id"":""PEPlife2"",""source_record_id"":""3094"",""source_url"":""https://pubmed.ncbi.nlm.nih.gov/20382695/"",""upstream_observation_key"":""observation:35c24bf495fc6b58570963b8fa120a0771f93ea40eaca2c21f44d8289d35f3fb""},{""context_json"":""{\""curation_status\"":\""\"",\""in_vivo_in_vitro\"":\""in vitro\"",\""input_record_id\"":\""PEPML000009080\"",\""normalized_lower\"":\""\"",\""normalized_unit\"":\""h\"",\""normalized_upper\"":\""\"",\""normalized_value\"":\""0.833333333333\"",\""row_role\"":\""curated_source_observation\"",\""source_raw_text\"":\""50 minutes\"",\""tissue\"":\""\"",\""value_lower\"":\""\"",\""value_origin\"":\""curated_source_observation\"",\""value_upper\"":\""\""}"",""doi_pmid"":""PMID:20382695"",""evidence_tier"":""public_database_curated_experimental_numeric"",""input_dataset"":""governed_numeric_v12"",""license"":""redistribution_license_not_identified"",""quality_flags"":"""",""record_id"":""PV13:dd242fdb624eca8be0fde1ce"",""review_reasons"":"""",""source_group_ids"":[""PMID:20382695""],""source_id"":""PEPlife2"",""source_record_id"":""1200"",""source_url"":""https://pubmed.ncbi.nlm.nih.gov/20382695/"",""upstream_observation_key"":""observation:130dcabc3b5fba61c391d700ef82e5772d232809eed7a36ad0097000b1447a7e""}]"	unit_and_task_normalized_exact_observation_duplicate
MLOBS1:c981b31b85af731102a53394	PV13:133298b7b0f9622d2200c882	2	PV13:133298b7b0f9622d2200c882;PV13:acdf401a942fd4e5293c8510	PEPlife2	"[[""4"",""="",""hours"",""""]]"	"[{""context_json"":""{\""curation_status\"":\""\"",\""in_vivo_in_vitro\"":\""in vitro\"",\""input_record_id\"":\""PEPML000010837\"",\""normalized_lower\"":\""\"",\""normalized_unit\"":\""h\"",\""normalized_upper\"":\""\"",\""normalized_value\"":\""4\"",\""row_role\"":\""curated_source_observation\"",\""source_raw_text\"":\""4 hours\"",\""tissue\"":\""\"",\""value_lower\"":\""\"",\""value_origin\"":\""curated_source_observation\"",\""value_upper\"":\""\""}"",""doi_pmid"":""PMID:2556215"",""evidence_tier"":""public_database_curated_experimental_numeric"",""input_dataset"":""governed_numeric_v12"",""license"":""redistribution_license_not_identified"",""quality_flags"":"""",""record_id"":""PV13:133298b7b0f9622d2200c882"",""review_reasons"":"""",""source_group_ids"":[""PMID:2556215""],""source_id"":""PEPlife2"",""source_record_id"":""2969"",""source_url"":""https://pubmed.ncbi.nlm.nih.gov/2556215/"",""upstream_observation_key"":""observation:88cbe45333ec8a5bc1c18fbebb0bf5e8eeb3a3c31145bb086722f596fae823dc""},{""context_json"":""{\""curation_status\"":\""\"",\""in_vivo_in_vitro\"":\""in vitro\"",\""input_record_id\"":\""PEPML000010832\"",\""normalized_lower\"":\""\"",\""normalized_unit\"":\""h\"",\""normalized_upper\"":\""\"",\""normalized_value\"":\""4\"",\""row_role\"":\""curated_source_observation\"",\""source_raw_text\"":\""4 hours\"",\""tissue\"":\""\"",\""value_lower\"":\""\"",\""value_origin\"":\""curated_source_observation\"",\""value_upper\"":\""\""}"",""doi_pmid"":""PMID:2556215"",""evidence_tier"":""public_database_curated_experimental_numeric"",""input_dataset"":""governed_numeric_v12"",""license"":""redistribution_license_not_identified"",""quality_flags"":"""",""record_id"":""PV13:acdf401a942fd4e5293c8510"",""review_reasons"":"""",""source_group_ids"":[""PMID:2556215""],""source_id"":""PEPlife2"",""source_record_id"":""2964"",""source_url"":""https://pubmed.ncbi.nlm.nih.gov/2556215/"",""upstream_observation_key"":""observation:a5b5f6a0767ebc535252483d2a959a90b74ae3dcc50e099aca1762550b2a15f4""}]"	unit_and_task_normalized_exact_observation_duplicate
MLOBS1:ccde2e29e3188585ad0b7932	PV13:4c8e0c9b0892447756ac1d5e	2	PV13:4c8e0c9b0892447756ac1d5e;PV13:ff40d09780f88e2a00f966a9	PEPlife2	"[[""14.5"",""="",""minutes"",""""],[""14.50"",""="",""Minutes"",""""]]"	"[{""context_json"":""{\""curation_status\"":\""\"",\""in_vivo_in_vitro\"":\""In Vivo\"",\""input_record_id\"":\""PEPML000012985\"",\""normalized_lower\"":\""\"",\""normalized_unit\"":\""h\"",\""normalized_upper\"":\""\"",\""normalized_value\"":\""0.241666666667\"",\""row_role\"":\""curated_source_observation\"",\""source_raw_text\"":\""14.50 \\u00b1 0.85 Minutes\"",\""tissue\"":\""\"",\""value_lower\"":\""\"",\""value_origin\"":\""curated_source_observation\"",\""value_upper\"":\""\""}"",""doi_pmid"":""PMID:28899838"",""evidence_tier"":""public_database_curated_experimental_numeric"",""input_dataset"":""governed_numeric_v12"",""license"":""redistribution_license_not_identified"",""quality_flags"":"""",""record_id"":""PV13:4c8e0c9b0892447756ac1d5e"",""review_reasons"":"""",""source_group_ids"":[""PMID:28899838""],""source_id"":""PEPlife2"",""source_record_id"":""5948"",""source_url"":""https://pubmed.ncbi.nlm.nih.gov/28899838/"",""upstream_observation_key"":""observation:ee2e62a97fe28d872ad8eb6ae92a416efc053ae4f68f8fcdb6a50437d2587117""},{""context_json"":""{\""curation_status\"":\""\"",\""in_vivo_in_vitro\"":\""in vivo\"",\""input_record_id\"":\""PEPML000010043\"",\""normalized_lower\"":\""\"",\""normalized_unit\"":\""h\"",\""normalized_upper\"":\""\"",\""normalized_value\"":\""0.241666666667\"",\""row_role\"":\""curated_source_observation\"",\""source_raw_text\"":\""14.5 minutes\"",\""tissue\"":\""\"",\""value_lower\"":\""\"",\""value_origin\"":\""curated_source_observation\"",\""value_upper\"":\""\""}"",""doi_pmid"":""PMID:EP2277890A1"",""evidence_tier"":""public_database_curated_experimental_numeric"",""input_dataset"":""governed_numeric_v12"",""license"":""redistribution_license_not_identified"",""quality_flags"":"""",""record_id"":""PV13:ff40d09780f88e2a00f966a9"",""review_reasons"":"""",""source_group_ids"":[""SOURCE:peplife2""],""source_id"":""PEPlife2"",""source_record_id"":""2167"",""source_url"":""https://webs.iiitd.edu.in/raghava/peplife2/"",""upstream_observation_key"":""observation:d07f295129d6bdeeb90922a5f4dd35c9d459b32b3383391e263259204a9a6e60""}]"	unit_and_task_normalized_exact_observation_duplicate
MLOBS1:cd77b09abc1aa579f04424e1	PV13:8e9b0005c733e1213e7d19d2	2	PV13:8e9b0005c733e1213e7d19d2;PV13:c9fe39c675da223d0df06071	PEPlife2	"[[""17.38"",""="",""Minutes"",""""],[""17.38"",""="",""minutes"",""""]]"	"[{""context_json"":""{\""curation_status\"":\""\"",\""in_vivo_in_vitro\"":\""In Vivo\"",\""input_record_id\"":\""PEPML000012987\"",\""normalized_lower\"":\""\"",\""normalized_unit\"":\""h\"",\""normalized_upper\"":\""\"",\""normalized_value\"":\""0.289666666667\"",\""row_role\"":\""curated_source_observation\"",\""source_raw_text\"":\""17.38 \\u00b1 1.00 Minutes\"",\""tissue\"":\""\"",\""value_lower\"":\""\"",\""value_origin\"":\""curated_source_observation\"",\""value_upper\"":\""\""}"",""doi_pmid"":""PMID:28899838"",""evidence_tier"":""public_database_curated_experimental_numeric"",""input_dataset"":""governed_numeric_v12"",""license"":""redistribution_license_not_identified"",""quality_flags"":"""",""record_id"":""PV13:8e9b0005c733e1213e7d19d2"",""review_reasons"":"""",""source_group_ids"":[""PMID:28899838""],""source_id"":""PEPlife2"",""source_record_id"":""5950"",""source_url"":""https://pubmed.ncbi.nlm.nih.gov/28899838/"",""upstream_observation_key"":""observation:ec9816f100268654b0d993a7a5159e528b9d85aabdce610b5a0811dc03cc40c5""},{""context_json"":""{\""curation_status\"":\""\"",\""in_vivo_in_vitro\"":\""in vivo\"",\""input_record_id\"":\""PEPML000010040\"",\""normalized_lower\"":\""\"",\""normalized_unit\"":\""h\"",\""normalized_upper\"":\""\"",\""normalized_value\"":\""0.289666666667\"",\""row_role\"":\""curated_source_observation\"",\""source_raw_text\"":\""17.38 minutes\"",\""tissue\"":\""\"",\""value_lower\"":\""\"",\""value_origin\"":\""curated_source_observation\"",\""value_upper\"":\""\""}"",""doi_pmid"":""PMID:EP2277890A1"",""evidence_tier"":""public_database_curated_experimental_numeric"",""input_dataset"":""governed_numeric_v12"",""license"":""redistribution_license_not_identified"",""quality_flags"":"""",""record_id"":""PV13:c9fe39c675da223d0df06071"",""review_reasons"":"""",""source_group_ids"":[""SOURCE:peplife2""],""source_id"":""PEPlife2"",""source_record_id"":""2164"",""source_url"":""https://webs.iiitd.edu.in/raghava/peplife2/"",""upstream_observation_key"":""observation:8751ade590a02ee4fe114edf0077fe7e493fa7ba6a89d116cfd61ec2367ee76c""}]"	unit_and_task_normalized_exact_observation_duplicate
MLOBS1:ce262c48707dff628d9336c9	PV13:832535a1caff9e7d000c355f	2	PV13:832535a1caff9e7d000c355f;PV13:86f28bb84db0d151d7e7cbcc	CycPeptMPDB	"[[""-5.85"",""="",""source_log10_permeability"",""""]]"	"[{""context_json"":""{\""curation_status\"":\""\"",\""in_vivo_in_vitro\"":\""\"",\""input_record_id\"":\""PEPML000008113\"",\""normalized_lower\"":\""\"",\""normalized_unit\"":\""\"",\""normalized_upper\"":\""\"",\""normalized_value\"":\""\"",\""row_role\"":\""curated_source_observation\"",\""source_raw_text\"":\""value=-5.85; source=2023_Ohta; version=1.2; detection_note=; recovery=\"",\""tissue\"":\""\"",\""value_lower\"":\""\"",\""value_origin\"":\""curated_source_observation\"",\""value_upper\"":\""\""}"",""doi_pmid"":"""",""evidence_tier"":""public_database_curated_experimental"",""input_dataset"":""governed_numeric_v12"",""license"":""redistribution_license_not_identified"",""quality_flags"":""assay_specific_value;unit_requires_source_protocol_check"",""record_id"":""PV13:832535a1caff9e7d000c355f"",""review_reasons"":"""",""source_group_ids"":[""SOURCE:cycpeptmpdb""],""source_id"":""CycPeptMPDB"",""source_record_id"":""7736"",""source_url"":""http://cycpeptmpdb.com/"",""upstream_observation_key"":""observation:b9ba405a97778c58e47beeaad8c114150fab3a79cfa4ccb777ffefc1663248ea""},{""context_json"":""{\""curation_status\"":\""\"",\""in_vivo_in_vitro\"":\""\"",\""input_record_id\"":\""PEPML000002172\"",\""normalized_lower\"":\""\"",\""normalized_unit\"":\""\"",\""normalized_upper\"":\""\"",\""normalized_value\"":\""\"",\""row_role\"":\""curated_source_observation\"",\""source_raw_text\"":\""value=-5.85; source=2018_CHUGAI; version=1.0; detection_note=; recovery=\"",\""tissue\"":\""\"",\""value_lower\"":\""\"",\""value_origin\"":\""curated_source_observation\"",\""value_upper\"":\""\""}"",""doi_pmid"":"""",""evidence_tier"":""public_database_curated_experimental"",""input_dataset"":""governed_numeric_v12"",""license"":""redistribution_license_not_identified"",""quality_flags"":""assay_specific_value;unit_requires_source_protocol_check"",""record_id"":""PV13:86f28bb84db0d151d7e7cbcc"",""review_reasons"":"""",""source_group_ids"":[""SOURCE:cycpeptmpdb""],""source_id"":""CycPeptMPDB"",""source_record_id"":""2036"",""source_url"":""http://cycpeptmpdb.com/"",""upstream_observation_key"":""observation:c43a7298a3eb43f98b8c647c9c4b721d100cf3eee7c0fbe32fba95aa4cd451da""}]"	unit_and_task_normalized_exact_observation_duplicate
MLOBS1:d0ecc488aca64e15f486f41f	PV13:410b625ff4bdb62cf8c34fe7	2	PV13:410b625ff4bdb62cf8c34fe7;PV13:ce5c1116e98ca3b226ef799d	PEPlife2	"[[""12.4"",""="",""minute"",""""]]"	"[{""context_json"":""{\""curation_status\"":\""\"",\""in_vivo_in_vitro\"":\""in vitro\"",\""input_record_id\"":\""PEPML000010128\"",\""normalized_lower\"":\""\"",\""normalized_unit\"":\""h\"",\""normalized_upper\"":\""\"",\""normalized_value\"":\""0.206666666667\"",\""row_role\"":\""curated_source_observation\"",\""source_raw_text\"":\""12.4 \\u00b10.3 minute\"",\""tissue\"":\""\"",\""value_lower\"":\""\"",\""value_origin\"":\""curated_source_observation\"",\""value_upper\"":\""\""}"",""doi_pmid"":""PMID:12444298"",""evidence_tier"":""public_database_curated_experimental_numeric"",""input_dataset"":""governed_numeric_v12"",""license"":""redistribution_license_not_identified"",""quality_flags"":"""",""record_id"":""PV13:410b625ff4bdb62cf8c34fe7"",""review_reasons"":"""",""source_group_ids"":[""PMID:12444298""],""source_id"":""PEPlife2"",""source_record_id"":""2252"",""source_url"":""https://pubmed.ncbi.nlm.nih.gov/12444298/"",""upstream_observation_key"":""observation:35c118c8a18bbd884157ac95bd9a8b9e63d7c8864b28024ae986d990240b45b0""},{""context_json"":""{\""curation_status\"":\""\"",\""in_vivo_in_vitro\"":\""in vitro\"",\""input_record_id\"":\""PEPML000010129\"",\""normalized_lower\"":\""\"",\""normalized_unit\"":\""h\"",\""normalized_upper\"":\""\"",\""normalized_value\"":\""0.206666666667\"",\""row_role\"":\""curated_source_observation\"",\""source_raw_text\"":\""12.4 \\u00b10.4 minute\"",\""tissue\"":\""\"",\""value_lower\"":\""\"",\""value_origin\"":\""curated_source_observation\"",\""value_upper\"":\""\""}"",""doi_pmid"":""PMID:12444298"",""evidence_tier"":""public_database_curated_experimental_numeric"",""input_dataset"":""governed_numeric_v12"",""license"":""redistribution_license_not_identified"",""quality_flags"":"""",""record_id"":""PV13:ce5c1116e98ca3b226ef799d"",""review_reasons"":"""",""source_group_ids"":[""PMID:12444298""],""source_id"":""PEPlife2"",""source_record_id"":""2253"",""source_url"":""https://pubmed.ncbi.nlm.nih.gov/12444298/"",""upstream_observation_key"":""observation:64ac7287575c5fe90ed5aa59685cbd968afc87b2884363d4c6f75c4704df1c0b""}]"	unit_and_task_normalized_exact_observation_duplicate
MLOBS1:d6bfbdf569b27a427d5ca039	PV13:460da5c8bd3a0849df68b032	2	PV13:460da5c8bd3a0849df68b032;PV13:f6ce694d67c71b00dbd7d410	PEPlife2	"[[""19.6"",""="",""Minutes"",""""]]"	"[{""context_json"":""{\""curation_status\"":\""\"",\""in_vivo_in_vitro\"":\""In Vivo\"",\""input_record_id\"":\""PEPML000011476\"",\""normalized_lower\"":\""\"",\""normalized_unit\"":\""h\"",\""normalized_upper\"":\""\"",\""normalized_value\"":\""0.326666666667\"",\""row_role\"":\""curated_source_observation\"",\""source_raw_text\"":\""19.6 \\u00b1 3.72 Minutes\"",\""tissue\"":\""\"",\""value_lower\"":\""\"",\""value_origin\"":\""curated_source_observation\"",\""value_upper\"":\""\""}"",""doi_pmid"":""PMID:36588717"",""evidence_tier"":""public_database_curated_experimental_numeric"",""input_dataset"":""governed_numeric_v12"",""license"":""redistribution_license_not_identified"",""quality_flags"":"""",""record_id"":""PV13:460da5c8bd3a0849df68b032"",""review_reasons"":"""",""source_group_ids"":[""PMID:36588717""],""source_id"":""PEPlife2"",""source_record_id"":""4401"",""source_url"":""https://pubmed.ncbi.nlm.nih.gov/36588717/"",""upstream_observation_key"":""observation:db733bf6afb00c97c96f90c1d3bb97d927db140c4865e5c6c425d63d9a4faee1""},{""context_json"":""{\""curation_status\"":\""\"",\""in_vivo_in_vitro\"":\""In Vivo\"",\""input_record_id\"":\""PEPML000011779\"",\""normalized_lower\"":\""\"",\""normalized_unit\"":\""h\"",\""normalized_upper\"":\""\"",\""normalized_value\"":\""0.326666666667\"",\""row_role\"":\""curated_source_observation\"",\""source_raw_text\"":\""19.6 \\u00b1 3.72 Minutes\"",\""tissue\"":\""\"",\""value_lower\"":\""\"",\""value_origin\"":\""curated_source_observation\"",\""value_upper\"":\""\""}"",""doi_pmid"":""PMID:36588717"",""evidence_tier"":""public_database_curated_experimental_numeric"",""input_dataset"":""governed_numeric_v12"",""license"":""redistribution_license_not_identified"",""quality_flags"":"""",""record_id"":""PV13:f6ce694d67c71b00dbd7d410"",""review_reasons"":"""",""source_group_ids"":[""PMID:36588717""],""source_id"":""PEPlife2"",""source_record_id"":""4709"",""source_url"":""https://pubmed.ncbi.nlm.nih.gov/36588717/"",""upstream_observation_key"":""observation:0eddeb8e2382a36bb1b073960b7fe7b77b16a6215d0a92d32d4cb57266d560c2""}]"	unit_and_task_normalized_exact_observation_duplicate
MLOBS1:d729bbc9c83a478cfd2df896	PV13:5df5878ecbce0bac93604546	2	PV13:5df5878ecbce0bac93604546;PV13:8d734691c9c2a78e4dc0993a	CycPeptMPDB	"[[""-5.74"",""="",""source_log10_permeability"",""""]]"	"[{""context_json"":""{\""curation_status\"":\""\"",\""in_vivo_in_vitro\"":\""\"",\""input_record_id\"":\""PEPML000008233\"",\""normalized_lower\"":\""\"",\""normalized_unit\"":\""\"",\""normalized_upper\"":\""\"",\""normalized_value\"":\""\"",\""row_role\"":\""curated_source_observation\"",\""source_raw_text\"":\""value=-5.74; source=2023_Ohta; version=1.2; detection_note=; recovery=\"",\""tissue\"":\""\"",\""value_lower\"":\""\"",\""value_origin\"":\""curated_source_observation\"",\""value_upper\"":\""\""}"",""doi_pmid"":"""",""evidence_tier"":""public_database_curated_experimental"",""input_dataset"":""governed_numeric_v12"",""license"":""redistribution_license_not_identified"",""quality_flags"":""assay_specific_value;unit_requires_source_protocol_check"",""record_id"":""PV13:5df5878ecbce0bac93604546"",""review_reasons"":"""",""source_group_ids"":[""SOURCE:cycpeptmpdb""],""source_id"":""CycPeptMPDB"",""source_record_id"":""7856"",""source_url"":""http://cycpeptmpdb.com/"",""upstream_observation_key"":""observation:ae3419a1597fad042d10ae9a0aeb006338609d65d7b504d83eb35f73b39a0947""},{""context_json"":""{\""curation_status\"":\""\"",\""in_vivo_in_vitro\"":\""\"",\""input_record_id\"":\""PEPML000002166\"",\""normalized_lower\"":\""\"",\""normalized_unit\"":\""\"",\""normalized_upper\"":\""\"",\""normalized_value\"":\""\"",\""row_role\"":\""curated_source_observation\"",\""source_raw_text\"":\""value=-5.74; source=2018_CHUGAI; version=1.0; detection_note=; recovery=\"",\""tissue\"":\""\"",\""value_lower\"":\""\"",\""value_origin\"":\""curated_source_observation\"",\""value_upper\"":\""\""}"",""doi_pmid"":"""",""evidence_tier"":""public_database_curated_experimental"",""input_dataset"":""governed_numeric_v12"",""license"":""redistribution_license_not_identified"",""quality_flags"":""assay_specific_value;unit_requires_source_protocol_check"",""record_id"":""PV13:8d734691c9c2a78e4dc0993a"",""review_reasons"":"""",""source_group_ids"":[""SOURCE:cycpeptmpdb""],""source_id"":""CycPeptMPDB"",""source_record_id"":""2030"",""source_url"":""http://cycpeptmpdb.com/"",""upstream_observation_key"":""observation:76879b597357e324d3977fa99c5c07175e874b82380d462a8a0f81e5dc3ccc0f""}]"	unit_and_task_normalized_exact_observation_duplicate
MLOBS1:d7628d310368ab34ae8770de	PV13:4f55a89e53adf048aacc7ddf	2	PV13:4f55a89e53adf048aacc7ddf;PV13:8a3a1d56b1d023ce51269b84	PEPlife2	"[[""17.75"",""="",""Minutes"",""""],[""17.75"",""="",""minutes"",""""]]"	"[{""context_json"":""{\""curation_status\"":\""\"",\""in_vivo_in_vitro\"":\""in vivo\"",\""input_record_id\"":\""PEPML000010041\"",\""normalized_lower\"":\""\"",\""normalized_unit\"":\""h\"",\""normalized_upper\"":\""\"",\""normalized_value\"":\""0.295833333333\"",\""row_role\"":\""curated_source_observation\"",\""source_raw_text\"":\""17.75 minutes\"",\""tissue\"":\""\"",\""value_lower\"":\""\"",\""value_origin\"":\""curated_source_observation\"",\""value_upper\"":\""\""}"",""doi_pmid"":""PMID:EP2277890A1"",""evidence_tier"":""public_database_curated_experimental_numeric"",""input_dataset"":""governed_numeric_v12"",""license"":""redistribution_license_not_identified"",""quality_flags"":"""",""record_id"":""PV13:4f55a89e53adf048aacc7ddf"",""review_reasons"":"""",""source_group_ids"":[""SOURCE:peplife2""],""source_id"":""PEPlife2"",""source_record_id"":""2165"",""source_url"":""https://webs.iiitd.edu.in/raghava/peplife2/"",""upstream_observation_key"":""observation:f85ac391223c1b996f29806b74040a39bfa0551459167dadeac531960917143f""},{""context_json"":""{\""curation_status\"":\""\"",\""in_vivo_in_vitro\"":\""In Vivo\"",\""input_record_id\"":\""PEPML000012983\"",\""normalized_lower\"":\""\"",\""normalized_unit\"":\""h\"",\""normalized_upper\"":\""\"",\""normalized_value\"":\""0.295833333333\"",\""row_role\"":\""curated_source_observation\"",\""source_raw_text\"":\""17.75 \\u00b1 3.99 Minutes\"",\""tissue\"":\""\"",\""value_lower\"":\""\"",\""value_origin\"":\""curated_source_observation\"",\""value_upper\"":\""\""}"",""doi_pmid"":""PMID:28899838"",""evidence_tier"":""public_database_curated_experimental_numeric"",""input_dataset"":""governed_numeric_v12"",""license"":""redistribution_license_not_identified"",""quality_flags"":"""",""record_id"":""PV13:8a3a1d56b1d023ce51269b84"",""review_reasons"":"""",""source_group_ids"":[""PMID:28899838""],""source_id"":""PEPlife2"",""source_record_id"":""5946"",""source_url"":""https://pubmed.ncbi.nlm.nih.gov/28899838/"",""upstream_observation_key"":""observation:4487ec37f8fc098fb3a1a7b0eefebc76b8c3211d0e5e42e38d31778cf34d84de""}]"	unit_and_task_normalized_exact_observation_duplicate
MLOBS1:d951cfb4d283c86b379ecd29	PV13:2cd470d05f4e71499ff9def1	2	PV13:2cd470d05f4e71499ff9def1;PV13:39b0c9ec85f18d36da479337	CycPeptMPDB	"[[""-5.62"",""="",""source_log10_permeability"",""""]]"	"[{""context_json"":""{\""curation_status\"":\""\"",\""in_vivo_in_vitro\"":\""\"",\""input_record_id\"":\""PEPML000002141\"",\""normalized_lower\"":\""\"",\""normalized_unit\"":\""\"",\""normalized_upper\"":\""\"",\""normalized_value\"":\""\"",\""row_role\"":\""curated_source_observation\"",\""source_raw_text\"":\""value=-5.62; source=2018_CHUGAI; version=1.0; detection_note=; recovery=\"",\""tissue\"":\""\"",\""value_lower\"":\""\"",\""value_origin\"":\""curated_source_observation\"",\""value_upper\"":\""\""}"",""doi_pmid"":"""",""evidence_tier"":""public_database_curated_experimental"",""input_dataset"":""governed_numeric_v12"",""license"":""redistribution_license_not_identified"",""quality_flags"":""assay_specific_value;unit_requires_source_protocol_check"",""record_id"":""PV13:2cd470d05f4e71499ff9def1"",""review_reasons"":"""",""source_group_ids"":[""SOURCE:cycpeptmpdb""],""source_id"":""CycPeptMPDB"",""source_record_id"":""2005"",""source_url"":""http://cycpeptmpdb.com/"",""upstream_observation_key"":""observation:dc68a5748f8916b3d0bfa59073d043ece75822ff5561eeecc1cf367c08649357""},{""context_json"":""{\""curation_status\"":\""\"",\""in_vivo_in_vitro\"":\""\"",\""input_record_id\"":\""PEPML000002255\"",\""normalized_lower\"":\""\"",\""normalized_unit\"":\""\"",\""normalized_upper\"":\""\"",\""normalized_value\"":\""\"",\""row_role\"":\""curated_source_observation\"",\""source_raw_text\"":\""value=-5.62; source=2018_CHUGAI; version=1.0; detection_note=; recovery=\"",\""tissue\"":\""\"",\""value_lower\"":\""\"",\""value_origin\"":\""curated_source_observation\"",\""value_upper\"":\""\""}"",""doi_pmid"":"""",""evidence_tier"":""public_database_curated_experimental"",""input_dataset"":""governed_numeric_v12"",""license"":""redistribution_license_not_identified"",""quality_flags"":""assay_specific_value;unit_requires_source_protocol_check"",""record_id"":""PV13:39b0c9ec85f18d36da479337"",""review_reasons"":"""",""source_group_ids"":[""SOURCE:cycpeptmpdb""],""source_id"":""CycPeptMPDB"",""source_record_id"":""2119"",""source_url"":""http://cycpeptmpdb.com/"",""upstream_observation_key"":""observation:0dfd77d00ea658282e73090bcbb882ef2582624d06f90b99735fca7da7e95305""}]"	unit_and_task_normalized_exact_observation_duplicate
MLOBS1:ddd596ed00930dfc8f414c7b	PV13:169f6518be2366149fe16014	2	PV13:169f6518be2366149fe16014;PV13:277691969bfaaa7cf44c697b	CycPeptMPDB	"[[""-5.66"",""="",""source_log10_permeability"",""""]]"	"[{""context_json"":""{\""curation_status\"":\""\"",\""in_vivo_in_vitro\"":\""\"",\""input_record_id\"":\""PEPML000008279\"",\""normalized_lower\"":\""\"",\""normalized_unit\"":\""\"",\""normalized_upper\"":\""\"",\""normalized_value\"":\""\"",\""row_role\"":\""curated_source_observation\"",\""source_raw_text\"":\""value=-5.66; source=2023_Ohta; version=1.2; detection_note=; recovery=\"",\""tissue\"":\""\"",\""value_lower\"":\""\"",\""value_origin\"":\""curated_source_observation\"",\""value_upper\"":\""\""}"",""doi_pmid"":"""",""evidence_tier"":""public_database_curated_experimental"",""input_dataset"":""governed_numeric_v12"",""license"":""redistribution_license_not_identified"",""quality_flags"":""assay_specific_value;unit_requires_source_protocol_check"",""record_id"":""PV13:169f6518be2366149fe16014"",""review_reasons"":"""",""source_group_ids"":[""SOURCE:cycpeptmpdb""],""source_id"":""CycPeptMPDB"",""source_record_id"":""7902"",""source_url"":""http://cycpeptmpdb.com/"",""upstream_observation_key"":""observation:7118ab56c1951d9e035a4ee33b3ff13942f0ab671c77e739191f19df22ed4884""},{""context_json"":""{\""curation_status\"":\""\"",\""in_vivo_in_vitro\"":\""\"",\""input_record_id\"":\""PEPML000002234\"",\""normalized_lower\"":\""\"",\""normalized_unit\"":\""\"",\""normalized_upper\"":\""\"",\""normalized_value\"":\""\"",\""row_role\"":\""curated_source_observation\"",\""source_raw_text\"":\""value=-5.66; source=2018_CHUGAI; version=1.0; detection_note=; recovery=\"",\""tissue\"":\""\"",\""value_lower\"":\""\"",\""value_origin\"":\""curated_source_observation\"",\""value_upper\"":\""\""}"",""doi_pmid"":"""",""evidence_tier"":""public_database_curated_experimental"",""input_dataset"":""governed_numeric_v12"",""license"":""redistribution_license_not_identified"",""quality_flags"":""assay_specific_value;unit_requires_source_protocol_check"",""record_id"":""PV13:277691969bfaaa7cf44c697b"",""review_reasons"":"""",""source_group_ids"":[""SOURCE:cycpeptmpdb""],""source_id"":""CycPeptMPDB"",""source_record_id"":""2098"",""source_url"":""http://cycpeptmpdb.com/"",""upstream_observation_key"":""observation:96bbcb2073439bd344e014e66848db5a2c8cbb26c78d56fb40eb031d6680bbab""}]"	unit_and_task_normalized_exact_observation_duplicate
MLOBS1:e19c9d2662613166882c114c	PV13:127967d0c92cd06b43b72ee2	2	PV13:127967d0c92cd06b43b72ee2;PV13:c3313cfc4e0c28d66f55baf9	PEPlife2	"[[""12"","">"",""hours"",""""]]"	"[{""context_json"":""{\""curation_status\"":\""\"",\""in_vivo_in_vitro\"":\""in vitro\"",\""input_record_id\"":\""PEPML000008950\"",\""normalized_lower\"":\""\"",\""normalized_unit\"":\""h\"",\""normalized_upper\"":\""\"",\""normalized_value\"":\""12\"",\""row_role\"":\""curated_source_observation\"",\""source_raw_text\"":\"">12 hours\"",\""tissue\"":\""\"",\""value_lower\"":\""\"",\""value_origin\"":\""curated_source_observation\"",\""value_upper\"":\""\""}"",""doi_pmid"":""PMID:15012592"",""evidence_tier"":""public_database_curated_experimental_numeric"",""input_dataset"":""governed_numeric_v12"",""license"":""redistribution_license_not_identified"",""quality_flags"":"""",""record_id"":""PV13:127967d0c92cd06b43b72ee2"",""review_reasons"":"""",""source_group_ids"":[""PMID:15012592""],""source_id"":""PEPlife2"",""source_record_id"":""1070"",""source_url"":""https://pubmed.ncbi.nlm.nih.gov/15012592/"",""upstream_observation_key"":""observation:bd05bc4294764f2aee92fb19be3f64a3c78188e74adeb3ba98e7cb33ca2a8ebd""},{""context_json"":""{\""curation_status\"":\""\"",\""in_vivo_in_vitro\"":\""in vitro\"",\""input_record_id\"":\""PEPML000009058\"",\""normalized_lower\"":\""\"",\""normalized_unit\"":\""h\"",\""normalized_upper\"":\""\"",\""normalized_value\"":\""12\"",\""row_role\"":\""curated_source_observation\"",\""source_raw_text\"":\"">12 hours\"",\""tissue\"":\""\"",\""value_lower\"":\""\"",\""value_origin\"":\""curated_source_observation\"",\""value_upper\"":\""\""}"",""doi_pmid"":""PMID:14759771"",""evidence_tier"":""public_database_curated_experimental_numeric"",""input_dataset"":""governed_numeric_v12"",""license"":""redistribution_license_not_identified"",""quality_flags"":"""",""record_id"":""PV13:c3313cfc4e0c28d66f55baf9"",""review_reasons"":"""",""source_group_ids"":[""PMID:14759771""],""source_id"":""PEPlife2"",""source_record_id"":""1178"",""source_url"":""https://pubmed.ncbi.nlm.nih.gov/14759771/"",""upstream_observation_key"":""observation:a850bbe57196274b76934f3e1e120de80c2a6ad5896c652acceae7e127d82dde""}]"	unit_and_task_normalized_exact_observation_duplicate
MLOBS1:ed2f158da550ad289331a90d	PV13:98f63cfe120cdb464884fc5d	2	PV13:98f63cfe120cdb464884fc5d;PV13:b083c41a3744b328c6ee8c41	CycPeptMPDB	"[[""-5.89"",""="",""source_log10_permeability"",""""]]"	"[{""context_json"":""{\""curation_status\"":\""\"",\""in_vivo_in_vitro\"":\""\"",\""input_record_id\"":\""PEPML000002355\"",\""normalized_lower\"":\""\"",\""normalized_unit\"":\""\"",\""normalized_upper\"":\""\"",\""normalized_value\"":\""\"",\""row_role\"":\""curated_source_observation\"",\""source_raw_text\"":\""value=-5.89; source=2018_CHUGAI; version=1.0; detection_note=; recovery=\"",\""tissue\"":\""\"",\""value_lower\"":\""\"",\""value_origin\"":\""curated_source_observation\"",\""value_upper\"":\""\""}"",""doi_pmid"":"""",""evidence_tier"":""public_database_curated_experimental"",""input_dataset"":""governed_numeric_v12"",""license"":""redistribution_license_not_identified"",""quality_flags"":""assay_specific_value;unit_requires_source_protocol_check"",""record_id"":""PV13:98f63cfe120cdb464884fc5d"",""review_reasons"":"""",""source_group_ids"":[""SOURCE:cycpeptmpdb""],""source_id"":""CycPeptMPDB"",""source_record_id"":""2219"",""source_url"":""http://cycpeptmpdb.com/"",""upstream_observation_key"":""observation:900369fdefe345a552a388d5dec0b03eaba344c72d47c34a0508c4b3dc89dab8""},{""context_json"":""{\""curation_status\"":\""\"",\""in_vivo_in_vitro\"":\""\"",\""input_record_id\"":\""PEPML000008286\"",\""normalized_lower\"":\""\"",\""normalized_unit\"":\""\"",\""normalized_upper\"":\""\"",\""normalized_value\"":\""\"",\""row_role\"":\""curated_source_observation\"",\""source_raw_text\"":\""value=-5.89; source=2023_Ohta; version=1.2; detection_note=; recovery=\"",\""tissue\"":\""\"",\""value_lower\"":\""\"",\""value_origin\"":\""curated_source_observation\"",\""value_upper\"":\""\""}"",""doi_pmid"":"""",""evidence_tier"":""public_database_curated_experimental"",""input_dataset"":""governed_numeric_v12"",""license"":""redistribution_license_not_identified"",""quality_flags"":""assay_specific_value;unit_requires_source_protocol_check"",""record_id"":""PV13:b083c41a3744b328c6ee8c41"",""review_reasons"":"""",""source_group_ids"":[""SOURCE:cycpeptmpdb""],""source_id"":""CycPeptMPDB"",""source_record_id"":""7909"",""source_url"":""http://cycpeptmpdb.com/"",""upstream_observation_key"":""observation:330432f9c8b9210c24ac23f4e04eda2a451a1888bd07bc12f5dafedb59133f58""}]"	unit_and_task_normalized_exact_observation_duplicate
MLOBS1:f01f74512e80e253984733d3	PV13:01b88383028308f16acdc9f0	2	PV13:01b88383028308f16acdc9f0;PV13:e928f3a485acbf00cf10cefd	CycPeptMPDB	"[[""-5.7"",""="",""source_log10_permeability"",""""]]"	"[{""context_json"":""{\""curation_status\"":\""\"",\""in_vivo_in_vitro\"":\""\"",\""input_record_id\"":\""PEPML000002277\"",\""normalized_lower\"":\""\"",\""normalized_unit\"":\""\"",\""normalized_upper\"":\""\"",\""normalized_value\"":\""\"",\""row_role\"":\""curated_source_observation\"",\""source_raw_text\"":\""value=-5.7; source=2018_CHUGAI; version=1.0; detection_note=; recovery=\"",\""tissue\"":\""\"",\""value_lower\"":\""\"",\""value_origin\"":\""curated_source_observation\"",\""value_upper\"":\""\""}"",""doi_pmid"":"""",""evidence_tier"":""public_database_curated_experimental"",""input_dataset"":""governed_numeric_v12"",""license"":""redistribution_license_not_identified"",""quality_flags"":""assay_specific_value;unit_requires_source_protocol_check"",""record_id"":""PV13:01b88383028308f16acdc9f0"",""review_reasons"":"""",""source_group_ids"":[""SOURCE:cycpeptmpdb""],""source_id"":""CycPeptMPDB"",""source_record_id"":""2141"",""source_url"":""http://cycpeptmpdb.com/"",""upstream_observation_key"":""observation:338b3aef89ac9718358d07f791a6a0ee49715d60add5277bd41bf048d520cb85""},{""context_json"":""{\""curation_status\"":\""\"",\""in_vivo_in_vitro\"":\""\"",\""input_record_id\"":\""PEPML000002140\"",\""normalized_lower\"":\""\"",\""normalized_unit\"":\""\"",\""normalized_upper\"":\""\"",\""normalized_value\"":\""\"",\""row_role\"":\""curated_source_observation\"",\""source_raw_text\"":\""value=-5.7; source=2018_CHUGAI; version=1.0; detection_note=; recovery=\"",\""tissue\"":\""\"",\""value_lower\"":\""\"",\""value_origin\"":\""curated_source_observation\"",\""value_upper\"":\""\""}"",""doi_pmid"":"""",""evidence_tier"":""public_database_curated_experimental"",""input_dataset"":""governed_numeric_v12"",""license"":""redistribution_license_not_identified"",""quality_flags"":""assay_specific_value;unit_requires_source_protocol_check"",""record_id"":""PV13:e928f3a485acbf00cf10cefd"",""review_reasons"":"""",""source_group_ids"":[""SOURCE:cycpeptmpdb""],""source_id"":""CycPeptMPDB"",""source_record_id"":""2004"",""source_url"":""http://cycpeptmpdb.com/"",""upstream_observation_key"":""observation:f86a8ac639e091b50b1de8f921df19f34630b377e29c954163d9011d118bf844""}]"	unit_and_task_normalized_exact_observation_duplicate
