task_id	endpoint_family	task_kind	parameter_semantics	normalized_unit	target_transform	binary_evidence_classes	binary_use_tiers	semantic_signature	rows	strict_numeric_rows	censored_rows	positive_rows	negative_rows	unique_identities	source_groups	strict_modelable	research_modelable	modelability_reason
mlv1.bbb.binary_clas_8c2ea6bb.bbb_compiled_positive_r_9a0d991d.52d9175535b5dd80	BBB	binary_classification	BBB_compiled_positive_rule_negative	binary_label	identity	database_positive_membership;rule_constructed_negative	weak_benchmark_reproduction_only	"{""assay_family"":""not_reported"",""binary_evidence_lane"":""weak_benchmark_reproduction_only"",""condition"":{""assay"":""not_reported"",""dose"":""not_reported"",""matrix"":""other_blood_brain_barrier_penetra_a1fc6db2"",""route"":""not_reported"",""species"":""species_not_reported"",""timepoint"":""not_reported""},""endpoint_family"":""BBB"",""normalized_unit"":""binary_label"",""parameter_basis"":""binary_label"",""parameter_semantics"":""BBB_compiled_positive_rule_negative"",""target_kind"":""binary_classification"",""target_transform"":""identity""}"	844	0	0	421	423	844	1	false	true	derived_or_weak_binary_research_benchmark_only
mlv1.bbb.positive_unlabeled.blood_brain_barrier_penetrating.d907a1aa72a6cf3f	BBB	positive_unlabeled	blood_brain_barrier_penetrating	positive_membership	identity	positive_only_unlabeled	positive_unlabeled_only	"{""assay_family"":""not_reported"",""binary_evidence_lane"":""positive_unlabeled_only"",""condition"":{""assay"":""not_reported"",""dose"":""not_reported"",""matrix"":""blood"",""route"":""not_reported"",""species"":""species_not_reported"",""timepoint"":""not_reported""},""endpoint_family"":""BBB"",""normalized_unit"":""positive_membership"",""parameter_basis"":""database_function_membership"",""parameter_semantics"":""blood_brain_barrier_penetrating"",""target_kind"":""positive_unlabeled"",""target_transform"":""identity""}"	136	0	0	136	0	136	116	false	false	below_current_per_task_size_gate
mlv1.cell_penetration.positive_unlabeled.cell_penetrating.70c247e6b86f828a	cell_penetration	positive_unlabeled	cell_penetrating	positive_membership	identity	positive_only_unlabeled	positive_unlabeled_only	"{""assay_family"":""not_reported"",""binary_evidence_lane"":""positive_unlabeled_only"",""condition"":{""assay"":""not_reported"",""dose"":""not_reported"",""matrix"":""other_cell_penetrating"",""route"":""not_reported"",""species"":""species_not_reported"",""timepoint"":""not_reported""},""endpoint_family"":""cell_penetration"",""normalized_unit"":""positive_membership"",""parameter_basis"":""database_function_membership"",""parameter_semantics"":""cell_penetrating"",""target_kind"":""positive_unlabeled"",""target_transform"":""identity""}"	784	0	0	784	0	784	198	false	false	below_current_per_task_size_gate
mlv1.cl.regression.apparent_clearance.022f6aa4d069427e	CL	regression	apparent_clearance	mL/min/kg	identity			"{""assay_family"":""noncompartmental_analysis"",""binary_evidence_lane"":""not_binary"",""condition"":{""analyte"":""parent_or_named_active_moiety"",""dose"":""30_microgram_kg"",""formulation"":""unspecified"",""matrix"":""plasma"",""method"":""noncompartmental_analysis"",""route"":""subcutaneous"",""species"":""human"",""timepoint"":""day_1"",""volume_subtype"":""not_applicable""},""endpoint_family"":""CL"",""normalized_unit"":""mL/min/kg"",""parameter_basis"":""apparent_over_f"",""parameter_semantics"":""apparent_clearance"",""target_kind"":""regression"",""target_transform"":""identity""}"	1	1	0	0	0	1	1	false	false	below_current_per_task_size_gate
mlv1.cl.regression.apparent_clearance.0a1bd8ca530ec382	CL	regression	apparent_clearance	mL/min/kg	identity			"{""assay_family"":""noncompartmental_analysis"",""binary_evidence_lane"":""not_binary"",""condition"":{""analyte"":""parent_or_named_active_moiety"",""dose"":""15_microgram_kg_once_daily"",""formulation"":""unspecified"",""matrix"":""plasma"",""method"":""noncompartmental_analysis"",""route"":""subcutaneous"",""species"":""human"",""timepoint"":""day_1"",""volume_subtype"":""not_applicable""},""endpoint_family"":""CL"",""normalized_unit"":""mL/min/kg"",""parameter_basis"":""apparent_over_f"",""parameter_semantics"":""apparent_clearance"",""target_kind"":""regression"",""target_transform"":""identity""}"	1	1	0	0	0	1	1	false	false	below_current_per_task_size_gate
mlv1.cl.regression.apparent_clearance.2070038b6b3b5123	CL	regression	apparent_clearance	L/h	identity			"{""assay_family"":""noncompartmental_analysis"",""binary_evidence_lane"":""not_binary"",""condition"":{""analyte"":""parent_or_named_active_moiety"",""dose"":""0_14_mg_three_times_daily"",""formulation"":""unspecified"",""matrix"":""plasma"",""method"":""noncompartmental_analysis"",""route"":""subcutaneous"",""species"":""human"",""timepoint"":""d11"",""volume_subtype"":""not_applicable""},""endpoint_family"":""CL"",""normalized_unit"":""L/h"",""parameter_basis"":""apparent_over_f"",""parameter_semantics"":""apparent_clearance"",""target_kind"":""regression"",""target_transform"":""identity""}"	1	1	0	0	0	1	1	false	false	below_current_per_task_size_gate
mlv1.cl.regression.apparent_clearance.207e70294c608080	CL	regression	apparent_clearance	L/h	identity			"{""assay_family"":""noncompartmental_analysis"",""binary_evidence_lane"":""not_binary"",""condition"":{""analyte"":""parent_or_named_active_moiety"",""dose"":""45_mg"",""formulation"":""lyophilized"",""matrix"":""plasma"",""method"":""noncompartmental_analysis"",""route"":""subcutaneous"",""species"":""human"",""timepoint"":""single_dose"",""volume_subtype"":""not_applicable""},""endpoint_family"":""CL"",""normalized_unit"":""L/h"",""parameter_basis"":""apparent_over_f"",""parameter_semantics"":""apparent_clearance"",""target_kind"":""regression"",""target_transform"":""identity""}"	1	1	0	0	0	1	1	false	false	below_current_per_task_size_gate
mlv1.cl.regression.apparent_clearance.35a804d586d2163a	CL	regression	apparent_clearance	L/h	identity			"{""assay_family"":""noncompartmental_analysis"",""binary_evidence_lane"":""not_binary"",""condition"":{""analyte"":""parent_or_named_active_moiety"",""dose"":""60_mg"",""formulation"":""lyophilized"",""matrix"":""plasma"",""method"":""noncompartmental_analysis"",""route"":""subcutaneous"",""species"":""human"",""timepoint"":""single_dose"",""volume_subtype"":""not_applicable""},""endpoint_family"":""CL"",""normalized_unit"":""L/h"",""parameter_basis"":""apparent_over_f"",""parameter_semantics"":""apparent_clearance"",""target_kind"":""regression"",""target_transform"":""identity""}"	1	1	0	0	0	1	1	false	false	below_current_per_task_size_gate
mlv1.cl.regression.apparent_clearance.61d6fb67f5d89c5f	CL	regression	apparent_clearance	L/h	identity			"{""assay_family"":""noncompartmental_analysis"",""binary_evidence_lane"":""not_binary"",""condition"":{""analyte"":""parent_or_named_active_moiety"",""dose"":""20_mg"",""formulation"":""aqueous"",""matrix"":""plasma"",""method"":""noncompartmental_analysis"",""route"":""subcutaneous"",""species"":""human"",""timepoint"":""single_dose"",""volume_subtype"":""not_applicable""},""endpoint_family"":""CL"",""normalized_unit"":""L/h"",""parameter_basis"":""apparent_over_f"",""parameter_semantics"":""apparent_clearance"",""target_kind"":""regression"",""target_transform"":""identity""}"	1	1	0	0	0	1	1	false	false	below_current_per_task_size_gate
mlv1.cl.regression.apparent_clearance.7a97c29e5b0ec42b	CL	regression	apparent_clearance	L/h	identity			"{""assay_family"":""noncompartmental_analysis"",""binary_evidence_lane"":""not_binary"",""condition"":{""analyte"":""parent_or_named_active_moiety"",""dose"":""0_14_mg_three_times_daily"",""formulation"":""unspecified"",""matrix"":""plasma"",""method"":""noncompartmental_analysis"",""route"":""subcutaneous"",""species"":""human"",""timepoint"":""d7"",""volume_subtype"":""not_applicable""},""endpoint_family"":""CL"",""normalized_unit"":""L/h"",""parameter_basis"":""apparent_over_f"",""parameter_semantics"":""apparent_clearance"",""target_kind"":""regression"",""target_transform"":""identity""}"	1	1	0	0	0	1	1	false	false	below_current_per_task_size_gate
mlv1.cl.regression.apparent_clearance.891166eba059e5e5	CL	regression	apparent_clearance	mL/min/kg	identity			"{""assay_family"":""noncompartmental_analysis"",""binary_evidence_lane"":""not_binary"",""condition"":{""analyte"":""parent_or_named_active_moiety"",""dose"":""9_40_mg_kg"",""formulation"":""unspecified"",""matrix"":""plasma"",""method"":""noncompartmental_analysis"",""route"":""intraperitoneal"",""species"":""rat"",""timepoint"":""not_reported"",""volume_subtype"":""not_applicable""},""endpoint_family"":""CL"",""normalized_unit"":""mL/min/kg"",""parameter_basis"":""apparent_over_f"",""parameter_semantics"":""apparent_clearance"",""target_kind"":""regression"",""target_transform"":""identity""}"	1	1	0	0	0	1	2	false	false	below_current_per_task_size_gate
mlv1.cl.regression.apparent_clearance.9835c63224ea5127	CL	regression	apparent_clearance	L/h	identity			"{""assay_family"":""noncompartmental_analysis"",""binary_evidence_lane"":""not_binary"",""condition"":{""analyte"":""parent_or_named_active_moiety"",""dose"":""0_1_mg_three_times_daily"",""formulation"":""unspecified"",""matrix"":""plasma"",""method"":""noncompartmental_analysis"",""route"":""subcutaneous"",""species"":""human"",""timepoint"":""d6"",""volume_subtype"":""not_applicable""},""endpoint_family"":""CL"",""normalized_unit"":""L/h"",""parameter_basis"":""apparent_over_f"",""parameter_semantics"":""apparent_clearance"",""target_kind"":""regression"",""target_transform"":""identity""}"	1	1	0	0	0	1	1	false	false	below_current_per_task_size_gate
mlv1.cl.regression.apparent_clearance.a5d662f76cef1d64	CL	regression	apparent_clearance	mL/min/kg	identity			"{""assay_family"":""noncompartmental_analysis"",""binary_evidence_lane"":""not_binary"",""condition"":{""analyte"":""parent_or_named_active_moiety"",""dose"":""15_microgram_kg_once_daily"",""formulation"":""unspecified"",""matrix"":""plasma"",""method"":""noncompartmental_analysis"",""route"":""subcutaneous"",""species"":""human"",""timepoint"":""week_26"",""volume_subtype"":""not_applicable""},""endpoint_family"":""CL"",""normalized_unit"":""mL/min/kg"",""parameter_basis"":""apparent_over_f"",""parameter_semantics"":""apparent_clearance"",""target_kind"":""regression"",""target_transform"":""identity""}"	1	1	0	0	0	1	1	false	false	below_current_per_task_size_gate
mlv1.cl.regression.apparent_clearance.aed8902234b5572c	CL	regression	apparent_clearance	L/h	identity			"{""assay_family"":""noncompartmental_analysis"",""binary_evidence_lane"":""not_binary"",""condition"":{""analyte"":""parent_or_named_active_moiety"",""dose"":""0_2_mg_three_times_daily"",""formulation"":""unspecified"",""matrix"":""plasma"",""method"":""noncompartmental_analysis"",""route"":""subcutaneous"",""species"":""human"",""timepoint"":""d12"",""volume_subtype"":""not_applicable""},""endpoint_family"":""CL"",""normalized_unit"":""L/h"",""parameter_basis"":""apparent_over_f"",""parameter_semantics"":""apparent_clearance"",""target_kind"":""regression"",""target_transform"":""identity""}"	1	1	0	0	0	1	1	false	false	below_current_per_task_size_gate
mlv1.cl.regression.apparent_clearance.b4876d6c31855ad1	CL	regression	apparent_clearance	mL/min/kg	identity			"{""assay_family"":""noncompartmental_analysis"",""binary_evidence_lane"":""not_binary"",""condition"":{""analyte"":""parent_or_named_active_moiety"",""dose"":""2_35_mg_kg"",""formulation"":""unspecified"",""matrix"":""plasma"",""method"":""noncompartmental_analysis"",""route"":""intraperitoneal"",""species"":""rat"",""timepoint"":""not_reported"",""volume_subtype"":""not_applicable""},""endpoint_family"":""CL"",""normalized_unit"":""mL/min/kg"",""parameter_basis"":""apparent_over_f"",""parameter_semantics"":""apparent_clearance"",""target_kind"":""regression"",""target_transform"":""identity""}"	1	1	0	0	0	1	2	false	false	below_current_per_task_size_gate
mlv1.cl.regression.apparent_clearance.c357a049ef1d0606	CL	regression	apparent_clearance	mL/min/kg	identity			"{""assay_family"":""noncompartmental_analysis"",""binary_evidence_lane"":""not_binary"",""condition"":{""analyte"":""parent_or_named_active_moiety"",""dose"":""15_microgram_kg_once_daily"",""formulation"":""unspecified"",""matrix"":""plasma"",""method"":""noncompartmental_analysis"",""route"":""subcutaneous"",""species"":""human"",""timepoint"":""week_52"",""volume_subtype"":""not_applicable""},""endpoint_family"":""CL"",""normalized_unit"":""mL/min/kg"",""parameter_basis"":""apparent_over_f"",""parameter_semantics"":""apparent_clearance"",""target_kind"":""regression"",""target_transform"":""identity""}"	1	1	0	0	0	1	1	false	false	below_current_per_task_size_gate
mlv1.cl.regression.apparent_clearance.c46d39ac32931a4d	CL	regression	apparent_clearance	L/h	identity			"{""assay_family"":""noncompartmental_analysis"",""binary_evidence_lane"":""not_binary"",""condition"":{""analyte"":""parent_or_named_active_moiety"",""dose"":""10_mg"",""formulation"":""lyophilized"",""matrix"":""plasma"",""method"":""noncompartmental_analysis"",""route"":""subcutaneous"",""species"":""human"",""timepoint"":""single_dose"",""volume_subtype"":""not_applicable""},""endpoint_family"":""CL"",""normalized_unit"":""L/h"",""parameter_basis"":""apparent_over_f"",""parameter_semantics"":""apparent_clearance"",""target_kind"":""regression"",""target_transform"":""identity""}"	1	1	0	0	0	1	1	false	false	below_current_per_task_size_gate
mlv1.cl.regression.apparent_clearance.c7d9e4698d94b05c	CL	regression	apparent_clearance	L/h	identity			"{""assay_family"":""noncompartmental_analysis"",""binary_evidence_lane"":""not_binary"",""condition"":{""analyte"":""parent_or_named_active_moiety"",""dose"":""30_mg"",""formulation"":""lyophilized"",""matrix"":""plasma"",""method"":""noncompartmental_analysis"",""route"":""subcutaneous"",""species"":""human"",""timepoint"":""single_dose"",""volume_subtype"":""not_applicable""},""endpoint_family"":""CL"",""normalized_unit"":""L/h"",""parameter_basis"":""apparent_over_f"",""parameter_semantics"":""apparent_clearance"",""target_kind"":""regression"",""target_transform"":""identity""}"	1	1	0	0	0	1	1	false	false	below_current_per_task_size_gate
mlv1.cl.regression.apparent_clearance.c8b9343ce14243de	CL	regression	apparent_clearance	mL/min/kg	identity			"{""assay_family"":""noncompartmental_analysis"",""binary_evidence_lane"":""not_binary"",""condition"":{""analyte"":""parent_or_named_active_moiety"",""dose"":""4_70_mg_kg"",""formulation"":""unspecified"",""matrix"":""plasma"",""method"":""noncompartmental_analysis"",""route"":""intraperitoneal"",""species"":""rat"",""timepoint"":""not_reported"",""volume_subtype"":""not_applicable""},""endpoint_family"":""CL"",""normalized_unit"":""mL/min/kg"",""parameter_basis"":""apparent_over_f"",""parameter_semantics"":""apparent_clearance"",""target_kind"":""regression"",""target_transform"":""identity""}"	1	1	0	0	0	1	2	false	false	below_current_per_task_size_gate
mlv1.cl.regression.apparent_clearance.dd25c869ce7c11f8	CL	regression	apparent_clearance	L/h	identity			"{""assay_family"":""noncompartmental_analysis"",""binary_evidence_lane"":""not_binary"",""condition"":{""analyte"":""parent_or_named_active_moiety"",""dose"":""0_2_mg_three_times_daily"",""formulation"":""unspecified"",""matrix"":""plasma"",""method"":""noncompartmental_analysis"",""route"":""subcutaneous"",""species"":""human"",""timepoint"":""d16"",""volume_subtype"":""not_applicable""},""endpoint_family"":""CL"",""normalized_unit"":""L/h"",""parameter_basis"":""apparent_over_f"",""parameter_semantics"":""apparent_clearance"",""target_kind"":""regression"",""target_transform"":""identity""}"	1	1	0	0	0	1	1	false	false	below_current_per_task_size_gate
mlv1.cl.regression.apparent_clearance.eb3543b1bcfd5e77	CL	regression	apparent_clearance	L/h	identity			"{""assay_family"":""noncompartmental_analysis"",""binary_evidence_lane"":""not_binary"",""condition"":{""analyte"":""parent_or_named_active_moiety"",""dose"":""20_mg"",""formulation"":""lyophilized"",""matrix"":""plasma"",""method"":""noncompartmental_analysis"",""route"":""subcutaneous"",""species"":""human"",""timepoint"":""single_dose"",""volume_subtype"":""not_applicable""},""endpoint_family"":""CL"",""normalized_unit"":""L/h"",""parameter_basis"":""apparent_over_f"",""parameter_semantics"":""apparent_clearance"",""target_kind"":""regression"",""target_transform"":""identity""}"	1	1	0	0	0	1	1	false	false	below_current_per_task_size_gate
mlv1.cl.regression.apparent_clearance.f2ec81cd8696d918	CL	regression	apparent_clearance	mL/min/kg	identity			"{""assay_family"":""noncompartmental_analysis"",""binary_evidence_lane"":""not_binary"",""condition"":{""analyte"":""parent_or_named_active_moiety"",""dose"":""15_microgram_kg"",""formulation"":""unspecified"",""matrix"":""plasma"",""method"":""noncompartmental_analysis"",""route"":""subcutaneous"",""species"":""human"",""timepoint"":""day_1"",""volume_subtype"":""not_applicable""},""endpoint_family"":""CL"",""normalized_unit"":""mL/min/kg"",""parameter_basis"":""apparent_over_f"",""parameter_semantics"":""apparent_clearance"",""target_kind"":""regression"",""target_transform"":""identity""}"	1	1	0	0	0	1	1	false	false	below_current_per_task_size_gate
mlv1.cl.regression.intrinsic_clearance.7843408768ce91a1	CL	regression	intrinsic_clearance	uL/min/mg protein	identity			"{""assay_family"":""in_vitro_clearance_assay"",""binary_evidence_lane"":""not_binary"",""condition"":{""analyte"":""parent_or_named_active_moiety"",""dose"":""not_reported"",""formulation"":""unspecified"",""matrix"":""liver_microsomes"",""method"":""in_vitro_clearance_assay"",""route"":""unspecified"",""species"":""unspecified"",""timepoint"":""not_reported"",""volume_subtype"":""not_applicable""},""endpoint_family"":""CL"",""normalized_unit"":""uL/min/mg protein"",""parameter_basis"":""intrinsic"",""parameter_semantics"":""intrinsic_clearance"",""target_kind"":""regression"",""target_transform"":""identity""}"	7	7	0	0	0	7	1	false	false	below_current_per_task_size_gate
mlv1.cl.regression.intrinsic_clearance.b3cc16c792b2a0ac	CL	regression	intrinsic_clearance		identity			"{""assay_family"":""in_vitro_clearance_assay"",""binary_evidence_lane"":""not_binary"",""condition"":{""analyte"":""analyte_unspecified"",""dose"":""not_reported"",""formulation"":""unspecified"",""matrix"":""not_reported"",""method"":""in_vitro_clearance_assay"",""route"":""unspecified"",""species"":""unspecified"",""timepoint"":""not_reported"",""volume_subtype"":""not_applicable""},""endpoint_family"":""CL"",""normalized_unit"":""not_normalized"",""parameter_basis"":""intrinsic"",""parameter_semantics"":""intrinsic_clearance"",""target_kind"":""regression"",""target_transform"":""identity""}"	2	0	0	0	0	2	1	false	false	below_current_per_task_size_gate
mlv1.cl.regression.intrinsic_clearance.dfc04fb7d331eb51	CL	regression	intrinsic_clearance	uL/min/mg protein	identity			"{""assay_family"":""derived_microsomal_clearance"",""binary_evidence_lane"":""not_binary"",""condition"":{""analyte"":""parent_or_named_active_moiety"",""dose"":""not_reported"",""formulation"":""unspecified"",""matrix"":""human_liver_microsomes"",""method"":""derived_microsomal_clearance"",""route"":""unspecified"",""species"":""human"",""timepoint"":""not_reported"",""volume_subtype"":""not_applicable""},""endpoint_family"":""CL"",""normalized_unit"":""uL/min/mg protein"",""parameter_basis"":""intrinsic"",""parameter_semantics"":""intrinsic_clearance"",""target_kind"":""regression"",""target_transform"":""identity""}"	11	0	0	0	0	0	1	false	false	below_current_per_task_size_gate
mlv1.cl.regression.nonrenal_clearance.1a8be554af4ee116	CL	regression	nonrenal_clearance	L/h	identity			"{""assay_family"":""population_pk"",""binary_evidence_lane"":""not_binary"",""condition"":{""analyte"":""parent_or_named_active_moiety"",""dose"":""0_2_0_8_1_6_and_3_2_mg_kg"",""formulation"":""unspecified"",""matrix"":""plasma"",""method"":""population_pk"",""route"":""intravenous"",""species"":""human"",""timepoint"":""all_visits_pooled"",""volume_subtype"":""not_applicable""},""endpoint_family"":""CL"",""normalized_unit"":""L/h"",""parameter_basis"":""component"",""parameter_semantics"":""nonrenal_clearance"",""target_kind"":""regression"",""target_transform"":""identity""}"	1	1	0	0	0	1	1	false	false	below_current_per_task_size_gate
mlv1.cl.regression.renal_clearance.1bad1a1813e0d9e9	CL	regression	renal_clearance	L/h	identity			"{""assay_family"":""population_pk"",""binary_evidence_lane"":""not_binary"",""condition"":{""analyte"":""parent_or_named_active_moiety"",""dose"":""0_2_0_8_1_6_and_3_2_mg_kg"",""formulation"":""unspecified"",""matrix"":""plasma"",""method"":""population_pk"",""route"":""intravenous"",""species"":""human"",""timepoint"":""all_visits_pooled"",""volume_subtype"":""not_applicable""},""endpoint_family"":""CL"",""normalized_unit"":""L/h"",""parameter_basis"":""component"",""parameter_semantics"":""renal_clearance"",""target_kind"":""regression"",""target_transform"":""identity""}"	1	1	0	0	0	1	1	false	false	below_current_per_task_size_gate
mlv1.cl.regression.systemic_clearance.099f1a1478b319eb	CL	regression	systemic_clearance	mL/min/kg	identity			"{""assay_family"":""source_reported_pk"",""binary_evidence_lane"":""not_binary"",""condition"":{""analyte"":""parent_or_named_active_moiety"",""dose"":""1_mg_kg"",""formulation"":""unspecified"",""matrix"":""plasma"",""method"":""source_reported_pk"",""route"":""intravenous"",""species"":""mouse"",""timepoint"":""not_reported"",""volume_subtype"":""not_applicable""},""endpoint_family"":""CL"",""normalized_unit"":""mL/min/kg"",""parameter_basis"":""absolute"",""parameter_semantics"":""systemic_clearance"",""target_kind"":""regression"",""target_transform"":""identity""}"	1	1	0	0	0	1	1	false	false	below_current_per_task_size_gate
mlv1.cl.regression.systemic_clearance.217d557f6c8dfa97	CL	regression	systemic_clearance	mL/min/kg	identity			"{""assay_family"":""source_reported_pk"",""binary_evidence_lane"":""not_binary"",""condition"":{""analyte"":""parent_or_named_active_moiety"",""dose"":""not_reported"",""formulation"":""unspecified"",""matrix"":""plasma"",""method"":""source_reported_pk"",""route"":""intravenous"",""species"":""rat"",""timepoint"":""not_reported"",""volume_subtype"":""not_applicable""},""endpoint_family"":""CL"",""normalized_unit"":""mL/min/kg"",""parameter_basis"":""absolute"",""parameter_semantics"":""systemic_clearance"",""target_kind"":""regression"",""target_transform"":""identity""}"	1	1	0	0	0	1	1	false	false	below_current_per_task_size_gate
mlv1.cl.regression.systemic_clearance.247ac297bb9f57a6	CL	regression	systemic_clearance	mL/min/kg	identity			"{""assay_family"":""source_reported_pk"",""binary_evidence_lane"":""not_binary"",""condition"":{""analyte"":""parent_or_named_active_moiety"",""dose"":""not_reported"",""formulation"":""unspecified"",""matrix"":""plasma"",""method"":""source_reported_pk"",""route"":""intravenous"",""species"":""pig"",""timepoint"":""not_reported"",""volume_subtype"":""not_applicable""},""endpoint_family"":""CL"",""normalized_unit"":""mL/min/kg"",""parameter_basis"":""absolute"",""parameter_semantics"":""systemic_clearance"",""target_kind"":""regression"",""target_transform"":""identity""}"	1	1	0	0	0	1	1	false	false	below_current_per_task_size_gate
mlv1.cl.regression.systemic_clearance.26978e883ca88fa3	CL	regression	systemic_clearance	mL/min/kg	identity			"{""assay_family"":""noncompartmental_analysis"",""binary_evidence_lane"":""not_binary"",""condition"":{""analyte"":""parent_or_named_active_moiety"",""dose"":""5_mg_kg"",""formulation"":""unspecified"",""matrix"":""plasma"",""method"":""noncompartmental_analysis"",""route"":""intravenous"",""species"":""dog"",""timepoint"":""single_dose"",""volume_subtype"":""not_applicable""},""endpoint_family"":""CL"",""normalized_unit"":""mL/min/kg"",""parameter_basis"":""absolute"",""parameter_semantics"":""systemic_clearance"",""target_kind"":""regression"",""target_transform"":""identity""}"	2	0	0	0	0	1	1	false	false	below_current_per_task_size_gate
mlv1.cl.regression.systemic_clearance.365155f071a4ec2c	CL	regression	systemic_clearance	mL/min/kg	identity			"{""assay_family"":""noncompartmental_analysis"",""binary_evidence_lane"":""not_binary"",""condition"":{""analyte"":""parent_or_named_active_moiety"",""dose"":""50_mg_kg"",""formulation"":""unspecified"",""matrix"":""plasma"",""method"":""noncompartmental_analysis"",""route"":""intravenous"",""species"":""nonhuman_primate"",""timepoint"":""single_dose"",""volume_subtype"":""not_applicable""},""endpoint_family"":""CL"",""normalized_unit"":""mL/min/kg"",""parameter_basis"":""absolute"",""parameter_semantics"":""systemic_clearance"",""target_kind"":""regression"",""target_transform"":""identity""}"	1	1	0	0	0	1	1	false	false	below_current_per_task_size_gate
mlv1.cl.regression.systemic_clearance.3ae7ca102bd174fe	CL	regression	systemic_clearance	mL/min/kg	identity			"{""assay_family"":""noncompartmental_analysis"",""binary_evidence_lane"":""not_binary"",""condition"":{""analyte"":""parent_or_named_active_moiety"",""dose"":""4_5_mg_kg"",""formulation"":""unspecified"",""matrix"":""plasma"",""method"":""noncompartmental_analysis"",""route"":""intravenous"",""species"":""mouse"",""timepoint"":""single_dose"",""volume_subtype"":""not_applicable""},""endpoint_family"":""CL"",""normalized_unit"":""mL/min/kg"",""parameter_basis"":""absolute"",""parameter_semantics"":""systemic_clearance"",""target_kind"":""regression"",""target_transform"":""identity""}"	1	1	0	0	0	1	1	false	false	below_current_per_task_size_gate
mlv1.cl.regression.systemic_clearance.54d90eed29dc7c41	CL	regression	systemic_clearance	mL/min/kg	identity			"{""assay_family"":""noncompartmental_analysis"",""binary_evidence_lane"":""not_binary"",""condition"":{""analyte"":""parent_or_named_active_moiety"",""dose"":""75_mg_kg"",""formulation"":""unspecified"",""matrix"":""plasma"",""method"":""noncompartmental_analysis"",""route"":""intravenous"",""species"":""rat"",""timepoint"":""single_dose"",""volume_subtype"":""not_applicable""},""endpoint_family"":""CL"",""normalized_unit"":""mL/min/kg"",""parameter_basis"":""absolute"",""parameter_semantics"":""systemic_clearance"",""target_kind"":""regression"",""target_transform"":""identity""}"	2	0	0	0	0	1	1	false	false	below_current_per_task_size_gate
mlv1.cl.regression.systemic_clearance.70b6297c7c1adb15	CL	regression	systemic_clearance	mL/min/kg	identity			"{""assay_family"":""noncompartmental_analysis"",""binary_evidence_lane"":""not_binary"",""condition"":{""analyte"":""parent_or_named_active_moiety"",""dose"":""3_2_mg_kg"",""formulation"":""unspecified"",""matrix"":""plasma"",""method"":""noncompartmental_analysis"",""route"":""intravenous"",""species"":""human"",""timepoint"":""cycle_1_day_1"",""volume_subtype"":""not_applicable""},""endpoint_family"":""CL"",""normalized_unit"":""mL/min/kg"",""parameter_basis"":""absolute"",""parameter_semantics"":""systemic_clearance"",""target_kind"":""regression"",""target_transform"":""identity""}"	1	1	0	0	0	1	1	false	false	below_current_per_task_size_gate
mlv1.cl.regression.systemic_clearance.70d4e2236be9a865	CL	regression	systemic_clearance	mL/min/kg	identity			"{""assay_family"":""noncompartmental_analysis"",""binary_evidence_lane"":""not_binary"",""condition"":{""analyte"":""parent_or_named_active_moiety"",""dose"":""3_2_mg_kg"",""formulation"":""unspecified"",""matrix"":""plasma"",""method"":""noncompartmental_analysis"",""route"":""intravenous"",""species"":""human"",""timepoint"":""run_in"",""volume_subtype"":""not_applicable""},""endpoint_family"":""CL"",""normalized_unit"":""mL/min/kg"",""parameter_basis"":""absolute"",""parameter_semantics"":""systemic_clearance"",""target_kind"":""regression"",""target_transform"":""identity""}"	1	1	0	0	0	1	1	false	false	below_current_per_task_size_gate
mlv1.cl.regression.systemic_clearance.7f1f69a36133486c	CL	regression	systemic_clearance	mL/min/kg	identity			"{""assay_family"":""source_reported_pk"",""binary_evidence_lane"":""not_binary"",""condition"":{""analyte"":""parent_or_named_active_moiety"",""dose"":""10_mg_kg"",""formulation"":""unspecified"",""matrix"":""plasma"",""method"":""source_reported_pk"",""route"":""intravenous"",""species"":""mouse"",""timepoint"":""not_reported"",""volume_subtype"":""not_applicable""},""endpoint_family"":""CL"",""normalized_unit"":""mL/min/kg"",""parameter_basis"":""absolute"",""parameter_semantics"":""systemic_clearance"",""target_kind"":""regression"",""target_transform"":""identity""}"	4	0	0	0	0	2	1	false	false	below_current_per_task_size_gate
mlv1.cl.regression.systemic_clearance.7ff810356111bcb0	CL	regression	systemic_clearance	mL/min/kg	identity			"{""assay_family"":""noncompartmental_analysis"",""binary_evidence_lane"":""not_binary"",""condition"":{""analyte"":""parent_or_named_active_moiety"",""dose"":""1_mg_kg"",""formulation"":""unspecified"",""matrix"":""plasma"",""method"":""noncompartmental_analysis"",""route"":""intravenous"",""species"":""dog"",""timepoint"":""single_dose"",""volume_subtype"":""not_applicable""},""endpoint_family"":""CL"",""normalized_unit"":""mL/min/kg"",""parameter_basis"":""absolute"",""parameter_semantics"":""systemic_clearance"",""target_kind"":""regression"",""target_transform"":""identity""}"	2	0	0	0	0	1	1	false	false	below_current_per_task_size_gate
mlv1.cl.regression.systemic_clearance.8783d5dfadaed60e	CL	regression	systemic_clearance	mL/min/kg	identity			"{""assay_family"":""noncompartmental_analysis"",""binary_evidence_lane"":""not_binary"",""condition"":{""analyte"":""parent_or_named_active_moiety"",""dose"":""13_5_mg_kg"",""formulation"":""unspecified"",""matrix"":""plasma"",""method"":""noncompartmental_analysis"",""route"":""intravenous"",""species"":""mouse"",""timepoint"":""single_dose"",""volume_subtype"":""not_applicable""},""endpoint_family"":""CL"",""normalized_unit"":""mL/min/kg"",""parameter_basis"":""absolute"",""parameter_semantics"":""systemic_clearance"",""target_kind"":""regression"",""target_transform"":""identity""}"	1	1	0	0	0	1	1	false	false	below_current_per_task_size_gate
mlv1.cl.regression.systemic_clearance.88137a04ce017661	CL	regression	systemic_clearance	mL/min/kg	identity			"{""assay_family"":""noncompartmental_analysis"",""binary_evidence_lane"":""not_binary"",""condition"":{""analyte"":""parent_or_named_active_moiety"",""dose"":""3_2_mg_kg"",""formulation"":""unspecified"",""matrix"":""plasma"",""method"":""noncompartmental_analysis"",""route"":""intravenous"",""species"":""human"",""timepoint"":""cycle_6_day_1"",""volume_subtype"":""not_applicable""},""endpoint_family"":""CL"",""normalized_unit"":""mL/min/kg"",""parameter_basis"":""absolute"",""parameter_semantics"":""systemic_clearance"",""target_kind"":""regression"",""target_transform"":""identity""}"	1	1	0	0	0	1	1	false	false	below_current_per_task_size_gate
mlv1.cl.regression.systemic_clearance.887ace5b3351df4a	CL	regression	systemic_clearance	L/h	identity			"{""assay_family"":""noncompartmental_analysis"",""binary_evidence_lane"":""not_binary"",""condition"":{""analyte"":""parent_or_named_active_moiety"",""dose"":""5_mg_kg"",""formulation"":""unspecified"",""matrix"":""plasma"",""method"":""noncompartmental_analysis"",""route"":""intravenous"",""species"":""human"",""timepoint"":""multiple_dose_study"",""volume_subtype"":""not_applicable""},""endpoint_family"":""CL"",""normalized_unit"":""L/h"",""parameter_basis"":""absolute"",""parameter_semantics"":""systemic_clearance"",""target_kind"":""regression"",""target_transform"":""identity""}"	1	1	0	0	0	1	1	false	false	below_current_per_task_size_gate
mlv1.cl.regression.systemic_clearance.8c290fa5248f6a1b	CL	regression	systemic_clearance	mL/min/kg	identity			"{""assay_family"":""noncompartmental_analysis"",""binary_evidence_lane"":""not_binary"",""condition"":{""analyte"":""parent_or_named_active_moiety"",""dose"":""5_mg_kg"",""formulation"":""unspecified"",""matrix"":""plasma"",""method"":""noncompartmental_analysis"",""route"":""intravenous"",""species"":""rat"",""timepoint"":""single_dose"",""volume_subtype"":""not_applicable""},""endpoint_family"":""CL"",""normalized_unit"":""mL/min/kg"",""parameter_basis"":""absolute"",""parameter_semantics"":""systemic_clearance"",""target_kind"":""regression"",""target_transform"":""identity""}"	2	0	0	0	0	1	1	false	false	below_current_per_task_size_gate
mlv1.cl.regression.systemic_clearance.8f39ed42e1b8fdc9	CL	regression	systemic_clearance	mL/min/kg	identity			"{""assay_family"":""noncompartmental_analysis"",""binary_evidence_lane"":""not_binary"",""condition"":{""analyte"":""parent_or_named_active_moiety"",""dose"":""1_5_mg_kg"",""formulation"":""unspecified"",""matrix"":""plasma"",""method"":""noncompartmental_analysis"",""route"":""intravenous"",""species"":""mouse"",""timepoint"":""single_dose"",""volume_subtype"":""not_applicable""},""endpoint_family"":""CL"",""normalized_unit"":""mL/min/kg"",""parameter_basis"":""absolute"",""parameter_semantics"":""systemic_clearance"",""target_kind"":""regression"",""target_transform"":""identity""}"	1	1	0	0	0	1	1	false	false	below_current_per_task_size_gate
mlv1.cl.regression.systemic_clearance.975234a31e786d01	CL	regression	systemic_clearance	mL/min/kg	identity			"{""assay_family"":""noncompartmental_analysis"",""binary_evidence_lane"":""not_binary"",""condition"":{""analyte"":""parent_or_named_active_moiety"",""dose"":""not_reported"",""formulation"":""unspecified"",""matrix"":""plasma"",""method"":""noncompartmental_analysis"",""route"":""intravenous"",""species"":""mouse"",""timepoint"":""not_reported"",""volume_subtype"":""not_applicable""},""endpoint_family"":""CL"",""normalized_unit"":""mL/min/kg"",""parameter_basis"":""absolute"",""parameter_semantics"":""systemic_clearance"",""target_kind"":""regression"",""target_transform"":""identity""}"	6	6	0	0	0	6	1	false	false	below_current_per_task_size_gate
mlv1.cl.regression.systemic_clearance.ab82fbea1a0fbb57	CL	regression	systemic_clearance	mL/min/kg	identity			"{""assay_family"":""noncompartmental_analysis"",""binary_evidence_lane"":""not_binary"",""condition"":{""analyte"":""parent_or_named_active_moiety"",""dose"":""1_mg_kg"",""formulation"":""unspecified"",""matrix"":""plasma"",""method"":""noncompartmental_analysis"",""route"":""intravenous"",""species"":""rat"",""timepoint"":""single_dose"",""volume_subtype"":""not_applicable""},""endpoint_family"":""CL"",""normalized_unit"":""mL/min/kg"",""parameter_basis"":""absolute"",""parameter_semantics"":""systemic_clearance"",""target_kind"":""regression"",""target_transform"":""identity""}"	2	0	0	0	0	1	1	false	false	below_current_per_task_size_gate
mlv1.cl.regression.systemic_clearance.adf1cb1cf63c9509	CL	regression	systemic_clearance	L/h	identity			"{""assay_family"":""noncompartmental_analysis"",""binary_evidence_lane"":""not_binary"",""condition"":{""analyte"":""parent_or_named_active_moiety"",""dose"":""10_mg_kg"",""formulation"":""unspecified"",""matrix"":""plasma"",""method"":""noncompartmental_analysis"",""route"":""intravenous"",""species"":""human"",""timepoint"":""multiple_dose_study"",""volume_subtype"":""not_applicable""},""endpoint_family"":""CL"",""normalized_unit"":""L/h"",""parameter_basis"":""absolute"",""parameter_semantics"":""systemic_clearance"",""target_kind"":""regression"",""target_transform"":""identity""}"	1	1	0	0	0	1	1	false	false	below_current_per_task_size_gate
mlv1.cl.regression.systemic_clearance.ae9d5f4db60b8daa	CL	regression	systemic_clearance	mL/min/kg	identity			"{""assay_family"":""noncompartmental_analysis"",""binary_evidence_lane"":""not_binary"",""condition"":{""analyte"":""parent_or_named_active_moiety"",""dose"":""75_mg_kg"",""formulation"":""unspecified"",""matrix"":""plasma"",""method"":""noncompartmental_analysis"",""route"":""intravenous"",""species"":""dog"",""timepoint"":""single_dose"",""volume_subtype"":""not_applicable""},""endpoint_family"":""CL"",""normalized_unit"":""mL/min/kg"",""parameter_basis"":""absolute"",""parameter_semantics"":""systemic_clearance"",""target_kind"":""regression"",""target_transform"":""identity""}"	2	0	0	0	0	1	1	false	false	below_current_per_task_size_gate
mlv1.cl.regression.systemic_clearance.d3a8bf62450fd086	CL	regression	systemic_clearance	mL/min/kg	identity			"{""assay_family"":""noncompartmental_analysis"",""binary_evidence_lane"":""not_binary"",""condition"":{""analyte"":""parent_or_named_active_moiety"",""dose"":""5_mg_kg"",""formulation"":""unspecified"",""matrix"":""plasma"",""method"":""noncompartmental_analysis"",""route"":""intravenous"",""species"":""nonhuman_primate"",""timepoint"":""single_dose"",""volume_subtype"":""not_applicable""},""endpoint_family"":""CL"",""normalized_unit"":""mL/min/kg"",""parameter_basis"":""absolute"",""parameter_semantics"":""systemic_clearance"",""target_kind"":""regression"",""target_transform"":""identity""}"	1	1	0	0	0	1	1	false	false	below_current_per_task_size_gate
mlv1.cl.regression.systemic_clearance.d8a974601beabe84	CL	regression	systemic_clearance	mL/min/kg	identity			"{""assay_family"":""noncompartmental_analysis"",""binary_evidence_lane"":""not_binary"",""condition"":{""analyte"":""parent_or_named_active_moiety"",""dose"":""not_reported"",""formulation"":""unspecified"",""matrix"":""plasma"",""method"":""noncompartmental_analysis"",""route"":""intravenous"",""species"":""rat"",""timepoint"":""not_reported"",""volume_subtype"":""not_applicable""},""endpoint_family"":""CL"",""normalized_unit"":""mL/min/kg"",""parameter_basis"":""absolute"",""parameter_semantics"":""systemic_clearance"",""target_kind"":""regression"",""target_transform"":""identity""}"	6	0	0	0	0	0	1	false	false	below_current_per_task_size_gate
mlv1.cl.regression.systemic_clearance.e2d3544d27eec73c	CL	regression	systemic_clearance	mL/min/kg	identity			"{""assay_family"":""source_reported_pk"",""binary_evidence_lane"":""not_binary"",""condition"":{""analyte"":""parent_or_named_active_moiety"",""dose"":""not_reported"",""formulation"":""unspecified"",""matrix"":""plasma"",""method"":""source_reported_pk"",""route"":""intravenous"",""species"":""dog"",""timepoint"":""not_reported"",""volume_subtype"":""not_applicable""},""endpoint_family"":""CL"",""normalized_unit"":""mL/min/kg"",""parameter_basis"":""absolute"",""parameter_semantics"":""systemic_clearance"",""target_kind"":""regression"",""target_transform"":""identity""}"	1	1	0	0	0	1	1	false	false	below_current_per_task_size_gate
mlv1.cl.regression.systemic_clearance.f086e55de011f841	CL	regression	systemic_clearance	mL/min/kg	identity			"{""assay_family"":""noncompartmental_analysis"",""binary_evidence_lane"":""not_binary"",""condition"":{""analyte"":""parent_or_named_active_moiety"",""dose"":""4_70_mg_kg"",""formulation"":""unspecified"",""matrix"":""plasma"",""method"":""noncompartmental_analysis"",""route"":""intravenous"",""species"":""rat"",""timepoint"":""not_reported"",""volume_subtype"":""not_applicable""},""endpoint_family"":""CL"",""normalized_unit"":""mL/min/kg"",""parameter_basis"":""absolute"",""parameter_semantics"":""systemic_clearance"",""target_kind"":""regression"",""target_transform"":""identity""}"	1	1	0	0	0	1	2	false	false	below_current_per_task_size_gate
mlv1.cl.review.unresolved.5f706499939e7559	CL							"{""assay_family"":""not_reported"",""binary_evidence_lane"":""not_binary"",""condition"":{""assay"":""microsomal_stability"",""dose"":""not_reported"",""matrix"":""liver_microsomes"",""route"":""not_reported"",""species"":""species_not_reported"",""timepoint"":""not_reported""},""endpoint_family"":""CL"",""normalized_unit"":""not_normalized"",""parameter_basis"":""unresolved"",""parameter_semantics"":""unresolved"",""target_kind"":""review"",""target_transform"":""none""}"	9	0	0	0	0	9	1	false	false	below_current_per_task_size_gate
mlv1.f.regression.absolute_bioavailability.20712707a8dcaaec	F	regression	absolute_bioavailability	fraction	identity			"{""assay_family"":""source_reported_pk"",""binary_evidence_lane"":""not_binary"",""condition"":{""analyte"":""parent_or_named_active_moiety"",""dose"":""not_reported"",""formulation"":""unspecified"",""matrix"":""plasma"",""method"":""source_reported_pk"",""route"":""oral"",""species"":""pig"",""timepoint"":""not_reported"",""volume_subtype"":""not_applicable""},""endpoint_family"":""F"",""normalized_unit"":""fraction"",""parameter_basis"":""absolute"",""parameter_semantics"":""absolute_bioavailability"",""target_kind"":""regression"",""target_transform"":""identity""}"	1	1	0	0	0	1	1	false	false	below_current_per_task_size_gate
mlv1.f.regression.absolute_bioavailability.2ec31506318ed793	F	regression	absolute_bioavailability	fraction	identity			"{""assay_family"":""exposure_ratio"",""binary_evidence_lane"":""not_binary"",""condition"":{""analyte"":""parent_or_named_active_moiety"",""dose"":""20_ug"",""formulation"":""solution"",""matrix"":""plasma"",""method"":""exposure_ratio"",""route"":""subcutaneous"",""species"":""sheep"",""timepoint"":""not_reported"",""volume_subtype"":""not_applicable""},""endpoint_family"":""F"",""normalized_unit"":""fraction"",""parameter_basis"":""absolute"",""parameter_semantics"":""absolute_bioavailability"",""target_kind"":""regression"",""target_transform"":""identity""}"	1	1	0	0	0	1	2	false	false	below_current_per_task_size_gate
mlv1.f.regression.absolute_bioavailability.3495c364f21d71dd	F	regression	absolute_bioavailability	fraction	identity			"{""assay_family"":""noncompartmental_analysis"",""binary_evidence_lane"":""not_binary"",""condition"":{""analyte"":""parent_or_named_active_moiety"",""dose"":""4_70_mg_kg"",""formulation"":""unspecified"",""matrix"":""plasma"",""method"":""noncompartmental_analysis"",""route"":""intraperitoneal"",""species"":""rat"",""timepoint"":""not_reported"",""volume_subtype"":""not_applicable""},""endpoint_family"":""F"",""normalized_unit"":""fraction"",""parameter_basis"":""absolute"",""parameter_semantics"":""absolute_bioavailability"",""target_kind"":""regression"",""target_transform"":""identity""}"	1	1	0	0	0	1	2	false	false	below_current_per_task_size_gate
mlv1.f.regression.absolute_bioavailability.5abc3018a67db284	F	regression	absolute_bioavailability	fraction	identity			"{""assay_family"":""compiled_secondary"",""binary_evidence_lane"":""not_binary"",""condition"":{""analyte"":""analyte_unspecified"",""dose"":""not_reported"",""formulation"":""unspecified"",""matrix"":""not_reported"",""method"":""compiled_secondary"",""route"":""subcutaneous"",""species"":""human"",""timepoint"":""not_reported"",""volume_subtype"":""not_applicable""},""endpoint_family"":""F"",""normalized_unit"":""fraction"",""parameter_basis"":""absolute"",""parameter_semantics"":""absolute_bioavailability"",""target_kind"":""regression"",""target_transform"":""identity""}"	1	0	0	0	0	1	1	false	false	below_current_per_task_size_gate
mlv1.f.regression.absolute_bioavailability.5b05b9aecf98535d	F	regression	absolute_bioavailability	fraction	identity			"{""assay_family"":""exposure_ratio"",""binary_evidence_lane"":""not_binary"",""condition"":{""analyte"":""parent_or_named_active_moiety"",""dose"":""200_ug"",""formulation"":""powder"",""matrix"":""plasma"",""method"":""exposure_ratio"",""route"":""intranasal"",""species"":""sheep"",""timepoint"":""not_reported"",""volume_subtype"":""not_applicable""},""endpoint_family"":""F"",""normalized_unit"":""fraction"",""parameter_basis"":""absolute"",""parameter_semantics"":""absolute_bioavailability"",""target_kind"":""regression"",""target_transform"":""identity""}"	1	1	0	0	0	1	2	false	false	below_current_per_task_size_gate
mlv1.f.regression.absolute_bioavailability.6bd0c1629e1767e5	F	regression	absolute_bioavailability	fraction	identity			"{""assay_family"":""noncompartmental_analysis"",""binary_evidence_lane"":""not_binary"",""condition"":{""analyte"":""parent_or_named_active_moiety"",""dose"":""not_reported"",""formulation"":""unspecified"",""matrix"":""plasma"",""method"":""noncompartmental_analysis"",""route"":""oral"",""species"":""rat"",""timepoint"":""not_reported"",""volume_subtype"":""not_applicable""},""endpoint_family"":""F"",""normalized_unit"":""fraction"",""parameter_basis"":""absolute"",""parameter_semantics"":""absolute_bioavailability"",""target_kind"":""regression"",""target_transform"":""identity""}"	6	0	0	0	0	0	1	false	false	below_current_per_task_size_gate
mlv1.f.regression.absolute_bioavailability.743e75043d67b3ad	F	regression	absolute_bioavailability	fraction	identity			"{""assay_family"":""noncompartmental_analysis"",""binary_evidence_lane"":""not_binary"",""condition"":{""analyte"":""parent_or_named_active_moiety"",""dose"":""2_35_mg_kg"",""formulation"":""unspecified"",""matrix"":""plasma"",""method"":""noncompartmental_analysis"",""route"":""intraperitoneal"",""species"":""rat"",""timepoint"":""not_reported"",""volume_subtype"":""not_applicable""},""endpoint_family"":""F"",""normalized_unit"":""fraction"",""parameter_basis"":""absolute"",""parameter_semantics"":""absolute_bioavailability"",""target_kind"":""regression"",""target_transform"":""identity""}"	1	1	0	0	0	1	2	false	false	below_current_per_task_size_gate
mlv1.f.regression.absolute_bioavailability.9340f1b5b7699e82	F	regression	absolute_bioavailability	fraction	identity			"{""assay_family"":""source_reported_pk"",""binary_evidence_lane"":""not_binary"",""condition"":{""analyte"":""parent_or_named_active_moiety"",""dose"":""not_reported"",""formulation"":""unspecified"",""matrix"":""plasma"",""method"":""source_reported_pk"",""route"":""oral"",""species"":""rat"",""timepoint"":""not_reported"",""volume_subtype"":""not_applicable""},""endpoint_family"":""F"",""normalized_unit"":""fraction"",""parameter_basis"":""absolute"",""parameter_semantics"":""absolute_bioavailability"",""target_kind"":""regression"",""target_transform"":""identity""}"	1	1	0	0	0	1	1	false	false	below_current_per_task_size_gate
mlv1.f.regression.absolute_bioavailability.93ca5bfb5a98998b	F	regression	absolute_bioavailability	fraction	identity			"{""assay_family"":""noncompartmental_analysis"",""binary_evidence_lane"":""not_binary"",""condition"":{""analyte"":""parent_or_named_active_moiety"",""dose"":""9_40_mg_kg"",""formulation"":""unspecified"",""matrix"":""plasma"",""method"":""noncompartmental_analysis"",""route"":""intraperitoneal"",""species"":""rat"",""timepoint"":""not_reported"",""volume_subtype"":""not_applicable""},""endpoint_family"":""F"",""normalized_unit"":""fraction"",""parameter_basis"":""absolute"",""parameter_semantics"":""absolute_bioavailability"",""target_kind"":""regression"",""target_transform"":""identity""}"	1	1	0	0	0	1	2	false	false	below_current_per_task_size_gate
mlv1.f.regression.absolute_bioavailability.c66b2b0b2147a2c1	F	regression	absolute_bioavailability	fraction	identity			"{""assay_family"":""exposure_ratio"",""binary_evidence_lane"":""not_binary"",""condition"":{""analyte"":""parent_or_named_active_moiety"",""dose"":""200_ug"",""formulation"":""liquid"",""matrix"":""plasma"",""method"":""exposure_ratio"",""route"":""intranasal"",""species"":""sheep"",""timepoint"":""not_reported"",""volume_subtype"":""not_applicable""},""endpoint_family"":""F"",""normalized_unit"":""fraction"",""parameter_basis"":""absolute"",""parameter_semantics"":""absolute_bioavailability"",""target_kind"":""regression"",""target_transform"":""identity""}"	1	1	0	0	0	1	2	false	false	below_current_per_task_size_gate
mlv1.f.regression.absolute_bioavailability.d30b91a60fd6b176	F	regression	absolute_bioavailability	fraction	identity			"{""assay_family"":""exposure_ratio"",""binary_evidence_lane"":""not_binary"",""condition"":{""analyte"":""parent_or_named_active_moiety"",""dose"":""not_reported"",""formulation"":""unspecified"",""matrix"":""plasma"",""method"":""exposure_ratio"",""route"":""oral"",""species"":""mouse"",""timepoint"":""not_reported"",""volume_subtype"":""not_applicable""},""endpoint_family"":""F"",""normalized_unit"":""fraction"",""parameter_basis"":""absolute"",""parameter_semantics"":""absolute_bioavailability"",""target_kind"":""regression"",""target_transform"":""identity""}"	5	3	0	0	0	4	1	false	false	below_current_per_task_size_gate
mlv1.f.regression.absolute_bioavailability.d8f95cf21b6c9489	F	regression	absolute_bioavailability	fraction	identity			"{""assay_family"":""source_reported_pk"",""binary_evidence_lane"":""not_binary"",""condition"":{""analyte"":""parent_or_named_active_moiety"",""dose"":""not_reported"",""formulation"":""unspecified"",""matrix"":""plasma"",""method"":""source_reported_pk"",""route"":""oral"",""species"":""dog"",""timepoint"":""not_reported"",""volume_subtype"":""not_applicable""},""endpoint_family"":""F"",""normalized_unit"":""fraction"",""parameter_basis"":""absolute"",""parameter_semantics"":""absolute_bioavailability"",""target_kind"":""regression"",""target_transform"":""identity""}"	1	1	0	0	0	1	1	false	false	below_current_per_task_size_gate
mlv1.f.regression.bioavailability_unspeci_063f98e6.262b168d00be2d18	F	regression	bioavailability_unspecified_basis	fraction	identity			"{""assay_family"":""compiled_secondary"",""binary_evidence_lane"":""not_binary"",""condition"":{""analyte"":""analyte_unspecified"",""dose"":""not_reported"",""formulation"":""unspecified"",""matrix"":""not_reported"",""method"":""compiled_secondary"",""route"":""intramuscular"",""species"":""human"",""timepoint"":""not_reported"",""volume_subtype"":""not_applicable""},""endpoint_family"":""F"",""normalized_unit"":""fraction"",""parameter_basis"":""unspecified"",""parameter_semantics"":""bioavailability_unspecified_basis"",""target_kind"":""regression"",""target_transform"":""identity""}"	1	0	0	0	0	1	1	false	false	below_current_per_task_size_gate
mlv1.f.regression.bioavailability_unspeci_063f98e6.36957390caf300f5	F	regression	bioavailability_unspecified_basis	fraction	identity			"{""assay_family"":""compiled_secondary"",""binary_evidence_lane"":""not_binary"",""condition"":{""analyte"":""analyte_unspecified"",""dose"":""not_reported"",""formulation"":""unspecified"",""matrix"":""not_reported"",""method"":""compiled_secondary"",""route"":""subcutaneous"",""species"":""human"",""timepoint"":""not_reported"",""volume_subtype"":""not_applicable""},""endpoint_family"":""F"",""normalized_unit"":""fraction"",""parameter_basis"":""unspecified"",""parameter_semantics"":""bioavailability_unspecified_basis"",""target_kind"":""regression"",""target_transform"":""identity""}"	13	0	1	0	0	13	4	false	false	below_current_per_task_size_gate
mlv1.f.regression.bioavailability_unspeci_063f98e6.815965c678709bc0	F	regression	bioavailability_unspecified_basis	fraction	identity			"{""assay_family"":""compiled_secondary"",""binary_evidence_lane"":""not_binary"",""condition"":{""analyte"":""analyte_unspecified"",""dose"":""not_reported"",""formulation"":""unspecified"",""matrix"":""not_reported"",""method"":""compiled_secondary"",""route"":""intranasal"",""species"":""human"",""timepoint"":""not_reported"",""volume_subtype"":""not_applicable""},""endpoint_family"":""F"",""normalized_unit"":""fraction"",""parameter_basis"":""unspecified"",""parameter_semantics"":""bioavailability_unspecified_basis"",""target_kind"":""regression"",""target_transform"":""identity""}"	1	0	0	0	0	1	1	false	false	below_current_per_task_size_gate
mlv1.f.regression.bioavailability_unspeci_063f98e6.b8c7da51746b37ef	F	regression	bioavailability_unspecified_basis	fraction	identity			"{""assay_family"":""compiled_secondary"",""binary_evidence_lane"":""not_binary"",""condition"":{""analyte"":""analyte_unspecified"",""dose"":""not_reported"",""formulation"":""unspecified"",""matrix"":""not_reported"",""method"":""compiled_secondary"",""route"":""oral"",""species"":""human"",""timepoint"":""not_reported"",""volume_subtype"":""not_applicable""},""endpoint_family"":""F"",""normalized_unit"":""fraction"",""parameter_basis"":""unspecified"",""parameter_semantics"":""bioavailability_unspecified_basis"",""target_kind"":""regression"",""target_transform"":""identity""}"	6	0	2	0	0	6	1	false	false	below_current_per_task_size_gate
mlv1.f.regression.relative_bioavailability.95e7bcf6abfb53bd	F	regression	relative_bioavailability	fraction	identity			"{""assay_family"":""compiled_secondary"",""binary_evidence_lane"":""not_binary"",""condition"":{""analyte"":""analyte_unspecified"",""dose"":""not_reported"",""formulation"":""unspecified"",""matrix"":""not_reported"",""method"":""compiled_secondary"",""route"":""oral"",""species"":""human"",""timepoint"":""not_reported"",""volume_subtype"":""not_applicable""},""endpoint_family"":""F"",""normalized_unit"":""fraction"",""parameter_basis"":""relative"",""parameter_semantics"":""relative_bioavailability"",""target_kind"":""regression"",""target_transform"":""identity""}"	1	0	0	0	0	1	1	false	false	below_current_per_task_size_gate
mlv1.f.regression.relative_bioavailability.ceeddd536b64514f	F	regression	relative_bioavailability	fraction	identity			"{""assay_family"":""compiled_secondary"",""binary_evidence_lane"":""not_binary"",""condition"":{""analyte"":""analyte_unspecified"",""dose"":""not_reported"",""formulation"":""unspecified"",""matrix"":""not_reported"",""method"":""compiled_secondary"",""route"":""intramuscular"",""species"":""human"",""timepoint"":""not_reported"",""volume_subtype"":""not_applicable""},""endpoint_family"":""F"",""normalized_unit"":""fraction"",""parameter_basis"":""relative"",""parameter_semantics"":""relative_bioavailability"",""target_kind"":""regression"",""target_transform"":""identity""}"	1	0	0	0	0	1	1	false	false	below_current_per_task_size_gate
mlv1.logd.regression.distribution_coefficient.1558a57c60fcd2e3	LogD	regression	distribution_coefficient	dimensionless_log10	identity			"{""assay_family"":""chi_hplc"",""binary_evidence_lane"":""not_binary"",""condition"":{""assay"":""chi_hplc_calibrated_at_ph_7_4_10_mm_dms_df1a4154"",""dose"":""not_reported"",""matrix"":""other_chromlogd7_4_group_logd_ss"",""method"":""chi_hplc"",""pH"":""7.4"",""route"":""not_reported"",""species"":""species_not_reported"",""timepoint"":""not_reported""},""endpoint_family"":""LogD"",""normalized_unit"":""dimensionless_log10"",""parameter_basis"":""pH_7.4"",""parameter_semantics"":""distribution_coefficient"",""target_kind"":""regression"",""target_transform"":""identity""}"	10	10	0	0	0	10	1	false	false	below_current_per_task_size_gate
mlv1.logd.regression.distribution_coefficient.3678079026003310	LogD	regression	distribution_coefficient	dimensionless_log10	identity			"{""assay_family"":""chi_hplc"",""binary_evidence_lane"":""not_binary"",""condition"":{""assay"":""chi_hplc_calibrated_at_ph_7_4_10_mm_dms_df1a4154"",""dose"":""not_reported"",""matrix"":""other_chromlogd7_4_group_logd_te"",""method"":""chi_hplc"",""pH"":""7.4"",""route"":""not_reported"",""species"":""species_not_reported"",""timepoint"":""not_reported""},""endpoint_family"":""LogD"",""normalized_unit"":""dimensionless_log10"",""parameter_basis"":""pH_7.4"",""parameter_semantics"":""distribution_coefficient"",""target_kind"":""regression"",""target_transform"":""identity""}"	7	7	0	0	0	7	1	false	false	below_current_per_task_size_gate
mlv1.logd.regression.distribution_coefficient.603df9b277220d51	LogD	regression	distribution_coefficient	dimensionless_log10	identity			"{""assay_family"":""chi_hplc"",""binary_evidence_lane"":""not_binary"",""condition"":{""assay"":""chi_hplc_calibrated_at_ph_7_4_zorbax_xd_d47e25ec"",""dose"":""not_reported"",""matrix"":""other_chromlogd7_4_group_mod_ss"",""method"":""chi_hplc"",""pH"":""7.4"",""route"":""not_reported"",""species"":""species_not_reported"",""timepoint"":""not_reported""},""endpoint_family"":""LogD"",""normalized_unit"":""dimensionless_log10"",""parameter_basis"":""pH_7.4"",""parameter_semantics"":""distribution_coefficient"",""target_kind"":""regression"",""target_transform"":""identity""}"	12	12	0	0	0	12	1	false	false	below_current_per_task_size_gate
mlv1.logd.regression.distribution_coefficient.836ba5db7277b020	LogD	regression	distribution_coefficient	dimensionless_log10	identity			"{""assay_family"":""source_reported_method_unknown"",""binary_evidence_lane"":""not_binary"",""condition"":{""assay"":""source_reported_logd7_4"",""dose"":""not_reported"",""matrix"":""other_reported_logd_ph7_4"",""method"":""source_reported_method_unknown"",""pH"":""7.4"",""route"":""not_reported"",""species"":""species_not_reported"",""timepoint"":""not_reported""},""endpoint_family"":""LogD"",""normalized_unit"":""dimensionless_log10"",""parameter_basis"":""pH_7.4"",""parameter_semantics"":""distribution_coefficient"",""target_kind"":""regression"",""target_transform"":""identity""}"	22	22	0	0	0	22	1	false	false	below_current_per_task_size_gate
mlv1.logd.regression.distribution_coefficient.8e0959041e4ad85b	LogD	regression	distribution_coefficient	dimensionless_log10	identity			"{""assay_family"":""shake_flask"",""binary_evidence_lane"":""not_binary"",""condition"":{""assay"":""shake_flask_equal_pre_saturated_octanol_0f69154b"",""dose"":""not_reported"",""matrix"":""buffer"",""method"":""shake_flask"",""pH"":""7.4"",""route"":""not_reported"",""species"":""species_not_reported"",""timepoint"":""not_reported""},""endpoint_family"":""LogD"",""normalized_unit"":""dimensionless_log10"",""parameter_basis"":""pH_7.4"",""parameter_semantics"":""distribution_coefficient"",""target_kind"":""regression"",""target_transform"":""identity""}"	69	0	0	0	0	0	1	false	false	below_current_per_task_size_gate
mlv1.logd.regression.distribution_coefficient.bae961b68599f090	LogD	regression	distribution_coefficient	dimensionless_log10	identity			"{""assay_family"":""chi_hplc"",""binary_evidence_lane"":""not_binary"",""condition"":{""assay"":""chi_hplc_calibrated_at_ph_7_4_zorbax_xd_d47e25ec"",""dose"":""not_reported"",""matrix"":""other_chromlogd7_4_group_dn_te"",""method"":""chi_hplc"",""pH"":""7.4"",""route"":""not_reported"",""species"":""species_not_reported"",""timepoint"":""not_reported""},""endpoint_family"":""LogD"",""normalized_unit"":""dimensionless_log10"",""parameter_basis"":""pH_7.4"",""parameter_semantics"":""distribution_coefficient"",""target_kind"":""regression"",""target_transform"":""identity""}"	6	6	0	0	0	6	1	false	false	below_current_per_task_size_gate
mlv1.logd.regression.distribution_coefficient.c0c2fec6c0e5aa98	LogD	regression	distribution_coefficient	dimensionless_log10	identity			"{""assay_family"":""chi_hplc"",""binary_evidence_lane"":""not_binary"",""condition"":{""assay"":""chi_hplc_calibrated_at_ph_7_4_10_mm_dms_df1a4154"",""dose"":""not_reported"",""matrix"":""other_chromlogd7_4_group_logd_ht"",""method"":""chi_hplc"",""pH"":""7.4"",""route"":""not_reported"",""species"":""species_not_reported"",""timepoint"":""not_reported""},""endpoint_family"":""LogD"",""normalized_unit"":""dimensionless_log10"",""parameter_basis"":""pH_7.4"",""parameter_semantics"":""distribution_coefficient"",""target_kind"":""regression"",""target_transform"":""identity""}"	5	5	0	0	0	5	1	false	false	below_current_per_task_size_gate
mlv1.logd.regression.distribution_coefficient.cdbf79e0ea00f795	LogD	regression	distribution_coefficient	dimensionless_log10	identity			"{""assay_family"":""chi_hplc"",""binary_evidence_lane"":""not_binary"",""condition"":{""assay"":""chi_hplc_calibrated_at_ph_7_4_zorbax_xd_d47e25ec"",""dose"":""not_reported"",""matrix"":""other_chromlogd7_4_group_dn_ht"",""method"":""chi_hplc"",""pH"":""7.4"",""route"":""not_reported"",""species"":""species_not_reported"",""timepoint"":""not_reported""},""endpoint_family"":""LogD"",""normalized_unit"":""dimensionless_log10"",""parameter_basis"":""pH_7.4"",""parameter_semantics"":""distribution_coefficient"",""target_kind"":""regression"",""target_transform"":""identity""}"	17	17	0	0	0	17	1	false	false	below_current_per_task_size_gate
mlv1.logd.review.unresolved.e89a534da10657ff	LogD							"{""assay_family"":""not_reported"",""binary_evidence_lane"":""not_binary"",""condition"":{""assay"":""not_reported"",""dose"":""not_reported"",""matrix"":""other_lipophilicity"",""route"":""not_reported"",""species"":""species_not_reported"",""timepoint"":""not_reported""},""endpoint_family"":""LogD"",""normalized_unit"":""not_normalized"",""parameter_basis"":""unresolved"",""parameter_semantics"":""unresolved"",""target_kind"":""review"",""target_transform"":""none""}"	3	0	0	0	0	3	1	false	false	below_current_per_task_size_gate
mlv1.permeability.regression.apparent_permeability.0056fc09d56d25fc	permeability	regression	apparent_permeability	log10(cm/s)	log10			"{""assay_family"":""mdck"",""binary_evidence_lane"":""not_binary"",""condition"":{""assay"":""pegasus_in_house_mdck_mdr1_apparent_per_b8b89725"",""assay_family"":""mdck"",""dose"":""not_reported"",""matrix"":""other_mdck_mdr1_papp_group_dn_te"",""metric_detail"":""mdck_mdr1_papp_group_dn_te"",""route"":""not_reported"",""species"":""species_not_reported"",""timepoint"":""not_reported""},""endpoint_family"":""permeability"",""normalized_unit"":""log10(cm/s)"",""parameter_basis"":""mdck_mdr1_papp_group_dn_te"",""parameter_semantics"":""apparent_permeability"",""target_kind"":""regression"",""target_transform"":""log10""}"	2	2	0	0	0	2	1	false	false	below_current_per_task_size_gate
mlv1.permeability.regression.apparent_permeability.149a41dd3a3f8502	permeability	regression	apparent_permeability	log10(cm/s)	log10			"{""assay_family"":""others_log_papp"",""binary_evidence_lane"":""not_binary"",""condition"":{""assay"":""others"",""assay_family"":""others_log_papp"",""dose"":""not_reported"",""matrix"":""other_source_defined_permeability_f43a8877"",""metric_detail"":""others_log_papp"",""route"":""not_reported"",""species"":""species_not_reported"",""timepoint"":""not_reported""},""endpoint_family"":""permeability"",""normalized_unit"":""log10(cm/s)"",""parameter_basis"":""others_log_papp"",""parameter_semantics"":""apparent_permeability"",""target_kind"":""regression"",""target_transform"":""log10""}"	25	25	0	0	0	25	5	false	false	below_current_per_task_size_gate
mlv1.permeability.regression.apparent_permeability.1e3e8fcc2ac5351b	permeability	regression	apparent_permeability	log10(cm/s)	log10			"{""assay_family"":""caco2"",""binary_evidence_lane"":""not_binary"",""condition"":{""assay"":""caco_2"",""assay_family"":""caco2"",""dose"":""not_reported"",""matrix"":""cellular_matrix"",""metric_detail"":""caco_2_log_papp_ba"",""route"":""not_reported"",""species"":""species_not_reported"",""timepoint"":""not_reported""},""endpoint_family"":""permeability"",""normalized_unit"":""log10(cm/s)"",""parameter_basis"":""caco_2_log_papp_ba"",""parameter_semantics"":""apparent_permeability"",""target_kind"":""regression"",""target_transform"":""log10""}"	85	69	0	0	0	73	7	true	true	strict_numeric_or_experimental_binary_size_gate
mlv1.permeability.regression.apparent_permeability.32e6ae274c98b51b	permeability	regression	apparent_permeability	log10(cm/s)	log10			"{""assay_family"":""pampa"",""binary_evidence_lane"":""not_binary"",""condition"":{""assay"":""pampa"",""assay_family"":""pampa"",""dose"":""not_reported"",""matrix"":""other_artificial_membrane_pampa_log_peff"",""metric_detail"":""pampa_log_peff"",""route"":""not_reported"",""species"":""species_not_reported"",""timepoint"":""not_reported""},""endpoint_family"":""permeability"",""normalized_unit"":""log10(cm/s)"",""parameter_basis"":""pampa_log_peff"",""parameter_semantics"":""apparent_permeability"",""target_kind"":""regression"",""target_transform"":""log10""}"	1136	920	4	0	0	1030	4	true	true	strict_numeric_or_experimental_binary_size_gate
mlv1.permeability.regression.apparent_permeability.38092365a54b8efb	permeability	regression	apparent_permeability	log10(cm/s)	log10			"{""assay_family"":""mdck"",""binary_evidence_lane"":""not_binary"",""condition"":{""assay"":""mdck"",""assay_family"":""mdck"",""dose"":""not_reported"",""matrix"":""cellular_matrix"",""metric_detail"":""mdck_log_papp_ab"",""route"":""not_reported"",""species"":""species_not_reported"",""timepoint"":""not_reported""},""endpoint_family"":""permeability"",""normalized_unit"":""log10(cm/s)"",""parameter_basis"":""mdck_log_papp_ab"",""parameter_semantics"":""apparent_permeability"",""target_kind"":""regression"",""target_transform"":""log10""}"	11	5	0	0	0	8	2	false	false	below_current_per_task_size_gate
mlv1.permeability.regression.apparent_permeability.52d9ab33f01c98e3	permeability	regression	apparent_permeability	log10(cm/s)	log10			"{""assay_family"":""pampa"",""binary_evidence_lane"":""not_binary"",""condition"":{""assay"":""pampa"",""assay_family"":""pampa"",""dose"":""not_reported"",""matrix"":""other_artificial_membrane_pampa_log_papp"",""metric_detail"":""pampa_log_papp"",""route"":""not_reported"",""species"":""species_not_reported"",""timepoint"":""not_reported""},""endpoint_family"":""permeability"",""normalized_unit"":""log10(cm/s)"",""parameter_basis"":""pampa_log_papp"",""parameter_semantics"":""apparent_permeability"",""target_kind"":""regression"",""target_transform"":""log10""}"	137	113	6	0	0	128	16	true	true	strict_numeric_or_experimental_binary_size_gate
mlv1.permeability.regression.apparent_permeability.7563bc765976efa8	permeability	regression	apparent_permeability	log10(cm/s)	log10			"{""assay_family"":""mdck"",""binary_evidence_lane"":""not_binary"",""condition"":{""assay"":""pegasus_in_house_mdck_mdr1_apparent_per_b8b89725"",""assay_family"":""mdck"",""dose"":""not_reported"",""matrix"":""other_mdck_mdr1_papp_group_mod_ss"",""metric_detail"":""mdck_mdr1_papp_group_mod_ss"",""route"":""not_reported"",""species"":""species_not_reported"",""timepoint"":""not_reported""},""endpoint_family"":""permeability"",""normalized_unit"":""log10(cm/s)"",""parameter_basis"":""mdck_mdr1_papp_group_mod_ss"",""parameter_semantics"":""apparent_permeability"",""target_kind"":""regression"",""target_transform"":""log10""}"	1	1	0	0	0	1	1	false	false	below_current_per_task_size_gate
mlv1.permeability.regression.apparent_permeability.7b0612e1869ff406	permeability	regression	apparent_permeability	log10(cm/s)	log10			"{""assay_family"":""pampa"",""binary_evidence_lane"":""not_binary"",""condition"":{""assay"":""pampa"",""assay_family"":""pampa"",""dose"":""not_reported"",""matrix"":""other_artificial_membrane_pampa_p_8bf41d1b"",""metric_detail"":""pampa_permeability_25c"",""route"":""not_reported"",""species"":""species_not_reported"",""timepoint"":""5_h""},""endpoint_family"":""permeability"",""normalized_unit"":""log10(cm/s)"",""parameter_basis"":""pampa_permeability_25c"",""parameter_semantics"":""apparent_permeability"",""target_kind"":""regression"",""target_transform"":""log10""}"	8	8	0	0	0	8	1	false	false	below_current_per_task_size_gate
mlv1.permeability.regression.apparent_permeability.8478c8510c612f9f	permeability	regression	apparent_permeability	source_log10_permeability	log10			"{""assay_family"":""caco2"",""binary_evidence_lane"":""not_binary"",""condition"":{""assay"":""not_reported"",""assay_family"":""caco2"",""dose"":""not_reported"",""matrix"":""other_caco2"",""metric_detail"":""caco2"",""route"":""not_reported"",""species"":""species_not_reported"",""timepoint"":""not_reported""},""endpoint_family"":""permeability"",""normalized_unit"":""source_log10_permeability"",""parameter_basis"":""caco2"",""parameter_semantics"":""apparent_permeability"",""target_kind"":""regression"",""target_transform"":""log10""}"	1255	1229	0	0	0	1241	1	true	true	strict_numeric_or_experimental_binary_size_gate
mlv1.permeability.regression.apparent_permeability.913c45147345c9fc	permeability	regression	apparent_permeability	log10(cm/s)	log10			"{""assay_family"":""pampa"",""binary_evidence_lane"":""not_binary"",""condition"":{""assay"":""pampa"",""assay_family"":""pampa"",""dose"":""not_reported"",""matrix"":""other_artificial_membrane_pampa_p_b21899cb"",""metric_detail"":""pampa_permeability_37c"",""route"":""not_reported"",""species"":""species_not_reported"",""timepoint"":""not_reported""},""endpoint_family"":""permeability"",""normalized_unit"":""log10(cm/s)"",""parameter_basis"":""pampa_permeability_37c"",""parameter_semantics"":""apparent_permeability"",""target_kind"":""regression"",""target_transform"":""log10""}"	8	8	0	0	0	8	1	false	false	below_current_per_task_size_gate
mlv1.permeability.regression.apparent_permeability.9bd2697e1daed7d4	permeability	regression	apparent_permeability	log10(cm/s)	log10			"{""assay_family"":""mdck"",""binary_evidence_lane"":""not_binary"",""condition"":{""assay"":""mdck"",""assay_family"":""mdck"",""dose"":""not_reported"",""matrix"":""cellular_matrix"",""metric_detail"":""mdck_log_papp"",""route"":""not_reported"",""species"":""species_not_reported"",""timepoint"":""not_reported""},""endpoint_family"":""permeability"",""normalized_unit"":""log10(cm/s)"",""parameter_basis"":""mdck_log_papp"",""parameter_semantics"":""apparent_permeability"",""target_kind"":""regression"",""target_transform"":""log10""}"	5	5	0	0	0	5	4	false	false	below_current_per_task_size_gate
mlv1.permeability.regression.apparent_permeability.a4fc3b865f1b6514	permeability	regression	apparent_permeability	log10(cm/s)	log10			"{""assay_family"":""caco2"",""binary_evidence_lane"":""not_binary"",""condition"":{""assay"":""caco_2"",""assay_family"":""caco2"",""dose"":""not_reported"",""matrix"":""cellular_matrix"",""metric_detail"":""caco_2_log_papp"",""route"":""not_reported"",""species"":""species_not_reported"",""timepoint"":""not_reported""},""endpoint_family"":""permeability"",""normalized_unit"":""log10(cm/s)"",""parameter_basis"":""caco_2_log_papp"",""parameter_semantics"":""apparent_permeability"",""target_kind"":""regression"",""target_transform"":""log10""}"	65	65	0	0	0	65	8	true	true	strict_numeric_or_experimental_binary_size_gate
mlv1.permeability.regression.apparent_permeability.c027ffe6efc11251	permeability	regression	apparent_permeability	log10(cm/s)	log10			"{""assay_family"":""caco2"",""binary_evidence_lane"":""not_binary"",""condition"":{""assay"":""caco_2"",""assay_family"":""caco2"",""dose"":""not_reported"",""matrix"":""cellular_matrix"",""metric_detail"":""caco_2_log_papp_ab"",""route"":""not_reported"",""species"":""species_not_reported"",""timepoint"":""not_reported""},""endpoint_family"":""permeability"",""normalized_unit"":""log10(cm/s)"",""parameter_basis"":""caco_2_log_papp_ab"",""parameter_semantics"":""apparent_permeability"",""target_kind"":""regression"",""target_transform"":""log10""}"	128	110	0	0	0	114	17	true	true	strict_numeric_or_experimental_binary_size_gate
mlv1.permeability.regression.apparent_permeability.c9ffe4d3ac9e61dc	permeability	regression	apparent_permeability	log10(cm/s)	log10			"{""assay_family"":""caco2"",""binary_evidence_lane"":""not_binary"",""condition"":{""assay"":""caco_2"",""assay_family"":""caco2"",""dose"":""not_reported"",""matrix"":""cellular_matrix"",""metric_detail"":""caco_2_log_papp_ba_with_inhibitor"",""route"":""not_reported"",""species"":""species_not_reported"",""timepoint"":""not_reported""},""endpoint_family"":""permeability"",""normalized_unit"":""log10(cm/s)"",""parameter_basis"":""caco_2_log_papp_ba_with_inhibitor"",""parameter_semantics"":""apparent_permeability"",""target_kind"":""regression"",""target_transform"":""log10""}"	25	25	0	0	0	25	2	false	false	below_current_per_task_size_gate
mlv1.permeability.regression.apparent_permeability.d4399de5ff028981	permeability	regression	apparent_permeability	log10(cm/s)	log10			"{""assay_family"":""caco2"",""binary_evidence_lane"":""not_binary"",""condition"":{""assay"":""caco_2"",""assay_family"":""caco2"",""dose"":""not_reported"",""matrix"":""cellular_matrix"",""metric_detail"":""caco_2_log_papp_ab_with_inhibitor"",""route"":""not_reported"",""species"":""species_not_reported"",""timepoint"":""not_reported""},""endpoint_family"":""permeability"",""normalized_unit"":""log10(cm/s)"",""parameter_basis"":""caco_2_log_papp_ab_with_inhibitor"",""parameter_semantics"":""apparent_permeability"",""target_kind"":""regression"",""target_transform"":""log10""}"	32	32	0	0	0	32	5	true	true	strict_numeric_or_experimental_binary_size_gate
mlv1.permeability.regression.apparent_permeability.d541eeffecfcefce	permeability	regression	apparent_permeability	source_log10_permeability	log10			"{""assay_family"":""rrck"",""binary_evidence_lane"":""not_binary"",""condition"":{""assay"":""not_reported"",""assay_family"":""rrck"",""dose"":""not_reported"",""matrix"":""other_rrck"",""metric_detail"":""rrck"",""route"":""not_reported"",""species"":""species_not_reported"",""timepoint"":""not_reported""},""endpoint_family"":""permeability"",""normalized_unit"":""source_log10_permeability"",""parameter_basis"":""rrck"",""parameter_semantics"":""apparent_permeability"",""target_kind"":""regression"",""target_transform"":""log10""}"	172	159	0	0	0	165	1	true	true	strict_numeric_or_experimental_binary_size_gate
mlv1.permeability.regression.apparent_permeability.d64f3cadc91549b9	permeability	regression	apparent_permeability	log10(cm/s)	log10			"{""assay_family"":""caco2"",""binary_evidence_lane"":""not_binary"",""condition"":{""assay"":""caco_2_a_to_b_permeability"",""assay_family"":""caco2"",""dose"":""not_reported"",""matrix"":""cellular_matrix"",""metric_detail"":""caco2_papp_ab"",""route"":""not_reported"",""species"":""human"",""timepoint"":""not_reported""},""endpoint_family"":""permeability"",""normalized_unit"":""log10(cm/s)"",""parameter_basis"":""caco2_papp_ab"",""parameter_semantics"":""apparent_permeability"",""target_kind"":""regression"",""target_transform"":""log10""}"	12	12	0	0	0	12	1	false	false	below_current_per_task_size_gate
mlv1.permeability.regression.apparent_permeability.e0600a4c8931f34d	permeability	regression	apparent_permeability	log10(cm/s)	log10			"{""assay_family"":""mdck"",""binary_evidence_lane"":""not_binary"",""condition"":{""assay"":""pegasus_in_house_mdck_mdr1_apparent_per_b8b89725"",""assay_family"":""mdck"",""dose"":""not_reported"",""matrix"":""other_mdck_mdr1_papp_group_dn_ht"",""metric_detail"":""mdck_mdr1_papp_group_dn_ht"",""route"":""not_reported"",""species"":""species_not_reported"",""timepoint"":""not_reported""},""endpoint_family"":""permeability"",""normalized_unit"":""log10(cm/s)"",""parameter_basis"":""mdck_mdr1_papp_group_dn_ht"",""parameter_semantics"":""apparent_permeability"",""target_kind"":""regression"",""target_transform"":""log10""}"	2	2	0	0	0	2	1	false	false	below_current_per_task_size_gate
mlv1.permeability.regression.apparent_permeability.e74490767e77cabe	permeability	regression	apparent_permeability	source_log10_permeability	log10			"{""assay_family"":""pampa"",""binary_evidence_lane"":""not_binary"",""condition"":{""assay"":""not_reported"",""assay_family"":""pampa"",""dose"":""not_reported"",""matrix"":""other_pampa"",""metric_detail"":""pampa"",""route"":""not_reported"",""species"":""species_not_reported"",""timepoint"":""not_reported""},""endpoint_family"":""permeability"",""normalized_unit"":""source_log10_permeability"",""parameter_basis"":""pampa"",""parameter_semantics"":""apparent_permeability"",""target_kind"":""regression"",""target_transform"":""log10""}"	6924	6814	0	0	0	6863	1	true	true	strict_numeric_or_experimental_binary_size_gate
mlv1.permeability.regression.apparent_permeability.f80512c0944f2575	permeability	regression	apparent_permeability	source_log10_permeability	log10			"{""assay_family"":""mdck"",""binary_evidence_lane"":""not_binary"",""condition"":{""assay"":""not_reported"",""assay_family"":""mdck"",""dose"":""not_reported"",""matrix"":""other_mdck"",""metric_detail"":""mdck"",""route"":""not_reported"",""species"":""species_not_reported"",""timepoint"":""not_reported""},""endpoint_family"":""permeability"",""normalized_unit"":""source_log10_permeability"",""parameter_basis"":""mdck"",""parameter_semantics"":""apparent_permeability"",""target_kind"":""regression"",""target_transform"":""log10""}"	63	63	0	0	0	63	1	true	true	strict_numeric_or_experimental_binary_size_gate
mlv1.permeability.regression.efflux_ratio.526cdaa652237f71	permeability	regression	efflux_ratio	log10(ratio)	log10			"{""assay_family"":""caco2"",""binary_evidence_lane"":""not_binary"",""condition"":{""assay"":""caco_2"",""assay_family"":""caco2"",""dose"":""not_reported"",""matrix"":""cellular_matrix"",""metric_detail"":""caco_2_er"",""route"":""not_reported"",""species"":""species_not_reported"",""timepoint"":""not_reported""},""endpoint_family"":""permeability"",""normalized_unit"":""log10(ratio)"",""parameter_basis"":""caco_2_er"",""parameter_semantics"":""efflux_ratio"",""target_kind"":""regression"",""target_transform"":""log10""}"	125	94	15	0	0	113	9	true	true	strict_numeric_or_experimental_binary_size_gate
mlv1.permeability.regression.efflux_ratio.bc5dc9be378d1245	permeability	regression	efflux_ratio	log10(ratio)	log10			"{""assay_family"":""mdck"",""binary_evidence_lane"":""not_binary"",""condition"":{""assay"":""mdck"",""assay_family"":""mdck"",""dose"":""not_reported"",""matrix"":""cellular_matrix"",""metric_detail"":""mdck_er"",""route"":""not_reported"",""species"":""species_not_reported"",""timepoint"":""not_reported""},""endpoint_family"":""permeability"",""normalized_unit"":""log10(ratio)"",""parameter_basis"":""mdck_er"",""parameter_semantics"":""efflux_ratio"",""target_kind"":""regression"",""target_transform"":""log10""}"	6	2	0	0	0	4	2	false	false	below_current_per_task_size_gate
mlv1.permeability.regression.efflux_ratio.c5fda8ad3cf0884c	permeability	regression	efflux_ratio	log10(ratio)	log10			"{""assay_family"":""caco2"",""binary_evidence_lane"":""not_binary"",""condition"":{""assay"":""caco_2"",""assay_family"":""caco2"",""dose"":""not_reported"",""matrix"":""cellular_matrix"",""metric_detail"":""caco_2_er_with_inhibitor"",""route"":""not_reported"",""species"":""species_not_reported"",""timepoint"":""not_reported""},""endpoint_family"":""permeability"",""normalized_unit"":""log10(ratio)"",""parameter_basis"":""caco_2_er_with_inhibitor"",""parameter_semantics"":""efflux_ratio"",""target_kind"":""regression"",""target_transform"":""log10""}"	26	26	0	0	0	26	3	false	false	below_current_per_task_size_gate
mlv1.permeability.regression.efflux_ratio.da933ea94e5fd79f	permeability	regression	efflux_ratio	log10(ratio)	log10			"{""assay_family"":""caco2"",""binary_evidence_lane"":""not_binary"",""condition"":{""assay"":""caco_2_bidirectional_permeability"",""assay_family"":""caco2"",""dose"":""not_reported"",""matrix"":""cellular_matrix"",""metric_detail"":""caco2_efflux_ratio"",""route"":""not_reported"",""species"":""human"",""timepoint"":""not_reported""},""endpoint_family"":""permeability"",""normalized_unit"":""log10(ratio)"",""parameter_basis"":""caco2_efflux_ratio"",""parameter_semantics"":""efflux_ratio"",""target_kind"":""regression"",""target_transform"":""log10""}"	7	7	0	0	0	7	1	false	false	below_current_per_task_size_gate
mlv1.permeability.regression.efflux_ratio.ddd098215c693bdf	permeability	regression	efflux_ratio	log10(ratio)	log10			"{""assay_family"":""others_er"",""binary_evidence_lane"":""not_binary"",""condition"":{""assay"":""others"",""assay_family"":""others_er"",""dose"":""not_reported"",""matrix"":""other_source_defined_permeability_d0f53c64"",""metric_detail"":""others_er"",""route"":""not_reported"",""species"":""species_not_reported"",""timepoint"":""not_reported""},""endpoint_family"":""permeability"",""normalized_unit"":""log10(ratio)"",""parameter_basis"":""others_er"",""parameter_semantics"":""efflux_ratio"",""target_kind"":""regression"",""target_transform"":""log10""}"	21	21	0	0	0	21	1	false	false	below_current_per_task_size_gate
mlv1.permeability.regression.membrane_retention.fb7e525ae9b37b5a	permeability	regression	membrane_retention	fraction_retained	identity			"{""assay_family"":""pampa"",""binary_evidence_lane"":""not_binary"",""condition"":{""assay"":""pampa"",""assay_family"":""pampa"",""dose"":""not_reported"",""matrix"":""other_artificial_membrane_pampa_m_5e692065"",""metric_detail"":""pampa_membrane_retention"",""route"":""not_reported"",""species"":""species_not_reported"",""timepoint"":""not_reported""},""endpoint_family"":""permeability"",""normalized_unit"":""fraction_retained"",""parameter_basis"":""pampa_membrane_retention"",""parameter_semantics"":""membrane_retention"",""target_kind"":""regression"",""target_transform"":""identity""}"	12	12	0	0	0	12	1	false	false	below_current_per_task_size_gate
mlv1.permeability.review.unresolved.35db7f9d7e5672be	permeability							"{""assay_family"":""not_reported"",""binary_evidence_lane"":""not_binary"",""condition"":{""assay"":""pampa"",""dose"":""not_reported"",""matrix"":""other_artificial_membrane_pampa_log_papp"",""route"":""not_reported"",""species"":""species_not_reported"",""timepoint"":""not_reported""},""endpoint_family"":""permeability"",""normalized_unit"":""not_normalized"",""parameter_basis"":""unresolved"",""parameter_semantics"":""unresolved"",""target_kind"":""review"",""target_transform"":""none""}"	16	0	0	0	0	16	1	false	false	below_current_per_task_size_gate
mlv1.ppb.regression.fraction_bound.02e23129021057f3	PPB	regression	fraction_bound	fraction_bound	identity			"{""assay_family"":""ppb"",""binary_evidence_lane"":""not_binary"",""condition"":{""assay"":""3_h_equilibrium_dialysis_at_37_c_lc_ms_ms"",""dose"":""6_mg_kg_post_hemodialysis"",""matrix"":""serum"",""route"":""iv"",""species"":""human"",""timepoint"":""1_5_24_and_44_h_after_infusion_aggregate""},""endpoint_family"":""PPB"",""normalized_unit"":""fraction_bound"",""parameter_basis"":""plasma_or_serum_protein_binding"",""parameter_semantics"":""fraction_bound"",""target_kind"":""regression"",""target_transform"":""identity""}"	1	1	0	0	0	1	1	false	false	below_current_per_task_size_gate
mlv1.ppb.regression.fraction_bound.22f37e2545896efd	PPB	regression	fraction_bound	fraction_bound	identity			"{""assay_family"":""ppb"",""binary_evidence_lane"":""not_binary"",""condition"":{""assay"":""reiterated_stepwise_equilibrium_dialysi_c5142da5"",""dose"":""in_vitro_assay_concentration_1e6_pm"",""matrix"":""plasma"",""route"":""not_reported"",""species"":""human"",""timepoint"":""4_5_h_incubation_at_37_c""},""endpoint_family"":""PPB"",""normalized_unit"":""fraction_bound"",""parameter_basis"":""plasma_or_serum_protein_binding"",""parameter_semantics"":""fraction_bound"",""target_kind"":""regression"",""target_transform"":""identity""}"	1	1	0	0	0	1	1	false	false	below_current_per_task_size_gate
mlv1.ppb.regression.fraction_bound.2b866fe5c1ea392a	PPB	regression	fraction_bound	fraction_bound	identity			"{""assay_family"":""ppb"",""binary_evidence_lane"":""not_binary"",""condition"":{""assay"":""peptherdia_curated_approved_drug_pk_field"",""dose"":""not_reported"",""matrix"":""plasma"",""route"":""sc_im"",""species"":""human"",""timepoint"":""not_reported""},""endpoint_family"":""PPB"",""normalized_unit"":""fraction_bound"",""parameter_basis"":""plasma_or_serum_protein_binding"",""parameter_semantics"":""fraction_bound"",""target_kind"":""regression"",""target_transform"":""identity""}"	1	1	0	0	0	1	1	false	false	below_current_per_task_size_gate
mlv1.ppb.regression.fraction_bound.2cc64e0661a18b05	PPB	regression	fraction_bound	fraction_bound	identity			"{""assay_family"":""ppb"",""binary_evidence_lane"":""not_binary"",""condition"":{""assay"":""peptherdia_curated_approved_drug_pk_field"",""dose"":""not_reported"",""matrix"":""plasma"",""route"":""im_iv_sc_ip_ia_ic"",""species"":""human"",""timepoint"":""not_reported""},""endpoint_family"":""PPB"",""normalized_unit"":""fraction_bound"",""parameter_basis"":""plasma_or_serum_protein_binding"",""parameter_semantics"":""fraction_bound"",""target_kind"":""regression"",""target_transform"":""identity""}"	1	1	0	0	0	1	1	false	false	below_current_per_task_size_gate
mlv1.ppb.regression.fraction_bound.30bd98fd6b3a3589	PPB	regression	fraction_bound	fraction_bound	identity			"{""assay_family"":""ppb"",""binary_evidence_lane"":""not_binary"",""condition"":{""assay"":""peptherdia_curated_approved_drug_pk_field"",""dose"":""not_reported"",""matrix"":""plasma"",""route"":""nasal_sc"",""species"":""human"",""timepoint"":""not_reported""},""endpoint_family"":""PPB"",""normalized_unit"":""fraction_bound"",""parameter_basis"":""plasma_or_serum_protein_binding"",""parameter_semantics"":""fraction_bound"",""target_kind"":""regression"",""target_transform"":""identity""}"	1	1	0	0	0	1	1	false	false	below_current_per_task_size_gate
mlv1.ppb.regression.fraction_bound.321cd9c71fae708b	PPB	regression	fraction_bound	fraction_bound	identity			"{""assay_family"":""ppb"",""binary_evidence_lane"":""not_binary"",""condition"":{""assay"":""reiterated_stepwise_equilibrium_dialysi_ac081f7e"",""dose"":""in_vitro_assay_concentration_1e4_pm"",""matrix"":""plasma"",""route"":""not_reported"",""species"":""human"",""timepoint"":""4_5_h_incubation_at_37_c""},""endpoint_family"":""PPB"",""normalized_unit"":""fraction_bound"",""parameter_basis"":""plasma_or_serum_protein_binding"",""parameter_semantics"":""fraction_bound"",""target_kind"":""regression"",""target_transform"":""identity""}"	1	1	0	0	0	1	1	false	false	below_current_per_task_size_gate
mlv1.ppb.regression.fraction_bound.34e1652f922332d4	PPB	regression	fraction_bound	fraction_bound	identity			"{""assay_family"":""ppb"",""binary_evidence_lane"":""not_binary"",""condition"":{""assay"":""reiterated_stepwise_equilibrium_dialysi_1754d379"",""dose"":""in_vitro_assay_concentration_1e2_pm"",""matrix"":""plasma"",""route"":""not_reported"",""species"":""human"",""timepoint"":""4_5_h_incubation_at_37_c""},""endpoint_family"":""PPB"",""normalized_unit"":""fraction_bound"",""parameter_basis"":""plasma_or_serum_protein_binding"",""parameter_semantics"":""fraction_bound"",""target_kind"":""regression"",""target_transform"":""identity""}"	1	1	0	0	0	1	1	false	false	below_current_per_task_size_gate
mlv1.ppb.regression.fraction_bound.35614f34a1a7a2d4	PPB	regression	fraction_bound	fraction_bound	identity			"{""assay_family"":""ppb"",""binary_evidence_lane"":""not_binary"",""condition"":{""assay"":""reiterated_stepwise_equilibrium_dialysi_4e4261cd"",""dose"":""in_vitro_assay_concentration_1e6_pm"",""matrix"":""plasma"",""route"":""not_reported"",""species"":""human"",""timepoint"":""4_5_h_incubation_at_37_c""},""endpoint_family"":""PPB"",""normalized_unit"":""fraction_bound"",""parameter_basis"":""plasma_or_serum_protein_binding"",""parameter_semantics"":""fraction_bound"",""target_kind"":""regression"",""target_transform"":""identity""}"	1	1	0	0	0	1	1	false	false	below_current_per_task_size_gate
mlv1.ppb.regression.fraction_bound.3766fa2d0af61f93	PPB	regression	fraction_bound	fraction_bound	identity			"{""assay_family"":""ppb"",""binary_evidence_lane"":""not_binary"",""condition"":{""assay"":""30_kda_ultrafiltration_hplc"",""dose"":""6_mg_kg_iv_every_24_h"",""matrix"":""serum"",""route"":""iv"",""species"":""human"",""timepoint"":""8_h_after_end_of_infusion""},""endpoint_family"":""PPB"",""normalized_unit"":""fraction_bound"",""parameter_basis"":""plasma_or_serum_protein_binding"",""parameter_semantics"":""fraction_bound"",""target_kind"":""regression"",""target_transform"":""identity""}"	1	1	0	0	0	1	1	false	false	below_current_per_task_size_gate
mlv1.ppb.regression.fraction_bound.37f3305cd86e903a	PPB	regression	fraction_bound	fraction_bound	identity			"{""assay_family"":""ppb"",""binary_evidence_lane"":""not_binary"",""condition"":{""assay"":""reiterated_stepwise_equilibrium_dialysi_ac081f7e"",""dose"":""in_vitro_assay_concentration_1e6_pm"",""matrix"":""plasma"",""route"":""not_reported"",""species"":""human"",""timepoint"":""4_5_h_incubation_at_37_c""},""endpoint_family"":""PPB"",""normalized_unit"":""fraction_bound"",""parameter_basis"":""plasma_or_serum_protein_binding"",""parameter_semantics"":""fraction_bound"",""target_kind"":""regression"",""target_transform"":""identity""}"	1	1	0	0	0	1	1	false	false	below_current_per_task_size_gate
mlv1.ppb.regression.fraction_bound.482a39e8f7ed774a	PPB	regression	fraction_bound	fraction_bound	identity			"{""assay_family"":""ppb"",""binary_evidence_lane"":""not_binary"",""condition"":{""assay"":""30_kda_ultrafiltration_mass_balance_pla_b1c0cb5b"",""dose"":""not_reported"",""matrix"":""plasma"",""route"":""not_reported"",""species"":""species_not_reported"",""timepoint"":""30_min_incubation_at_37_c""},""endpoint_family"":""PPB"",""normalized_unit"":""fraction_bound"",""parameter_basis"":""plasma_or_serum_protein_binding"",""parameter_semantics"":""fraction_bound"",""target_kind"":""regression"",""target_transform"":""identity""}"	6	6	0	0	0	6	1	false	false	below_current_per_task_size_gate
mlv1.ppb.regression.fraction_bound.51085993acf7d259	PPB	regression	fraction_bound	fraction_bound	identity			"{""assay_family"":""ppb"",""binary_evidence_lane"":""not_binary"",""condition"":{""assay"":""reiterated_stepwise_equilibrium_dialysi_3a3db96d"",""dose"":""in_vitro_assay_concentration_1e2_pm"",""matrix"":""plasma"",""route"":""not_reported"",""species"":""human"",""timepoint"":""4_5_h_incubation_at_37_c""},""endpoint_family"":""PPB"",""normalized_unit"":""fraction_bound"",""parameter_basis"":""plasma_or_serum_protein_binding"",""parameter_semantics"":""fraction_bound"",""target_kind"":""regression"",""target_transform"":""identity""}"	1	1	0	0	0	1	1	false	false	below_current_per_task_size_gate
mlv1.ppb.regression.fraction_bound.5322ae609071b6d7	PPB	regression	fraction_bound	fraction_bound	identity			"{""assay_family"":""ppb"",""binary_evidence_lane"":""not_binary"",""condition"":{""assay"":""peptherdia_curated_approved_drug_pk_field"",""dose"":""not_reported"",""matrix"":""plasma"",""route"":""sc_iv_im"",""species"":""human"",""timepoint"":""not_reported""},""endpoint_family"":""PPB"",""normalized_unit"":""fraction_bound"",""parameter_basis"":""plasma_or_serum_protein_binding"",""parameter_semantics"":""fraction_bound"",""target_kind"":""regression"",""target_transform"":""identity""}"	1	1	0	0	0	1	1	false	false	below_current_per_task_size_gate
mlv1.ppb.regression.fraction_bound.5549d0fd838223f9	PPB	regression	fraction_bound	fraction_bound	identity			"{""assay_family"":""ppb"",""binary_evidence_lane"":""not_binary"",""condition"":{""assay"":""reiterated_stepwise_equilibrium_dialysi_3a3db96d"",""dose"":""in_vitro_assay_concentration_1e6_pm"",""matrix"":""plasma"",""route"":""not_reported"",""species"":""human"",""timepoint"":""4_5_h_incubation_at_37_c""},""endpoint_family"":""PPB"",""normalized_unit"":""fraction_bound"",""parameter_basis"":""plasma_or_serum_protein_binding"",""parameter_semantics"":""fraction_bound"",""target_kind"":""regression"",""target_transform"":""identity""}"	1	1	0	0	0	1	1	false	false	below_current_per_task_size_gate
mlv1.ppb.regression.fraction_bound.59ebac074af0fe4e	PPB	regression	fraction_bound	fraction_bound	identity			"{""assay_family"":""ppb"",""binary_evidence_lane"":""not_binary"",""condition"":{""assay"":""equilibrium_dialysis_solid_phase_extrac_7f133886"",""dose"":""4_mg_kg_single_dose"",""matrix"":""serum"",""route"":""iv"",""species"":""human"",""timepoint"":""0_5_2_and_8_h_from_infusion_start_aggregate""},""endpoint_family"":""PPB"",""normalized_unit"":""fraction_bound"",""parameter_basis"":""plasma_or_serum_protein_binding"",""parameter_semantics"":""fraction_bound"",""target_kind"":""regression"",""target_transform"":""identity""}"	2	0	0	0	0	1	1	false	false	below_current_per_task_size_gate
mlv1.ppb.regression.fraction_bound.5b657b4b214eeae5	PPB	regression	fraction_bound	fraction_bound	identity			"{""assay_family"":""ppb"",""binary_evidence_lane"":""not_binary"",""condition"":{""assay"":""peptherdia_curated_approved_drug_pk_field"",""dose"":""not_reported"",""matrix"":""plasma"",""route"":""iv_oral"",""species"":""human"",""timepoint"":""not_reported""},""endpoint_family"":""PPB"",""normalized_unit"":""fraction_bound"",""parameter_basis"":""plasma_or_serum_protein_binding"",""parameter_semantics"":""fraction_bound"",""target_kind"":""regression"",""target_transform"":""identity""}"	1	1	0	0	0	1	1	false	false	below_current_per_task_size_gate
mlv1.ppb.regression.fraction_bound.64dfb6f7cb987a7c	PPB	regression	fraction_bound	fraction_bound	identity			"{""assay_family"":""ppb"",""binary_evidence_lane"":""not_binary"",""condition"":{""assay"":""reiterated_stepwise_equilibrium_dialysi_4e4261cd"",""dose"":""in_vitro_assay_concentration_1e2_pm"",""matrix"":""plasma"",""route"":""not_reported"",""species"":""human"",""timepoint"":""4_5_h_incubation_at_37_c""},""endpoint_family"":""PPB"",""normalized_unit"":""fraction_bound"",""parameter_basis"":""plasma_or_serum_protein_binding"",""parameter_semantics"":""fraction_bound"",""target_kind"":""regression"",""target_transform"":""identity""}"	1	1	0	0	0	1	1	false	false	below_current_per_task_size_gate
mlv1.ppb.regression.fraction_bound.6a03c189526674d6	PPB	regression	fraction_bound	fraction_bound	identity			"{""assay_family"":""ppb"",""binary_evidence_lane"":""not_binary"",""condition"":{""assay"":""reiterated_stepwise_equilibrium_dialysi_b86b102c"",""dose"":""in_vitro_assay_concentration_1e2_pm"",""matrix"":""plasma"",""route"":""not_reported"",""species"":""human"",""timepoint"":""4_5_h_incubation_at_37_c""},""endpoint_family"":""PPB"",""normalized_unit"":""fraction_bound"",""parameter_basis"":""plasma_or_serum_protein_binding"",""parameter_semantics"":""fraction_bound"",""target_kind"":""regression"",""target_transform"":""identity""}"	1	1	0	0	0	1	1	false	false	below_current_per_task_size_gate
mlv1.ppb.regression.fraction_bound.6f23666192e73269	PPB	regression	fraction_bound	fraction_bound	identity			"{""assay_family"":""ppb"",""binary_evidence_lane"":""not_binary"",""condition"":{""assay"":""reiterated_stepwise_equilibrium_dialysi_c5142da5"",""dose"":""in_vitro_assay_concentration_1e2_pm"",""matrix"":""plasma"",""route"":""not_reported"",""species"":""human"",""timepoint"":""4_5_h_incubation_at_37_c""},""endpoint_family"":""PPB"",""normalized_unit"":""fraction_bound"",""parameter_basis"":""plasma_or_serum_protein_binding"",""parameter_semantics"":""fraction_bound"",""target_kind"":""regression"",""target_transform"":""identity""}"	1	1	0	0	0	1	1	false	false	below_current_per_task_size_gate
mlv1.ppb.regression.fraction_bound.72190d9babf76277	PPB	regression	fraction_bound	fraction_bound	identity			"{""assay_family"":""ppb"",""binary_evidence_lane"":""not_binary"",""condition"":{""assay"":""ultrafiltration_of_spiked_human_serum"",""dose"":""2_5_80_microgram_ml_assay_concentration"",""matrix"":""serum"",""route"":""not_reported"",""species"":""human"",""timepoint"":""not_reported""},""endpoint_family"":""PPB"",""normalized_unit"":""fraction_bound"",""parameter_basis"":""plasma_or_serum_protein_binding"",""parameter_semantics"":""fraction_bound"",""target_kind"":""regression"",""target_transform"":""identity""}"	1	1	0	0	0	1	1	false	false	below_current_per_task_size_gate
mlv1.ppb.regression.fraction_bound.75474699aa738d58	PPB	regression	fraction_bound	fraction_bound	identity			"{""assay_family"":""ppb"",""binary_evidence_lane"":""not_binary"",""condition"":{""assay"":""peptherdia_curated_approved_drug_pk_field"",""dose"":""not_reported"",""matrix"":""plasma"",""route"":""iv_im"",""species"":""human"",""timepoint"":""not_reported""},""endpoint_family"":""PPB"",""normalized_unit"":""fraction_bound"",""parameter_basis"":""plasma_or_serum_protein_binding"",""parameter_semantics"":""fraction_bound"",""target_kind"":""regression"",""target_transform"":""identity""}"	1	1	0	0	0	1	1	false	false	below_current_per_task_size_gate
mlv1.ppb.regression.fraction_bound.794e41373db3be44	PPB	regression	fraction_bound	fraction_bound	identity			"{""assay_family"":""ppb"",""binary_evidence_lane"":""not_binary"",""condition"":{""assay"":""rapid_equilibrium_dialysis_at_37_c_for_d649a510"",""dose"":""not_reported"",""matrix"":""plasma"",""route"":""not_reported"",""species"":""human"",""timepoint"":""not_reported""},""endpoint_family"":""PPB"",""normalized_unit"":""fraction_bound"",""parameter_basis"":""plasma_or_serum_protein_binding"",""parameter_semantics"":""fraction_bound"",""target_kind"":""regression"",""target_transform"":""identity""}"	19	0	0	0	0	0	1	false	false	below_current_per_task_size_gate
mlv1.ppb.regression.fraction_bound.7e8f00c0e69519c7	PPB	regression	fraction_bound	fraction_bound	identity			"{""assay_family"":""ppb"",""binary_evidence_lane"":""not_binary"",""condition"":{""assay"":""equilibrium_dialysis_against_ph_7_4_pho_42204023"",""dose"":""10_micromolar_assay_concentration"",""matrix"":""serum"",""route"":""not_reported"",""species"":""human"",""timepoint"":""4_5_h_incubation_at_37_c""},""endpoint_family"":""PPB"",""normalized_unit"":""fraction_bound"",""parameter_basis"":""plasma_or_serum_protein_binding"",""parameter_semantics"":""fraction_bound"",""target_kind"":""regression"",""target_transform"":""identity""}"	2	0	0	0	0	1	1	false	false	below_current_per_task_size_gate
mlv1.ppb.regression.fraction_bound.7f17cbc742c79dcf	PPB	regression	fraction_bound	fraction_bound	identity			"{""assay_family"":""ppb"",""binary_evidence_lane"":""not_binary"",""condition"":{""assay"":""peptherdia_curated_approved_drug_pk_field"",""dose"":""not_reported"",""matrix"":""plasma"",""route"":""im_sc_iv_nasal"",""species"":""human"",""timepoint"":""not_reported""},""endpoint_family"":""PPB"",""normalized_unit"":""fraction_bound"",""parameter_basis"":""plasma_or_serum_protein_binding"",""parameter_semantics"":""fraction_bound"",""target_kind"":""regression"",""target_transform"":""identity""}"	1	1	0	0	0	1	1	false	false	below_current_per_task_size_gate
mlv1.ppb.regression.fraction_bound.82e6fe5522c2eafb	PPB	regression	fraction_bound	fraction_bound	identity			"{""assay_family"":""ppb"",""binary_evidence_lane"":""not_binary"",""condition"":{""assay"":""peptherdia_curated_approved_drug_pk_field"",""dose"":""not_reported"",""matrix"":""plasma"",""route"":""sc_oral"",""species"":""human"",""timepoint"":""not_reported""},""endpoint_family"":""PPB"",""normalized_unit"":""fraction_bound"",""parameter_basis"":""plasma_or_serum_protein_binding"",""parameter_semantics"":""fraction_bound"",""target_kind"":""regression"",""target_transform"":""identity""}"	2	2	0	0	0	2	1	false	false	below_current_per_task_size_gate
mlv1.ppb.regression.fraction_bound.8355e556c58889c5	PPB	regression	fraction_bound	fraction_bound	identity			"{""assay_family"":""ppb"",""binary_evidence_lane"":""not_binary"",""condition"":{""assay"":""peptherdia_curated_approved_drug_pk_field"",""dose"":""not_reported"",""matrix"":""plasma"",""route"":""iv"",""species"":""human"",""timepoint"":""not_reported""},""endpoint_family"":""PPB"",""normalized_unit"":""fraction_bound"",""parameter_basis"":""plasma_or_serum_protein_binding"",""parameter_semantics"":""fraction_bound"",""target_kind"":""regression"",""target_transform"":""identity""}"	13	12	1	0	0	13	2	false	false	below_current_per_task_size_gate
mlv1.ppb.regression.fraction_bound.8ea410296bfbd7a1	PPB	regression	fraction_bound	fraction_bound	identity			"{""assay_family"":""ppb"",""binary_evidence_lane"":""not_binary"",""condition"":{""assay"":""reiterated_stepwise_equilibrium_dialysi_3a3db96d"",""dose"":""in_vitro_assay_concentration_1e4_pm"",""matrix"":""plasma"",""route"":""not_reported"",""species"":""human"",""timepoint"":""4_5_h_incubation_at_37_c""},""endpoint_family"":""PPB"",""normalized_unit"":""fraction_bound"",""parameter_basis"":""plasma_or_serum_protein_binding"",""parameter_semantics"":""fraction_bound"",""target_kind"":""regression"",""target_transform"":""identity""}"	1	1	0	0	0	1	1	false	false	below_current_per_task_size_gate
mlv1.ppb.regression.fraction_bound.94f9f387c68bfeb1	PPB	regression	fraction_bound	fraction_bound	identity			"{""assay_family"":""ppb"",""binary_evidence_lane"":""not_binary"",""condition"":{""assay"":""peptherdia_curated_approved_drug_pk_field"",""dose"":""not_reported"",""matrix"":""plasma"",""route"":""sc"",""species"":""human"",""timepoint"":""not_reported""},""endpoint_family"":""PPB"",""normalized_unit"":""fraction_bound"",""parameter_basis"":""plasma_or_serum_protein_binding"",""parameter_semantics"":""fraction_bound"",""target_kind"":""regression"",""target_transform"":""identity""}"	13	10	3	0	0	13	3	false	false	below_current_per_task_size_gate
mlv1.ppb.regression.fraction_bound.9b38b101a0eb10a2	PPB	regression	fraction_bound	fraction_bound	identity			"{""assay_family"":""ppb"",""binary_evidence_lane"":""not_binary"",""condition"":{""assay"":""reiterated_stepwise_equilibrium_dialysi_ac081f7e"",""dose"":""in_vitro_assay_concentration_1e2_pm"",""matrix"":""plasma"",""route"":""not_reported"",""species"":""human"",""timepoint"":""4_5_h_incubation_at_37_c""},""endpoint_family"":""PPB"",""normalized_unit"":""fraction_bound"",""parameter_basis"":""plasma_or_serum_protein_binding"",""parameter_semantics"":""fraction_bound"",""target_kind"":""regression"",""target_transform"":""identity""}"	1	1	0	0	0	1	1	false	false	below_current_per_task_size_gate
mlv1.ppb.regression.fraction_bound.9d93911f6823dc3a	PPB	regression	fraction_bound	fraction_bound	identity			"{""assay_family"":""ppb"",""binary_evidence_lane"":""not_binary"",""condition"":{""assay"":""peptherdia_curated_approved_drug_pk_field"",""dose"":""not_reported"",""matrix"":""plasma"",""route"":""oral_gastrostomy"",""species"":""human"",""timepoint"":""not_reported""},""endpoint_family"":""PPB"",""normalized_unit"":""fraction_bound"",""parameter_basis"":""plasma_or_serum_protein_binding"",""parameter_semantics"":""fraction_bound"",""target_kind"":""regression"",""target_transform"":""identity""}"	1	0	1	0	0	1	1	false	false	below_current_per_task_size_gate
mlv1.ppb.regression.fraction_bound.a3e37ba782ea9d7d	PPB	regression	fraction_bound	fraction_bound	identity			"{""assay_family"":""ppb"",""binary_evidence_lane"":""not_binary"",""condition"":{""assay"":""equilibrium_dialysis_lc_ms"",""dose"":""4_6_or_8_mg_kg_once_daily"",""matrix"":""serum"",""route"":""iv"",""species"":""human"",""timepoint"":""0_5_2_5_and_8_5_h_from_infusion_start_aggregate""},""endpoint_family"":""PPB"",""normalized_unit"":""fraction_bound"",""parameter_basis"":""plasma_or_serum_protein_binding"",""parameter_semantics"":""fraction_bound"",""target_kind"":""regression"",""target_transform"":""identity""}"	1	1	0	0	0	1	1	false	false	below_current_per_task_size_gate
mlv1.ppb.regression.fraction_bound.a55ffc477f9370b7	PPB	regression	fraction_bound	fraction_bound	identity			"{""assay_family"":""ppb"",""binary_evidence_lane"":""not_binary"",""condition"":{""assay"":""reiterated_stepwise_equilibrium_dialysi_ae39b981"",""dose"":""in_vitro_assay_concentration_1e6_pm"",""matrix"":""plasma"",""route"":""not_reported"",""species"":""human"",""timepoint"":""4_5_h_incubation_at_37_c""},""endpoint_family"":""PPB"",""normalized_unit"":""fraction_bound"",""parameter_basis"":""plasma_or_serum_protein_binding"",""parameter_semantics"":""fraction_bound"",""target_kind"":""regression"",""target_transform"":""identity""}"	1	1	0	0	0	1	1	false	false	below_current_per_task_size_gate
mlv1.ppb.regression.fraction_bound.a607a5ae92dc2cb0	PPB	regression	fraction_bound	fraction_bound	identity			"{""assay_family"":""ppb"",""binary_evidence_lane"":""not_binary"",""condition"":{""assay"":""30_kda_ultrafiltration_mass_balance_pla_b1c0cb5b"",""dose"":""not_reported"",""matrix"":""plasma"",""route"":""not_reported"",""species"":""human"",""timepoint"":""30_min_incubation_at_37_c""},""endpoint_family"":""PPB"",""normalized_unit"":""fraction_bound"",""parameter_basis"":""plasma_or_serum_protein_binding"",""parameter_semantics"":""fraction_bound"",""target_kind"":""regression"",""target_transform"":""identity""}"	6	6	0	0	0	6	1	false	false	below_current_per_task_size_gate
mlv1.ppb.regression.fraction_bound.adb8582b48bd5ab6	PPB	regression	fraction_bound	fraction_bound	identity			"{""assay_family"":""ppb"",""binary_evidence_lane"":""not_binary"",""condition"":{""assay"":""equilibrium_dialysis"",""dose"":""not_reported"",""matrix"":""plasma"",""route"":""not_reported"",""species"":""species_not_reported"",""timepoint"":""not_reported""},""endpoint_family"":""PPB"",""normalized_unit"":""fraction_bound"",""parameter_basis"":""plasma_or_serum_protein_binding"",""parameter_semantics"":""fraction_bound"",""target_kind"":""regression"",""target_transform"":""identity""}"	16	16	0	0	0	16	1	false	false	below_current_per_task_size_gate
mlv1.ppb.regression.fraction_bound.b06ae48932ab2d73	PPB	regression	fraction_bound	fraction_bound	identity			"{""assay_family"":""ppb"",""binary_evidence_lane"":""not_binary"",""condition"":{""assay"":""reiterated_stepwise_equilibrium_dialysi_1754d379"",""dose"":""in_vitro_assay_concentration_1e4_pm"",""matrix"":""plasma"",""route"":""not_reported"",""species"":""human"",""timepoint"":""4_5_h_incubation_at_37_c""},""endpoint_family"":""PPB"",""normalized_unit"":""fraction_bound"",""parameter_basis"":""plasma_or_serum_protein_binding"",""parameter_semantics"":""fraction_bound"",""target_kind"":""regression"",""target_transform"":""identity""}"	1	1	0	0	0	1	1	false	false	below_current_per_task_size_gate
mlv1.ppb.regression.fraction_bound.b4ae2e2deea571f5	PPB	regression	fraction_bound	fraction_bound	identity			"{""assay_family"":""ppb"",""binary_evidence_lane"":""not_binary"",""condition"":{""assay"":""peptherdia_curated_approved_drug_pk_field"",""dose"":""not_reported"",""matrix"":""plasma"",""route"":""oral"",""species"":""human"",""timepoint"":""not_reported""},""endpoint_family"":""PPB"",""normalized_unit"":""fraction_bound"",""parameter_basis"":""plasma_or_serum_protein_binding"",""parameter_semantics"":""fraction_bound"",""target_kind"":""regression"",""target_transform"":""identity""}"	7	5	2	0	0	7	2	false	false	below_current_per_task_size_gate
mlv1.ppb.regression.fraction_bound.be51288bfb745108	PPB	regression	fraction_bound	fraction_bound	identity			"{""assay_family"":""ppb"",""binary_evidence_lane"":""not_binary"",""condition"":{""assay"":""30_kda_ultrafiltration_hplc"",""dose"":""6_mg_kg_iv_every_24_h"",""matrix"":""serum"",""route"":""iv"",""species"":""human"",""timepoint"":""2_h_after_end_of_infusion""},""endpoint_family"":""PPB"",""normalized_unit"":""fraction_bound"",""parameter_basis"":""plasma_or_serum_protein_binding"",""parameter_semantics"":""fraction_bound"",""target_kind"":""regression"",""target_transform"":""identity""}"	1	1	0	0	0	1	1	false	false	below_current_per_task_size_gate
mlv1.ppb.regression.fraction_bound.c0f68a21276fbfce	PPB	regression	fraction_bound	fraction_bound	identity			"{""assay_family"":""ppb"",""binary_evidence_lane"":""not_binary"",""condition"":{""assay"":""30_kda_ultrafiltration_hplc"",""dose"":""6_mg_kg_iv_every_24_h"",""matrix"":""serum"",""route"":""iv"",""species"":""human"",""timepoint"":""0_5_h_after_end_of_infusion""},""endpoint_family"":""PPB"",""normalized_unit"":""fraction_bound"",""parameter_basis"":""plasma_or_serum_protein_binding"",""parameter_semantics"":""fraction_bound"",""target_kind"":""regression"",""target_transform"":""identity""}"	1	1	0	0	0	1	1	false	false	below_current_per_task_size_gate
mlv1.ppb.regression.fraction_bound.c1e54c21be2ccdd5	PPB	regression	fraction_bound	fraction_bound	identity			"{""assay_family"":""ppb"",""binary_evidence_lane"":""not_binary"",""condition"":{""assay"":""reiterated_stepwise_equilibrium_dialysi_45eeac32"",""dose"":""in_vitro_assay_concentration_1e4_pm"",""matrix"":""plasma"",""route"":""not_reported"",""species"":""human"",""timepoint"":""4_5_h_incubation_at_37_c""},""endpoint_family"":""PPB"",""normalized_unit"":""fraction_bound"",""parameter_basis"":""plasma_or_serum_protein_binding"",""parameter_semantics"":""fraction_bound"",""target_kind"":""regression"",""target_transform"":""identity""}"	1	1	0	0	0	1	1	false	false	below_current_per_task_size_gate
mlv1.ppb.regression.fraction_bound.c5f97b4a59f44823	PPB	regression	fraction_bound	fraction_bound	identity			"{""assay_family"":""ppb"",""binary_evidence_lane"":""not_binary"",""condition"":{""assay"":""peptherdia_curated_approved_drug_pk_field"",""dose"":""not_reported"",""matrix"":""plasma"",""route"":""it"",""species"":""human"",""timepoint"":""not_reported""},""endpoint_family"":""PPB"",""normalized_unit"":""fraction_bound"",""parameter_basis"":""plasma_or_serum_protein_binding"",""parameter_semantics"":""fraction_bound"",""target_kind"":""regression"",""target_transform"":""identity""}"	1	1	0	0	0	1	1	false	false	below_current_per_task_size_gate
mlv1.ppb.regression.fraction_bound.c623f922027c3b2c	PPB	regression	fraction_bound	fraction_bound	identity			"{""assay_family"":""ppb"",""binary_evidence_lane"":""not_binary"",""condition"":{""assay"":""reiterated_stepwise_equilibrium_dialysi_b86b102c"",""dose"":""in_vitro_assay_concentration_1e6_pm"",""matrix"":""plasma"",""route"":""not_reported"",""species"":""human"",""timepoint"":""4_5_h_incubation_at_37_c""},""endpoint_family"":""PPB"",""normalized_unit"":""fraction_bound"",""parameter_basis"":""plasma_or_serum_protein_binding"",""parameter_semantics"":""fraction_bound"",""target_kind"":""regression"",""target_transform"":""identity""}"	1	1	0	0	0	1	1	false	false	below_current_per_task_size_gate
mlv1.ppb.regression.fraction_bound.c797c9440d5f28ea	PPB	regression	fraction_bound	fraction_bound	identity			"{""assay_family"":""ppb"",""binary_evidence_lane"":""not_binary"",""condition"":{""assay"":""reiterated_stepwise_equilibrium_dialysi_ae39b981"",""dose"":""in_vitro_assay_concentration_1e2_pm"",""matrix"":""plasma"",""route"":""not_reported"",""species"":""human"",""timepoint"":""4_5_h_incubation_at_37_c""},""endpoint_family"":""PPB"",""normalized_unit"":""fraction_bound"",""parameter_basis"":""plasma_or_serum_protein_binding"",""parameter_semantics"":""fraction_bound"",""target_kind"":""regression"",""target_transform"":""identity""}"	1	1	0	0	0	1	1	false	false	below_current_per_task_size_gate
mlv1.ppb.regression.fraction_bound.c806fe6de4a9c454	PPB	regression	fraction_bound	fraction_bound	identity			"{""assay_family"":""ppb"",""binary_evidence_lane"":""not_binary"",""condition"":{""assay"":""reiterated_stepwise_equilibrium_dialysi_45eeac32"",""dose"":""in_vitro_assay_concentration_1e2_pm"",""matrix"":""plasma"",""route"":""not_reported"",""species"":""human"",""timepoint"":""4_5_h_incubation_at_37_c""},""endpoint_family"":""PPB"",""normalized_unit"":""fraction_bound"",""parameter_basis"":""plasma_or_serum_protein_binding"",""parameter_semantics"":""fraction_bound"",""target_kind"":""regression"",""target_transform"":""identity""}"	1	1	0	0	0	1	1	false	false	below_current_per_task_size_gate
mlv1.ppb.regression.fraction_bound.c82e131afc06f388	PPB	regression	fraction_bound	fraction_bound	identity			"{""assay_family"":""ppb"",""binary_evidence_lane"":""not_binary"",""condition"":{""assay"":""reiterated_stepwise_equilibrium_dialysi_b86b102c"",""dose"":""in_vitro_assay_concentration_1e4_pm"",""matrix"":""plasma"",""route"":""not_reported"",""species"":""human"",""timepoint"":""4_5_h_incubation_at_37_c""},""endpoint_family"":""PPB"",""normalized_unit"":""fraction_bound"",""parameter_basis"":""plasma_or_serum_protein_binding"",""parameter_semantics"":""fraction_bound"",""target_kind"":""regression"",""target_transform"":""identity""}"	1	1	0	0	0	1	1	false	false	below_current_per_task_size_gate
mlv1.ppb.regression.fraction_bound.d24739ffd94b8e7e	PPB	regression	fraction_bound	fraction_bound	identity			"{""assay_family"":""ppb"",""binary_evidence_lane"":""not_binary"",""condition"":{""assay"":""reiterated_stepwise_equilibrium_dialysi_45eeac32"",""dose"":""in_vitro_assay_concentration_1e6_pm"",""matrix"":""plasma"",""route"":""not_reported"",""species"":""human"",""timepoint"":""4_5_h_incubation_at_37_c""},""endpoint_family"":""PPB"",""normalized_unit"":""fraction_bound"",""parameter_basis"":""plasma_or_serum_protein_binding"",""parameter_semantics"":""fraction_bound"",""target_kind"":""regression"",""target_transform"":""identity""}"	1	1	0	0	0	1	1	false	false	below_current_per_task_size_gate
mlv1.ppb.regression.fraction_bound.d899e2d591f80773	PPB	regression	fraction_bound	fraction_bound	identity			"{""assay_family"":""ppb"",""binary_evidence_lane"":""not_binary"",""condition"":{""assay"":""peptherdia_curated_approved_drug_pk_field"",""dose"":""not_reported"",""matrix"":""plasma"",""route"":""nasal"",""species"":""human"",""timepoint"":""not_reported""},""endpoint_family"":""PPB"",""normalized_unit"":""fraction_bound"",""parameter_basis"":""plasma_or_serum_protein_binding"",""parameter_semantics"":""fraction_bound"",""target_kind"":""regression"",""target_transform"":""identity""}"	1	1	0	0	0	1	1	false	false	below_current_per_task_size_gate
mlv1.ppb.regression.fraction_bound.e41555e796684b2f	PPB	regression	fraction_bound	fraction_bound	identity			"{""assay_family"":""ppb"",""binary_evidence_lane"":""not_binary"",""condition"":{""assay"":""reiterated_stepwise_equilibrium_dialysi_1754d379"",""dose"":""in_vitro_assay_concentration_1e6_pm"",""matrix"":""plasma"",""route"":""not_reported"",""species"":""human"",""timepoint"":""4_5_h_incubation_at_37_c""},""endpoint_family"":""PPB"",""normalized_unit"":""fraction_bound"",""parameter_basis"":""plasma_or_serum_protein_binding"",""parameter_semantics"":""fraction_bound"",""target_kind"":""regression"",""target_transform"":""identity""}"	1	1	0	0	0	1	1	false	false	below_current_per_task_size_gate
mlv1.ppb.regression.fraction_bound.e9270b58ff31f694	PPB	regression	fraction_bound	fraction_bound	identity			"{""assay_family"":""ppb"",""binary_evidence_lane"":""not_binary"",""condition"":{""assay"":""reiterated_stepwise_equilibrium_dialysi_ae39b981"",""dose"":""in_vitro_assay_concentration_1e4_pm"",""matrix"":""plasma"",""route"":""not_reported"",""species"":""human"",""timepoint"":""4_5_h_incubation_at_37_c""},""endpoint_family"":""PPB"",""normalized_unit"":""fraction_bound"",""parameter_basis"":""plasma_or_serum_protein_binding"",""parameter_semantics"":""fraction_bound"",""target_kind"":""regression"",""target_transform"":""identity""}"	1	1	0	0	0	1	1	false	false	below_current_per_task_size_gate
mlv1.ppb.regression.fraction_bound.eae6eac6acab4a7e	PPB	regression	fraction_bound	fraction_bound	identity			"{""assay_family"":""ppb"",""binary_evidence_lane"":""not_binary"",""condition"":{""assay"":""ultracentrifugation_2_um_37_c_lc_ms_ms"",""dose"":""not_reported"",""matrix"":""plasma"",""route"":""not_reported"",""species"":""mouse"",""timepoint"":""not_reported""},""endpoint_family"":""PPB"",""normalized_unit"":""fraction_bound"",""parameter_basis"":""plasma_or_serum_protein_binding"",""parameter_semantics"":""fraction_bound"",""target_kind"":""regression"",""target_transform"":""identity""}"	7	7	0	0	0	7	1	false	false	below_current_per_task_size_gate
mlv1.ppb.regression.fraction_bound.f4c88a6eedf2d07a	PPB	regression	fraction_bound	fraction_bound	identity			"{""assay_family"":""ppb"",""binary_evidence_lane"":""not_binary"",""condition"":{""assay"":""reiterated_stepwise_equilibrium_dialysi_4e4261cd"",""dose"":""in_vitro_assay_concentration_1e4_pm"",""matrix"":""plasma"",""route"":""not_reported"",""species"":""human"",""timepoint"":""4_5_h_incubation_at_37_c""},""endpoint_family"":""PPB"",""normalized_unit"":""fraction_bound"",""parameter_basis"":""plasma_or_serum_protein_binding"",""parameter_semantics"":""fraction_bound"",""target_kind"":""regression"",""target_transform"":""identity""}"	1	1	0	0	0	1	1	false	false	below_current_per_task_size_gate
mlv1.ppb.regression.fraction_bound.fbb10385a5958abc	PPB	regression	fraction_bound	fraction_bound	identity			"{""assay_family"":""ppb"",""binary_evidence_lane"":""not_binary"",""condition"":{""assay"":""reiterated_stepwise_equilibrium_dialysi_c5142da5"",""dose"":""in_vitro_assay_concentration_1e4_pm"",""matrix"":""plasma"",""route"":""not_reported"",""species"":""human"",""timepoint"":""4_5_h_incubation_at_37_c""},""endpoint_family"":""PPB"",""normalized_unit"":""fraction_bound"",""parameter_basis"":""plasma_or_serum_protein_binding"",""parameter_semantics"":""fraction_bound"",""target_kind"":""regression"",""target_transform"":""identity""}"	1	1	0	0	0	1	1	false	false	below_current_per_task_size_gate
mlv1.ppb.review.unresolved.284ff4fdfda0302e	PPB							"{""assay_family"":""not_reported"",""binary_evidence_lane"":""not_binary"",""condition"":{""assay"":""not_reported"",""dose"":""not_reported"",""matrix"":""other_plasma_protein_binding_rate"",""route"":""not_reported"",""species"":""species_not_reported"",""timepoint"":""not_reported""},""endpoint_family"":""PPB"",""normalized_unit"":""not_normalized"",""parameter_basis"":""unresolved"",""parameter_semantics"":""unresolved"",""target_kind"":""review"",""target_transform"":""none""}"	7	0	0	0	0	6	1	false	false	below_current_per_task_size_gate
mlv1.solubility.binary_clas_8c2ea6bb.source_defined_solubility.2325490a4b557ade	solubility	binary_classification	source_defined_solubility	binary_label	identity	source_defined_binary	rough_solvent_conditioned_benchmark	"{""assay_family"":""not_reported"",""binary_evidence_lane"":""rough_solvent_conditioned_benchmark"",""condition"":{""assay"":""not_reported"",""dose"":""not_reported"",""matrix"":""other_source_defined_solubility_b_96a6ae9f"",""route"":""not_reported"",""solvent"":""dmso"",""species"":""species_not_reported"",""timepoint"":""not_reported""},""endpoint_family"":""solubility"",""normalized_unit"":""binary_label"",""parameter_basis"":""binary_label"",""parameter_semantics"":""source_defined_solubility"",""target_kind"":""binary_classification"",""target_transform"":""identity""}"	791	0	0	677	114	791	1	false	true	derived_or_weak_binary_research_benchmark_only
mlv1.solubility.binary_clas_8c2ea6bb.source_defined_solubility.4646b730dfc76047	solubility	binary_classification	source_defined_solubility	binary_label	identity	source_defined_binary	rough_solvent_conditioned_benchmark	"{""assay_family"":""not_reported"",""binary_evidence_lane"":""rough_solvent_conditioned_benchmark"",""condition"":{""assay"":""not_reported"",""dose"":""not_reported"",""matrix"":""other_source_defined_solubility_b_96a6ae9f"",""route"":""not_reported"",""solvent"":""3_ammonia_water_v_v"",""species"":""species_not_reported"",""timepoint"":""not_reported""},""endpoint_family"":""solubility"",""normalized_unit"":""binary_label"",""parameter_basis"":""binary_label"",""parameter_semantics"":""source_defined_solubility"",""target_kind"":""binary_classification"",""target_transform"":""identity""}"	47	0	0	47	0	47	1	false	false	below_current_per_task_size_gate
mlv1.solubility.binary_clas_8c2ea6bb.source_defined_solubility.55eb99a0f1d8952e	solubility	binary_classification	source_defined_solubility	binary_label	identity	source_defined_binary	rough_solvent_conditioned_benchmark	"{""assay_family"":""not_reported"",""binary_evidence_lane"":""rough_solvent_conditioned_benchmark"",""condition"":{""assay"":""not_reported"",""dose"":""not_reported"",""matrix"":""other_source_defined_solubility_b_96a6ae9f"",""route"":""not_reported"",""solvent"":""0_2m_acetic_acid"",""species"":""species_not_reported"",""timepoint"":""not_reported""},""endpoint_family"":""solubility"",""normalized_unit"":""binary_label"",""parameter_basis"":""binary_label"",""parameter_semantics"":""source_defined_solubility"",""target_kind"":""binary_classification"",""target_transform"":""identity""}"	5	0	0	5	0	5	1	false	false	below_current_per_task_size_gate
mlv1.solubility.binary_clas_8c2ea6bb.source_defined_solubility.5ec7e706ddc9e2a2	solubility	binary_classification	source_defined_solubility	binary_label	identity	source_defined_binary	rough_solvent_conditioned_benchmark	"{""assay_family"":""not_reported"",""binary_evidence_lane"":""rough_solvent_conditioned_benchmark"",""condition"":{""assay"":""not_reported"",""dose"":""not_reported"",""matrix"":""other_source_defined_solubility_b_96a6ae9f"",""route"":""not_reported"",""solvent"":""1x_dpbs"",""species"":""species_not_reported"",""timepoint"":""not_reported""},""endpoint_family"":""solubility"",""normalized_unit"":""binary_label"",""parameter_basis"":""binary_label"",""parameter_semantics"":""source_defined_solubility"",""target_kind"":""binary_classification"",""target_transform"":""identity""}"	329	0	0	94	235	329	1	false	true	derived_or_weak_binary_research_benchmark_only
mlv1.solubility.binary_clas_8c2ea6bb.source_defined_solubility.65183d73293b0431	solubility	binary_classification	source_defined_solubility	binary_label	identity	source_defined_binary	rough_solvent_conditioned_benchmark	"{""assay_family"":""not_reported"",""binary_evidence_lane"":""rough_solvent_conditioned_benchmark"",""condition"":{""assay"":""not_reported"",""dose"":""not_reported"",""matrix"":""other_source_defined_solubility_b_96a6ae9f"",""route"":""not_reported"",""solvent"":""0_1_m_pbs"",""species"":""species_not_reported"",""timepoint"":""not_reported""},""endpoint_family"":""solubility"",""normalized_unit"":""binary_label"",""parameter_basis"":""binary_label"",""parameter_semantics"":""source_defined_solubility"",""target_kind"":""binary_classification"",""target_transform"":""identity""}"	333	0	0	109	224	333	1	false	true	derived_or_weak_binary_research_benchmark_only
mlv1.solubility.binary_clas_8c2ea6bb.source_defined_solubility.c78b2349d5993f83	solubility	binary_classification	source_defined_solubility	binary_label	identity	source_defined_binary	rough_solvent_conditioned_benchmark	"{""assay_family"":""not_reported"",""binary_evidence_lane"":""rough_solvent_conditioned_benchmark"",""condition"":{""assay"":""not_reported"",""dose"":""not_reported"",""matrix"":""other_source_defined_solubility_b_96a6ae9f"",""route"":""not_reported"",""solvent"":""ultrapure_water"",""species"":""species_not_reported"",""timepoint"":""not_reported""},""endpoint_family"":""solubility"",""normalized_unit"":""binary_label"",""parameter_basis"":""binary_label"",""parameter_semantics"":""source_defined_solubility"",""target_kind"":""binary_classification"",""target_transform"":""identity""}"	607	0	0	345	262	607	1	false	true	derived_or_weak_binary_research_benchmark_only
mlv1.solubility.binary_clas_8c2ea6bb.source_defined_solubility.c84f4394bd415624	solubility	binary_classification	source_defined_solubility	binary_label	identity	source_defined_binary	rough_solvent_conditioned_benchmark	"{""assay_family"":""not_reported"",""binary_evidence_lane"":""rough_solvent_conditioned_benchmark"",""condition"":{""assay"":""not_reported"",""dose"":""not_reported"",""matrix"":""other_source_defined_solubility_b_96a6ae9f"",""route"":""not_reported"",""solvent"":""hcooh"",""species"":""species_not_reported"",""timepoint"":""not_reported""},""endpoint_family"":""solubility"",""normalized_unit"":""binary_label"",""parameter_basis"":""binary_label"",""parameter_semantics"":""source_defined_solubility"",""target_kind"":""binary_classification"",""target_transform"":""identity""}"	56	0	0	56	0	56	1	false	false	below_current_per_task_size_gate
mlv1.solubility.regression.solubility.0008b490cff744ed	solubility	regression	solubility	log10(mole_fraction)	log10			"{""assay_family"":""uv_spectra"",""binary_evidence_lane"":""not_binary"",""condition"":{""assay"":""uv_spectra"",""dose"":""not_reported"",""matrix"":""other_ethanol_water_mole_fraction_bc20a637"",""route"":""not_reported"",""solvent"":""ethanol_water"",""source_dimension"":""mole_fraction"",""species"":""species_not_reported"",""temperature_k"":""318.15"",""timepoint"":""not_reported""},""endpoint_family"":""solubility"",""normalized_unit"":""log10(mole_fraction)"",""parameter_basis"":""mole_fraction"",""parameter_semantics"":""solubility"",""target_kind"":""regression"",""target_transform"":""log10""}"	5	0	0	0	0	1	2	false	false	below_current_per_task_size_gate
mlv1.solubility.regression.solubility.06730b5beba7c9ad	solubility	regression	solubility	log10(mole_fraction)	log10			"{""assay_family"":""uv_spectra"",""binary_evidence_lane"":""not_binary"",""condition"":{""assay"":""uv_spectra"",""dose"":""not_reported"",""matrix"":""other_ethanol_water_mole_fraction_bc20a637"",""route"":""not_reported"",""solvent"":""ethanol_water"",""source_dimension"":""mole_fraction"",""species"":""species_not_reported"",""temperature_k"":""288.15"",""timepoint"":""not_reported""},""endpoint_family"":""solubility"",""normalized_unit"":""log10(mole_fraction)"",""parameter_basis"":""mole_fraction"",""parameter_semantics"":""solubility"",""target_kind"":""regression"",""target_transform"":""log10""}"	5	0	0	0	0	1	2	false	false	below_current_per_task_size_gate
mlv1.solubility.regression.solubility.08427c714f1ca54b	solubility	regression	solubility	log10(mass_ratio_of_solute_to_solvent)	log10			"{""assay_family"":""determined_from_density_measurements"",""binary_evidence_lane"":""not_binary"",""condition"":{""assay"":""determined_from_density_measurements"",""dose"":""not_reported"",""matrix"":""other_trimethylammonio_acetate_wa_0c14c5f1"",""route"":""not_reported"",""solvent"":""trimethylammonio_acetate_water"",""source_dimension"":""mass_ratio_of_solute_to_solvent"",""species"":""species_not_reported"",""temperature_k"":""298.15"",""timepoint"":""not_reported""},""endpoint_family"":""solubility"",""normalized_unit"":""log10(mass_ratio_of_solute_to_solvent)"",""parameter_basis"":""mass_ratio_of_solute_to_solvent"",""parameter_semantics"":""solubility"",""target_kind"":""regression"",""target_transform"":""log10""}"	12	0	0	0	0	3	2	false	false	below_current_per_task_size_gate
mlv1.solubility.regression.solubility.08bfd1799c46e22a	solubility	regression	solubility	log10(mole_fraction)	log10			"{""assay_family"":""uv_spectra"",""binary_evidence_lane"":""not_binary"",""condition"":{""assay"":""uv_spectra"",""dose"":""not_reported"",""matrix"":""other_ethanol_water_mole_fraction_bc20a637"",""route"":""not_reported"",""solvent"":""ethanol_water"",""source_dimension"":""mole_fraction"",""species"":""species_not_reported"",""temperature_k"":""313.15"",""timepoint"":""not_reported""},""endpoint_family"":""solubility"",""normalized_unit"":""log10(mole_fraction)"",""parameter_basis"":""mole_fraction"",""parameter_semantics"":""solubility"",""target_kind"":""regression"",""target_transform"":""log10""}"	5	0	0	0	0	1	2	false	false	below_current_per_task_size_gate
mlv1.solubility.regression.solubility.0a47a6704a1739ee	solubility	regression	solubility	log10(mole_fraction)	log10			"{""assay_family"":""uv_spectra"",""binary_evidence_lane"":""not_binary"",""condition"":{""assay"":""uv_spectra"",""dose"":""not_reported"",""matrix"":""other_methanol_mole_fraction_solv_d6f0c403"",""route"":""not_reported"",""solvent"":""methanol"",""source_dimension"":""mole_fraction"",""species"":""species_not_reported"",""temperature_k"":""293.15"",""timepoint"":""not_reported""},""endpoint_family"":""solubility"",""normalized_unit"":""log10(mole_fraction)"",""parameter_basis"":""mole_fraction"",""parameter_semantics"":""solubility"",""target_kind"":""regression"",""target_transform"":""log10""}"	1	1	0	0	0	1	2	false	false	below_current_per_task_size_gate
mlv1.solubility.regression.solubility.104b582ced105fe1	solubility	regression	solubility	log10(mol/L)	log10			"{""assay_family"":""maximum_concentration_at_wh_7567adfa"",""binary_evidence_lane"":""not_binary"",""condition"":{""assay"":""maximum_concentration_at_which_the_comp_7567adfa"",""dose"":""not_reported"",""matrix"":""other_hbs_ph_7_4_maximum_aqueous_13e8b0d9"",""route"":""not_reported"",""solvent"":""hbs_ph_7_4"",""source_dimension"":""um"",""species"":""species_not_reported"",""temperature_k"":""not_reported"",""timepoint"":""not_reported""},""endpoint_family"":""solubility"",""normalized_unit"":""log10(mol/L)"",""parameter_basis"":""um"",""parameter_semantics"":""solubility"",""target_kind"":""regression"",""target_transform"":""log10""}"	6	6	0	0	0	6	1	false	false	below_current_per_task_size_gate
mlv1.solubility.regression.solubility.1084668be12ad620	solubility	regression	solubility	log10(mole_fraction)	log10			"{""assay_family"":""uv_spectra"",""binary_evidence_lane"":""not_binary"",""condition"":{""assay"":""uv_spectra"",""dose"":""not_reported"",""matrix"":""other_water_mole_fraction_solvent_water"",""route"":""not_reported"",""solvent"":""water"",""source_dimension"":""mole_fraction"",""species"":""species_not_reported"",""temperature_k"":""333.15"",""timepoint"":""not_reported""},""endpoint_family"":""solubility"",""normalized_unit"":""log10(mole_fraction)"",""parameter_basis"":""mole_fraction"",""parameter_semantics"":""solubility"",""target_kind"":""regression"",""target_transform"":""log10""}"	1	1	0	0	0	1	2	false	false	below_current_per_task_size_gate
mlv1.solubility.regression.solubility.12835ddb3d581996	solubility	regression	solubility	log10(mass_ratio_of_solute_to_solvent)	log10			"{""assay_family"":""determined_from_density_measurements"",""binary_evidence_lane"":""not_binary"",""condition"":{""assay"":""determined_from_density_measurements"",""dose"":""not_reported"",""matrix"":""other_water_mass_ratio_of_solute_747f447f"",""route"":""not_reported"",""solvent"":""water"",""source_dimension"":""mass_ratio_of_solute_to_solvent"",""species"":""species_not_reported"",""temperature_k"":""298.15"",""timepoint"":""not_reported""},""endpoint_family"":""solubility"",""normalized_unit"":""log10(mass_ratio_of_solute_to_solvent)"",""parameter_basis"":""mass_ratio_of_solute_to_solvent"",""parameter_semantics"":""solubility"",""target_kind"":""regression"",""target_transform"":""log10""}"	3	3	0	0	0	3	2	false	false	below_current_per_task_size_gate
mlv1.solubility.regression.solubility.18e079a298295173	solubility	regression	solubility	log10(mole_fraction)	log10			"{""assay_family"":""uv_spectra"",""binary_evidence_lane"":""not_binary"",""condition"":{""assay"":""uv_spectra"",""dose"":""not_reported"",""matrix"":""other_ethanol_water_mole_fraction_bc20a637"",""route"":""not_reported"",""solvent"":""ethanol_water"",""source_dimension"":""mole_fraction"",""species"":""species_not_reported"",""temperature_k"":""333.15"",""timepoint"":""not_reported""},""endpoint_family"":""solubility"",""normalized_unit"":""log10(mole_fraction)"",""parameter_basis"":""mole_fraction"",""parameter_semantics"":""solubility"",""target_kind"":""regression"",""target_transform"":""log10""}"	5	0	0	0	0	1	2	false	false	below_current_per_task_size_gate
mlv1.solubility.regression.solubility.191839ff23b03735	solubility	regression	solubility	log10(mass_fraction)	log10			"{""assay_family"":""uv_vis_spectrophotometry"",""binary_evidence_lane"":""not_binary"",""condition"":{""assay"":""uv_vis_spectrophotometry"",""dose"":""not_reported"",""matrix"":""other_water_mass_fraction_solvent_water"",""route"":""not_reported"",""solvent"":""water"",""source_dimension"":""mass_fraction"",""species"":""species_not_reported"",""temperature_k"":""298.15"",""timepoint"":""not_reported""},""endpoint_family"":""solubility"",""normalized_unit"":""log10(mass_fraction)"",""parameter_basis"":""mass_fraction"",""parameter_semantics"":""solubility"",""target_kind"":""regression"",""target_transform"":""log10""}"	1	1	0	0	0	1	2	false	false	below_current_per_task_size_gate
mlv1.solubility.regression.solubility.220e663fdd012c1b	solubility	regression	solubility	log10(mole_fraction)	log10			"{""assay_family"":""uv_spectra"",""binary_evidence_lane"":""not_binary"",""condition"":{""assay"":""uv_spectra"",""dose"":""not_reported"",""matrix"":""other_methanol_water_mole_fractio_b47eaed6"",""route"":""not_reported"",""solvent"":""methanol_water"",""source_dimension"":""mole_fraction"",""species"":""species_not_reported"",""temperature_k"":""278.15"",""timepoint"":""not_reported""},""endpoint_family"":""solubility"",""normalized_unit"":""log10(mole_fraction)"",""parameter_basis"":""mole_fraction"",""parameter_semantics"":""solubility"",""target_kind"":""regression"",""target_transform"":""log10""}"	5	0	0	0	0	1	2	false	false	below_current_per_task_size_gate
mlv1.solubility.regression.solubility.24280f671f8096cd	solubility	regression	solubility	log10(mass_ratio_of_solute_to_solvent)	log10			"{""assay_family"":""from_the_density_plateau"",""binary_evidence_lane"":""not_binary"",""condition"":{""assay"":""from_the_density_plateau"",""dose"":""not_reported"",""matrix"":""other_water_mass_ratio_of_solute_747f447f"",""route"":""not_reported"",""solvent"":""water"",""source_dimension"":""mass_ratio_of_solute_to_solvent"",""species"":""species_not_reported"",""temperature_k"":""298.15"",""timepoint"":""not_reported""},""endpoint_family"":""solubility"",""normalized_unit"":""log10(mass_ratio_of_solute_to_solvent)"",""parameter_basis"":""mass_ratio_of_solute_to_solvent"",""parameter_semantics"":""solubility"",""target_kind"":""regression"",""target_transform"":""log10""}"	3	3	0	0	0	3	2	false	false	below_current_per_task_size_gate
mlv1.solubility.regression.solubility.282e34f2e98e5906	solubility	regression	solubility	log10(mole_fraction)	log10			"{""assay_family"":""uv_spectra"",""binary_evidence_lane"":""not_binary"",""condition"":{""assay"":""uv_spectra"",""dose"":""not_reported"",""matrix"":""other_methanol_mole_fraction_solv_d6f0c403"",""route"":""not_reported"",""solvent"":""methanol"",""source_dimension"":""mole_fraction"",""species"":""species_not_reported"",""temperature_k"":""298.15"",""timepoint"":""not_reported""},""endpoint_family"":""solubility"",""normalized_unit"":""log10(mole_fraction)"",""parameter_basis"":""mole_fraction"",""parameter_semantics"":""solubility"",""target_kind"":""regression"",""target_transform"":""log10""}"	1	1	0	0	0	1	2	false	false	below_current_per_task_size_gate
mlv1.solubility.regression.solubility.29916e3a9815b134	solubility	regression	solubility	log10(mole_fraction)	log10			"{""assay_family"":""uv_spectra"",""binary_evidence_lane"":""not_binary"",""condition"":{""assay"":""uv_spectra"",""dose"":""not_reported"",""matrix"":""other_ethanol_water_mole_fraction_bc20a637"",""route"":""not_reported"",""solvent"":""ethanol_water"",""source_dimension"":""mole_fraction"",""species"":""species_not_reported"",""temperature_k"":""308.15"",""timepoint"":""not_reported""},""endpoint_family"":""solubility"",""normalized_unit"":""log10(mole_fraction)"",""parameter_basis"":""mole_fraction"",""parameter_semantics"":""solubility"",""target_kind"":""regression"",""target_transform"":""log10""}"	5	0	0	0	0	1	2	false	false	below_current_per_task_size_gate
mlv1.solubility.regression.solubility.2bf689e559bbe4df	solubility	regression	solubility	log10(mole_fraction)	log10			"{""assay_family"":""uv_spectra"",""binary_evidence_lane"":""not_binary"",""condition"":{""assay"":""uv_spectra"",""dose"":""not_reported"",""matrix"":""other_ethanol_water_mole_fraction_bc20a637"",""route"":""not_reported"",""solvent"":""ethanol_water"",""source_dimension"":""mole_fraction"",""species"":""species_not_reported"",""temperature_k"":""298.15"",""timepoint"":""not_reported""},""endpoint_family"":""solubility"",""normalized_unit"":""log10(mole_fraction)"",""parameter_basis"":""mole_fraction"",""parameter_semantics"":""solubility"",""target_kind"":""regression"",""target_transform"":""log10""}"	5	0	0	0	0	1	2	false	false	below_current_per_task_size_gate
mlv1.solubility.regression.solubility.2d779dd009888a35	solubility	regression	solubility	log10(mole_fraction)	log10			"{""assay_family"":""uv_spectra"",""binary_evidence_lane"":""not_binary"",""condition"":{""assay"":""uv_spectra"",""dose"":""not_reported"",""matrix"":""other_ethanol_mole_fraction_solve_e751e740"",""route"":""not_reported"",""solvent"":""ethanol"",""source_dimension"":""mole_fraction"",""species"":""species_not_reported"",""temperature_k"":""298.15"",""timepoint"":""not_reported""},""endpoint_family"":""solubility"",""normalized_unit"":""log10(mole_fraction)"",""parameter_basis"":""mole_fraction"",""parameter_semantics"":""solubility"",""target_kind"":""regression"",""target_transform"":""log10""}"	1	1	0	0	0	1	2	false	false	below_current_per_task_size_gate
mlv1.solubility.regression.solubility.308ccd84733e0fd3	solubility	regression	solubility	log10(molality_mol_kg)	log10			"{""assay_family"":""interpolation_on_a_calibrat_414fa087"",""binary_evidence_lane"":""not_binary"",""condition"":{""assay"":""interpolation_on_a_calibration_surface_414fa087"",""dose"":""not_reported"",""matrix"":""other_sodium_chloride_water_molal_f253f891"",""route"":""not_reported"",""solvent"":""sodium_chloride_water"",""source_dimension"":""molality_mol_kg"",""species"":""species_not_reported"",""temperature_k"":""313.15"",""timepoint"":""not_reported""},""endpoint_family"":""solubility"",""normalized_unit"":""log10(molality_mol_kg)"",""parameter_basis"":""molality_mol_kg"",""parameter_semantics"":""solubility"",""target_kind"":""regression"",""target_transform"":""log10""}"	5	0	0	0	0	1	2	false	false	below_current_per_task_size_gate
mlv1.solubility.regression.solubility.311c0ec5bdc327e0	solubility	regression	solubility	log10(mole_fraction)	log10			"{""assay_family"":""uv_spectra"",""binary_evidence_lane"":""not_binary"",""condition"":{""assay"":""uv_spectra"",""dose"":""not_reported"",""matrix"":""other_methanol_mole_fraction_solv_d6f0c403"",""route"":""not_reported"",""solvent"":""methanol"",""source_dimension"":""mole_fraction"",""species"":""species_not_reported"",""temperature_k"":""328.15"",""timepoint"":""not_reported""},""endpoint_family"":""solubility"",""normalized_unit"":""log10(mole_fraction)"",""parameter_basis"":""mole_fraction"",""parameter_semantics"":""solubility"",""target_kind"":""regression"",""target_transform"":""log10""}"	1	1	0	0	0	1	2	false	false	below_current_per_task_size_gate
mlv1.solubility.regression.solubility.36e502977cb4f5b1	solubility	regression	solubility	log10(mass_fraction)	log10			"{""assay_family"":""uv_vis_spectrophotometry"",""binary_evidence_lane"":""not_binary"",""condition"":{""assay"":""uv_vis_spectrophotometry"",""dose"":""not_reported"",""matrix"":""other_water_triethylammonium_hydr_865d451d"",""route"":""not_reported"",""solvent"":""water_triethylammonium_hydrogen_sulfate"",""source_dimension"":""mass_fraction"",""species"":""species_not_reported"",""temperature_k"":""298.15"",""timepoint"":""not_reported""},""endpoint_family"":""solubility"",""normalized_unit"":""log10(mass_fraction)"",""parameter_basis"":""mass_fraction"",""parameter_semantics"":""solubility"",""target_kind"":""regression"",""target_transform"":""log10""}"	3	0	0	0	0	1	2	false	false	below_current_per_task_size_gate
mlv1.solubility.regression.solubility.3839e8cf154e37a6	solubility	regression	solubility	log10(mol/L)	log10			"{""assay_family"":""maximum_concentration_at_wh_7567adfa"",""binary_evidence_lane"":""not_binary"",""condition"":{""assay"":""maximum_concentration_at_which_the_comp_7567adfa"",""dose"":""not_reported"",""matrix"":""other_hbs_ph_7_4_maximum_aqueous_54531c81"",""route"":""not_reported"",""solvent"":""hbs_ph_7_4"",""source_dimension"":""um"",""species"":""species_not_reported"",""temperature_k"":""not_reported"",""timepoint"":""not_reported""},""endpoint_family"":""solubility"",""normalized_unit"":""log10(mol/L)"",""parameter_basis"":""um"",""parameter_semantics"":""solubility"",""target_kind"":""regression"",""target_transform"":""log10""}"	17	17	0	0	0	17	1	false	false	below_current_per_task_size_gate
mlv1.solubility.regression.solubility.3873f006512ee899	solubility	regression	solubility	log10(mole_fraction)	log10			"{""assay_family"":""uv_spectra"",""binary_evidence_lane"":""not_binary"",""condition"":{""assay"":""uv_spectra"",""dose"":""not_reported"",""matrix"":""other_methanol_water_mole_fractio_b47eaed6"",""route"":""not_reported"",""solvent"":""methanol_water"",""source_dimension"":""mole_fraction"",""species"":""species_not_reported"",""temperature_k"":""323.15"",""timepoint"":""not_reported""},""endpoint_family"":""solubility"",""normalized_unit"":""log10(mole_fraction)"",""parameter_basis"":""mole_fraction"",""parameter_semantics"":""solubility"",""target_kind"":""regression"",""target_transform"":""log10""}"	5	0	0	0	0	1	2	false	false	below_current_per_task_size_gate
mlv1.solubility.regression.solubility.3b50b5e43b272600	solubility	regression	solubility	log10(mol/L)	log10			"{""assay_family"":""kinetic_solubility_1_5_h_ro_c006261d"",""binary_evidence_lane"":""not_binary"",""condition"":{""assay"":""kinetic_solubility_1_5_h_room_temperatu_c006261d"",""dose"":""not_reported"",""matrix"":""buffer"",""route"":""not_reported"",""solvent"":""pbs_ph_7_4_5_dmso"",""source_dimension"":""um"",""species"":""species_not_reported"",""temperature_k"":""not_reported"",""timepoint"":""not_reported""},""endpoint_family"":""solubility"",""normalized_unit"":""log10(mol/L)"",""parameter_basis"":""um"",""parameter_semantics"":""solubility"",""target_kind"":""regression"",""target_transform"":""log10""}"	6	6	0	0	0	6	1	false	false	below_current_per_task_size_gate
mlv1.solubility.regression.solubility.3e54a276f70e8f6b	solubility	regression	solubility	log10(mole_fraction)	log10			"{""assay_family"":""uv_spectra"",""binary_evidence_lane"":""not_binary"",""condition"":{""assay"":""uv_spectra"",""dose"":""not_reported"",""matrix"":""other_ethanol_water_mole_fraction_bc20a637"",""route"":""not_reported"",""solvent"":""ethanol_water"",""source_dimension"":""mole_fraction"",""species"":""species_not_reported"",""temperature_k"":""303.15"",""timepoint"":""not_reported""},""endpoint_family"":""solubility"",""normalized_unit"":""log10(mole_fraction)"",""parameter_basis"":""mole_fraction"",""parameter_semantics"":""solubility"",""target_kind"":""regression"",""target_transform"":""log10""}"	5	0	0	0	0	1	2	false	false	below_current_per_task_size_gate
mlv1.solubility.regression.solubility.441ab934f6e827cd	solubility	regression	solubility	log10(mole_fraction)	log10			"{""assay_family"":""uv_spectra"",""binary_evidence_lane"":""not_binary"",""condition"":{""assay"":""uv_spectra"",""dose"":""not_reported"",""matrix"":""other_methanol_mole_fraction_solv_d6f0c403"",""route"":""not_reported"",""solvent"":""methanol"",""source_dimension"":""mole_fraction"",""species"":""species_not_reported"",""temperature_k"":""313.15"",""timepoint"":""not_reported""},""endpoint_family"":""solubility"",""normalized_unit"":""log10(mole_fraction)"",""parameter_basis"":""mole_fraction"",""parameter_semantics"":""solubility"",""target_kind"":""regression"",""target_transform"":""log10""}"	1	1	0	0	0	1	2	false	false	below_current_per_task_size_gate
mlv1.solubility.regression.solubility.477e722157aa2fef	solubility	regression	solubility	log10(mass_fraction)	log10			"{""assay_family"":""uv_vis_spectrophotometry"",""binary_evidence_lane"":""not_binary"",""condition"":{""assay"":""uv_vis_spectrophotometry"",""dose"":""not_reported"",""matrix"":""other_water_diethylammonium_hydro_7547e1b9"",""route"":""not_reported"",""solvent"":""water_diethylammonium_hydrogen_sulfate"",""source_dimension"":""mass_fraction"",""species"":""species_not_reported"",""temperature_k"":""298.15"",""timepoint"":""not_reported""},""endpoint_family"":""solubility"",""normalized_unit"":""log10(mass_fraction)"",""parameter_basis"":""mass_fraction"",""parameter_semantics"":""solubility"",""target_kind"":""regression"",""target_transform"":""log10""}"	3	0	0	0	0	1	2	false	false	below_current_per_task_size_gate
mlv1.solubility.regression.solubility.4bb7b27ca4af86d6	solubility	regression	solubility	log10(mole_fraction)	log10			"{""assay_family"":""uv_spectra"",""binary_evidence_lane"":""not_binary"",""condition"":{""assay"":""uv_spectra"",""dose"":""not_reported"",""matrix"":""other_water_mole_fraction_solvent_water"",""route"":""not_reported"",""solvent"":""water"",""source_dimension"":""mole_fraction"",""species"":""species_not_reported"",""temperature_k"":""318.15"",""timepoint"":""not_reported""},""endpoint_family"":""solubility"",""normalized_unit"":""log10(mole_fraction)"",""parameter_basis"":""mole_fraction"",""parameter_semantics"":""solubility"",""target_kind"":""regression"",""target_transform"":""log10""}"	1	1	0	0	0	1	2	false	false	below_current_per_task_size_gate
mlv1.solubility.regression.solubility.4ebf0fd46f85cdfb	solubility	regression	solubility	log10(mass_ratio_of_solute_to_solvent)	log10			"{""assay_family"":""determined_from_density_measurements"",""binary_evidence_lane"":""not_binary"",""condition"":{""assay"":""determined_from_density_measurements"",""dose"":""not_reported"",""matrix"":""other_trimethylamine_oxide_water_f5ec4989"",""route"":""not_reported"",""solvent"":""trimethylamine_oxide_water"",""source_dimension"":""mass_ratio_of_solute_to_solvent"",""species"":""species_not_reported"",""temperature_k"":""298.15"",""timepoint"":""not_reported""},""endpoint_family"":""solubility"",""normalized_unit"":""log10(mass_ratio_of_solute_to_solvent)"",""parameter_basis"":""mass_ratio_of_solute_to_solvent"",""parameter_semantics"":""solubility"",""target_kind"":""regression"",""target_transform"":""log10""}"	12	0	0	0	0	3	2	false	false	below_current_per_task_size_gate
mlv1.solubility.regression.solubility.4f76a3fe00c3e55c	solubility	regression	solubility	log10(mole_fraction)	log10			"{""assay_family"":""uv_spectra"",""binary_evidence_lane"":""not_binary"",""condition"":{""assay"":""uv_spectra"",""dose"":""not_reported"",""matrix"":""other_water_mole_fraction_solvent_water"",""route"":""not_reported"",""solvent"":""water"",""source_dimension"":""mole_fraction"",""species"":""species_not_reported"",""temperature_k"":""298.15"",""timepoint"":""not_reported""},""endpoint_family"":""solubility"",""normalized_unit"":""log10(mole_fraction)"",""parameter_basis"":""mole_fraction"",""parameter_semantics"":""solubility"",""target_kind"":""regression"",""target_transform"":""log10""}"	1	1	0	0	0	1	2	false	false	below_current_per_task_size_gate
mlv1.solubility.regression.solubility.55ef660824416726	solubility	regression	solubility	log10(mole_fraction)	log10			"{""assay_family"":""uv_spectra"",""binary_evidence_lane"":""not_binary"",""condition"":{""assay"":""uv_spectra"",""dose"":""not_reported"",""matrix"":""other_methanol_water_mole_fractio_b47eaed6"",""route"":""not_reported"",""solvent"":""methanol_water"",""source_dimension"":""mole_fraction"",""species"":""species_not_reported"",""temperature_k"":""313.15"",""timepoint"":""not_reported""},""endpoint_family"":""solubility"",""normalized_unit"":""log10(mole_fraction)"",""parameter_basis"":""mole_fraction"",""parameter_semantics"":""solubility"",""target_kind"":""regression"",""target_transform"":""log10""}"	5	0	0	0	0	1	2	false	false	below_current_per_task_size_gate
mlv1.solubility.regression.solubility.59a26f3ae804483b	solubility	regression	solubility	log10(mole_fraction)	log10			"{""assay_family"":""uv_spectra"",""binary_evidence_lane"":""not_binary"",""condition"":{""assay"":""uv_spectra"",""dose"":""not_reported"",""matrix"":""other_water_mole_fraction_solvent_water"",""route"":""not_reported"",""solvent"":""water"",""source_dimension"":""mole_fraction"",""species"":""species_not_reported"",""temperature_k"":""323.15"",""timepoint"":""not_reported""},""endpoint_family"":""solubility"",""normalized_unit"":""log10(mole_fraction)"",""parameter_basis"":""mole_fraction"",""parameter_semantics"":""solubility"",""target_kind"":""regression"",""target_transform"":""log10""}"	1	1	0	0	0	1	2	false	false	below_current_per_task_size_gate
mlv1.solubility.regression.solubility.59cb0803672bbc6a	solubility	regression	solubility	log10(mole_fraction)	log10			"{""assay_family"":""uv_spectra"",""binary_evidence_lane"":""not_binary"",""condition"":{""assay"":""uv_spectra"",""dose"":""not_reported"",""matrix"":""other_ethanol_mole_fraction_solve_e751e740"",""route"":""not_reported"",""solvent"":""ethanol"",""source_dimension"":""mole_fraction"",""species"":""species_not_reported"",""temperature_k"":""328.15"",""timepoint"":""not_reported""},""endpoint_family"":""solubility"",""normalized_unit"":""log10(mole_fraction)"",""parameter_basis"":""mole_fraction"",""parameter_semantics"":""solubility"",""target_kind"":""regression"",""target_transform"":""log10""}"	1	1	0	0	0	1	2	false	false	below_current_per_task_size_gate
mlv1.solubility.regression.solubility.5e522262d0657461	solubility	regression	solubility	log10(mole_fraction)	log10			"{""assay_family"":""uv_spectra"",""binary_evidence_lane"":""not_binary"",""condition"":{""assay"":""uv_spectra"",""dose"":""not_reported"",""matrix"":""other_ethanol_mole_fraction_solve_e751e740"",""route"":""not_reported"",""solvent"":""ethanol"",""source_dimension"":""mole_fraction"",""species"":""species_not_reported"",""temperature_k"":""323.15"",""timepoint"":""not_reported""},""endpoint_family"":""solubility"",""normalized_unit"":""log10(mole_fraction)"",""parameter_basis"":""mole_fraction"",""parameter_semantics"":""solubility"",""target_kind"":""regression"",""target_transform"":""log10""}"	1	1	0	0	0	1	2	false	false	below_current_per_task_size_gate
mlv1.solubility.regression.solubility.5f62c85be82064e2	solubility	regression	solubility	log10(mole_fraction)	log10			"{""assay_family"":""uv_spectra"",""binary_evidence_lane"":""not_binary"",""condition"":{""assay"":""uv_spectra"",""dose"":""not_reported"",""matrix"":""other_methanol_water_mole_fractio_b47eaed6"",""route"":""not_reported"",""solvent"":""methanol_water"",""source_dimension"":""mole_fraction"",""species"":""species_not_reported"",""temperature_k"":""308.15"",""timepoint"":""not_reported""},""endpoint_family"":""solubility"",""normalized_unit"":""log10(mole_fraction)"",""parameter_basis"":""mole_fraction"",""parameter_semantics"":""solubility"",""target_kind"":""regression"",""target_transform"":""log10""}"	5	0	0	0	0	1	2	false	false	below_current_per_task_size_gate
mlv1.solubility.regression.solubility.6220e8fe078c1977	solubility	regression	solubility	log10(mole_fraction)	log10			"{""assay_family"":""uv_spectra"",""binary_evidence_lane"":""not_binary"",""condition"":{""assay"":""uv_spectra"",""dose"":""not_reported"",""matrix"":""other_methanol_water_mole_fractio_b47eaed6"",""route"":""not_reported"",""solvent"":""methanol_water"",""source_dimension"":""mole_fraction"",""species"":""species_not_reported"",""temperature_k"":""333.15"",""timepoint"":""not_reported""},""endpoint_family"":""solubility"",""normalized_unit"":""log10(mole_fraction)"",""parameter_basis"":""mole_fraction"",""parameter_semantics"":""solubility"",""target_kind"":""regression"",""target_transform"":""log10""}"	5	0	0	0	0	1	2	false	false	below_current_per_task_size_gate
mlv1.solubility.regression.solubility.624e4ded93da08c3	solubility	regression	solubility	log10(mole_fraction)	log10			"{""assay_family"":""uv_spectra"",""binary_evidence_lane"":""not_binary"",""condition"":{""assay"":""uv_spectra"",""dose"":""not_reported"",""matrix"":""other_ethanol_mole_fraction_solve_e751e740"",""route"":""not_reported"",""solvent"":""ethanol"",""source_dimension"":""mole_fraction"",""species"":""species_not_reported"",""temperature_k"":""303.15"",""timepoint"":""not_reported""},""endpoint_family"":""solubility"",""normalized_unit"":""log10(mole_fraction)"",""parameter_basis"":""mole_fraction"",""parameter_semantics"":""solubility"",""target_kind"":""regression"",""target_transform"":""log10""}"	1	1	0	0	0	1	2	false	false	below_current_per_task_size_gate
mlv1.solubility.regression.solubility.66dfaf29db4ca862	solubility	regression	solubility	log10(mole_fraction)	log10			"{""assay_family"":""uv_spectra"",""binary_evidence_lane"":""not_binary"",""condition"":{""assay"":""uv_spectra"",""dose"":""not_reported"",""matrix"":""other_methanol_water_mole_fractio_b47eaed6"",""route"":""not_reported"",""solvent"":""methanol_water"",""source_dimension"":""mole_fraction"",""species"":""species_not_reported"",""temperature_k"":""283.15"",""timepoint"":""not_reported""},""endpoint_family"":""solubility"",""normalized_unit"":""log10(mole_fraction)"",""parameter_basis"":""mole_fraction"",""parameter_semantics"":""solubility"",""target_kind"":""regression"",""target_transform"":""log10""}"	5	0	0	0	0	1	2	false	false	below_current_per_task_size_gate
mlv1.solubility.regression.solubility.6a3e140493874f06	solubility	regression	solubility	log10(mass_ratio_of_solute_to_solvent)	log10			"{""assay_family"":""density"",""binary_evidence_lane"":""not_binary"",""condition"":{""assay"":""density"",""dose"":""not_reported"",""matrix"":""other_trimethylammonium_acetate_w_366ea310"",""route"":""not_reported"",""solvent"":""trimethylammonium_acetate_water"",""source_dimension"":""mass_ratio_of_solute_to_solvent"",""species"":""species_not_reported"",""temperature_k"":""298.15"",""timepoint"":""not_reported""},""endpoint_family"":""solubility"",""normalized_unit"":""log10(mass_ratio_of_solute_to_solvent)"",""parameter_basis"":""mass_ratio_of_solute_to_solvent"",""parameter_semantics"":""solubility"",""target_kind"":""regression"",""target_transform"":""log10""}"	3	0	0	0	0	1	2	false	false	below_current_per_task_size_gate
mlv1.solubility.regression.solubility.6c95a0365dc0887a	solubility	regression	solubility	log10(mole_fraction)	log10			"{""assay_family"":""uv_spectra"",""binary_evidence_lane"":""not_binary"",""condition"":{""assay"":""uv_spectra"",""dose"":""not_reported"",""matrix"":""other_ethanol_mole_fraction_solve_e751e740"",""route"":""not_reported"",""solvent"":""ethanol"",""source_dimension"":""mole_fraction"",""species"":""species_not_reported"",""temperature_k"":""293.15"",""timepoint"":""not_reported""},""endpoint_family"":""solubility"",""normalized_unit"":""log10(mole_fraction)"",""parameter_basis"":""mole_fraction"",""parameter_semantics"":""solubility"",""target_kind"":""regression"",""target_transform"":""log10""}"	1	1	0	0	0	1	2	false	false	below_current_per_task_size_gate
mlv1.solubility.regression.solubility.6eb8a8355cdf5caf	solubility	regression	solubility	log10(mole_fraction)	log10			"{""assay_family"":""uv_spectra"",""binary_evidence_lane"":""not_binary"",""condition"":{""assay"":""uv_spectra"",""dose"":""not_reported"",""matrix"":""other_ethanol_mole_fraction_solve_e751e740"",""route"":""not_reported"",""solvent"":""ethanol"",""source_dimension"":""mole_fraction"",""species"":""species_not_reported"",""temperature_k"":""318.15"",""timepoint"":""not_reported""},""endpoint_family"":""solubility"",""normalized_unit"":""log10(mole_fraction)"",""parameter_basis"":""mole_fraction"",""parameter_semantics"":""solubility"",""target_kind"":""regression"",""target_transform"":""log10""}"	1	1	0	0	0	1	2	false	false	below_current_per_task_size_gate
mlv1.solubility.regression.solubility.7031b642b4feb08b	solubility	regression	solubility	log10(mass_concentration_kg_m3)	log10			"{""assay_family"":""gravimetric_analysis"",""binary_evidence_lane"":""not_binary"",""condition"":{""assay"":""gravimetric_analysis"",""dose"":""not_reported"",""matrix"":""other_water_mass_concentration_kg_0a8cb9cd"",""route"":""not_reported"",""solvent"":""water"",""source_dimension"":""mass_concentration_kg_m3"",""species"":""species_not_reported"",""temperature_k"":""298.15"",""timepoint"":""not_reported""},""endpoint_family"":""solubility"",""normalized_unit"":""log10(mass_concentration_kg_m3)"",""parameter_basis"":""mass_concentration_kg_m3"",""parameter_semantics"":""solubility"",""target_kind"":""regression"",""target_transform"":""log10""}"	5	5	0	0	0	5	2	false	false	below_current_per_task_size_gate
mlv1.solubility.regression.solubility.72b70a0aed9820d4	solubility	regression	solubility	log10(mole_fraction)	log10			"{""assay_family"":""uv_spectra"",""binary_evidence_lane"":""not_binary"",""condition"":{""assay"":""uv_spectra"",""dose"":""not_reported"",""matrix"":""other_methanol_mole_fraction_solv_d6f0c403"",""route"":""not_reported"",""solvent"":""methanol"",""source_dimension"":""mole_fraction"",""species"":""species_not_reported"",""temperature_k"":""308.15"",""timepoint"":""not_reported""},""endpoint_family"":""solubility"",""normalized_unit"":""log10(mole_fraction)"",""parameter_basis"":""mole_fraction"",""parameter_semantics"":""solubility"",""target_kind"":""regression"",""target_transform"":""log10""}"	1	1	0	0	0	1	2	false	false	below_current_per_task_size_gate
mlv1.solubility.regression.solubility.73a65a69066c3510	solubility	regression	solubility	log10(mole_fraction)	log10			"{""assay_family"":""uv_spectra"",""binary_evidence_lane"":""not_binary"",""condition"":{""assay"":""uv_spectra"",""dose"":""not_reported"",""matrix"":""other_water_mole_fraction_solvent_water"",""route"":""not_reported"",""solvent"":""water"",""source_dimension"":""mole_fraction"",""species"":""species_not_reported"",""temperature_k"":""283.15"",""timepoint"":""not_reported""},""endpoint_family"":""solubility"",""normalized_unit"":""log10(mole_fraction)"",""parameter_basis"":""mole_fraction"",""parameter_semantics"":""solubility"",""target_kind"":""regression"",""target_transform"":""log10""}"	1	1	0	0	0	1	2	false	false	below_current_per_task_size_gate
mlv1.solubility.regression.solubility.7d853b9cef2fb3c3	solubility	regression	solubility	log10(mole_fraction)	log10			"{""assay_family"":""uv_spectra"",""binary_evidence_lane"":""not_binary"",""condition"":{""assay"":""uv_spectra"",""dose"":""not_reported"",""matrix"":""other_ethanol_water_mole_fraction_bc20a637"",""route"":""not_reported"",""solvent"":""ethanol_water"",""source_dimension"":""mole_fraction"",""species"":""species_not_reported"",""temperature_k"":""283.15"",""timepoint"":""not_reported""},""endpoint_family"":""solubility"",""normalized_unit"":""log10(mole_fraction)"",""parameter_basis"":""mole_fraction"",""parameter_semantics"":""solubility"",""target_kind"":""regression"",""target_transform"":""log10""}"	5	0	0	0	0	1	2	false	false	below_current_per_task_size_gate
mlv1.solubility.regression.solubility.7fda67652e08db2d	solubility	regression	solubility	log10(mole_fraction)	log10			"{""assay_family"":""uv_spectra"",""binary_evidence_lane"":""not_binary"",""condition"":{""assay"":""uv_spectra"",""dose"":""not_reported"",""matrix"":""other_methanol_mole_fraction_solv_d6f0c403"",""route"":""not_reported"",""solvent"":""methanol"",""source_dimension"":""mole_fraction"",""species"":""species_not_reported"",""temperature_k"":""303.15"",""timepoint"":""not_reported""},""endpoint_family"":""solubility"",""normalized_unit"":""log10(mole_fraction)"",""parameter_basis"":""mole_fraction"",""parameter_semantics"":""solubility"",""target_kind"":""regression"",""target_transform"":""log10""}"	1	1	0	0	0	1	2	false	false	below_current_per_task_size_gate
mlv1.solubility.regression.solubility.88b4cad41ec2f3bf	solubility	regression	solubility	log10(mole_fraction)	log10			"{""assay_family"":""uv_spectra"",""binary_evidence_lane"":""not_binary"",""condition"":{""assay"":""uv_spectra"",""dose"":""not_reported"",""matrix"":""other_methanol_mole_fraction_solv_d6f0c403"",""route"":""not_reported"",""solvent"":""methanol"",""source_dimension"":""mole_fraction"",""species"":""species_not_reported"",""temperature_k"":""283.15"",""timepoint"":""not_reported""},""endpoint_family"":""solubility"",""normalized_unit"":""log10(mole_fraction)"",""parameter_basis"":""mole_fraction"",""parameter_semantics"":""solubility"",""target_kind"":""regression"",""target_transform"":""log10""}"	1	1	0	0	0	1	2	false	false	below_current_per_task_size_gate
mlv1.solubility.regression.solubility.8fa50fb22d2d78f2	solubility	regression	solubility	log10(mole_fraction)	log10			"{""assay_family"":""uv_spectra"",""binary_evidence_lane"":""not_binary"",""condition"":{""assay"":""uv_spectra"",""dose"":""not_reported"",""matrix"":""other_ethanol_mole_fraction_solve_e751e740"",""route"":""not_reported"",""solvent"":""ethanol"",""source_dimension"":""mole_fraction"",""species"":""species_not_reported"",""temperature_k"":""308.15"",""timepoint"":""not_reported""},""endpoint_family"":""solubility"",""normalized_unit"":""log10(mole_fraction)"",""parameter_basis"":""mole_fraction"",""parameter_semantics"":""solubility"",""target_kind"":""regression"",""target_transform"":""log10""}"	1	1	0	0	0	1	2	false	false	below_current_per_task_size_gate
mlv1.solubility.regression.solubility.8ff00acc76ca9839	solubility	regression	solubility	log10(mole_fraction)	log10			"{""assay_family"":""uv_spectra"",""binary_evidence_lane"":""not_binary"",""condition"":{""assay"":""uv_spectra"",""dose"":""not_reported"",""matrix"":""other_water_mole_fraction_solvent_water"",""route"":""not_reported"",""solvent"":""water"",""source_dimension"":""mole_fraction"",""species"":""species_not_reported"",""temperature_k"":""313.15"",""timepoint"":""not_reported""},""endpoint_family"":""solubility"",""normalized_unit"":""log10(mole_fraction)"",""parameter_basis"":""mole_fraction"",""parameter_semantics"":""solubility"",""target_kind"":""regression"",""target_transform"":""log10""}"	1	1	0	0	0	1	2	false	false	below_current_per_task_size_gate
mlv1.solubility.regression.solubility.913ed650793e92c6	solubility	regression	solubility	log10(mole_fraction)	log10			"{""assay_family"":""uv_spectra"",""binary_evidence_lane"":""not_binary"",""condition"":{""assay"":""uv_spectra"",""dose"":""not_reported"",""matrix"":""other_ethanol_water_mole_fraction_bc20a637"",""route"":""not_reported"",""solvent"":""ethanol_water"",""source_dimension"":""mole_fraction"",""species"":""species_not_reported"",""temperature_k"":""328.15"",""timepoint"":""not_reported""},""endpoint_family"":""solubility"",""normalized_unit"":""log10(mole_fraction)"",""parameter_basis"":""mole_fraction"",""parameter_semantics"":""solubility"",""target_kind"":""regression"",""target_transform"":""log10""}"	5	0	0	0	0	1	2	false	false	below_current_per_task_size_gate
mlv1.solubility.regression.solubility.93034a40825f4617	solubility	regression	solubility	log10(mole_fraction)	log10			"{""assay_family"":""uv_spectra"",""binary_evidence_lane"":""not_binary"",""condition"":{""assay"":""uv_spectra"",""dose"":""not_reported"",""matrix"":""other_ethanol_mole_fraction_solve_e751e740"",""route"":""not_reported"",""solvent"":""ethanol"",""source_dimension"":""mole_fraction"",""species"":""species_not_reported"",""temperature_k"":""283.15"",""timepoint"":""not_reported""},""endpoint_family"":""solubility"",""normalized_unit"":""log10(mole_fraction)"",""parameter_basis"":""mole_fraction"",""parameter_semantics"":""solubility"",""target_kind"":""regression"",""target_transform"":""log10""}"	1	1	0	0	0	1	2	false	false	below_current_per_task_size_gate
mlv1.solubility.regression.solubility.9b25477e0d9f5f8a	solubility	regression	solubility	log10(mass_ratio_of_solute_to_solvent)	log10			"{""assay_family"":""determined_from_density_measurements"",""binary_evidence_lane"":""not_binary"",""condition"":{""assay"":""determined_from_density_measurements"",""dose"":""not_reported"",""matrix"":""other_urea_water_mass_ratio_of_so_4fd67f5f"",""route"":""not_reported"",""solvent"":""urea_water"",""source_dimension"":""mass_ratio_of_solute_to_solvent"",""species"":""species_not_reported"",""temperature_k"":""298.15"",""timepoint"":""not_reported""},""endpoint_family"":""solubility"",""normalized_unit"":""log10(mass_ratio_of_solute_to_solvent)"",""parameter_basis"":""mass_ratio_of_solute_to_solvent"",""parameter_semantics"":""solubility"",""target_kind"":""regression"",""target_transform"":""log10""}"	15	0	0	0	0	3	2	false	false	below_current_per_task_size_gate
mlv1.solubility.regression.solubility.9bc365dc320dfd07	solubility	regression	solubility	log10(mass_concentration_kg_m3)	log10			"{""assay_family"":""gravimetric_analysis"",""binary_evidence_lane"":""not_binary"",""condition"":{""assay"":""gravimetric_analysis"",""dose"":""not_reported"",""matrix"":""other_ethanol_water_mass_concentr_34753e0c"",""route"":""not_reported"",""solvent"":""ethanol_water"",""source_dimension"":""mass_concentration_kg_m3"",""species"":""species_not_reported"",""temperature_k"":""298.15"",""timepoint"":""not_reported""},""endpoint_family"":""solubility"",""normalized_unit"":""log10(mass_concentration_kg_m3)"",""parameter_basis"":""mass_concentration_kg_m3"",""parameter_semantics"":""solubility"",""target_kind"":""regression"",""target_transform"":""log10""}"	35	0	0	0	0	5	2	false	false	below_current_per_task_size_gate
mlv1.solubility.regression.solubility.9d5b689e5b45e415	solubility	regression	solubility	log10(mole_fraction)	log10			"{""assay_family"":""uv_spectra"",""binary_evidence_lane"":""not_binary"",""condition"":{""assay"":""uv_spectra"",""dose"":""not_reported"",""matrix"":""other_water_mole_fraction_solvent_water"",""route"":""not_reported"",""solvent"":""water"",""source_dimension"":""mole_fraction"",""species"":""species_not_reported"",""temperature_k"":""288.15"",""timepoint"":""not_reported""},""endpoint_family"":""solubility"",""normalized_unit"":""log10(mole_fraction)"",""parameter_basis"":""mole_fraction"",""parameter_semantics"":""solubility"",""target_kind"":""regression"",""target_transform"":""log10""}"	1	1	0	0	0	1	2	false	false	below_current_per_task_size_gate
mlv1.solubility.regression.solubility.a615c7ac7aca32b0	solubility	regression	solubility	log10(mole_fraction)	log10			"{""assay_family"":""uv_spectra"",""binary_evidence_lane"":""not_binary"",""condition"":{""assay"":""uv_spectra"",""dose"":""not_reported"",""matrix"":""other_ethanol_water_mole_fraction_bc20a637"",""route"":""not_reported"",""solvent"":""ethanol_water"",""source_dimension"":""mole_fraction"",""species"":""species_not_reported"",""temperature_k"":""323.15"",""timepoint"":""not_reported""},""endpoint_family"":""solubility"",""normalized_unit"":""log10(mole_fraction)"",""parameter_basis"":""mole_fraction"",""parameter_semantics"":""solubility"",""target_kind"":""regression"",""target_transform"":""log10""}"	5	0	0	0	0	1	2	false	false	below_current_per_task_size_gate
mlv1.solubility.regression.solubility.a6afb8f2d3dfefa3	solubility	regression	solubility	log10(mole_fraction)	log10			"{""assay_family"":""uv_spectra"",""binary_evidence_lane"":""not_binary"",""condition"":{""assay"":""uv_spectra"",""dose"":""not_reported"",""matrix"":""other_water_mole_fraction_solvent_water"",""route"":""not_reported"",""solvent"":""water"",""source_dimension"":""mole_fraction"",""species"":""species_not_reported"",""temperature_k"":""308.15"",""timepoint"":""not_reported""},""endpoint_family"":""solubility"",""normalized_unit"":""log10(mole_fraction)"",""parameter_basis"":""mole_fraction"",""parameter_semantics"":""solubility"",""target_kind"":""regression"",""target_transform"":""log10""}"	1	1	0	0	0	1	2	false	false	below_current_per_task_size_gate
mlv1.solubility.regression.solubility.a94eba26ff87d905	solubility	regression	solubility	log10(mole_fraction)	log10			"{""assay_family"":""uv_spectra"",""binary_evidence_lane"":""not_binary"",""condition"":{""assay"":""uv_spectra"",""dose"":""not_reported"",""matrix"":""other_methanol_mole_fraction_solv_d6f0c403"",""route"":""not_reported"",""solvent"":""methanol"",""source_dimension"":""mole_fraction"",""species"":""species_not_reported"",""temperature_k"":""288.15"",""timepoint"":""not_reported""},""endpoint_family"":""solubility"",""normalized_unit"":""log10(mole_fraction)"",""parameter_basis"":""mole_fraction"",""parameter_semantics"":""solubility"",""target_kind"":""regression"",""target_transform"":""log10""}"	1	1	0	0	0	1	2	false	false	below_current_per_task_size_gate
mlv1.solubility.regression.solubility.b6072b0376b405f3	solubility	regression	solubility	log10(mole_fraction)	log10			"{""assay_family"":""uv_spectra"",""binary_evidence_lane"":""not_binary"",""condition"":{""assay"":""uv_spectra"",""dose"":""not_reported"",""matrix"":""other_ethanol_mole_fraction_solve_e751e740"",""route"":""not_reported"",""solvent"":""ethanol"",""source_dimension"":""mole_fraction"",""species"":""species_not_reported"",""temperature_k"":""288.15"",""timepoint"":""not_reported""},""endpoint_family"":""solubility"",""normalized_unit"":""log10(mole_fraction)"",""parameter_basis"":""mole_fraction"",""parameter_semantics"":""solubility"",""target_kind"":""regression"",""target_transform"":""log10""}"	1	1	0	0	0	1	2	false	false	below_current_per_task_size_gate
mlv1.solubility.regression.solubility.b9140e871d54f4d2	solubility	regression	solubility	log10(mole_fraction)	log10			"{""assay_family"":""uv_spectra"",""binary_evidence_lane"":""not_binary"",""condition"":{""assay"":""uv_spectra"",""dose"":""not_reported"",""matrix"":""other_methanol_water_mole_fractio_b47eaed6"",""route"":""not_reported"",""solvent"":""methanol_water"",""source_dimension"":""mole_fraction"",""species"":""species_not_reported"",""temperature_k"":""303.15"",""timepoint"":""not_reported""},""endpoint_family"":""solubility"",""normalized_unit"":""log10(mole_fraction)"",""parameter_basis"":""mole_fraction"",""parameter_semantics"":""solubility"",""target_kind"":""regression"",""target_transform"":""log10""}"	5	0	0	0	0	1	2	false	false	below_current_per_task_size_gate
mlv1.solubility.regression.solubility.c1c57877632a9e94	solubility	regression	solubility	log10(mole_fraction)	log10			"{""assay_family"":""uv_spectra"",""binary_evidence_lane"":""not_binary"",""condition"":{""assay"":""uv_spectra"",""dose"":""not_reported"",""matrix"":""other_methanol_mole_fraction_solv_d6f0c403"",""route"":""not_reported"",""solvent"":""methanol"",""source_dimension"":""mole_fraction"",""species"":""species_not_reported"",""temperature_k"":""323.15"",""timepoint"":""not_reported""},""endpoint_family"":""solubility"",""normalized_unit"":""log10(mole_fraction)"",""parameter_basis"":""mole_fraction"",""parameter_semantics"":""solubility"",""target_kind"":""regression"",""target_transform"":""log10""}"	1	1	0	0	0	1	2	false	false	below_current_per_task_size_gate
mlv1.solubility.regression.solubility.c52acc847da6499a	solubility	regression	solubility	log10(mole_fraction)	log10			"{""assay_family"":""uv_spectra"",""binary_evidence_lane"":""not_binary"",""condition"":{""assay"":""uv_spectra"",""dose"":""not_reported"",""matrix"":""other_water_mole_fraction_solvent_water"",""route"":""not_reported"",""solvent"":""water"",""source_dimension"":""mole_fraction"",""species"":""species_not_reported"",""temperature_k"":""278.15"",""timepoint"":""not_reported""},""endpoint_family"":""solubility"",""normalized_unit"":""log10(mole_fraction)"",""parameter_basis"":""mole_fraction"",""parameter_semantics"":""solubility"",""target_kind"":""regression"",""target_transform"":""log10""}"	1	1	0	0	0	1	2	false	false	below_current_per_task_size_gate
mlv1.solubility.regression.solubility.c63ff7c5a6d63da1	solubility	regression	solubility	log10(mole_fraction)	log10			"{""assay_family"":""uv_spectra"",""binary_evidence_lane"":""not_binary"",""condition"":{""assay"":""uv_spectra"",""dose"":""not_reported"",""matrix"":""other_ethanol_water_mole_fraction_bc20a637"",""route"":""not_reported"",""solvent"":""ethanol_water"",""source_dimension"":""mole_fraction"",""species"":""species_not_reported"",""temperature_k"":""293.15"",""timepoint"":""not_reported""},""endpoint_family"":""solubility"",""normalized_unit"":""log10(mole_fraction)"",""parameter_basis"":""mole_fraction"",""parameter_semantics"":""solubility"",""target_kind"":""regression"",""target_transform"":""log10""}"	5	0	0	0	0	1	2	false	false	below_current_per_task_size_gate
mlv1.solubility.regression.solubility.c6a3ea3087ee4867	solubility	regression	solubility	log10(mass_ratio_of_solute_to_solvent)	log10			"{""assay_family"":""density"",""binary_evidence_lane"":""not_binary"",""condition"":{""assay"":""density"",""dose"":""not_reported"",""matrix"":""other_triethylammonium_acetate_wa_7b41a557"",""route"":""not_reported"",""solvent"":""triethylammonium_acetate_water"",""source_dimension"":""mass_ratio_of_solute_to_solvent"",""species"":""species_not_reported"",""temperature_k"":""298.15"",""timepoint"":""not_reported""},""endpoint_family"":""solubility"",""normalized_unit"":""log10(mass_ratio_of_solute_to_solvent)"",""parameter_basis"":""mass_ratio_of_solute_to_solvent"",""parameter_semantics"":""solubility"",""target_kind"":""regression"",""target_transform"":""log10""}"	3	0	0	0	0	1	2	false	false	below_current_per_task_size_gate
mlv1.solubility.regression.solubility.c89d04f9a542a087	solubility	regression	solubility	log10(mole_fraction)	log10			"{""assay_family"":""uv_spectra"",""binary_evidence_lane"":""not_binary"",""condition"":{""assay"":""uv_spectra"",""dose"":""not_reported"",""matrix"":""other_water_mole_fraction_solvent_water"",""route"":""not_reported"",""solvent"":""water"",""source_dimension"":""mole_fraction"",""species"":""species_not_reported"",""temperature_k"":""293.15"",""timepoint"":""not_reported""},""endpoint_family"":""solubility"",""normalized_unit"":""log10(mole_fraction)"",""parameter_basis"":""mole_fraction"",""parameter_semantics"":""solubility"",""target_kind"":""regression"",""target_transform"":""log10""}"	1	1	0	0	0	1	2	false	false	below_current_per_task_size_gate
mlv1.solubility.regression.solubility.cb326cc148c3c431	solubility	regression	solubility	log10(mole_fraction)	log10			"{""assay_family"":""uv_spectra"",""binary_evidence_lane"":""not_binary"",""condition"":{""assay"":""uv_spectra"",""dose"":""not_reported"",""matrix"":""other_methanol_water_mole_fractio_b47eaed6"",""route"":""not_reported"",""solvent"":""methanol_water"",""source_dimension"":""mole_fraction"",""species"":""species_not_reported"",""temperature_k"":""298.15"",""timepoint"":""not_reported""},""endpoint_family"":""solubility"",""normalized_unit"":""log10(mole_fraction)"",""parameter_basis"":""mole_fraction"",""parameter_semantics"":""solubility"",""target_kind"":""regression"",""target_transform"":""log10""}"	5	0	0	0	0	1	2	false	false	below_current_per_task_size_gate
mlv1.solubility.regression.solubility.cb8c00e9beb93728	solubility	regression	solubility	log10(mole_fraction)	log10			"{""assay_family"":""uv_spectra"",""binary_evidence_lane"":""not_binary"",""condition"":{""assay"":""uv_spectra"",""dose"":""not_reported"",""matrix"":""other_ethanol_mole_fraction_solve_e751e740"",""route"":""not_reported"",""solvent"":""ethanol"",""source_dimension"":""mole_fraction"",""species"":""species_not_reported"",""temperature_k"":""313.15"",""timepoint"":""not_reported""},""endpoint_family"":""solubility"",""normalized_unit"":""log10(mole_fraction)"",""parameter_basis"":""mole_fraction"",""parameter_semantics"":""solubility"",""target_kind"":""regression"",""target_transform"":""log10""}"	1	1	0	0	0	1	2	false	false	below_current_per_task_size_gate
mlv1.solubility.regression.solubility.d11db805598d6bdd	solubility	regression	solubility	log10(mole_fraction)	log10			"{""assay_family"":""uv_spectra"",""binary_evidence_lane"":""not_binary"",""condition"":{""assay"":""uv_spectra"",""dose"":""not_reported"",""matrix"":""other_methanol_water_mole_fractio_b47eaed6"",""route"":""not_reported"",""solvent"":""methanol_water"",""source_dimension"":""mole_fraction"",""species"":""species_not_reported"",""temperature_k"":""293.15"",""timepoint"":""not_reported""},""endpoint_family"":""solubility"",""normalized_unit"":""log10(mole_fraction)"",""parameter_basis"":""mole_fraction"",""parameter_semantics"":""solubility"",""target_kind"":""regression"",""target_transform"":""log10""}"	5	0	0	0	0	1	2	false	false	below_current_per_task_size_gate
mlv1.solubility.regression.solubility.d1e291939e2097b2	solubility	regression	solubility	log10(mol/L)	log10			"{""assay_family"":""maximum_concentration_at_wh_7567adfa"",""binary_evidence_lane"":""not_binary"",""condition"":{""assay"":""maximum_concentration_at_which_the_comp_7567adfa"",""dose"":""not_reported"",""matrix"":""other_hbs_ph_7_4_maximum_aqueous_b2505ae9"",""route"":""not_reported"",""solvent"":""hbs_ph_7_4"",""source_dimension"":""um"",""species"":""species_not_reported"",""temperature_k"":""not_reported"",""timepoint"":""not_reported""},""endpoint_family"":""solubility"",""normalized_unit"":""log10(mol/L)"",""parameter_basis"":""um"",""parameter_semantics"":""solubility"",""target_kind"":""regression"",""target_transform"":""log10""}"	12	12	0	0	0	12	1	false	false	below_current_per_task_size_gate
mlv1.solubility.regression.solubility.d736706e7b3100ce	solubility	regression	solubility	log10(mole_fraction)	log10			"{""assay_family"":""uv_spectra"",""binary_evidence_lane"":""not_binary"",""condition"":{""assay"":""uv_spectra"",""dose"":""not_reported"",""matrix"":""other_ethanol_water_mole_fraction_bc20a637"",""route"":""not_reported"",""solvent"":""ethanol_water"",""source_dimension"":""mole_fraction"",""species"":""species_not_reported"",""temperature_k"":""278.15"",""timepoint"":""not_reported""},""endpoint_family"":""solubility"",""normalized_unit"":""log10(mole_fraction)"",""parameter_basis"":""mole_fraction"",""parameter_semantics"":""solubility"",""target_kind"":""regression"",""target_transform"":""log10""}"	5	0	0	0	0	1	2	false	false	below_current_per_task_size_gate
mlv1.solubility.regression.solubility.dc0c2e2b1d3ec427	solubility	regression	solubility	log10(molality_mol_kg)	log10			"{""assay_family"":""interpolation_on_a_calibrat_414fa087"",""binary_evidence_lane"":""not_binary"",""condition"":{""assay"":""interpolation_on_a_calibration_surface_414fa087"",""dose"":""not_reported"",""matrix"":""other_sodium_chloride_water_molal_f253f891"",""route"":""not_reported"",""solvent"":""sodium_chloride_water"",""source_dimension"":""molality_mol_kg"",""species"":""species_not_reported"",""temperature_k"":""298.15"",""timepoint"":""not_reported""},""endpoint_family"":""solubility"",""normalized_unit"":""log10(molality_mol_kg)"",""parameter_basis"":""molality_mol_kg"",""parameter_semantics"":""solubility"",""target_kind"":""regression"",""target_transform"":""log10""}"	4	0	0	0	0	1	2	false	false	below_current_per_task_size_gate
mlv1.solubility.regression.solubility.dc5a6ba3df151238	solubility	regression	solubility	log10(mole_fraction)	log10			"{""assay_family"":""uv_spectra"",""binary_evidence_lane"":""not_binary"",""condition"":{""assay"":""uv_spectra"",""dose"":""not_reported"",""matrix"":""other_water_mole_fraction_solvent_water"",""route"":""not_reported"",""solvent"":""water"",""source_dimension"":""mole_fraction"",""species"":""species_not_reported"",""temperature_k"":""303.15"",""timepoint"":""not_reported""},""endpoint_family"":""solubility"",""normalized_unit"":""log10(mole_fraction)"",""parameter_basis"":""mole_fraction"",""parameter_semantics"":""solubility"",""target_kind"":""regression"",""target_transform"":""log10""}"	1	1	0	0	0	1	2	false	false	below_current_per_task_size_gate
mlv1.solubility.regression.solubility.dd4ce4cec75086eb	solubility	regression	solubility	log10(mole_fraction)	log10			"{""assay_family"":""uv_spectra"",""binary_evidence_lane"":""not_binary"",""condition"":{""assay"":""uv_spectra"",""dose"":""not_reported"",""matrix"":""other_water_mole_fraction_solvent_water"",""route"":""not_reported"",""solvent"":""water"",""source_dimension"":""mole_fraction"",""species"":""species_not_reported"",""temperature_k"":""328.15"",""timepoint"":""not_reported""},""endpoint_family"":""solubility"",""normalized_unit"":""log10(mole_fraction)"",""parameter_basis"":""mole_fraction"",""parameter_semantics"":""solubility"",""target_kind"":""regression"",""target_transform"":""log10""}"	1	1	0	0	0	1	2	false	false	below_current_per_task_size_gate
mlv1.solubility.regression.solubility.e056bf04046bdbff	solubility	regression	solubility	log10(mass_ratio_of_solute_to_solvent)	log10			"{""assay_family"":""density"",""binary_evidence_lane"":""not_binary"",""condition"":{""assay"":""density"",""dose"":""not_reported"",""matrix"":""other_water_diethylammonium_aceta_bfc168b2"",""route"":""not_reported"",""solvent"":""water_diethylammonium_acetate"",""source_dimension"":""mass_ratio_of_solute_to_solvent"",""species"":""species_not_reported"",""temperature_k"":""298.15"",""timepoint"":""not_reported""},""endpoint_family"":""solubility"",""normalized_unit"":""log10(mass_ratio_of_solute_to_solvent)"",""parameter_basis"":""mass_ratio_of_solute_to_solvent"",""parameter_semantics"":""solubility"",""target_kind"":""regression"",""target_transform"":""log10""}"	3	0	0	0	0	1	2	false	false	below_current_per_task_size_gate
mlv1.solubility.regression.solubility.e3f147ff01021b44	solubility	regression	solubility	log10(mole_fraction)	log10			"{""assay_family"":""uv_spectra"",""binary_evidence_lane"":""not_binary"",""condition"":{""assay"":""uv_spectra"",""dose"":""not_reported"",""matrix"":""other_methanol_mole_fraction_solv_d6f0c403"",""route"":""not_reported"",""solvent"":""methanol"",""source_dimension"":""mole_fraction"",""species"":""species_not_reported"",""temperature_k"":""318.15"",""timepoint"":""not_reported""},""endpoint_family"":""solubility"",""normalized_unit"":""log10(mole_fraction)"",""parameter_basis"":""mole_fraction"",""parameter_semantics"":""solubility"",""target_kind"":""regression"",""target_transform"":""log10""}"	1	1	0	0	0	1	2	false	false	below_current_per_task_size_gate
mlv1.solubility.regression.solubility.e75eacb1ac033112	solubility	regression	solubility	log10(mole_fraction)	log10			"{""assay_family"":""uv_spectra"",""binary_evidence_lane"":""not_binary"",""condition"":{""assay"":""uv_spectra"",""dose"":""not_reported"",""matrix"":""other_methanol_water_mole_fractio_b47eaed6"",""route"":""not_reported"",""solvent"":""methanol_water"",""source_dimension"":""mole_fraction"",""species"":""species_not_reported"",""temperature_k"":""288.15"",""timepoint"":""not_reported""},""endpoint_family"":""solubility"",""normalized_unit"":""log10(mole_fraction)"",""parameter_basis"":""mole_fraction"",""parameter_semantics"":""solubility"",""target_kind"":""regression"",""target_transform"":""log10""}"	5	0	0	0	0	1	2	false	false	below_current_per_task_size_gate
mlv1.solubility.regression.solubility.e7b244547247dc59	solubility	regression	solubility	log10(molality_mol_kg)	log10			"{""assay_family"":""interpolation_on_a_calibrat_414fa087"",""binary_evidence_lane"":""not_binary"",""condition"":{""assay"":""interpolation_on_a_calibration_surface_414fa087"",""dose"":""not_reported"",""matrix"":""other_sodium_chloride_water_molal_f253f891"",""route"":""not_reported"",""solvent"":""sodium_chloride_water"",""source_dimension"":""molality_mol_kg"",""species"":""species_not_reported"",""temperature_k"":""308.15"",""timepoint"":""not_reported""},""endpoint_family"":""solubility"",""normalized_unit"":""log10(molality_mol_kg)"",""parameter_basis"":""molality_mol_kg"",""parameter_semantics"":""solubility"",""target_kind"":""regression"",""target_transform"":""log10""}"	5	0	0	0	0	1	2	false	false	below_current_per_task_size_gate
mlv1.solubility.regression.solubility.e7f2ebd73774afaf	solubility	regression	solubility	log10(mole_fraction)	log10			"{""assay_family"":""uv_spectra"",""binary_evidence_lane"":""not_binary"",""condition"":{""assay"":""uv_spectra"",""dose"":""not_reported"",""matrix"":""other_methanol_mole_fraction_solv_d6f0c403"",""route"":""not_reported"",""solvent"":""methanol"",""source_dimension"":""mole_fraction"",""species"":""species_not_reported"",""temperature_k"":""333.15"",""timepoint"":""not_reported""},""endpoint_family"":""solubility"",""normalized_unit"":""log10(mole_fraction)"",""parameter_basis"":""mole_fraction"",""parameter_semantics"":""solubility"",""target_kind"":""regression"",""target_transform"":""log10""}"	1	1	0	0	0	1	2	false	false	below_current_per_task_size_gate
mlv1.solubility.regression.solubility.e997612c92e22ae2	solubility	regression	solubility	log10(mole_fraction)	log10			"{""assay_family"":""uv_spectra"",""binary_evidence_lane"":""not_binary"",""condition"":{""assay"":""uv_spectra"",""dose"":""not_reported"",""matrix"":""other_ethanol_mole_fraction_solve_e751e740"",""route"":""not_reported"",""solvent"":""ethanol"",""source_dimension"":""mole_fraction"",""species"":""species_not_reported"",""temperature_k"":""278.15"",""timepoint"":""not_reported""},""endpoint_family"":""solubility"",""normalized_unit"":""log10(mole_fraction)"",""parameter_basis"":""mole_fraction"",""parameter_semantics"":""solubility"",""target_kind"":""regression"",""target_transform"":""log10""}"	1	1	0	0	0	1	2	false	false	below_current_per_task_size_gate
mlv1.solubility.regression.solubility.ea6b36725d78bf8d	solubility	regression	solubility	log10(molality_mol_kg)	log10			"{""assay_family"":""interpolation_on_a_calibrat_414fa087"",""binary_evidence_lane"":""not_binary"",""condition"":{""assay"":""interpolation_on_a_calibration_surface_414fa087"",""dose"":""not_reported"",""matrix"":""other_sodium_chloride_water_molal_f253f891"",""route"":""not_reported"",""solvent"":""sodium_chloride_water"",""source_dimension"":""molality_mol_kg"",""species"":""species_not_reported"",""temperature_k"":""288.15"",""timepoint"":""not_reported""},""endpoint_family"":""solubility"",""normalized_unit"":""log10(molality_mol_kg)"",""parameter_basis"":""molality_mol_kg"",""parameter_semantics"":""solubility"",""target_kind"":""regression"",""target_transform"":""log10""}"	5	0	0	0	0	1	2	false	false	below_current_per_task_size_gate
mlv1.solubility.regression.solubility.ec5f1ed5ee36fe91	solubility	regression	solubility	log10(mole_fraction)	log10			"{""assay_family"":""uv_spectra"",""binary_evidence_lane"":""not_binary"",""condition"":{""assay"":""uv_spectra"",""dose"":""not_reported"",""matrix"":""other_methanol_water_mole_fractio_b47eaed6"",""route"":""not_reported"",""solvent"":""methanol_water"",""source_dimension"":""mole_fraction"",""species"":""species_not_reported"",""temperature_k"":""328.15"",""timepoint"":""not_reported""},""endpoint_family"":""solubility"",""normalized_unit"":""log10(mole_fraction)"",""parameter_basis"":""mole_fraction"",""parameter_semantics"":""solubility"",""target_kind"":""regression"",""target_transform"":""log10""}"	5	0	0	0	0	1	2	false	false	below_current_per_task_size_gate
mlv1.solubility.regression.solubility.ed02ce67be6e3e46	solubility	regression	solubility	log10(mole_fraction)	log10			"{""assay_family"":""uv_spectra"",""binary_evidence_lane"":""not_binary"",""condition"":{""assay"":""uv_spectra"",""dose"":""not_reported"",""matrix"":""other_ethanol_mole_fraction_solve_e751e740"",""route"":""not_reported"",""solvent"":""ethanol"",""source_dimension"":""mole_fraction"",""species"":""species_not_reported"",""temperature_k"":""333.15"",""timepoint"":""not_reported""},""endpoint_family"":""solubility"",""normalized_unit"":""log10(mole_fraction)"",""parameter_basis"":""mole_fraction"",""parameter_semantics"":""solubility"",""target_kind"":""regression"",""target_transform"":""log10""}"	1	1	0	0	0	1	2	false	false	below_current_per_task_size_gate
mlv1.solubility.regression.solubility.f2f4907972d9736e	solubility	regression	solubility	log10(mole_fraction)	log10			"{""assay_family"":""uv_spectra"",""binary_evidence_lane"":""not_binary"",""condition"":{""assay"":""uv_spectra"",""dose"":""not_reported"",""matrix"":""other_methanol_mole_fraction_solv_d6f0c403"",""route"":""not_reported"",""solvent"":""methanol"",""source_dimension"":""mole_fraction"",""species"":""species_not_reported"",""temperature_k"":""278.15"",""timepoint"":""not_reported""},""endpoint_family"":""solubility"",""normalized_unit"":""log10(mole_fraction)"",""parameter_basis"":""mole_fraction"",""parameter_semantics"":""solubility"",""target_kind"":""regression"",""target_transform"":""log10""}"	1	1	0	0	0	1	2	false	false	below_current_per_task_size_gate
mlv1.solubility.regression.solubility.fc0fa04c7e25eef3	solubility	regression	solubility	log10(mass_fraction)	log10			"{""assay_family"":""uv_vis_spectrophotometry"",""binary_evidence_lane"":""not_binary"",""condition"":{""assay"":""uv_vis_spectrophotometry"",""dose"":""not_reported"",""matrix"":""other_water_triethylammonium_dihy_c26241c7"",""route"":""not_reported"",""solvent"":""water_triethylammonium_dihydrogen_phosphate"",""source_dimension"":""mass_fraction"",""species"":""species_not_reported"",""temperature_k"":""298.15"",""timepoint"":""not_reported""},""endpoint_family"":""solubility"",""normalized_unit"":""log10(mass_fraction)"",""parameter_basis"":""mass_fraction"",""parameter_semantics"":""solubility"",""target_kind"":""regression"",""target_transform"":""log10""}"	3	0	0	0	0	1	2	false	false	below_current_per_task_size_gate
mlv1.solubility.regression.solubility.ffbf82bcd4109635	solubility	regression	solubility	log10(mole_fraction)	log10			"{""assay_family"":""uv_spectra"",""binary_evidence_lane"":""not_binary"",""condition"":{""assay"":""uv_spectra"",""dose"":""not_reported"",""matrix"":""other_methanol_water_mole_fractio_b47eaed6"",""route"":""not_reported"",""solvent"":""methanol_water"",""source_dimension"":""mole_fraction"",""species"":""species_not_reported"",""temperature_k"":""318.15"",""timepoint"":""not_reported""},""endpoint_family"":""solubility"",""normalized_unit"":""log10(mole_fraction)"",""parameter_basis"":""mole_fraction"",""parameter_semantics"":""solubility"",""target_kind"":""regression"",""target_transform"":""log10""}"	5	0	0	0	0	1	2	false	false	below_current_per_task_size_gate
mlv1.t1_2.binary_clas_8c2ea6bb.stability_threshold_1h.a990a886042c006f	T1/2	binary_classification	stability_threshold_1h	binary_label	identity	threshold_derived_from_numeric	derived_binary_research	"{""assay_family"":""not_reported"",""binary_evidence_lane"":""derived_binary_research"",""condition"":{""assay"":""not_reported"",""dose"":""not_reported"",""matrix"":""other_half_life_binary_threshold_1h"",""route"":""not_reported"",""species"":""species_not_reported"",""timepoint"":""not_reported""},""endpoint_family"":""T1/2"",""normalized_unit"":""binary_label"",""parameter_basis"":""binary_label"",""parameter_semantics"":""stability_threshold_1h"",""target_kind"":""binary_classification"",""target_transform"":""identity""}"	918	0	0	284	634	918	284	false	true	derived_or_weak_binary_research_benchmark_only
mlv1.t1_2.regression.other_context.00e5c2c2b2c2ceda	T1/2	regression	other_context	log10(h)	log10			"{""assay_family"":""other_context"",""binary_evidence_lane"":""not_binary"",""condition"":{""assay"":""mass_spectrometry"",""matrix"":""other_mutant_mbp_mutant_mbp"",""protease"":""not_applicable"",""route"":""not_applicable"",""species"":""species_not_reported""},""endpoint_family"":""T1/2"",""normalized_unit"":""log10(h)"",""parameter_basis"":""elapsed_time"",""parameter_semantics"":""other_context"",""target_kind"":""regression"",""target_transform"":""log10""}"	10	6	4	0	0	10	1	false	false	below_current_per_task_size_gate
mlv1.t1_2.regression.other_context.05fd8d9365437fb9	T1/2	regression	other_context	log10(h)	log10			"{""assay_family"":""other_context"",""binary_evidence_lane"":""not_binary"",""condition"":{""assay"":""mass_spectrometry"",""matrix"":""other_potassium_phosphate_buffers_1ef748ce"",""protease"":""not_applicable"",""route"":""not_applicable"",""species"":""species_not_reported""},""endpoint_family"":""T1/2"",""normalized_unit"":""log10(h)"",""parameter_basis"":""elapsed_time"",""parameter_semantics"":""other_context"",""target_kind"":""regression"",""target_transform"":""log10""}"	1	0	1	0	0	1	1	false	false	below_current_per_task_size_gate
mlv1.t1_2.regression.other_context.080a0071db777a31	T1/2	regression	other_context	log10(h)	log10			"{""assay_family"":""other_context"",""binary_evidence_lane"":""not_binary"",""condition"":{""assay"":""other_methylene_blue_method"",""matrix"":""other_dilute_apa_solution_dilute_d2051704"",""protease"":""not_applicable"",""route"":""not_applicable"",""species"":""species_not_reported""},""endpoint_family"":""T1/2"",""normalized_unit"":""log10(h)"",""parameter_basis"":""elapsed_time"",""parameter_semantics"":""other_context"",""target_kind"":""regression"",""target_transform"":""log10""}"	5	0	0	0	0	1	1	false	false	below_current_per_task_size_gate
mlv1.t1_2.regression.other_context.08ca64eae437e31c	T1/2	regression	other_context	log10(h)	log10			"{""assay_family"":""other_context"",""binary_evidence_lane"":""not_binary"",""condition"":{""assay"":""lc_ms_ms"",""matrix"":""buffer"",""protease"":""not_applicable"",""route"":""not_applicable"",""species"":""species_not_reported""},""endpoint_family"":""T1/2"",""normalized_unit"":""log10(h)"",""parameter_basis"":""elapsed_time"",""parameter_semantics"":""other_context"",""target_kind"":""regression"",""target_transform"":""log10""}"	10	0	1	0	0	2	2	false	false	below_current_per_task_size_gate
mlv1.t1_2.regression.other_context.0a6be4686f57665e	T1/2	regression	other_context	log10(h)	log10			"{""assay_family"":""other_context"",""binary_evidence_lane"":""not_binary"",""condition"":{""assay"":""hplc"",""matrix"":""other_conjuagte_3_psa_prostate_sp_f3a9ba04"",""protease"":""not_applicable"",""route"":""not_applicable"",""species"":""species_not_reported""},""endpoint_family"":""T1/2"",""normalized_unit"":""log10(h)"",""parameter_basis"":""elapsed_time"",""parameter_semantics"":""other_context"",""target_kind"":""regression"",""target_transform"":""log10""}"	1	0	0	0	0	0	1	false	false	below_current_per_task_size_gate
mlv1.t1_2.regression.other_context.0affba4b38cd9740	T1/2	regression	other_context	log10(h)	log10			"{""assay_family"":""other_context"",""binary_evidence_lane"":""not_binary"",""condition"":{""assay"":""other_zymography"",""matrix"":""other_edta_tris_hcl_0_5_m_nacl_az_7d0a1320"",""protease"":""not_applicable"",""route"":""not_applicable"",""species"":""species_not_reported""},""endpoint_family"":""T1/2"",""normalized_unit"":""log10(h)"",""parameter_basis"":""elapsed_time"",""parameter_semantics"":""other_context"",""target_kind"":""regression"",""target_transform"":""log10""}"	3	0	0	0	0	1	1	false	false	below_current_per_task_size_gate
mlv1.t1_2.regression.other_context.0cb0121f2bc7d101	T1/2	regression	other_context	log10(h)	log10			"{""assay_family"":""other_context"",""binary_evidence_lane"":""not_binary"",""condition"":{""assay"":""lc_ms"",""matrix"":""other_apelin1_apelin1"",""protease"":""not_applicable"",""route"":""not_applicable"",""species"":""species_not_reported""},""endpoint_family"":""T1/2"",""normalized_unit"":""log10(h)"",""parameter_basis"":""elapsed_time"",""parameter_semantics"":""other_context"",""target_kind"":""regression"",""target_transform"":""log10""}"	1	1	0	0	0	1	1	false	false	below_current_per_task_size_gate
mlv1.t1_2.regression.other_context.0d11093408aa219e	T1/2	regression	other_context	log10(h)	log10			"{""assay_family"":""other_context"",""binary_evidence_lane"":""not_binary"",""condition"":{""assay"":""mass_spectrometry"",""matrix"":""buffer"",""protease"":""not_applicable"",""route"":""not_applicable"",""species"":""species_not_reported""},""endpoint_family"":""T1/2"",""normalized_unit"":""log10(h)"",""parameter_basis"":""elapsed_time"",""parameter_semantics"":""other_context"",""target_kind"":""regression"",""target_transform"":""log10""}"	2	0	2	0	0	1	1	false	false	below_current_per_task_size_gate
mlv1.t1_2.regression.other_context.103810c30b5c2cb6	T1/2	regression	other_context	log10(h)	log10			"{""assay_family"":""other_context"",""binary_evidence_lane"":""not_binary"",""condition"":{""assay"":""hplc"",""matrix"":""other_haemolymph_of_m_sexta_haemo_08002019"",""protease"":""not_applicable"",""route"":""not_applicable"",""species"":""species_not_reported""},""endpoint_family"":""T1/2"",""normalized_unit"":""log10(h)"",""parameter_basis"":""elapsed_time"",""parameter_semantics"":""other_context"",""target_kind"":""regression"",""target_transform"":""log10""}"	1	1	0	0	0	1	1	false	false	below_current_per_task_size_gate
mlv1.t1_2.regression.other_context.1057cc9d9628a5bd	T1/2	regression	other_context	log10(h)	log10			"{""assay_family"":""other_context"",""binary_evidence_lane"":""not_binary"",""condition"":{""assay"":""lc_ms_ms"",""matrix"":""liver_microsomes"",""protease"":""not_applicable"",""route"":""not_applicable"",""species"":""human""},""endpoint_family"":""T1/2"",""normalized_unit"":""log10(h)"",""parameter_basis"":""elapsed_time"",""parameter_semantics"":""other_context"",""target_kind"":""regression"",""target_transform"":""log10""}"	1	1	0	0	0	1	1	false	false	below_current_per_task_size_gate
mlv1.t1_2.regression.other_context.130bf2e1eeb763d6	T1/2	regression	other_context	log10(h)	log10			"{""assay_family"":""other_context"",""binary_evidence_lane"":""not_binary"",""condition"":{""assay"":""radioimmunoassay"",""matrix"":""other_hippocampus_tissues_of_brai_aa0a1435"",""protease"":""not_applicable"",""route"":""not_applicable"",""species"":""species_not_reported""},""endpoint_family"":""T1/2"",""normalized_unit"":""log10(h)"",""parameter_basis"":""elapsed_time"",""parameter_semantics"":""other_context"",""target_kind"":""regression"",""target_transform"":""log10""}"	1	1	0	0	0	1	1	false	false	below_current_per_task_size_gate
mlv1.t1_2.regression.other_context.16bcfdf7d449cc78	T1/2	regression	other_context	log10(h)	log10			"{""assay_family"":""other_context"",""binary_evidence_lane"":""not_binary"",""condition"":{""assay"":""assay_not_reported"",""matrix"":""other_none_none"",""protease"":""not_applicable"",""route"":""not_applicable"",""species"":""species_not_reported""},""endpoint_family"":""T1/2"",""normalized_unit"":""log10(h)"",""parameter_basis"":""elapsed_time"",""parameter_semantics"":""other_context"",""target_kind"":""regression"",""target_transform"":""log10""}"	4	0	0	0	0	2	1	false	false	below_current_per_task_size_gate
mlv1.t1_2.regression.other_context.173cfb73bd3e862f	T1/2	regression	other_context	log10(h)	log10			"{""assay_family"":""other_context"",""binary_evidence_lane"":""not_binary"",""condition"":{""assay"":""lc_ms_ms"",""matrix"":""other_human_vitreous_human_vitreous"",""protease"":""not_applicable"",""route"":""not_applicable"",""species"":""human""},""endpoint_family"":""T1/2"",""normalized_unit"":""log10(h)"",""parameter_basis"":""elapsed_time"",""parameter_semantics"":""other_context"",""target_kind"":""regression"",""target_transform"":""log10""}"	2	0	0	0	0	1	1	false	false	below_current_per_task_size_gate
mlv1.t1_2.regression.other_context.1808027a157fa426	T1/2	regression	other_context	log10(h)	log10			"{""assay_family"":""other_context"",""binary_evidence_lane"":""not_binary"",""condition"":{""assay"":""other_lc_hrms"",""matrix"":""other_1_mg_ml_human_sct_protein_1_859e6f3f"",""protease"":""not_applicable"",""route"":""not_applicable"",""species"":""human""},""endpoint_family"":""T1/2"",""normalized_unit"":""log10(h)"",""parameter_basis"":""elapsed_time"",""parameter_semantics"":""other_context"",""target_kind"":""regression"",""target_transform"":""log10""}"	4	1	3	0	0	4	1	false	false	below_current_per_task_size_gate
mlv1.t1_2.regression.other_context.1870e8e23c54d43b	T1/2	regression	other_context	log10(h)	log10			"{""assay_family"":""other_context"",""binary_evidence_lane"":""not_binary"",""condition"":{""assay"":""assay_not_reported"",""matrix"":""other_monkeys_monkeys"",""protease"":""not_applicable"",""route"":""not_applicable"",""species"":""monkey_unspecified""},""endpoint_family"":""T1/2"",""normalized_unit"":""log10(h)"",""parameter_basis"":""elapsed_time"",""parameter_semantics"":""other_context"",""target_kind"":""regression"",""target_transform"":""log10""}"	1	1	0	0	0	1	1	false	false	below_current_per_task_size_gate
mlv1.t1_2.regression.other_context.18c54cae816ec14f	T1/2	regression	other_context	log10(h)	log10			"{""assay_family"":""other_context"",""binary_evidence_lane"":""not_binary"",""condition"":{""assay"":""assay_not_reported"",""matrix"":""other_thxylc_elk_thxylc_elk"",""protease"":""not_applicable"",""route"":""not_applicable"",""species"":""species_not_reported""},""endpoint_family"":""T1/2"",""normalized_unit"":""log10(h)"",""parameter_basis"":""elapsed_time"",""parameter_semantics"":""other_context"",""target_kind"":""regression"",""target_transform"":""log10""}"	1	0	0	0	0	0	1	false	false	below_current_per_task_size_gate
mlv1.t1_2.regression.other_context.191fec2b989f2002	T1/2	regression	other_context	log10(h)	log10			"{""assay_family"":""other_context"",""binary_evidence_lane"":""not_binary"",""condition"":{""assay"":""radioimmunoassay"",""matrix"":""other_posterior_hippucampus_tissu_eb522e58"",""protease"":""not_applicable"",""route"":""not_applicable"",""species"":""species_not_reported""},""endpoint_family"":""T1/2"",""normalized_unit"":""log10(h)"",""parameter_basis"":""elapsed_time"",""parameter_semantics"":""other_context"",""target_kind"":""regression"",""target_transform"":""log10""}"	1	1	0	0	0	1	1	false	false	below_current_per_task_size_gate
mlv1.t1_2.regression.other_context.1c02f11b3007062f	T1/2	regression	other_context	log10(h)	log10			"{""assay_family"":""other_context"",""binary_evidence_lane"":""not_binary"",""condition"":{""assay"":""other_enzyme_activity_assay"",""matrix"":""other_fd_fd"",""protease"":""not_applicable"",""route"":""not_applicable"",""species"":""species_not_reported""},""endpoint_family"":""T1/2"",""normalized_unit"":""log10(h)"",""parameter_basis"":""elapsed_time"",""parameter_semantics"":""other_context"",""target_kind"":""regression"",""target_transform"":""log10""}"	1	1	0	0	0	1	1	false	false	below_current_per_task_size_gate
mlv1.t1_2.regression.other_context.1c572a5a712895ad	T1/2	regression	other_context	log10(h)	log10			"{""assay_family"":""other_context"",""binary_evidence_lane"":""not_binary"",""condition"":{""assay"":""hplc"",""matrix"":""other_human_fibroblasts_human_fibroblasts"",""protease"":""not_applicable"",""route"":""not_applicable"",""species"":""human""},""endpoint_family"":""T1/2"",""normalized_unit"":""log10(h)"",""parameter_basis"":""elapsed_time"",""parameter_semantics"":""other_context"",""target_kind"":""regression"",""target_transform"":""log10""}"	1	1	0	0	0	1	1	false	false	below_current_per_task_size_gate
mlv1.t1_2.regression.other_context.1cec12395a7d2713	T1/2	regression	other_context	log10(h)	log10			"{""assay_family"":""other_context"",""binary_evidence_lane"":""not_binary"",""condition"":{""assay"":""other_antibody_assay"",""matrix"":""other_rat_colon_luminal_flushing_f0b73dda"",""protease"":""not_applicable"",""route"":""not_applicable"",""species"":""rat""},""endpoint_family"":""T1/2"",""normalized_unit"":""log10(h)"",""parameter_basis"":""elapsed_time"",""parameter_semantics"":""other_context"",""target_kind"":""regression"",""target_transform"":""log10""}"	1	1	0	0	0	1	1	false	false	below_current_per_task_size_gate
mlv1.t1_2.regression.other_context.1f11c36f833d6b45	T1/2	regression	other_context	log10(h)	log10			"{""assay_family"":""other_context"",""binary_evidence_lane"":""not_binary"",""condition"":{""assay"":""other_pulse_chase_experiment"",""matrix"":""other_primary_cultures_of_neurons_7c51d06a"",""protease"":""not_applicable"",""route"":""not_applicable"",""species"":""mouse""},""endpoint_family"":""T1/2"",""normalized_unit"":""log10(h)"",""parameter_basis"":""elapsed_time"",""parameter_semantics"":""other_context"",""target_kind"":""regression"",""target_transform"":""log10""}"	1	0	1	0	0	1	1	false	false	below_current_per_task_size_gate
mlv1.t1_2.regression.other_context.1fd63188f845596f	T1/2	regression	other_context	log10(h)	log10			"{""assay_family"":""other_context"",""binary_evidence_lane"":""not_binary"",""condition"":{""assay"":""lc_ms_ms"",""matrix"":""cellular_matrix"",""protease"":""not_applicable"",""route"":""not_applicable"",""species"":""rat""},""endpoint_family"":""T1/2"",""normalized_unit"":""log10(h)"",""parameter_basis"":""elapsed_time"",""parameter_semantics"":""other_context"",""target_kind"":""regression"",""target_transform"":""log10""}"	2	0	0	0	0	1	1	false	false	below_current_per_task_size_gate
mlv1.t1_2.regression.other_context.202a8d3aa4b05a22	T1/2	regression	other_context	log10(h)	log10			"{""assay_family"":""other_context"",""binary_evidence_lane"":""not_binary"",""condition"":{""assay"":""other_surface_plasmon_resonance_spr"",""matrix"":""buffer"",""protease"":""not_applicable"",""route"":""not_applicable"",""species"":""species_not_reported""},""endpoint_family"":""T1/2"",""normalized_unit"":""log10(h)"",""parameter_basis"":""elapsed_time"",""parameter_semantics"":""other_context"",""target_kind"":""regression"",""target_transform"":""log10""}"	7	4	0	0	0	5	1	false	false	below_current_per_task_size_gate
mlv1.t1_2.regression.other_context.20b574f864649fd6	T1/2	regression	other_context	log10(h)	log10			"{""assay_family"":""other_context"",""binary_evidence_lane"":""not_binary"",""condition"":{""assay"":""other_antibody_assay"",""matrix"":""other_rat_ileum_luminal_flushing_27f8f5cd"",""protease"":""not_applicable"",""route"":""not_applicable"",""species"":""rat""},""endpoint_family"":""T1/2"",""normalized_unit"":""log10(h)"",""parameter_basis"":""elapsed_time"",""parameter_semantics"":""other_context"",""target_kind"":""regression"",""target_transform"":""log10""}"	1	1	0	0	0	1	1	false	false	below_current_per_task_size_gate
mlv1.t1_2.regression.other_context.2189cd2984d9464e	T1/2	regression	other_context	log10(h)	log10			"{""assay_family"":""other_context"",""binary_evidence_lane"":""not_binary"",""condition"":{""assay"":""other_lc_hrms"",""matrix"":""other_1_mg_ml_rats_sct_protein_1_4e201cae"",""protease"":""not_applicable"",""route"":""not_applicable"",""species"":""rat""},""endpoint_family"":""T1/2"",""normalized_unit"":""log10(h)"",""parameter_basis"":""elapsed_time"",""parameter_semantics"":""other_context"",""target_kind"":""regression"",""target_transform"":""log10""}"	2	0	2	0	0	1	1	false	false	below_current_per_task_size_gate
mlv1.t1_2.regression.other_context.21b595a6a9bceefb	T1/2	regression	other_context	log10(h)	log10			"{""assay_family"":""other_context"",""binary_evidence_lane"":""not_binary"",""condition"":{""assay"":""radioimmunoassay"",""matrix"":""other_rat_lung_tissues_rat_lung_tissues"",""protease"":""not_applicable"",""route"":""not_applicable"",""species"":""rat""},""endpoint_family"":""T1/2"",""normalized_unit"":""log10(h)"",""parameter_basis"":""elapsed_time"",""parameter_semantics"":""other_context"",""target_kind"":""regression"",""target_transform"":""log10""}"	1	0	0	0	0	0	1	false	false	below_current_per_task_size_gate
mlv1.t1_2.regression.other_context.2e34c93dd1e919cf	T1/2	regression	other_context	log10(h)	log10			"{""assay_family"":""other_context"",""binary_evidence_lane"":""not_binary"",""condition"":{""assay"":""lc_ms_ms"",""matrix"":""liver_microsomes"",""protease"":""not_applicable"",""route"":""not_applicable"",""species"":""dog""},""endpoint_family"":""T1/2"",""normalized_unit"":""log10(h)"",""parameter_basis"":""elapsed_time"",""parameter_semantics"":""other_context"",""target_kind"":""regression"",""target_transform"":""log10""}"	1	1	0	0	0	1	1	false	false	below_current_per_task_size_gate
mlv1.t1_2.regression.other_context.2e6b249344b37c4b	T1/2	regression	other_context	log10(h)	log10			"{""assay_family"":""other_context"",""binary_evidence_lane"":""not_binary"",""condition"":{""assay"":""hplc"",""matrix"":""other_heamolymph_of_aplysia_heamo_7d3c87fc"",""protease"":""not_applicable"",""route"":""not_applicable"",""species"":""species_not_reported""},""endpoint_family"":""T1/2"",""normalized_unit"":""log10(h)"",""parameter_basis"":""elapsed_time"",""parameter_semantics"":""other_context"",""target_kind"":""regression"",""target_transform"":""log10""}"	15	11	0	0	0	13	1	false	false	below_current_per_task_size_gate
mlv1.t1_2.regression.other_context.2f19db37857c1071	T1/2	regression	other_context	log10(h)	log10			"{""assay_family"":""other_context"",""binary_evidence_lane"":""not_binary"",""condition"":{""assay"":""other_cell_based_bioassay"",""matrix"":""other_monkeys_monkeys"",""protease"":""not_applicable"",""route"":""not_applicable"",""species"":""monkey_unspecified""},""endpoint_family"":""T1/2"",""normalized_unit"":""log10(h)"",""parameter_basis"":""elapsed_time"",""parameter_semantics"":""other_context"",""target_kind"":""regression"",""target_transform"":""log10""}"	1	1	0	0	0	1	1	false	false	below_current_per_task_size_gate
mlv1.t1_2.regression.other_context.3226cc3b476516a2	T1/2	regression	other_context	log10(h)	log10			"{""assay_family"":""other_context"",""binary_evidence_lane"":""not_binary"",""condition"":{""assay"":""other_enzyme_activity_assay"",""matrix"":""other_dd_dd"",""protease"":""not_applicable"",""route"":""not_applicable"",""species"":""species_not_reported""},""endpoint_family"":""T1/2"",""normalized_unit"":""log10(h)"",""parameter_basis"":""elapsed_time"",""parameter_semantics"":""other_context"",""target_kind"":""regression"",""target_transform"":""log10""}"	1	1	0	0	0	1	1	false	false	below_current_per_task_size_gate
mlv1.t1_2.regression.other_context.32849650165b4541	T1/2	regression	other_context	log10(h)	log10			"{""assay_family"":""other_context"",""binary_evidence_lane"":""not_binary"",""condition"":{""assay"":""hplc"",""matrix"":""other_svk14_keratinocytes_svk14_k_409dd67e"",""protease"":""not_applicable"",""route"":""not_applicable"",""species"":""species_not_reported""},""endpoint_family"":""T1/2"",""normalized_unit"":""log10(h)"",""parameter_basis"":""elapsed_time"",""parameter_semantics"":""other_context"",""target_kind"":""regression"",""target_transform"":""log10""}"	1	1	0	0	0	1	1	false	false	below_current_per_task_size_gate
mlv1.t1_2.regression.other_context.3402e29f978621d3	T1/2	regression	other_context	log10(h)	log10			"{""assay_family"":""other_context"",""binary_evidence_lane"":""not_binary"",""condition"":{""assay"":""radioactivity"",""matrix"":""other_rat_stomach_luminal_flushin_6dc7d652"",""protease"":""not_applicable"",""route"":""not_applicable"",""species"":""rat""},""endpoint_family"":""T1/2"",""normalized_unit"":""log10(h)"",""parameter_basis"":""elapsed_time"",""parameter_semantics"":""other_context"",""target_kind"":""regression"",""target_transform"":""log10""}"	1	1	0	0	0	1	1	false	false	below_current_per_task_size_gate
mlv1.t1_2.regression.other_context.35145d447e57d2e7	T1/2	regression	other_context	log10(h)	log10			"{""assay_family"":""other_context"",""binary_evidence_lane"":""not_binary"",""condition"":{""assay"":""assay_not_reported"",""matrix"":""other_rat_muscle_slices_rat_muscle_slices"",""protease"":""not_applicable"",""route"":""not_applicable"",""species"":""rat""},""endpoint_family"":""T1/2"",""normalized_unit"":""log10(h)"",""parameter_basis"":""elapsed_time"",""parameter_semantics"":""other_context"",""target_kind"":""regression"",""target_transform"":""log10""}"	6	6	0	0	0	6	1	false	false	below_current_per_task_size_gate
mlv1.t1_2.regression.other_context.38d1426ba8a3f5e0	T1/2	regression	other_context	log10(h)	log10			"{""assay_family"":""other_context"",""binary_evidence_lane"":""not_binary"",""condition"":{""assay"":""hplc"",""matrix"":""other_purified_et_1_protein_sampl_a382db96"",""protease"":""not_applicable"",""route"":""not_applicable"",""species"":""species_not_reported""},""endpoint_family"":""T1/2"",""normalized_unit"":""log10(h)"",""parameter_basis"":""elapsed_time"",""parameter_semantics"":""other_context"",""target_kind"":""regression"",""target_transform"":""log10""}"	7	5	0	0	0	6	1	false	false	below_current_per_task_size_gate
mlv1.t1_2.regression.other_context.399d4ef6c31ed1e8	T1/2	regression	other_context	log10(h)	log10			"{""assay_family"":""other_context"",""binary_evidence_lane"":""not_binary"",""condition"":{""assay"":""other_autoradiography"",""matrix"":""other_fresh_surgically_excised_hu_a7e89d97"",""protease"":""not_applicable"",""route"":""not_applicable"",""species"":""human""},""endpoint_family"":""T1/2"",""normalized_unit"":""log10(h)"",""parameter_basis"":""elapsed_time"",""parameter_semantics"":""other_context"",""target_kind"":""regression"",""target_transform"":""log10""}"	1	1	0	0	0	1	1	false	false	below_current_per_task_size_gate
mlv1.t1_2.regression.other_context.39bfa7606bd69225	T1/2	regression	other_context	log10(h)	log10			"{""assay_family"":""other_context"",""binary_evidence_lane"":""not_binary"",""condition"":{""assay"":""lc_ms"",""matrix"":""other_1m_naoh_1m_naoh"",""protease"":""not_applicable"",""route"":""not_applicable"",""species"":""species_not_reported""},""endpoint_family"":""T1/2"",""normalized_unit"":""log10(h)"",""parameter_basis"":""elapsed_time"",""parameter_semantics"":""other_context"",""target_kind"":""regression"",""target_transform"":""log10""}"	2	0	0	0	0	0	1	false	false	below_current_per_task_size_gate
mlv1.t1_2.regression.other_context.4073a80484f68c47	T1/2	regression	other_context	log10(h)	log10			"{""assay_family"":""other_context"",""binary_evidence_lane"":""not_binary"",""condition"":{""assay"":""lc_ms"",""matrix"":""other_apelin9_apelin9"",""protease"":""not_applicable"",""route"":""not_applicable"",""species"":""species_not_reported""},""endpoint_family"":""T1/2"",""normalized_unit"":""log10(h)"",""parameter_basis"":""elapsed_time"",""parameter_semantics"":""other_context"",""target_kind"":""regression"",""target_transform"":""log10""}"	2	0	1	0	0	1	1	false	false	below_current_per_task_size_gate
mlv1.t1_2.regression.other_context.435142a27c01f2e2	T1/2	regression	other_context	log10(h)	log10			"{""assay_family"":""other_context"",""binary_evidence_lane"":""not_binary"",""condition"":{""assay"":""hplc"",""matrix"":""other_rat_renal_brush_border_memb_e0209a6e"",""protease"":""not_applicable"",""route"":""not_applicable"",""species"":""rat""},""endpoint_family"":""T1/2"",""normalized_unit"":""log10(h)"",""parameter_basis"":""elapsed_time"",""parameter_semantics"":""other_context"",""target_kind"":""regression"",""target_transform"":""log10""}"	2	0	0	0	0	1	1	false	false	below_current_per_task_size_gate
mlv1.t1_2.regression.other_context.441c2db84425ae09	T1/2	regression	other_context	log10(h)	log10			"{""assay_family"":""other_context"",""binary_evidence_lane"":""not_binary"",""condition"":{""assay"":""mass_spectrometry"",""matrix"":""other_potassium_phosphate_buffers_4076c910"",""protease"":""not_applicable"",""route"":""not_applicable"",""species"":""species_not_reported""},""endpoint_family"":""T1/2"",""normalized_unit"":""log10(h)"",""parameter_basis"":""elapsed_time"",""parameter_semantics"":""other_context"",""target_kind"":""regression"",""target_transform"":""log10""}"	1	1	0	0	0	1	1	false	false	below_current_per_task_size_gate
mlv1.t1_2.regression.other_context.441cf0f22d3715a7	T1/2	regression	other_context	log10(h)	log10			"{""assay_family"":""other_context"",""binary_evidence_lane"":""not_binary"",""condition"":{""assay"":""hplc"",""matrix"":""other_midgut_lumen_of_m_sexta_mid_1e378424"",""protease"":""not_applicable"",""route"":""not_applicable"",""species"":""species_not_reported""},""endpoint_family"":""T1/2"",""normalized_unit"":""log10(h)"",""parameter_basis"":""elapsed_time"",""parameter_semantics"":""other_context"",""target_kind"":""regression"",""target_transform"":""log10""}"	2	2	0	0	0	2	1	false	false	below_current_per_task_size_gate
mlv1.t1_2.regression.other_context.445303e0ac4cec92	T1/2	regression	other_context	log10(h)	log10			"{""assay_family"":""other_context"",""binary_evidence_lane"":""not_binary"",""condition"":{""assay"":""other_bca_protein_assay"",""matrix"":""non_brain_homogenate"",""protease"":""not_applicable"",""route"":""not_applicable"",""species"":""mouse""},""endpoint_family"":""T1/2"",""normalized_unit"":""log10(h)"",""parameter_basis"":""elapsed_time"",""parameter_semantics"":""other_context"",""target_kind"":""regression"",""target_transform"":""log10""}"	5	0	0	0	0	1	1	false	false	below_current_per_task_size_gate
mlv1.t1_2.regression.other_context.461212eb8d007285	T1/2	regression	other_context	log10(h)	log10			"{""assay_family"":""other_context"",""binary_evidence_lane"":""not_binary"",""condition"":{""assay"":""radioactivity"",""matrix"":""other_rat_ileum_luminal_flushing_27f8f5cd"",""protease"":""not_applicable"",""route"":""not_applicable"",""species"":""rat""},""endpoint_family"":""T1/2"",""normalized_unit"":""log10(h)"",""parameter_basis"":""elapsed_time"",""parameter_semantics"":""other_context"",""target_kind"":""regression"",""target_transform"":""log10""}"	1	1	0	0	0	1	1	false	false	below_current_per_task_size_gate
mlv1.t1_2.regression.other_context.46a853d38ecb1c98	T1/2	regression	other_context	log10(h)	log10			"{""assay_family"":""other_context"",""binary_evidence_lane"":""not_binary"",""condition"":{""assay"":""other_lc_hrms"",""matrix"":""other_2_mg_ml_rats_sct_protein_2_d8dacd05"",""protease"":""not_applicable"",""route"":""not_applicable"",""species"":""rat""},""endpoint_family"":""T1/2"",""normalized_unit"":""log10(h)"",""parameter_basis"":""elapsed_time"",""parameter_semantics"":""other_context"",""target_kind"":""regression"",""target_transform"":""log10""}"	3	0	2	0	0	1	1	false	false	below_current_per_task_size_gate
mlv1.t1_2.regression.other_context.47730b84034b1659	T1/2	regression	other_context	log10(h)	log10			"{""assay_family"":""other_context"",""binary_evidence_lane"":""not_binary"",""condition"":{""assay"":""other_antibody_assay"",""matrix"":""other_rat_duodenum_luminal_flushi_4a656494"",""protease"":""not_applicable"",""route"":""not_applicable"",""species"":""rat""},""endpoint_family"":""T1/2"",""normalized_unit"":""log10(h)"",""parameter_basis"":""elapsed_time"",""parameter_semantics"":""other_context"",""target_kind"":""regression"",""target_transform"":""log10""}"	1	1	0	0	0	1	1	false	false	below_current_per_task_size_gate
mlv1.t1_2.regression.other_context.4a82268cd9bec8af	T1/2	regression	other_context	log10(h)	log10			"{""assay_family"":""other_context"",""binary_evidence_lane"":""not_binary"",""condition"":{""assay"":""assay_not_reported"",""matrix"":""other_n_a_n_a"",""protease"":""not_applicable"",""route"":""not_applicable"",""species"":""species_not_reported""},""endpoint_family"":""T1/2"",""normalized_unit"":""log10(h)"",""parameter_basis"":""elapsed_time"",""parameter_semantics"":""other_context"",""target_kind"":""regression"",""target_transform"":""log10""}"	39	3	2	0	0	5	14	false	false	below_current_per_task_size_gate
mlv1.t1_2.regression.other_context.4e615d80e6e84f40	T1/2	regression	other_context	log10(h)	log10			"{""assay_family"":""other_context"",""binary_evidence_lane"":""not_binary"",""condition"":{""assay"":""hplc"",""matrix"":""cellular_matrix"",""protease"":""not_applicable"",""route"":""not_applicable"",""species"":""bovine""},""endpoint_family"":""T1/2"",""normalized_unit"":""log10(h)"",""parameter_basis"":""elapsed_time"",""parameter_semantics"":""other_context"",""target_kind"":""regression"",""target_transform"":""log10""}"	4	0	0	0	0	1	1	false	false	below_current_per_task_size_gate
mlv1.t1_2.regression.other_context.5405e8da30a94864	T1/2	regression	other_context	log10(h)	log10			"{""assay_family"":""other_context"",""binary_evidence_lane"":""not_binary"",""condition"":{""assay"":""assay_not_reported"",""matrix"":""buffer"",""protease"":""not_applicable"",""route"":""not_applicable"",""species"":""species_not_reported""},""endpoint_family"":""T1/2"",""normalized_unit"":""log10(h)"",""parameter_basis"":""elapsed_time"",""parameter_semantics"":""other_context"",""target_kind"":""regression"",""target_transform"":""log10""}"	3	0	0	0	0	0	2	false	false	below_current_per_task_size_gate
mlv1.t1_2.regression.other_context.542376285a20352e	T1/2	regression	other_context	log10(h)	log10			"{""assay_family"":""other_context"",""binary_evidence_lane"":""not_binary"",""condition"":{""assay"":""lc_ms"",""matrix"":""other_apelin3_apelin3"",""protease"":""not_applicable"",""route"":""not_applicable"",""species"":""species_not_reported""},""endpoint_family"":""T1/2"",""normalized_unit"":""log10(h)"",""parameter_basis"":""elapsed_time"",""parameter_semantics"":""other_context"",""target_kind"":""regression"",""target_transform"":""log10""}"	2	0	1	0	0	1	1	false	false	below_current_per_task_size_gate
mlv1.t1_2.regression.other_context.5482bf5aea957b96	T1/2	regression	other_context	log10(h)	log10			"{""assay_family"":""other_context"",""binary_evidence_lane"":""not_binary"",""condition"":{""assay"":""hplc"",""matrix"":""other_conjuagte_1_psa_prostate_sp_27254311"",""protease"":""not_applicable"",""route"":""not_applicable"",""species"":""species_not_reported""},""endpoint_family"":""T1/2"",""normalized_unit"":""log10(h)"",""parameter_basis"":""elapsed_time"",""parameter_semantics"":""other_context"",""target_kind"":""regression"",""target_transform"":""log10""}"	1	1	0	0	0	1	1	false	false	below_current_per_task_size_gate
mlv1.t1_2.regression.other_context.568784bd14ce97db	T1/2	regression	other_context	log10(h)	log10			"{""assay_family"":""other_context"",""binary_evidence_lane"":""not_binary"",""condition"":{""assay"":""assay_not_reported"",""matrix"":""other_human_kidney_membrane_extra_8afd96eb"",""protease"":""not_applicable"",""route"":""not_applicable"",""species"":""human""},""endpoint_family"":""T1/2"",""normalized_unit"":""log10(h)"",""parameter_basis"":""elapsed_time"",""parameter_semantics"":""other_context"",""target_kind"":""regression"",""target_transform"":""log10""}"	4	4	0	0	0	4	1	false	false	below_current_per_task_size_gate
mlv1.t1_2.regression.other_context.598396cdee6cad72	T1/2	regression	other_context	log10(h)	log10			"{""assay_family"":""other_context"",""binary_evidence_lane"":""not_binary"",""condition"":{""assay"":""hplc"",""matrix"":""other_c_morosus_hemolymph_c_moros_ac2a5f6f"",""protease"":""not_applicable"",""route"":""not_applicable"",""species"":""species_not_reported""},""endpoint_family"":""T1/2"",""normalized_unit"":""log10(h)"",""parameter_basis"":""elapsed_time"",""parameter_semantics"":""other_context"",""target_kind"":""regression"",""target_transform"":""log10""}"	1	0	0	0	0	0	1	false	false	below_current_per_task_size_gate
mlv1.t1_2.regression.other_context.5c3915586ec11590	T1/2	regression	other_context	log10(h)	log10			"{""assay_family"":""other_context"",""binary_evidence_lane"":""not_binary"",""condition"":{""assay"":""hplc"",""matrix"":""non_brain_homogenate"",""protease"":""not_applicable"",""route"":""not_applicable"",""species"":""pig""},""endpoint_family"":""T1/2"",""normalized_unit"":""log10(h)"",""parameter_basis"":""elapsed_time"",""parameter_semantics"":""other_context"",""target_kind"":""regression"",""target_transform"":""log10""}"	3	1	0	0	0	1	2	false	false	below_current_per_task_size_gate
mlv1.t1_2.regression.other_context.5d1c02063cd20e06	T1/2	regression	other_context	log10(h)	log10			"{""assay_family"":""other_context"",""binary_evidence_lane"":""not_binary"",""condition"":{""assay"":""assay_not_reported"",""matrix"":""other_axenic_d_discoideum_k_ax3_d_123d149f"",""protease"":""not_applicable"",""route"":""not_applicable"",""species"":""species_not_reported""},""endpoint_family"":""T1/2"",""normalized_unit"":""log10(h)"",""parameter_basis"":""elapsed_time"",""parameter_semantics"":""other_context"",""target_kind"":""regression"",""target_transform"":""log10""}"	1	0	0	0	0	0	1	false	false	below_current_per_task_size_gate
mlv1.t1_2.regression.other_context.5dc9b52036f53a67	T1/2	regression	other_context	log10(h)	log10			"{""assay_family"":""other_context"",""binary_evidence_lane"":""not_binary"",""condition"":{""assay"":""other_tca_precipitation"",""matrix"":""other_rat_stomach_luminal_flushin_6dc7d652"",""protease"":""not_applicable"",""route"":""not_applicable"",""species"":""rat""},""endpoint_family"":""T1/2"",""normalized_unit"":""log10(h)"",""parameter_basis"":""elapsed_time"",""parameter_semantics"":""other_context"",""target_kind"":""regression"",""target_transform"":""log10""}"	1	1	0	0	0	1	1	false	false	below_current_per_task_size_gate
mlv1.t1_2.regression.other_context.5e2a83b95c233c75	T1/2	regression	other_context	log10(h)	log10			"{""assay_family"":""other_context"",""binary_evidence_lane"":""not_binary"",""condition"":{""assay"":""hplc"",""matrix"":""other_hypothalamic_membranes_of_m_2233ff99"",""protease"":""not_applicable"",""route"":""not_applicable"",""species"":""rat""},""endpoint_family"":""T1/2"",""normalized_unit"":""log10(h)"",""parameter_basis"":""elapsed_time"",""parameter_semantics"":""other_context"",""target_kind"":""regression"",""target_transform"":""log10""}"	2	2	0	0	0	2	1	false	false	below_current_per_task_size_gate
mlv1.t1_2.regression.other_context.5f3f303b2b73feec	T1/2	regression	other_context	log10(h)	log10			"{""assay_family"":""other_context"",""binary_evidence_lane"":""not_binary"",""condition"":{""assay"":""assay_not_reported"",""matrix"":""other_mammalian_reticulocytes_wit_7089c3d7"",""protease"":""not_applicable"",""route"":""not_applicable"",""species"":""species_not_reported""},""endpoint_family"":""T1/2"",""normalized_unit"":""log10(h)"",""parameter_basis"":""elapsed_time"",""parameter_semantics"":""other_context"",""target_kind"":""regression"",""target_transform"":""log10""}"	1	1	0	0	0	1	1	false	false	below_current_per_task_size_gate
mlv1.t1_2.regression.other_context.63de9865e6a432c1	T1/2	regression	other_context	log10(h)	log10			"{""assay_family"":""other_context"",""binary_evidence_lane"":""not_binary"",""condition"":{""assay"":""radioactivity"",""matrix"":""other_not_reported_not_reported"",""protease"":""not_applicable"",""route"":""not_applicable"",""species"":""species_not_reported""},""endpoint_family"":""T1/2"",""normalized_unit"":""log10(h)"",""parameter_basis"":""elapsed_time"",""parameter_semantics"":""other_context"",""target_kind"":""regression"",""target_transform"":""log10""}"	1	1	0	0	0	1	1	false	false	below_current_per_task_size_gate
mlv1.t1_2.regression.other_context.6ab694cc225d0896	T1/2	regression	other_context	log10(h)	log10			"{""assay_family"":""other_context"",""binary_evidence_lane"":""not_binary"",""condition"":{""assay"":""radioimmunoassay"",""matrix"":""other_brodmann_area_tissues_of_br_714cc5b0"",""protease"":""not_applicable"",""route"":""not_applicable"",""species"":""species_not_reported""},""endpoint_family"":""T1/2"",""normalized_unit"":""log10(h)"",""parameter_basis"":""elapsed_time"",""parameter_semantics"":""other_context"",""target_kind"":""regression"",""target_transform"":""log10""}"	1	1	0	0	0	1	1	false	false	below_current_per_task_size_gate
mlv1.t1_2.regression.other_context.6c251773859bb51b	T1/2	regression	other_context	log10(h)	log10			"{""assay_family"":""other_context"",""binary_evidence_lane"":""not_binary"",""condition"":{""assay"":""hplc"",""matrix"":""cellular_matrix"",""protease"":""not_applicable"",""route"":""not_applicable"",""species"":""species_not_reported""},""endpoint_family"":""T1/2"",""normalized_unit"":""log10(h)"",""parameter_basis"":""elapsed_time"",""parameter_semantics"":""other_context"",""target_kind"":""regression"",""target_transform"":""log10""}"	23	7	7	0	0	16	5	false	false	below_current_per_task_size_gate
mlv1.t1_2.regression.other_context.6db1c58c789083fe	T1/2	regression	other_context	log10(h)	log10			"{""assay_family"":""other_context"",""binary_evidence_lane"":""not_binary"",""condition"":{""assay"":""lc_ms_ms"",""matrix"":""other_cynomolgus_monkeys_hepatocy_4ac9e80b"",""protease"":""not_applicable"",""route"":""not_applicable"",""species"":""cynomolgus_monkey""},""endpoint_family"":""T1/2"",""normalized_unit"":""log10(h)"",""parameter_basis"":""elapsed_time"",""parameter_semantics"":""other_context"",""target_kind"":""regression"",""target_transform"":""log10""}"	1	1	0	0	0	1	1	false	false	below_current_per_task_size_gate
mlv1.t1_2.regression.other_context.6eb6c9144f46bee1	T1/2	regression	other_context	log10(h)	log10			"{""assay_family"":""other_context"",""binary_evidence_lane"":""not_binary"",""condition"":{""assay"":""other_lc_hrms"",""matrix"":""other_1_mg_ml_g_ttingen_minipigs_3626c313"",""protease"":""not_applicable"",""route"":""not_applicable"",""species"":""minipig""},""endpoint_family"":""T1/2"",""normalized_unit"":""log10(h)"",""parameter_basis"":""elapsed_time"",""parameter_semantics"":""other_context"",""target_kind"":""regression"",""target_transform"":""log10""}"	4	0	4	0	0	4	1	false	false	below_current_per_task_size_gate
mlv1.t1_2.regression.other_context.7125b98cb591f9d9	T1/2	regression	other_context	log10(h)	log10			"{""assay_family"":""other_context"",""binary_evidence_lane"":""not_binary"",""condition"":{""assay"":""other_1h_nmr"",""matrix"":""other_equimolar_amounts_of_hf_nu_cc46dbbf"",""protease"":""not_applicable"",""route"":""not_applicable"",""species"":""species_not_reported""},""endpoint_family"":""T1/2"",""normalized_unit"":""log10(h)"",""parameter_basis"":""elapsed_time"",""parameter_semantics"":""other_context"",""target_kind"":""regression"",""target_transform"":""log10""}"	1	1	0	0	0	1	1	false	false	below_current_per_task_size_gate
mlv1.t1_2.regression.other_context.71761336d498d139	T1/2	regression	other_context	log10(h)	log10			"{""assay_family"":""other_context"",""binary_evidence_lane"":""not_binary"",""condition"":{""assay"":""lc_ms"",""matrix"":""other_n_a_n_a"",""protease"":""not_applicable"",""route"":""not_applicable"",""species"":""species_not_reported""},""endpoint_family"":""T1/2"",""normalized_unit"":""log10(h)"",""parameter_basis"":""elapsed_time"",""parameter_semantics"":""other_context"",""target_kind"":""regression"",""target_transform"":""log10""}"	5	5	0	0	0	5	1	false	false	below_current_per_task_size_gate
mlv1.t1_2.regression.other_context.721ac0be0156a435	T1/2	regression	other_context	log10(h)	log10			"{""assay_family"":""other_context"",""binary_evidence_lane"":""not_binary"",""condition"":{""assay"":""radioimmunoassay"",""matrix"":""cellular_matrix"",""protease"":""not_applicable"",""route"":""not_applicable"",""species"":""human""},""endpoint_family"":""T1/2"",""normalized_unit"":""log10(h)"",""parameter_basis"":""elapsed_time"",""parameter_semantics"":""other_context"",""target_kind"":""regression"",""target_transform"":""log10""}"	6	0	0	0	0	1	1	false	false	below_current_per_task_size_gate
mlv1.t1_2.regression.other_context.7298b77659308019	T1/2	regression	other_context	log10(h)	log10			"{""assay_family"":""other_context"",""binary_evidence_lane"":""not_binary"",""condition"":{""assay"":""lc_ms_ms"",""matrix"":""other_human_hepatocytes_lysates_h_f90efa0e"",""protease"":""not_applicable"",""route"":""not_applicable"",""species"":""human""},""endpoint_family"":""T1/2"",""normalized_unit"":""log10(h)"",""parameter_basis"":""elapsed_time"",""parameter_semantics"":""other_context"",""target_kind"":""regression"",""target_transform"":""log10""}"	1	1	0	0	0	1	1	false	false	below_current_per_task_size_gate
mlv1.t1_2.regression.other_context.74620120b37ea9b5	T1/2	regression	other_context	log10(h)	log10			"{""assay_family"":""other_context"",""binary_evidence_lane"":""not_binary"",""condition"":{""assay"":""other_pulse_chase_experiment"",""matrix"":""cellular_matrix"",""protease"":""not_applicable"",""route"":""not_applicable"",""species"":""human""},""endpoint_family"":""T1/2"",""normalized_unit"":""log10(h)"",""parameter_basis"":""elapsed_time"",""parameter_semantics"":""other_context"",""target_kind"":""regression"",""target_transform"":""log10""}"	3	0	0	0	0	1	1	false	false	below_current_per_task_size_gate
mlv1.t1_2.regression.other_context.74e3ed2fcc81465c	T1/2	regression	other_context	log10(h)	log10			"{""assay_family"":""other_context"",""binary_evidence_lane"":""not_binary"",""condition"":{""assay"":""radioimmunoassay"",""matrix"":""cellular_matrix"",""protease"":""not_applicable"",""route"":""not_applicable"",""species"":""rat""},""endpoint_family"":""T1/2"",""normalized_unit"":""log10(h)"",""parameter_basis"":""elapsed_time"",""parameter_semantics"":""other_context"",""target_kind"":""regression"",""target_transform"":""log10""}"	1	1	0	0	0	1	1	false	false	below_current_per_task_size_gate
mlv1.t1_2.regression.other_context.74e815057f0b7c40	T1/2	regression	other_context	log10(h)	log10			"{""assay_family"":""other_context"",""binary_evidence_lane"":""not_binary"",""condition"":{""assay"":""lc_ms_ms"",""matrix"":""non_brain_homogenate"",""protease"":""not_applicable"",""route"":""not_applicable"",""species"":""human""},""endpoint_family"":""T1/2"",""normalized_unit"":""log10(h)"",""parameter_basis"":""elapsed_time"",""parameter_semantics"":""other_context"",""target_kind"":""regression"",""target_transform"":""log10""}"	1	0	0	0	0	0	1	false	false	below_current_per_task_size_gate
mlv1.t1_2.regression.other_context.77928e59635f4046	T1/2	regression	other_context	log10(h)	log10			"{""assay_family"":""other_context"",""binary_evidence_lane"":""not_binary"",""condition"":{""assay"":""other_lc_hrms"",""matrix"":""other_4_mg_ml_rats_sct_protein_4_738c7592"",""protease"":""not_applicable"",""route"":""not_applicable"",""species"":""rat""},""endpoint_family"":""T1/2"",""normalized_unit"":""log10(h)"",""parameter_basis"":""elapsed_time"",""parameter_semantics"":""other_context"",""target_kind"":""regression"",""target_transform"":""log10""}"	3	0	2	0	0	1	1	false	false	below_current_per_task_size_gate
mlv1.t1_2.regression.other_context.7875b44305b53c1c	T1/2	regression	other_context	log10(h)	log10			"{""assay_family"":""other_context"",""binary_evidence_lane"":""not_binary"",""condition"":{""assay"":""other_lc_hrms"",""matrix"":""other_1_mg_ml_sd_rats_sct_protein_5207ca40"",""protease"":""not_applicable"",""route"":""not_applicable"",""species"":""rat""},""endpoint_family"":""T1/2"",""normalized_unit"":""log10(h)"",""parameter_basis"":""elapsed_time"",""parameter_semantics"":""other_context"",""target_kind"":""regression"",""target_transform"":""log10""}"	4	1	3	0	0	4	1	false	false	below_current_per_task_size_gate
mlv1.t1_2.regression.other_context.79b0dbb2eea030fa	T1/2	regression	other_context	log10(h)	log10			"{""assay_family"":""other_context"",""binary_evidence_lane"":""not_binary"",""condition"":{""assay"":""other_western_blotting"",""matrix"":""cellular_matrix"",""protease"":""not_applicable"",""route"":""not_applicable"",""species"":""species_not_reported""},""endpoint_family"":""T1/2"",""normalized_unit"":""log10(h)"",""parameter_basis"":""elapsed_time"",""parameter_semantics"":""other_context"",""target_kind"":""regression"",""target_transform"":""log10""}"	2	0	0	0	0	0	1	false	false	below_current_per_task_size_gate
mlv1.t1_2.regression.other_context.7acf16cada20fcbb	T1/2	regression	other_context	log10(h)	log10			"{""assay_family"":""other_context"",""binary_evidence_lane"":""not_binary"",""condition"":{""assay"":""lc_ms_ms"",""matrix"":""liver_microsomes"",""protease"":""not_applicable"",""route"":""not_applicable"",""species"":""mouse""},""endpoint_family"":""T1/2"",""normalized_unit"":""log10(h)"",""parameter_basis"":""elapsed_time"",""parameter_semantics"":""other_context"",""target_kind"":""regression"",""target_transform"":""log10""}"	1	1	0	0	0	1	1	false	false	below_current_per_task_size_gate
mlv1.t1_2.regression.other_context.7c61231fc6a3c23f	T1/2	regression	other_context	log10(h)	log10			"{""assay_family"":""other_context"",""binary_evidence_lane"":""not_binary"",""condition"":{""assay"":""radioimmunoassay"",""matrix"":""other_human_kidney_membranes_huma_05309635"",""protease"":""not_applicable"",""route"":""not_applicable"",""species"":""human""},""endpoint_family"":""T1/2"",""normalized_unit"":""log10(h)"",""parameter_basis"":""elapsed_time"",""parameter_semantics"":""other_context"",""target_kind"":""regression"",""target_transform"":""log10""}"	2	2	0	0	0	2	1	false	false	below_current_per_task_size_gate
mlv1.t1_2.regression.other_context.83025e13bceeae39	T1/2	regression	other_context	log10(h)	log10			"{""assay_family"":""other_context"",""binary_evidence_lane"":""not_binary"",""condition"":{""assay"":""hplc"",""matrix"":""other_500_1_4l_of_freshly_collect_87efd370"",""protease"":""not_applicable"",""route"":""not_applicable"",""species"":""bovine""},""endpoint_family"":""T1/2"",""normalized_unit"":""log10(h)"",""parameter_basis"":""elapsed_time"",""parameter_semantics"":""other_context"",""target_kind"":""regression"",""target_transform"":""log10""}"	4	0	0	0	0	1	1	false	false	below_current_per_task_size_gate
mlv1.t1_2.regression.other_context.8370ccfebb124a9e	T1/2	regression	other_context	log10(h)	log10			"{""assay_family"":""other_context"",""binary_evidence_lane"":""not_binary"",""condition"":{""assay"":""hplc"",""matrix"":""other_conjuagte_2_psa_prostate_sp_0d979c01"",""protease"":""not_applicable"",""route"":""not_applicable"",""species"":""species_not_reported""},""endpoint_family"":""T1/2"",""normalized_unit"":""log10(h)"",""parameter_basis"":""elapsed_time"",""parameter_semantics"":""other_context"",""target_kind"":""regression"",""target_transform"":""log10""}"	1	1	0	0	0	1	1	false	false	below_current_per_task_size_gate
mlv1.t1_2.regression.other_context.83a0ceb80dd63b24	T1/2	regression	other_context	log10(h)	log10			"{""assay_family"":""other_context"",""binary_evidence_lane"":""not_binary"",""condition"":{""assay"":""mass_spectrometry"",""matrix"":""other_wt_mbp_wt_mbp"",""protease"":""not_applicable"",""route"":""not_applicable"",""species"":""species_not_reported""},""endpoint_family"":""T1/2"",""normalized_unit"":""log10(h)"",""parameter_basis"":""elapsed_time"",""parameter_semantics"":""other_context"",""target_kind"":""regression"",""target_transform"":""log10""}"	10	7	3	0	0	10	1	false	false	below_current_per_task_size_gate
mlv1.t1_2.regression.other_context.891292489a058063	T1/2	regression	other_context	log10(h)	log10			"{""assay_family"":""other_context"",""binary_evidence_lane"":""not_binary"",""condition"":{""assay"":""other_bca_protein_assay"",""matrix"":""other_n_a_n_a"",""protease"":""not_applicable"",""route"":""not_applicable"",""species"":""species_not_reported""},""endpoint_family"":""T1/2"",""normalized_unit"":""log10(h)"",""parameter_basis"":""elapsed_time"",""parameter_semantics"":""other_context"",""target_kind"":""regression"",""target_transform"":""log10""}"	1	1	0	0	0	1	1	false	false	below_current_per_task_size_gate
mlv1.t1_2.regression.other_context.8a97cd7f5ae49d4b	T1/2	regression	other_context	log10(h)	log10			"{""assay_family"":""other_context"",""binary_evidence_lane"":""not_binary"",""condition"":{""assay"":""hplc"",""matrix"":""other_acetic_acid_acetic_acid"",""protease"":""not_applicable"",""route"":""not_applicable"",""species"":""species_not_reported""},""endpoint_family"":""T1/2"",""normalized_unit"":""log10(h)"",""parameter_basis"":""elapsed_time"",""parameter_semantics"":""other_context"",""target_kind"":""regression"",""target_transform"":""log10""}"	1	0	1	0	0	1	1	false	false	below_current_per_task_size_gate
mlv1.t1_2.regression.other_context.8c5c32dc6b28ec1f	T1/2	regression	other_context	log10(h)	log10			"{""assay_family"":""other_context"",""binary_evidence_lane"":""not_binary"",""condition"":{""assay"":""lc_ms"",""matrix"":""other_apelin6_apelin6"",""protease"":""not_applicable"",""route"":""not_applicable"",""species"":""species_not_reported""},""endpoint_family"":""T1/2"",""normalized_unit"":""log10(h)"",""parameter_basis"":""elapsed_time"",""parameter_semantics"":""other_context"",""target_kind"":""regression"",""target_transform"":""log10""}"	2	0	0	0	0	1	1	false	false	below_current_per_task_size_gate
mlv1.t1_2.regression.other_context.8ce9f075ed2d879f	T1/2	regression	other_context	log10(h)	log10			"{""assay_family"":""other_context"",""binary_evidence_lane"":""not_binary"",""condition"":{""assay"":""elisa"",""matrix"":""buffer"",""protease"":""not_applicable"",""route"":""not_applicable"",""species"":""species_not_reported""},""endpoint_family"":""T1/2"",""normalized_unit"":""log10(h)"",""parameter_basis"":""elapsed_time"",""parameter_semantics"":""other_context"",""target_kind"":""regression"",""target_transform"":""log10""}"	4	3	0	0	0	3	2	false	false	below_current_per_task_size_gate
mlv1.t1_2.regression.other_context.8d232a1493f9c235	T1/2	regression	other_context	log10(h)	log10			"{""assay_family"":""other_context"",""binary_evidence_lane"":""not_binary"",""condition"":{""assay"":""hplc"",""matrix"":""buffer"",""protease"":""not_applicable"",""route"":""not_applicable"",""species"":""species_not_reported""},""endpoint_family"":""T1/2"",""normalized_unit"":""log10(h)"",""parameter_basis"":""elapsed_time"",""parameter_semantics"":""other_context"",""target_kind"":""regression"",""target_transform"":""log10""}"	45	6	2	0	0	15	9	false	false	below_current_per_task_size_gate
mlv1.t1_2.regression.other_context.8d75afdb3320f499	T1/2	regression	other_context	log10(h)	log10			"{""assay_family"":""other_context"",""binary_evidence_lane"":""not_binary"",""condition"":{""assay"":""other_enzyme_activity_assay"",""matrix"":""other_fdd_fdd"",""protease"":""not_applicable"",""route"":""not_applicable"",""species"":""species_not_reported""},""endpoint_family"":""T1/2"",""normalized_unit"":""log10(h)"",""parameter_basis"":""elapsed_time"",""parameter_semantics"":""other_context"",""target_kind"":""regression"",""target_transform"":""log10""}"	1	1	0	0	0	1	1	false	false	below_current_per_task_size_gate
mlv1.t1_2.regression.other_context.8e25ca251c3c0c69	T1/2	regression	other_context	log10(h)	log10			"{""assay_family"":""other_context"",""binary_evidence_lane"":""not_binary"",""condition"":{""assay"":""other_enzyme_activity_assay"",""matrix"":""other_ddf_ddf"",""protease"":""not_applicable"",""route"":""not_applicable"",""species"":""species_not_reported""},""endpoint_family"":""T1/2"",""normalized_unit"":""log10(h)"",""parameter_basis"":""elapsed_time"",""parameter_semantics"":""other_context"",""target_kind"":""regression"",""target_transform"":""log10""}"	1	1	0	0	0	1	1	false	false	below_current_per_task_size_gate
mlv1.t1_2.regression.other_context.903a744f299968f7	T1/2	regression	other_context	log10(h)	log10			"{""assay_family"":""other_context"",""binary_evidence_lane"":""not_binary"",""condition"":{""assay"":""hplc"",""matrix"":""other_human_fresh_epidermis_human_8b90de81"",""protease"":""not_applicable"",""route"":""not_applicable"",""species"":""human""},""endpoint_family"":""T1/2"",""normalized_unit"":""log10(h)"",""parameter_basis"":""elapsed_time"",""parameter_semantics"":""other_context"",""target_kind"":""regression"",""target_transform"":""log10""}"	1	1	0	0	0	1	1	false	false	below_current_per_task_size_gate
mlv1.t1_2.regression.other_context.92d7bdf8bcff8cef	T1/2	regression	other_context	log10(h)	log10			"{""assay_family"":""other_context"",""binary_evidence_lane"":""not_binary"",""condition"":{""assay"":""lc_ms"",""matrix"":""other_apelin8_apelin8"",""protease"":""not_applicable"",""route"":""not_applicable"",""species"":""species_not_reported""},""endpoint_family"":""T1/2"",""normalized_unit"":""log10(h)"",""parameter_basis"":""elapsed_time"",""parameter_semantics"":""other_context"",""target_kind"":""regression"",""target_transform"":""log10""}"	2	0	1	0	0	1	1	false	false	below_current_per_task_size_gate
mlv1.t1_2.regression.other_context.93a5b887f4ea230c	T1/2	regression	other_context	log10(h)	log10			"{""assay_family"":""other_context"",""binary_evidence_lane"":""not_binary"",""condition"":{""assay"":""lc_ms_ms"",""matrix"":""liver_microsomes"",""protease"":""not_applicable"",""route"":""not_applicable"",""species"":""cynomolgus_monkey""},""endpoint_family"":""T1/2"",""normalized_unit"":""log10(h)"",""parameter_basis"":""elapsed_time"",""parameter_semantics"":""other_context"",""target_kind"":""regression"",""target_transform"":""log10""}"	1	1	0	0	0	1	1	false	false	below_current_per_task_size_gate
mlv1.t1_2.regression.other_context.970171cacfc1fc34	T1/2	regression	other_context	log10(h)	log10			"{""assay_family"":""other_context"",""binary_evidence_lane"":""not_binary"",""condition"":{""assay"":""hplc"",""matrix"":""other_midgut_tissues_of_m_sexta_m_1a90e099"",""protease"":""not_applicable"",""route"":""not_applicable"",""species"":""species_not_reported""},""endpoint_family"":""T1/2"",""normalized_unit"":""log10(h)"",""parameter_basis"":""elapsed_time"",""parameter_semantics"":""other_context"",""target_kind"":""regression"",""target_transform"":""log10""}"	2	2	0	0	0	2	1	false	false	below_current_per_task_size_gate
mlv1.t1_2.regression.other_context.985bb44b2cfa1c63	T1/2	regression	other_context	log10(h)	log10			"{""assay_family"":""other_context"",""binary_evidence_lane"":""not_binary"",""condition"":{""assay"":""other_enzyme_activity_assay"",""matrix"":""other_fdf_fdf"",""protease"":""not_applicable"",""route"":""not_applicable"",""species"":""species_not_reported""},""endpoint_family"":""T1/2"",""normalized_unit"":""log10(h)"",""parameter_basis"":""elapsed_time"",""parameter_semantics"":""other_context"",""target_kind"":""regression"",""target_transform"":""log10""}"	1	1	0	0	0	1	1	false	false	below_current_per_task_size_gate
mlv1.t1_2.regression.other_context.990306d6da1ff502	T1/2	regression	other_context	log10(h)	log10			"{""assay_family"":""other_context"",""binary_evidence_lane"":""not_binary"",""condition"":{""assay"":""other_antibody_assay"",""matrix"":""other_rat_stomach_luminal_flushin_6dc7d652"",""protease"":""not_applicable"",""route"":""not_applicable"",""species"":""rat""},""endpoint_family"":""T1/2"",""normalized_unit"":""log10(h)"",""parameter_basis"":""elapsed_time"",""parameter_semantics"":""other_context"",""target_kind"":""regression"",""target_transform"":""log10""}"	1	1	0	0	0	1	1	false	false	below_current_per_task_size_gate
mlv1.t1_2.regression.other_context.99408481e0b84a1e	T1/2	regression	other_context	log10(h)	log10			"{""assay_family"":""other_context"",""binary_evidence_lane"":""not_binary"",""condition"":{""assay"":""lc_ms"",""matrix"":""other_ethanol_water_mixture_ethan_510fdf7a"",""protease"":""not_applicable"",""route"":""not_applicable"",""species"":""species_not_reported""},""endpoint_family"":""T1/2"",""normalized_unit"":""log10(h)"",""parameter_basis"":""elapsed_time"",""parameter_semantics"":""other_context"",""target_kind"":""regression"",""target_transform"":""log10""}"	1	0	0	0	0	0	1	false	false	below_current_per_task_size_gate
mlv1.t1_2.regression.other_context.99843d43345df01f	T1/2	regression	other_context	log10(h)	log10			"{""assay_family"":""other_context"",""binary_evidence_lane"":""not_binary"",""condition"":{""assay"":""hplc"",""matrix"":""other_subcutaneously_and_intraven_97c00aef"",""protease"":""not_applicable"",""route"":""not_applicable"",""species"":""mouse""},""endpoint_family"":""T1/2"",""normalized_unit"":""log10(h)"",""parameter_basis"":""elapsed_time"",""parameter_semantics"":""other_context"",""target_kind"":""regression"",""target_transform"":""log10""}"	2	0	0	0	0	0	1	false	false	below_current_per_task_size_gate
mlv1.t1_2.regression.other_context.9a611fb8110a3a76	T1/2	regression	other_context	log10(h)	log10			"{""assay_family"":""other_context"",""binary_evidence_lane"":""not_binary"",""condition"":{""assay"":""assay_not_reported"",""matrix"":""other_intravenously_administratio_b861e52c"",""protease"":""not_applicable"",""route"":""not_applicable"",""species"":""rat""},""endpoint_family"":""T1/2"",""normalized_unit"":""log10(h)"",""parameter_basis"":""elapsed_time"",""parameter_semantics"":""other_context"",""target_kind"":""regression"",""target_transform"":""log10""}"	2	0	0	0	0	1	1	false	false	below_current_per_task_size_gate
mlv1.t1_2.regression.other_context.9ad9d4394bccf2fc	T1/2	regression	other_context	log10(h)	log10			"{""assay_family"":""other_context"",""binary_evidence_lane"":""not_binary"",""condition"":{""assay"":""assay_not_reported"",""matrix"":""other_cel9k_cel9k"",""protease"":""not_applicable"",""route"":""not_applicable"",""species"":""species_not_reported""},""endpoint_family"":""T1/2"",""normalized_unit"":""log10(h)"",""parameter_basis"":""elapsed_time"",""parameter_semantics"":""other_context"",""target_kind"":""regression"",""target_transform"":""log10""}"	1	1	0	0	0	1	1	false	false	below_current_per_task_size_gate
mlv1.t1_2.regression.other_context.9c3add32e1766e19	T1/2	regression	other_context	log10(h)	log10			"{""assay_family"":""other_context"",""binary_evidence_lane"":""not_binary"",""condition"":{""assay"":""other_uplc"",""matrix"":""other_pooled_human_cerebrospinal_26f64b7e"",""protease"":""not_applicable"",""route"":""not_applicable"",""species"":""human""},""endpoint_family"":""T1/2"",""normalized_unit"":""log10(h)"",""parameter_basis"":""elapsed_time"",""parameter_semantics"":""other_context"",""target_kind"":""regression"",""target_transform"":""log10""}"	2	0	2	0	0	1	1	false	false	below_current_per_task_size_gate
mlv1.t1_2.regression.other_context.9ed8994059c06b15	T1/2	regression	other_context	log10(h)	log10			"{""assay_family"":""other_context"",""binary_evidence_lane"":""not_binary"",""condition"":{""assay"":""lc_ms"",""matrix"":""other_apelin7_apelin7"",""protease"":""not_applicable"",""route"":""not_applicable"",""species"":""species_not_reported""},""endpoint_family"":""T1/2"",""normalized_unit"":""log10(h)"",""parameter_basis"":""elapsed_time"",""parameter_semantics"":""other_context"",""target_kind"":""regression"",""target_transform"":""log10""}"	2	0	1	0	0	1	1	false	false	below_current_per_task_size_gate
mlv1.t1_2.regression.other_context.9f81c1a16887cdbd	T1/2	regression	other_context	log10(h)	log10			"{""assay_family"":""other_context"",""binary_evidence_lane"":""not_binary"",""condition"":{""assay"":""hplc"",""matrix"":""non_brain_homogenate"",""protease"":""not_applicable"",""route"":""not_applicable"",""species"":""species_not_reported""},""endpoint_family"":""T1/2"",""normalized_unit"":""log10(h)"",""parameter_basis"":""elapsed_time"",""parameter_semantics"":""other_context"",""target_kind"":""regression"",""target_transform"":""log10""}"	15	2	0	0	0	5	3	false	false	below_current_per_task_size_gate
mlv1.t1_2.regression.other_context.a2bbf9fcda0de873	T1/2	regression	other_context	log10(h)	log10			"{""assay_family"":""other_context"",""binary_evidence_lane"":""not_binary"",""condition"":{""assay"":""other_sec"",""matrix"":""other_n_a_n_a"",""protease"":""not_applicable"",""route"":""not_applicable"",""species"":""species_not_reported""},""endpoint_family"":""T1/2"",""normalized_unit"":""log10(h)"",""parameter_basis"":""elapsed_time"",""parameter_semantics"":""other_context"",""target_kind"":""regression"",""target_transform"":""log10""}"	1	1	0	0	0	1	1	false	false	below_current_per_task_size_gate
mlv1.t1_2.regression.other_context.a3466d1a8f75aa30	T1/2	regression	other_context	log10(h)	log10			"{""assay_family"":""other_context"",""binary_evidence_lane"":""not_binary"",""condition"":{""assay"":""lc_ms_ms"",""matrix"":""other_human_hepatocytes_human_hepatocytes"",""protease"":""not_applicable"",""route"":""not_applicable"",""species"":""human""},""endpoint_family"":""T1/2"",""normalized_unit"":""log10(h)"",""parameter_basis"":""elapsed_time"",""parameter_semantics"":""other_context"",""target_kind"":""regression"",""target_transform"":""log10""}"	1	1	0	0	0	1	1	false	false	below_current_per_task_size_gate
mlv1.t1_2.regression.other_context.a3c666a9248c26ca	T1/2	regression	other_context	log10(h)	log10			"{""assay_family"":""other_context"",""binary_evidence_lane"":""not_binary"",""condition"":{""assay"":""hplc"",""matrix"":""non_brain_homogenate"",""protease"":""not_applicable"",""route"":""not_applicable"",""species"":""rat""},""endpoint_family"":""T1/2"",""normalized_unit"":""log10(h)"",""parameter_basis"":""elapsed_time"",""parameter_semantics"":""other_context"",""target_kind"":""regression"",""target_transform"":""log10""}"	13	0	0	0	0	3	3	false	false	below_current_per_task_size_gate
mlv1.t1_2.regression.other_context.a48c49749f2e94ad	T1/2	regression	other_context	log10(h)	log10			"{""assay_family"":""other_context"",""binary_evidence_lane"":""not_binary"",""condition"":{""assay"":""lc_ms"",""matrix"":""other_apelin2_apelin2"",""protease"":""not_applicable"",""route"":""not_applicable"",""species"":""species_not_reported""},""endpoint_family"":""T1/2"",""normalized_unit"":""log10(h)"",""parameter_basis"":""elapsed_time"",""parameter_semantics"":""other_context"",""target_kind"":""regression"",""target_transform"":""log10""}"	2	0	0	0	0	1	1	false	false	below_current_per_task_size_gate
mlv1.t1_2.regression.other_context.a6337f915b36c417	T1/2	regression	other_context	log10(h)	log10			"{""assay_family"":""other_context"",""binary_evidence_lane"":""not_binary"",""condition"":{""assay"":""hplc"",""matrix"":""other_sheep_nasal_wash_fluid_shee_9b3ff210"",""protease"":""not_applicable"",""route"":""not_applicable"",""species"":""species_not_reported""},""endpoint_family"":""T1/2"",""normalized_unit"":""log10(h)"",""parameter_basis"":""elapsed_time"",""parameter_semantics"":""other_context"",""target_kind"":""regression"",""target_transform"":""log10""}"	2	2	0	0	0	2	1	false	false	below_current_per_task_size_gate
mlv1.t1_2.regression.other_context.a66db5876317c408	T1/2	regression	other_context	log10(h)	log10			"{""assay_family"":""other_context"",""binary_evidence_lane"":""not_binary"",""condition"":{""assay"":""other_enzyme_activity_assay"",""matrix"":""other_ddd_ddd"",""protease"":""not_applicable"",""route"":""not_applicable"",""species"":""species_not_reported""},""endpoint_family"":""T1/2"",""normalized_unit"":""log10(h)"",""parameter_basis"":""elapsed_time"",""parameter_semantics"":""other_context"",""target_kind"":""regression"",""target_transform"":""log10""}"	1	1	0	0	0	1	1	false	false	below_current_per_task_size_gate
mlv1.t1_2.regression.other_context.a67d1c81b0d9cf82	T1/2	regression	other_context	log10(h)	log10			"{""assay_family"":""other_context"",""binary_evidence_lane"":""not_binary"",""condition"":{""assay"":""mass_spectrometry"",""matrix"":""other_intravenous_administration_9d8b15a8"",""protease"":""not_applicable"",""route"":""not_applicable"",""species"":""rat""},""endpoint_family"":""T1/2"",""normalized_unit"":""log10(h)"",""parameter_basis"":""elapsed_time"",""parameter_semantics"":""other_context"",""target_kind"":""regression"",""target_transform"":""log10""}"	6	0	0	0	0	0	1	false	false	below_current_per_task_size_gate
mlv1.t1_2.regression.other_context.aabd7f42f54ae463	T1/2	regression	other_context	log10(h)	log10			"{""assay_family"":""other_context"",""binary_evidence_lane"":""not_binary"",""condition"":{""assay"":""hplc"",""matrix"":""other_na_na"",""protease"":""not_applicable"",""route"":""not_applicable"",""species"":""species_not_reported""},""endpoint_family"":""T1/2"",""normalized_unit"":""log10(h)"",""parameter_basis"":""elapsed_time"",""parameter_semantics"":""other_context"",""target_kind"":""regression"",""target_transform"":""log10""}"	2	2	0	0	0	2	1	false	false	below_current_per_task_size_gate
mlv1.t1_2.regression.other_context.ab051c993a2b3bb4	T1/2	regression	other_context	log10(h)	log10			"{""assay_family"":""other_context"",""binary_evidence_lane"":""not_binary"",""condition"":{""assay"":""other_tca_precipitation"",""matrix"":""other_rat_colon_luminal_flushing_f0b73dda"",""protease"":""not_applicable"",""route"":""not_applicable"",""species"":""rat""},""endpoint_family"":""T1/2"",""normalized_unit"":""log10(h)"",""parameter_basis"":""elapsed_time"",""parameter_semantics"":""other_context"",""target_kind"":""regression"",""target_transform"":""log10""}"	1	1	0	0	0	1	1	false	false	below_current_per_task_size_gate
mlv1.t1_2.regression.other_context.ae98f8645112f447	T1/2	regression	other_context	log10(h)	log10			"{""assay_family"":""other_context"",""binary_evidence_lane"":""not_binary"",""condition"":{""assay"":""hplc"",""matrix"":""other_peptide_sample_has_peptide_2f2bb29a"",""protease"":""not_applicable"",""route"":""not_applicable"",""species"":""species_not_reported""},""endpoint_family"":""T1/2"",""normalized_unit"":""log10(h)"",""parameter_basis"":""elapsed_time"",""parameter_semantics"":""other_context"",""target_kind"":""regression"",""target_transform"":""log10""}"	1	1	0	0	0	1	1	false	false	below_current_per_task_size_gate
mlv1.t1_2.regression.other_context.b18d63e3a0872a87	T1/2	regression	other_context	log10(h)	log10			"{""assay_family"":""other_context"",""binary_evidence_lane"":""not_binary"",""condition"":{""assay"":""hplc"",""matrix"":""non_brain_homogenate"",""protease"":""not_applicable"",""route"":""not_applicable"",""species"":""mouse""},""endpoint_family"":""T1/2"",""normalized_unit"":""log10(h)"",""parameter_basis"":""elapsed_time"",""parameter_semantics"":""other_context"",""target_kind"":""regression"",""target_transform"":""log10""}"	37	2	1	0	0	9	6	false	false	below_current_per_task_size_gate
mlv1.t1_2.regression.other_context.b24bbafcecb79e50	T1/2	regression	other_context	log10(h)	log10			"{""assay_family"":""other_context"",""binary_evidence_lane"":""not_binary"",""condition"":{""assay"":""lc_ms_ms"",""matrix"":""other_cd_1_mouse_hepatocytes_lysa_94b1dd18"",""protease"":""not_applicable"",""route"":""not_applicable"",""species"":""mouse""},""endpoint_family"":""T1/2"",""normalized_unit"":""log10(h)"",""parameter_basis"":""elapsed_time"",""parameter_semantics"":""other_context"",""target_kind"":""regression"",""target_transform"":""log10""}"	1	0	1	0	0	1	1	false	false	below_current_per_task_size_gate
mlv1.t1_2.regression.other_context.b7873b9c69eb2174	T1/2	regression	other_context	log10(h)	log10			"{""assay_family"":""other_context"",""binary_evidence_lane"":""not_binary"",""condition"":{""assay"":""lc_ms_ms"",""matrix"":""other_pbmc_lysate_african_america_14371b53"",""protease"":""not_applicable"",""route"":""not_applicable"",""species"":""species_not_reported""},""endpoint_family"":""T1/2"",""normalized_unit"":""log10(h)"",""parameter_basis"":""elapsed_time"",""parameter_semantics"":""other_context"",""target_kind"":""regression"",""target_transform"":""log10""}"	2	0	0	0	0	1	1	false	false	below_current_per_task_size_gate
mlv1.t1_2.regression.other_context.bae4b95b65d780c4	T1/2	regression	other_context	log10(h)	log10			"{""assay_family"":""other_context"",""binary_evidence_lane"":""not_binary"",""condition"":{""assay"":""elisa"",""matrix"":""other_na_na"",""protease"":""not_applicable"",""route"":""not_applicable"",""species"":""species_not_reported""},""endpoint_family"":""T1/2"",""normalized_unit"":""log10(h)"",""parameter_basis"":""elapsed_time"",""parameter_semantics"":""other_context"",""target_kind"":""regression"",""target_transform"":""log10""}"	7	0	0	0	0	1	1	false	false	below_current_per_task_size_gate
mlv1.t1_2.regression.other_context.bd0e02d7d1517139	T1/2	regression	other_context	log10(h)	log10			"{""assay_family"":""other_context"",""binary_evidence_lane"":""not_binary"",""condition"":{""assay"":""hplc"",""matrix"":""other_water_water"",""protease"":""not_applicable"",""route"":""not_applicable"",""species"":""species_not_reported""},""endpoint_family"":""T1/2"",""normalized_unit"":""log10(h)"",""parameter_basis"":""elapsed_time"",""parameter_semantics"":""other_context"",""target_kind"":""regression"",""target_transform"":""log10""}"	1	1	0	0	0	1	1	false	false	below_current_per_task_size_gate
mlv1.t1_2.regression.other_context.bf188245d3dc9b6f	T1/2	regression	other_context	log10(h)	log10			"{""assay_family"":""other_context"",""binary_evidence_lane"":""not_binary"",""condition"":{""assay"":""other_tca_precipitation"",""matrix"":""other_rat_ileum_luminal_flushing_27f8f5cd"",""protease"":""not_applicable"",""route"":""not_applicable"",""species"":""rat""},""endpoint_family"":""T1/2"",""normalized_unit"":""log10(h)"",""parameter_basis"":""elapsed_time"",""parameter_semantics"":""other_context"",""target_kind"":""regression"",""target_transform"":""log10""}"	1	1	0	0	0	1	1	false	false	below_current_per_task_size_gate
mlv1.t1_2.regression.other_context.bf7ee60206e98891	T1/2	regression	other_context	log10(h)	log10			"{""assay_family"":""other_context"",""binary_evidence_lane"":""not_binary"",""condition"":{""assay"":""hplc"",""matrix"":""other_human_fresh_whole_skin_huma_2bb3371f"",""protease"":""not_applicable"",""route"":""not_applicable"",""species"":""human""},""endpoint_family"":""T1/2"",""normalized_unit"":""log10(h)"",""parameter_basis"":""elapsed_time"",""parameter_semantics"":""other_context"",""target_kind"":""regression"",""target_transform"":""log10""}"	1	1	0	0	0	1	1	false	false	below_current_per_task_size_gate
mlv1.t1_2.regression.other_context.c3ac8a44a6015c75	T1/2	regression	other_context	log10(h)	log10			"{""assay_family"":""other_context"",""binary_evidence_lane"":""not_binary"",""condition"":{""assay"":""other_bd_cytoflex_flow_cytometry"",""matrix"":""cellular_matrix"",""protease"":""not_applicable"",""route"":""not_applicable"",""species"":""species_not_reported""},""endpoint_family"":""T1/2"",""normalized_unit"":""log10(h)"",""parameter_basis"":""elapsed_time"",""parameter_semantics"":""other_context"",""target_kind"":""regression"",""target_transform"":""log10""}"	1	1	0	0	0	1	1	false	false	below_current_per_task_size_gate
mlv1.t1_2.regression.other_context.c6862618910429ca	T1/2	regression	other_context	log10(h)	log10			"{""assay_family"":""other_context"",""binary_evidence_lane"":""not_binary"",""condition"":{""assay"":""other_bradford_assay"",""matrix"":""buffer"",""protease"":""not_applicable"",""route"":""not_applicable"",""species"":""species_not_reported""},""endpoint_family"":""T1/2"",""normalized_unit"":""log10(h)"",""parameter_basis"":""elapsed_time"",""parameter_semantics"":""other_context"",""target_kind"":""regression"",""target_transform"":""log10""}"	1	0	1	0	0	1	1	false	false	below_current_per_task_size_gate
mlv1.t1_2.regression.other_context.c6c0050829ffec0f	T1/2	regression	other_context	log10(h)	log10			"{""assay_family"":""other_context"",""binary_evidence_lane"":""not_binary"",""condition"":{""assay"":""lc_ms_ms"",""matrix"":""other_sd_rats_hepatocytes_lysates_8d05bfeb"",""protease"":""not_applicable"",""route"":""not_applicable"",""species"":""rat""},""endpoint_family"":""T1/2"",""normalized_unit"":""log10(h)"",""parameter_basis"":""elapsed_time"",""parameter_semantics"":""other_context"",""target_kind"":""regression"",""target_transform"":""log10""}"	1	1	0	0	0	1	1	false	false	below_current_per_task_size_gate
mlv1.t1_2.regression.other_context.c6e43bcc8b90ab47	T1/2	regression	other_context	log10(h)	log10			"{""assay_family"":""other_context"",""binary_evidence_lane"":""not_binary"",""condition"":{""assay"":""other_pulse_chase_experiment"",""matrix"":""cellular_matrix"",""protease"":""not_applicable"",""route"":""not_applicable"",""species"":""species_not_reported""},""endpoint_family"":""T1/2"",""normalized_unit"":""log10(h)"",""parameter_basis"":""elapsed_time"",""parameter_semantics"":""other_context"",""target_kind"":""regression"",""target_transform"":""log10""}"	4	3	1	0	0	4	2	false	false	below_current_per_task_size_gate
mlv1.t1_2.regression.other_context.c93620d07d01db51	T1/2	regression	other_context	log10(h)	log10			"{""assay_family"":""other_context"",""binary_evidence_lane"":""not_binary"",""condition"":{""assay"":""lc_ms"",""matrix"":""other_male_beagle_dog_hepatocyte_ed6504da"",""protease"":""not_applicable"",""route"":""not_applicable"",""species"":""dog""},""endpoint_family"":""T1/2"",""normalized_unit"":""log10(h)"",""parameter_basis"":""elapsed_time"",""parameter_semantics"":""other_context"",""target_kind"":""regression"",""target_transform"":""log10""}"	1	0	1	0	0	1	1	false	false	below_current_per_task_size_gate
mlv1.t1_2.regression.other_context.c9c28648b278cc80	T1/2	regression	other_context	log10(h)	log10			"{""assay_family"":""other_context"",""binary_evidence_lane"":""not_binary"",""condition"":{""assay"":""radioactivity"",""matrix"":""other_rat_colon_luminal_flushing_f0b73dda"",""protease"":""not_applicable"",""route"":""not_applicable"",""species"":""rat""},""endpoint_family"":""T1/2"",""normalized_unit"":""log10(h)"",""parameter_basis"":""elapsed_time"",""parameter_semantics"":""other_context"",""target_kind"":""regression"",""target_transform"":""log10""}"	1	1	0	0	0	1	1	false	false	below_current_per_task_size_gate
mlv1.t1_2.regression.other_context.cb00587cd4a23f71	T1/2	regression	other_context	log10(h)	log10			"{""assay_family"":""other_context"",""binary_evidence_lane"":""not_binary"",""condition"":{""assay"":""assay_not_reported"",""matrix"":""other_thxylc_thxylc"",""protease"":""not_applicable"",""route"":""not_applicable"",""species"":""species_not_reported""},""endpoint_family"":""T1/2"",""normalized_unit"":""log10(h)"",""parameter_basis"":""elapsed_time"",""parameter_semantics"":""other_context"",""target_kind"":""regression"",""target_transform"":""log10""}"	1	0	0	0	0	0	1	false	false	below_current_per_task_size_gate
mlv1.t1_2.regression.other_context.cb5cd4eb9002b841	T1/2	regression	other_context	log10(h)	log10			"{""assay_family"":""other_context"",""binary_evidence_lane"":""not_binary"",""condition"":{""assay"":""hplc"",""matrix"":""other_midgut_lumen_midgut_lumen"",""protease"":""not_applicable"",""route"":""not_applicable"",""species"":""species_not_reported""},""endpoint_family"":""T1/2"",""normalized_unit"":""log10(h)"",""parameter_basis"":""elapsed_time"",""parameter_semantics"":""other_context"",""target_kind"":""regression"",""target_transform"":""log10""}"	1	0	0	0	0	0	1	false	false	below_current_per_task_size_gate
mlv1.t1_2.regression.other_context.cd9f5ed1281c562d	T1/2	regression	other_context	log10(h)	log10			"{""assay_family"":""other_context"",""binary_evidence_lane"":""not_binary"",""condition"":{""assay"":""other_100_um_peptide_human_li_b0eceacf"",""matrix"":""liver_microsomes"",""protease"":""not_applicable"",""route"":""not_applicable"",""species"":""human""},""endpoint_family"":""T1/2"",""normalized_unit"":""log10(h)"",""parameter_basis"":""elapsed_time"",""parameter_semantics"":""other_context"",""target_kind"":""regression"",""target_transform"":""log10""}"	12	0	0	0	0	0	1	false	false	below_current_per_task_size_gate
mlv1.t1_2.regression.other_context.ceccbac0251f48ff	T1/2	regression	other_context	log10(h)	log10			"{""assay_family"":""other_context"",""binary_evidence_lane"":""not_binary"",""condition"":{""assay"":""radioactivity"",""matrix"":""other_rat_duodenum_luminal_flushi_4a656494"",""protease"":""not_applicable"",""route"":""not_applicable"",""species"":""rat""},""endpoint_family"":""T1/2"",""normalized_unit"":""log10(h)"",""parameter_basis"":""elapsed_time"",""parameter_semantics"":""other_context"",""target_kind"":""regression"",""target_transform"":""log10""}"	1	1	0	0	0	1	1	false	false	below_current_per_task_size_gate
mlv1.t1_2.regression.other_context.cfc6a7173daa9e9a	T1/2	regression	other_context	log10(h)	log10			"{""assay_family"":""other_context"",""binary_evidence_lane"":""not_binary"",""condition"":{""assay"":""mass_spectrometry"",""matrix"":""other_potassium_phosphate_buffers_31f6e0e7"",""protease"":""not_applicable"",""route"":""not_applicable"",""species"":""species_not_reported""},""endpoint_family"":""T1/2"",""normalized_unit"":""log10(h)"",""parameter_basis"":""elapsed_time"",""parameter_semantics"":""other_context"",""target_kind"":""regression"",""target_transform"":""log10""}"	1	0	1	0	0	1	1	false	false	below_current_per_task_size_gate
mlv1.t1_2.regression.other_context.d391b5fa7c70d90a	T1/2	regression	other_context	log10(h)	log10			"{""assay_family"":""other_context"",""binary_evidence_lane"":""not_binary"",""condition"":{""assay"":""hplc"",""matrix"":""other_human_fresh_dermis_human_fr_b716949c"",""protease"":""not_applicable"",""route"":""not_applicable"",""species"":""human""},""endpoint_family"":""T1/2"",""normalized_unit"":""log10(h)"",""parameter_basis"":""elapsed_time"",""parameter_semantics"":""other_context"",""target_kind"":""regression"",""target_transform"":""log10""}"	1	1	0	0	0	1	1	false	false	below_current_per_task_size_gate
mlv1.t1_2.regression.other_context.d5e991937067154e	T1/2	regression	other_context	log10(h)	log10			"{""assay_family"":""other_context"",""binary_evidence_lane"":""not_binary"",""condition"":{""assay"":""lc_ms"",""matrix"":""other_hplasma_hplasma"",""protease"":""not_applicable"",""route"":""not_applicable"",""species"":""species_not_reported""},""endpoint_family"":""T1/2"",""normalized_unit"":""log10(h)"",""parameter_basis"":""elapsed_time"",""parameter_semantics"":""other_context"",""target_kind"":""regression"",""target_transform"":""log10""}"	7	1	0	0	0	2	1	false	false	below_current_per_task_size_gate
mlv1.t1_2.regression.other_context.d5ef1064e3240604	T1/2	regression	other_context	log10(h)	log10			"{""assay_family"":""other_context"",""binary_evidence_lane"":""not_binary"",""condition"":{""assay"":""other_glo_sensor_transfected_a0ae5f4f"",""matrix"":""other_human_csf_human_csf"",""protease"":""not_applicable"",""route"":""not_applicable"",""species"":""human""},""endpoint_family"":""T1/2"",""normalized_unit"":""log10(h)"",""parameter_basis"":""elapsed_time"",""parameter_semantics"":""other_context"",""target_kind"":""regression"",""target_transform"":""log10""}"	3	3	0	0	0	3	1	false	false	below_current_per_task_size_gate
mlv1.t1_2.regression.other_context.d687e86b6979e46e	T1/2	regression	other_context	log10(h)	log10			"{""assay_family"":""other_context"",""binary_evidence_lane"":""not_binary"",""condition"":{""assay"":""hplc"",""matrix"":""other_rat_rectal_lumen_rat_rectal_lumen"",""protease"":""not_applicable"",""route"":""not_applicable"",""species"":""rat""},""endpoint_family"":""T1/2"",""normalized_unit"":""log10(h)"",""parameter_basis"":""elapsed_time"",""parameter_semantics"":""other_context"",""target_kind"":""regression"",""target_transform"":""log10""}"	2	0	0	0	0	1	1	false	false	below_current_per_task_size_gate
mlv1.t1_2.regression.other_context.d88d737f679e993b	T1/2	regression	other_context	log10(h)	log10			"{""assay_family"":""other_context"",""binary_evidence_lane"":""not_binary"",""condition"":{""assay"":""other_tca_precipitation"",""matrix"":""other_rat_duodenum_luminal_flushi_4a656494"",""protease"":""not_applicable"",""route"":""not_applicable"",""species"":""rat""},""endpoint_family"":""T1/2"",""normalized_unit"":""log10(h)"",""parameter_basis"":""elapsed_time"",""parameter_semantics"":""other_context"",""target_kind"":""regression"",""target_transform"":""log10""}"	1	1	0	0	0	1	1	false	false	below_current_per_task_size_gate
mlv1.t1_2.regression.other_context.da1d2537dadb59f6	T1/2	regression	other_context	log10(h)	log10			"{""assay_family"":""other_context"",""binary_evidence_lane"":""not_binary"",""condition"":{""assay"":""assay_not_reported"",""matrix"":""other_axenic_d_discoideum_k_ax3_d_8ef33724"",""protease"":""not_applicable"",""route"":""not_applicable"",""species"":""species_not_reported""},""endpoint_family"":""T1/2"",""normalized_unit"":""log10(h)"",""parameter_basis"":""elapsed_time"",""parameter_semantics"":""other_context"",""target_kind"":""regression"",""target_transform"":""log10""}"	1	0	0	0	0	0	1	false	false	below_current_per_task_size_gate
mlv1.t1_2.regression.other_context.dbf446ed60afe460	T1/2	regression	other_context	log10(h)	log10			"{""assay_family"":""other_context"",""binary_evidence_lane"":""not_binary"",""condition"":{""assay"":""lc_ms_ms"",""matrix"":""other_beagle_dogs_hepatocytes_lys_513009bc"",""protease"":""not_applicable"",""route"":""not_applicable"",""species"":""dog""},""endpoint_family"":""T1/2"",""normalized_unit"":""log10(h)"",""parameter_basis"":""elapsed_time"",""parameter_semantics"":""other_context"",""target_kind"":""regression"",""target_transform"":""log10""}"	1	1	0	0	0	1	1	false	false	below_current_per_task_size_gate
mlv1.t1_2.regression.other_context.ddfd6c1b80d7b3d4	T1/2	regression	other_context	log10(h)	log10			"{""assay_family"":""other_context"",""binary_evidence_lane"":""not_binary"",""condition"":{""assay"":""elisa"",""matrix"":""other_human_urine_human_urine"",""protease"":""not_applicable"",""route"":""not_applicable"",""species"":""human""},""endpoint_family"":""T1/2"",""normalized_unit"":""log10(h)"",""parameter_basis"":""elapsed_time"",""parameter_semantics"":""other_context"",""target_kind"":""regression"",""target_transform"":""log10""}"	1	1	0	0	0	1	1	false	false	below_current_per_task_size_gate
mlv1.t1_2.regression.other_context.dfb6d61ced78bfa6	T1/2	regression	other_context	log10(h)	log10			"{""assay_family"":""other_context"",""binary_evidence_lane"":""not_binary"",""condition"":{""assay"":""radioimmunoassay"",""matrix"":""other_hippucampus_tissues_of_brai_56f62077"",""protease"":""not_applicable"",""route"":""not_applicable"",""species"":""species_not_reported""},""endpoint_family"":""T1/2"",""normalized_unit"":""log10(h)"",""parameter_basis"":""elapsed_time"",""parameter_semantics"":""other_context"",""target_kind"":""regression"",""target_transform"":""log10""}"	1	1	0	0	0	1	1	false	false	below_current_per_task_size_gate
mlv1.t1_2.regression.other_context.e034075814c67646	T1/2	regression	other_context	log10(h)	log10			"{""assay_family"":""other_context"",""binary_evidence_lane"":""not_binary"",""condition"":{""assay"":""radioimmunoassay"",""matrix"":""other_brodmann_area_tissues_of_br_1cee8d14"",""protease"":""not_applicable"",""route"":""not_applicable"",""species"":""species_not_reported""},""endpoint_family"":""T1/2"",""normalized_unit"":""log10(h)"",""parameter_basis"":""elapsed_time"",""parameter_semantics"":""other_context"",""target_kind"":""regression"",""target_transform"":""log10""}"	2	2	0	0	0	2	1	false	false	below_current_per_task_size_gate
mlv1.t1_2.regression.other_context.e18e4c3b14fe466a	T1/2	regression	other_context	log10(h)	log10			"{""assay_family"":""other_context"",""binary_evidence_lane"":""not_binary"",""condition"":{""assay"":""lc_ms"",""matrix"":""non_brain_homogenate"",""protease"":""not_applicable"",""route"":""not_applicable"",""species"":""species_not_reported""},""endpoint_family"":""T1/2"",""normalized_unit"":""log10(h)"",""parameter_basis"":""elapsed_time"",""parameter_semantics"":""other_context"",""target_kind"":""regression"",""target_transform"":""log10""}"	3	0	1	0	0	1	1	false	false	below_current_per_task_size_gate
mlv1.t1_2.regression.other_context.e32f0414ff495b66	T1/2	regression	other_context	log10(h)	log10			"{""assay_family"":""other_context"",""binary_evidence_lane"":""not_binary"",""condition"":{""assay"":""hplc"",""matrix"":""other_midgut_tissue_midgut_tissue"",""protease"":""not_applicable"",""route"":""not_applicable"",""species"":""species_not_reported""},""endpoint_family"":""T1/2"",""normalized_unit"":""log10(h)"",""parameter_basis"":""elapsed_time"",""parameter_semantics"":""other_context"",""target_kind"":""regression"",""target_transform"":""log10""}"	1	0	0	0	0	0	1	false	false	below_current_per_task_size_gate
mlv1.t1_2.regression.other_context.e37a1756f984b017	T1/2	regression	other_context	log10(h)	log10			"{""assay_family"":""other_context"",""binary_evidence_lane"":""not_binary"",""condition"":{""assay"":""other_sds_page"",""matrix"":""buffer"",""protease"":""not_applicable"",""route"":""not_applicable"",""species"":""species_not_reported""},""endpoint_family"":""T1/2"",""normalized_unit"":""log10(h)"",""parameter_basis"":""elapsed_time"",""parameter_semantics"":""other_context"",""target_kind"":""regression"",""target_transform"":""log10""}"	1	1	0	0	0	1	1	false	false	below_current_per_task_size_gate
mlv1.t1_2.regression.other_context.e55f01cd4e2260a0	T1/2	regression	other_context	log10(h)	log10			"{""assay_family"":""other_context"",""binary_evidence_lane"":""not_binary"",""condition"":{""assay"":""other_mtt"",""matrix"":""cellular_matrix"",""protease"":""not_applicable"",""route"":""not_applicable"",""species"":""species_not_reported""},""endpoint_family"":""T1/2"",""normalized_unit"":""log10(h)"",""parameter_basis"":""elapsed_time"",""parameter_semantics"":""other_context"",""target_kind"":""regression"",""target_transform"":""log10""}"	1	1	0	0	0	1	1	false	false	below_current_per_task_size_gate
mlv1.t1_2.regression.other_context.e6ffae4d40462e87	T1/2	regression	other_context	log10(h)	log10			"{""assay_family"":""other_context"",""binary_evidence_lane"":""not_binary"",""condition"":{""assay"":""radioimmunoassay"",""matrix"":""other_rat_ovary_tissues_rat_ovary_tissues"",""protease"":""not_applicable"",""route"":""not_applicable"",""species"":""rat""},""endpoint_family"":""T1/2"",""normalized_unit"":""log10(h)"",""parameter_basis"":""elapsed_time"",""parameter_semantics"":""other_context"",""target_kind"":""regression"",""target_transform"":""log10""}"	1	0	0	0	0	0	1	false	false	below_current_per_task_size_gate
mlv1.t1_2.regression.other_context.e7eff5644f8a6945	T1/2	regression	other_context	log10(h)	log10			"{""assay_family"":""other_context"",""binary_evidence_lane"":""not_binary"",""condition"":{""assay"":""hplc"",""matrix"":""other_n_a_n_a"",""protease"":""not_applicable"",""route"":""not_applicable"",""species"":""species_not_reported""},""endpoint_family"":""T1/2"",""normalized_unit"":""log10(h)"",""parameter_basis"":""elapsed_time"",""parameter_semantics"":""other_context"",""target_kind"":""regression"",""target_transform"":""log10""}"	4	2	0	0	0	3	2	false	false	below_current_per_task_size_gate
mlv1.t1_2.regression.other_context.e85662f2415e3816	T1/2	regression	other_context	log10(h)	log10			"{""assay_family"":""other_context"",""binary_evidence_lane"":""not_binary"",""condition"":{""assay"":""hplc"",""matrix"":""other_intravenous_injection_to_hu_dfb21ef8"",""protease"":""not_applicable"",""route"":""not_applicable"",""species"":""human""},""endpoint_family"":""T1/2"",""normalized_unit"":""log10(h)"",""parameter_basis"":""elapsed_time"",""parameter_semantics"":""other_context"",""target_kind"":""regression"",""target_transform"":""log10""}"	2	0	0	0	0	0	1	false	false	below_current_per_task_size_gate
mlv1.t1_2.regression.other_context.e9d3ef8c08ce37a9	T1/2	regression	other_context	log10(h)	log10			"{""assay_family"":""other_context"",""binary_evidence_lane"":""not_binary"",""condition"":{""assay"":""assay_not_reported"",""matrix"":""cellular_matrix"",""protease"":""not_applicable"",""route"":""not_applicable"",""species"":""rat""},""endpoint_family"":""T1/2"",""normalized_unit"":""log10(h)"",""parameter_basis"":""elapsed_time"",""parameter_semantics"":""other_context"",""target_kind"":""regression"",""target_transform"":""log10""}"	2	2	0	0	0	2	1	false	false	below_current_per_task_size_gate
mlv1.t1_2.regression.other_context.ea86796f1d0f1b5b	T1/2	regression	other_context	log10(h)	log10			"{""assay_family"":""other_context"",""binary_evidence_lane"":""not_binary"",""condition"":{""assay"":""other_zymography"",""matrix"":""other_n_a_n_a"",""protease"":""not_applicable"",""route"":""not_applicable"",""species"":""species_not_reported""},""endpoint_family"":""T1/2"",""normalized_unit"":""log10(h)"",""parameter_basis"":""elapsed_time"",""parameter_semantics"":""other_context"",""target_kind"":""regression"",""target_transform"":""log10""}"	2	0	0	0	0	0	1	false	false	below_current_per_task_size_gate
mlv1.t1_2.regression.other_context.eb111010b9c215ea	T1/2	regression	other_context	log10(h)	log10			"{""assay_family"":""other_context"",""binary_evidence_lane"":""not_binary"",""condition"":{""assay"":""radioimmunoassay"",""matrix"":""other_posterior_hippucampus_tissu_2ce5eae0"",""protease"":""not_applicable"",""route"":""not_applicable"",""species"":""species_not_reported""},""endpoint_family"":""T1/2"",""normalized_unit"":""log10(h)"",""parameter_basis"":""elapsed_time"",""parameter_semantics"":""other_context"",""target_kind"":""regression"",""target_transform"":""log10""}"	1	1	0	0	0	1	1	false	false	below_current_per_task_size_gate
mlv1.t1_2.regression.other_context.ebcf99fc47792af8	T1/2	regression	other_context	log10(h)	log10			"{""assay_family"":""other_context"",""binary_evidence_lane"":""not_binary"",""condition"":{""assay"":""other_lc_esi_ms"",""matrix"":""non_brain_homogenate"",""protease"":""not_applicable"",""route"":""not_applicable"",""species"":""rat""},""endpoint_family"":""T1/2"",""normalized_unit"":""log10(h)"",""parameter_basis"":""elapsed_time"",""parameter_semantics"":""other_context"",""target_kind"":""regression"",""target_transform"":""log10""}"	2	0	0	0	0	1	1	false	false	below_current_per_task_size_gate
mlv1.t1_2.regression.other_context.f600c655e31b6af1	T1/2	regression	other_context	log10(h)	log10			"{""assay_family"":""other_context"",""binary_evidence_lane"":""not_binary"",""condition"":{""assay"":""other_resorufin_derived_absor_04bd06ab"",""matrix"":""buffer"",""protease"":""not_applicable"",""route"":""not_applicable"",""species"":""species_not_reported""},""endpoint_family"":""T1/2"",""normalized_unit"":""log10(h)"",""parameter_basis"":""elapsed_time"",""parameter_semantics"":""other_context"",""target_kind"":""regression"",""target_transform"":""log10""}"	1	1	0	0	0	1	1	false	false	below_current_per_task_size_gate
mlv1.t1_2.regression.other_context.f76c4934b1b44544	T1/2	regression	other_context	log10(h)	log10			"{""assay_family"":""other_context"",""binary_evidence_lane"":""not_binary"",""condition"":{""assay"":""hplc"",""matrix"":""other_not_reported_not_reported"",""protease"":""not_applicable"",""route"":""not_applicable"",""species"":""species_not_reported""},""endpoint_family"":""T1/2"",""normalized_unit"":""log10(h)"",""parameter_basis"":""elapsed_time"",""parameter_semantics"":""other_context"",""target_kind"":""regression"",""target_transform"":""log10""}"	8	0	0	0	0	0	1	false	false	below_current_per_task_size_gate
mlv1.t1_2.regression.other_context.f94555469f59f24b	T1/2	regression	other_context	log10(h)	log10			"{""assay_family"":""other_context"",""binary_evidence_lane"":""not_binary"",""condition"":{""assay"":""lc_ms"",""matrix"":""other_1m_hcl_1m_hcl"",""protease"":""not_applicable"",""route"":""not_applicable"",""species"":""species_not_reported""},""endpoint_family"":""T1/2"",""normalized_unit"":""log10(h)"",""parameter_basis"":""elapsed_time"",""parameter_semantics"":""other_context"",""target_kind"":""regression"",""target_transform"":""log10""}"	2	0	0	0	0	0	1	false	false	below_current_per_task_size_gate
mlv1.t1_2.regression.other_context.fa2ad71d6b8a67a2	T1/2	regression	other_context	log10(h)	log10			"{""assay_family"":""other_context"",""binary_evidence_lane"":""not_binary"",""condition"":{""assay"":""other_microsomal_stability"",""matrix"":""liver_microsomes"",""protease"":""not_applicable"",""route"":""not_applicable"",""species"":""species_not_reported""},""endpoint_family"":""T1/2"",""normalized_unit"":""log10(h)"",""parameter_basis"":""elapsed_time"",""parameter_semantics"":""other_context"",""target_kind"":""regression"",""target_transform"":""log10""}"	9	6	3	0	0	9	1	false	false	below_current_per_task_size_gate
mlv1.t1_2.regression.other_context.fdd10d42c6b888ea	T1/2	regression	other_context	log10(h)	log10			"{""assay_family"":""other_context"",""binary_evidence_lane"":""not_binary"",""condition"":{""assay"":""lc_ms_ms"",""matrix"":""liver_microsomes"",""protease"":""not_applicable"",""route"":""not_applicable"",""species"":""rat""},""endpoint_family"":""T1/2"",""normalized_unit"":""log10(h)"",""parameter_basis"":""elapsed_time"",""parameter_semantics"":""other_context"",""target_kind"":""regression"",""target_transform"":""log10""}"	1	1	0	0	0	1	1	false	false	below_current_per_task_size_gate
mlv1.t1_2.regression.other_context.fff002e014045380	T1/2	regression	other_context	log10(h)	log10			"{""assay_family"":""other_context"",""binary_evidence_lane"":""not_binary"",""condition"":{""assay"":""hplc"",""matrix"":""other_human_synovial_fluids_human_f9a530b3"",""protease"":""not_applicable"",""route"":""not_applicable"",""species"":""human""},""endpoint_family"":""T1/2"",""normalized_unit"":""log10(h)"",""parameter_basis"":""elapsed_time"",""parameter_semantics"":""other_context"",""target_kind"":""regression"",""target_transform"":""log10""}"	1	1	0	0	0	1	1	false	false	below_current_per_task_size_gate
mlv1.t1_2.regression.plasma_serum_stability.01ccb0bd6b1540d6	T1/2	regression	plasma_serum_stability	log10(h)	log10			"{""assay_family"":""plasma_serum_stability"",""binary_evidence_lane"":""not_binary"",""condition"":{""assay"":""lc_ms_ms"",""matrix"":""plasma"",""protease"":""not_applicable"",""route"":""not_applicable"",""species"":""rat""},""endpoint_family"":""T1/2"",""normalized_unit"":""log10(h)"",""parameter_basis"":""elapsed_time"",""parameter_semantics"":""plasma_serum_stability"",""target_kind"":""regression"",""target_transform"":""log10""}"	51	8	3	0	0	11	9	false	false	below_current_per_task_size_gate
mlv1.t1_2.regression.plasma_serum_stability.0513a7a2b951eb44	T1/2	regression	plasma_serum_stability	log10(h)	log10			"{""assay_family"":""plasma_serum_stability"",""binary_evidence_lane"":""not_binary"",""condition"":{""assay"":""lc_ms"",""matrix"":""plasma"",""protease"":""not_applicable"",""route"":""not_applicable"",""species"":""mouse""},""endpoint_family"":""T1/2"",""normalized_unit"":""log10(h)"",""parameter_basis"":""elapsed_time"",""parameter_semantics"":""plasma_serum_stability"",""target_kind"":""regression"",""target_transform"":""log10""}"	7	3	0	0	0	2	3	false	false	below_current_per_task_size_gate
mlv1.t1_2.regression.plasma_serum_stability.06e2a151efe09b7e	T1/2	regression	plasma_serum_stability	log10(h)	log10			"{""assay_family"":""plasma_serum_stability"",""binary_evidence_lane"":""not_binary"",""condition"":{""assay"":""other_reporter_gene_assay"",""matrix"":""plasma"",""protease"":""not_applicable"",""route"":""not_applicable"",""species"":""human""},""endpoint_family"":""T1/2"",""normalized_unit"":""log10(h)"",""parameter_basis"":""elapsed_time"",""parameter_semantics"":""plasma_serum_stability"",""target_kind"":""regression"",""target_transform"":""log10""}"	3	0	0	0	0	1	1	false	false	below_current_per_task_size_gate
mlv1.t1_2.regression.plasma_serum_stability.06e81e84546aa5ae	T1/2	regression	plasma_serum_stability	log10(h)	log10			"{""assay_family"":""plasma_serum_stability"",""binary_evidence_lane"":""not_binary"",""condition"":{""assay"":""elisa"",""matrix"":""plasma"",""protease"":""not_applicable"",""route"":""not_applicable"",""species"":""mouse""},""endpoint_family"":""T1/2"",""normalized_unit"":""log10(h)"",""parameter_basis"":""elapsed_time"",""parameter_semantics"":""plasma_serum_stability"",""target_kind"":""regression"",""target_transform"":""log10""}"	5	2	3	0	0	4	3	false	false	below_current_per_task_size_gate
mlv1.t1_2.regression.plasma_serum_stability.0c0328ea7c53ed46	T1/2	regression	plasma_serum_stability	log10(h)	log10			"{""assay_family"":""plasma_serum_stability"",""binary_evidence_lane"":""not_binary"",""condition"":{""assay"":""lc_ms_ms"",""matrix"":""plasma"",""protease"":""not_applicable"",""route"":""not_applicable"",""species"":""nonhuman_primate""},""endpoint_family"":""T1/2"",""normalized_unit"":""log10(h)"",""parameter_basis"":""elapsed_time"",""parameter_semantics"":""plasma_serum_stability"",""target_kind"":""regression"",""target_transform"":""log10""}"	1	0	0	0	0	0	1	false	false	below_current_per_task_size_gate
mlv1.t1_2.regression.plasma_serum_stability.0c192e8a53cc7fc7	T1/2	regression	plasma_serum_stability	log10(h)	log10			"{""assay_family"":""plasma_serum_stability"",""binary_evidence_lane"":""not_binary"",""condition"":{""assay"":""elisa"",""matrix"":""plasma"",""protease"":""not_applicable"",""route"":""not_applicable"",""species"":""human""},""endpoint_family"":""T1/2"",""normalized_unit"":""log10(h)"",""parameter_basis"":""elapsed_time"",""parameter_semantics"":""plasma_serum_stability"",""target_kind"":""regression"",""target_transform"":""log10""}"	4	0	3	0	0	3	3	false	false	below_current_per_task_size_gate
mlv1.t1_2.regression.plasma_serum_stability.0f7aee5062d48b63	T1/2	regression	plasma_serum_stability	log10(h)	log10			"{""assay_family"":""plasma_serum_stability"",""binary_evidence_lane"":""not_binary"",""condition"":{""assay"":""hplc"",""matrix"":""plasma"",""protease"":""not_applicable"",""route"":""not_applicable"",""species"":""mouse""},""endpoint_family"":""T1/2"",""normalized_unit"":""log10(h)"",""parameter_basis"":""elapsed_time"",""parameter_semantics"":""plasma_serum_stability"",""target_kind"":""regression"",""target_transform"":""log10""}"	29	6	5	0	0	14	8	false	false	below_current_per_task_size_gate
mlv1.t1_2.regression.plasma_serum_stability.107ca590e7ee932d	T1/2	regression	plasma_serum_stability	log10(h)	log10			"{""assay_family"":""plasma_serum_stability"",""binary_evidence_lane"":""not_binary"",""condition"":{""assay"":""lc_ms"",""matrix"":""plasma"",""protease"":""not_applicable"",""route"":""not_applicable"",""species"":""dog""},""endpoint_family"":""T1/2"",""normalized_unit"":""log10(h)"",""parameter_basis"":""elapsed_time"",""parameter_semantics"":""plasma_serum_stability"",""target_kind"":""regression"",""target_transform"":""log10""}"	1	0	1	0	0	1	1	false	false	below_current_per_task_size_gate
mlv1.t1_2.regression.plasma_serum_stability.153ab515f60d2143	T1/2	regression	plasma_serum_stability	log10(h)	log10			"{""assay_family"":""plasma_serum_stability"",""binary_evidence_lane"":""not_binary"",""condition"":{""assay"":""lc_ms_ms"",""matrix"":""blood"",""protease"":""not_applicable"",""route"":""not_applicable"",""species"":""nonhuman_primate""},""endpoint_family"":""T1/2"",""normalized_unit"":""log10(h)"",""parameter_basis"":""elapsed_time"",""parameter_semantics"":""plasma_serum_stability"",""target_kind"":""regression"",""target_transform"":""log10""}"	1	0	0	0	0	0	1	false	false	below_current_per_task_size_gate
mlv1.t1_2.regression.plasma_serum_stability.1a327c7577157ee9	T1/2	regression	plasma_serum_stability	log10(h)	log10			"{""assay_family"":""plasma_serum_stability"",""binary_evidence_lane"":""not_binary"",""condition"":{""assay"":""other_tlc"",""matrix"":""plasma"",""protease"":""not_applicable"",""route"":""not_applicable"",""species"":""human""},""endpoint_family"":""T1/2"",""normalized_unit"":""log10(h)"",""parameter_basis"":""elapsed_time"",""parameter_semantics"":""plasma_serum_stability"",""target_kind"":""regression"",""target_transform"":""log10""}"	12	0	0	0	0	1	1	false	false	below_current_per_task_size_gate
mlv1.t1_2.regression.plasma_serum_stability.1a5c39a1469f6f7c	T1/2	regression	plasma_serum_stability	log10(h)	log10			"{""assay_family"":""plasma_serum_stability"",""binary_evidence_lane"":""not_binary"",""condition"":{""assay"":""assay_not_reported"",""matrix"":""blood"",""protease"":""not_applicable"",""route"":""not_applicable"",""species"":""human""},""endpoint_family"":""T1/2"",""normalized_unit"":""log10(h)"",""parameter_basis"":""elapsed_time"",""parameter_semantics"":""plasma_serum_stability"",""target_kind"":""regression"",""target_transform"":""log10""}"	4	1	0	0	0	2	2	false	false	below_current_per_task_size_gate
mlv1.t1_2.regression.plasma_serum_stability.1ce456ed6db857b1	T1/2	regression	plasma_serum_stability	log10(h)	log10			"{""assay_family"":""plasma_serum_stability"",""binary_evidence_lane"":""not_binary"",""condition"":{""assay"":""hplc"",""matrix"":""plasma"",""protease"":""not_applicable"",""route"":""not_applicable"",""species"":""rabbit""},""endpoint_family"":""T1/2"",""normalized_unit"":""log10(h)"",""parameter_basis"":""elapsed_time"",""parameter_semantics"":""plasma_serum_stability"",""target_kind"":""regression"",""target_transform"":""log10""}"	3	3	0	0	0	3	1	false	false	below_current_per_task_size_gate
mlv1.t1_2.regression.plasma_serum_stability.1ea38777df07d555	T1/2	regression	plasma_serum_stability	log10(h)	log10			"{""assay_family"":""plasma_serum_stability"",""binary_evidence_lane"":""not_binary"",""condition"":{""assay"":""elisa"",""matrix"":""serum"",""protease"":""not_applicable"",""route"":""not_applicable"",""species"":""mouse""},""endpoint_family"":""T1/2"",""normalized_unit"":""log10(h)"",""parameter_basis"":""elapsed_time"",""parameter_semantics"":""plasma_serum_stability"",""target_kind"":""regression"",""target_transform"":""log10""}"	5	5	0	0	0	5	2	false	false	below_current_per_task_size_gate
mlv1.t1_2.regression.plasma_serum_stability.23ed10cccd3092bb	T1/2	regression	plasma_serum_stability	log10(h)	log10			"{""assay_family"":""plasma_serum_stability"",""binary_evidence_lane"":""not_binary"",""condition"":{""assay"":""mass_spectrometry"",""matrix"":""serum"",""protease"":""not_applicable"",""route"":""not_applicable"",""species"":""rat""},""endpoint_family"":""T1/2"",""normalized_unit"":""log10(h)"",""parameter_basis"":""elapsed_time"",""parameter_semantics"":""plasma_serum_stability"",""target_kind"":""regression"",""target_transform"":""log10""}"	19	3	0	0	0	3	2	false	false	below_current_per_task_size_gate
mlv1.t1_2.regression.plasma_serum_stability.27beed0fe4f31808	T1/2	regression	plasma_serum_stability	log10(h)	log10			"{""assay_family"":""plasma_serum_stability"",""binary_evidence_lane"":""not_binary"",""condition"":{""assay"":""other_lc_ms"",""matrix"":""plasma"",""protease"":""not_applicable"",""route"":""not_applicable"",""species"":""rat""},""endpoint_family"":""T1/2"",""normalized_unit"":""log10(h)"",""parameter_basis"":""elapsed_time"",""parameter_semantics"":""plasma_serum_stability"",""target_kind"":""regression"",""target_transform"":""log10""}"	2	2	0	0	0	2	2	false	false	below_current_per_task_size_gate
mlv1.t1_2.regression.plasma_serum_stability.27d15de63782efc4	T1/2	regression	plasma_serum_stability	log10(h)	log10			"{""assay_family"":""plasma_serum_stability"",""binary_evidence_lane"":""not_binary"",""condition"":{""assay"":""radioactivity"",""matrix"":""blood"",""protease"":""not_applicable"",""route"":""not_applicable"",""species"":""human""},""endpoint_family"":""T1/2"",""normalized_unit"":""log10(h)"",""parameter_basis"":""elapsed_time"",""parameter_semantics"":""plasma_serum_stability"",""target_kind"":""regression"",""target_transform"":""log10""}"	4	0	0	0	0	1	1	false	false	below_current_per_task_size_gate
mlv1.t1_2.regression.plasma_serum_stability.27fa80ca7b1c3800	T1/2	regression	plasma_serum_stability	log10(h)	log10			"{""assay_family"":""plasma_serum_stability"",""binary_evidence_lane"":""not_binary"",""condition"":{""assay"":""hplc"",""matrix"":""plasma"",""protease"":""not_applicable"",""route"":""not_applicable"",""species"":""nonhuman_primate""},""endpoint_family"":""T1/2"",""normalized_unit"":""log10(h)"",""parameter_basis"":""elapsed_time"",""parameter_semantics"":""plasma_serum_stability"",""target_kind"":""regression"",""target_transform"":""log10""}"	2	0	0	0	0	1	1	false	false	below_current_per_task_size_gate
mlv1.t1_2.regression.plasma_serum_stability.2c194f049c9a9369	T1/2	regression	plasma_serum_stability	log10(h)	log10			"{""assay_family"":""plasma_serum_stability"",""binary_evidence_lane"":""not_binary"",""condition"":{""assay"":""elisa"",""matrix"":""plasma"",""protease"":""not_applicable"",""route"":""not_applicable"",""species"":""species_not_reported""},""endpoint_family"":""T1/2"",""normalized_unit"":""log10(h)"",""parameter_basis"":""elapsed_time"",""parameter_semantics"":""plasma_serum_stability"",""target_kind"":""regression"",""target_transform"":""log10""}"	3	0	0	0	0	0	1	false	false	below_current_per_task_size_gate
mlv1.t1_2.regression.plasma_serum_stability.344e4b3df4e1d454	T1/2	regression	plasma_serum_stability	log10(h)	log10			"{""assay_family"":""plasma_serum_stability"",""binary_evidence_lane"":""not_binary"",""condition"":{""assay"":""other_uplc"",""matrix"":""serum"",""protease"":""not_applicable"",""route"":""not_applicable"",""species"":""human""},""endpoint_family"":""T1/2"",""normalized_unit"":""log10(h)"",""parameter_basis"":""elapsed_time"",""parameter_semantics"":""plasma_serum_stability"",""target_kind"":""regression"",""target_transform"":""log10""}"	4	0	0	0	0	0	1	false	false	below_current_per_task_size_gate
mlv1.t1_2.regression.plasma_serum_stability.3dc7cc461bce9d3b	T1/2	regression	plasma_serum_stability	log10(h)	log10			"{""assay_family"":""plasma_serum_stability"",""binary_evidence_lane"":""not_binary"",""condition"":{""assay"":""hplc"",""matrix"":""plasma"",""protease"":""not_applicable"",""route"":""not_applicable"",""species"":""pig""},""endpoint_family"":""T1/2"",""normalized_unit"":""log10(h)"",""parameter_basis"":""elapsed_time"",""parameter_semantics"":""plasma_serum_stability"",""target_kind"":""regression"",""target_transform"":""log10""}"	6	1	0	0	0	2	1	false	false	below_current_per_task_size_gate
mlv1.t1_2.regression.plasma_serum_stability.4003b19ff18d2ff5	T1/2	regression	plasma_serum_stability	log10(h)	log10			"{""assay_family"":""plasma_serum_stability"",""binary_evidence_lane"":""not_binary"",""condition"":{""assay"":""other_lc_hrms"",""matrix"":""plasma"",""protease"":""not_applicable"",""route"":""not_applicable"",""species"":""mouse""},""endpoint_family"":""T1/2"",""normalized_unit"":""log10(h)"",""parameter_basis"":""elapsed_time"",""parameter_semantics"":""plasma_serum_stability"",""target_kind"":""regression"",""target_transform"":""log10""}"	3	3	0	0	0	3	1	false	false	below_current_per_task_size_gate
mlv1.t1_2.regression.plasma_serum_stability.40829c0c964ace3e	T1/2	regression	plasma_serum_stability	log10(h)	log10			"{""assay_family"":""plasma_serum_stability"",""binary_evidence_lane"":""not_binary"",""condition"":{""assay"":""other_ms"",""matrix"":""plasma"",""protease"":""not_applicable"",""route"":""not_applicable"",""species"":""human""},""endpoint_family"":""T1/2"",""normalized_unit"":""log10(h)"",""parameter_basis"":""elapsed_time"",""parameter_semantics"":""plasma_serum_stability"",""target_kind"":""regression"",""target_transform"":""log10""}"	2	0	0	0	0	0	1	false	false	below_current_per_task_size_gate
mlv1.t1_2.regression.plasma_serum_stability.447155a44ccd6166	T1/2	regression	plasma_serum_stability	log10(h)	log10			"{""assay_family"":""plasma_serum_stability"",""binary_evidence_lane"":""not_binary"",""condition"":{""assay"":""assay_not_reported"",""matrix"":""blood"",""protease"":""not_applicable"",""route"":""not_applicable"",""species"":""mouse""},""endpoint_family"":""T1/2"",""normalized_unit"":""log10(h)"",""parameter_basis"":""elapsed_time"",""parameter_semantics"":""plasma_serum_stability"",""target_kind"":""regression"",""target_transform"":""log10""}"	3	3	0	0	0	3	2	false	false	below_current_per_task_size_gate
mlv1.t1_2.regression.plasma_serum_stability.45bc69ee6e3dc687	T1/2	regression	plasma_serum_stability	log10(h)	log10			"{""assay_family"":""plasma_serum_stability"",""binary_evidence_lane"":""not_binary"",""condition"":{""assay"":""mass_spectrometry"",""matrix"":""plasma"",""protease"":""not_applicable"",""route"":""not_applicable"",""species"":""cynomolgus_monkey""},""endpoint_family"":""T1/2"",""normalized_unit"":""log10(h)"",""parameter_basis"":""elapsed_time"",""parameter_semantics"":""plasma_serum_stability"",""target_kind"":""regression"",""target_transform"":""log10""}"	1	1	0	0	0	1	1	false	false	below_current_per_task_size_gate
mlv1.t1_2.regression.plasma_serum_stability.4dbc994f74638450	T1/2	regression	plasma_serum_stability	log10(h)	log10			"{""assay_family"":""plasma_serum_stability"",""binary_evidence_lane"":""not_binary"",""condition"":{""assay"":""other_antibody_competition_assay"",""matrix"":""plasma"",""protease"":""not_applicable"",""route"":""not_applicable"",""species"":""human""},""endpoint_family"":""T1/2"",""normalized_unit"":""log10(h)"",""parameter_basis"":""elapsed_time"",""parameter_semantics"":""plasma_serum_stability"",""target_kind"":""regression"",""target_transform"":""log10""}"	1	1	0	0	0	1	1	false	false	below_current_per_task_size_gate
mlv1.t1_2.regression.plasma_serum_stability.5530973c1db3693d	T1/2	regression	plasma_serum_stability	log10(h)	log10			"{""assay_family"":""plasma_serum_stability"",""binary_evidence_lane"":""not_binary"",""condition"":{""assay"":""hplc"",""matrix"":""serum"",""protease"":""not_applicable"",""route"":""not_applicable"",""species"":""bovine""},""endpoint_family"":""T1/2"",""normalized_unit"":""log10(h)"",""parameter_basis"":""elapsed_time"",""parameter_semantics"":""plasma_serum_stability"",""target_kind"":""regression"",""target_transform"":""log10""}"	5	1	0	0	0	2	2	false	false	below_current_per_task_size_gate
mlv1.t1_2.regression.plasma_serum_stability.55d42149b8e20750	T1/2	regression	plasma_serum_stability	log10(h)	log10			"{""assay_family"":""plasma_serum_stability"",""binary_evidence_lane"":""not_binary"",""condition"":{""assay"":""lc_ms_ms"",""matrix"":""blood"",""protease"":""not_applicable"",""route"":""not_applicable"",""species"":""mouse""},""endpoint_family"":""T1/2"",""normalized_unit"":""log10(h)"",""parameter_basis"":""elapsed_time"",""parameter_semantics"":""plasma_serum_stability"",""target_kind"":""regression"",""target_transform"":""log10""}"	1	0	0	0	0	0	1	false	false	below_current_per_task_size_gate
mlv1.t1_2.regression.plasma_serum_stability.5679848ff73da5d2	T1/2	regression	plasma_serum_stability	log10(h)	log10			"{""assay_family"":""plasma_serum_stability"",""binary_evidence_lane"":""not_binary"",""condition"":{""assay"":""lc_ms_ms"",""matrix"":""plasma"",""protease"":""not_applicable"",""route"":""not_applicable"",""species"":""cynomolgus_monkey""},""endpoint_family"":""T1/2"",""normalized_unit"":""log10(h)"",""parameter_basis"":""elapsed_time"",""parameter_semantics"":""plasma_serum_stability"",""target_kind"":""regression"",""target_transform"":""log10""}"	1	1	0	0	0	1	1	false	false	below_current_per_task_size_gate
mlv1.t1_2.regression.plasma_serum_stability.5854a9185b5cb517	T1/2	regression	plasma_serum_stability	log10(h)	log10			"{""assay_family"":""plasma_serum_stability"",""binary_evidence_lane"":""not_binary"",""condition"":{""assay"":""hplc"",""matrix"":""blood"",""protease"":""not_applicable"",""route"":""not_applicable"",""species"":""species_not_reported""},""endpoint_family"":""T1/2"",""normalized_unit"":""log10(h)"",""parameter_basis"":""elapsed_time"",""parameter_semantics"":""plasma_serum_stability"",""target_kind"":""regression"",""target_transform"":""log10""}"	1	1	0	0	0	1	1	false	false	below_current_per_task_size_gate
mlv1.t1_2.regression.plasma_serum_stability.5e3b7e7d9f53550b	T1/2	regression	plasma_serum_stability	log10(h)	log10			"{""assay_family"":""plasma_serum_stability"",""binary_evidence_lane"":""not_binary"",""condition"":{""assay"":""hplc"",""matrix"":""serum"",""protease"":""not_applicable"",""route"":""not_applicable"",""species"":""monkey_unspecified""},""endpoint_family"":""T1/2"",""normalized_unit"":""log10(h)"",""parameter_basis"":""elapsed_time"",""parameter_semantics"":""plasma_serum_stability"",""target_kind"":""regression"",""target_transform"":""log10""}"	16	16	0	0	0	16	2	false	false	below_current_per_task_size_gate
mlv1.t1_2.regression.plasma_serum_stability.60643cbfecc98e61	T1/2	regression	plasma_serum_stability	log10(h)	log10			"{""assay_family"":""plasma_serum_stability"",""binary_evidence_lane"":""not_binary"",""condition"":{""assay"":""other_spectrophotometry"",""matrix"":""plasma"",""protease"":""not_applicable"",""route"":""not_applicable"",""species"":""rat""},""endpoint_family"":""T1/2"",""normalized_unit"":""log10(h)"",""parameter_basis"":""elapsed_time"",""parameter_semantics"":""plasma_serum_stability"",""target_kind"":""regression"",""target_transform"":""log10""}"	7	7	0	0	0	7	1	false	false	below_current_per_task_size_gate
mlv1.t1_2.regression.plasma_serum_stability.60f88f5e4fecd44e	T1/2	regression	plasma_serum_stability	log10(h)	log10			"{""assay_family"":""plasma_serum_stability"",""binary_evidence_lane"":""not_binary"",""condition"":{""assay"":""mass_spectrometry"",""matrix"":""serum"",""protease"":""not_applicable"",""route"":""not_applicable"",""species"":""mouse""},""endpoint_family"":""T1/2"",""normalized_unit"":""log10(h)"",""parameter_basis"":""elapsed_time"",""parameter_semantics"":""plasma_serum_stability"",""target_kind"":""regression"",""target_transform"":""log10""}"	1	1	0	0	0	1	2	false	false	below_current_per_task_size_gate
mlv1.t1_2.regression.plasma_serum_stability.6d999639129c1772	T1/2	regression	plasma_serum_stability	log10(h)	log10			"{""assay_family"":""plasma_serum_stability"",""binary_evidence_lane"":""not_binary"",""condition"":{""assay"":""lc_ms"",""matrix"":""plasma"",""protease"":""not_applicable"",""route"":""not_applicable"",""species"":""human""},""endpoint_family"":""T1/2"",""normalized_unit"":""log10(h)"",""parameter_basis"":""elapsed_time"",""parameter_semantics"":""plasma_serum_stability"",""target_kind"":""regression"",""target_transform"":""log10""}"	10	3	3	0	0	6	3	false	false	below_current_per_task_size_gate
mlv1.t1_2.regression.plasma_serum_stability.6fec66f6cc143138	T1/2	regression	plasma_serum_stability	log10(h)	log10			"{""assay_family"":""plasma_serum_stability"",""binary_evidence_lane"":""not_binary"",""condition"":{""assay"":""mass_spectrometry"",""matrix"":""serum"",""protease"":""not_applicable"",""route"":""not_applicable"",""species"":""human""},""endpoint_family"":""T1/2"",""normalized_unit"":""log10(h)"",""parameter_basis"":""elapsed_time"",""parameter_semantics"":""plasma_serum_stability"",""target_kind"":""regression"",""target_transform"":""log10""}"	3	1	0	0	0	1	2	false	false	below_current_per_task_size_gate
mlv1.t1_2.regression.plasma_serum_stability.7246222f4822ca59	T1/2	regression	plasma_serum_stability	log10(h)	log10			"{""assay_family"":""plasma_serum_stability"",""binary_evidence_lane"":""not_binary"",""condition"":{""assay"":""radioimmunoassay"",""matrix"":""plasma"",""protease"":""not_applicable"",""route"":""not_applicable"",""species"":""rat""},""endpoint_family"":""T1/2"",""normalized_unit"":""log10(h)"",""parameter_basis"":""elapsed_time"",""parameter_semantics"":""plasma_serum_stability"",""target_kind"":""regression"",""target_transform"":""log10""}"	1	1	0	0	0	1	1	false	false	below_current_per_task_size_gate
mlv1.t1_2.regression.plasma_serum_stability.741670b4d2530f62	T1/2	regression	plasma_serum_stability	log10(h)	log10			"{""assay_family"":""plasma_serum_stability"",""binary_evidence_lane"":""not_binary"",""condition"":{""assay"":""other_ms"",""matrix"":""plasma"",""protease"":""not_applicable"",""route"":""not_applicable"",""species"":""species_not_reported""},""endpoint_family"":""T1/2"",""normalized_unit"":""log10(h)"",""parameter_basis"":""elapsed_time"",""parameter_semantics"":""plasma_serum_stability"",""target_kind"":""regression"",""target_transform"":""log10""}"	4	0	0	0	0	0	1	false	false	below_current_per_task_size_gate
mlv1.t1_2.regression.plasma_serum_stability.753cd9c3fa61bd5c	T1/2	regression	plasma_serum_stability	log10(h)	log10			"{""assay_family"":""plasma_serum_stability"",""binary_evidence_lane"":""not_binary"",""condition"":{""assay"":""other_1h_nmr"",""matrix"":""plasma"",""protease"":""not_applicable"",""route"":""not_applicable"",""species"":""human""},""endpoint_family"":""T1/2"",""normalized_unit"":""log10(h)"",""parameter_basis"":""elapsed_time"",""parameter_semantics"":""plasma_serum_stability"",""target_kind"":""regression"",""target_transform"":""log10""}"	1	1	0	0	0	1	1	false	false	below_current_per_task_size_gate
mlv1.t1_2.regression.plasma_serum_stability.7543223453c8f016	T1/2	regression	plasma_serum_stability	log10(h)	log10			"{""assay_family"":""plasma_serum_stability"",""binary_evidence_lane"":""not_binary"",""condition"":{""assay"":""mass_spectrometry"",""matrix"":""plasma"",""protease"":""not_applicable"",""route"":""not_applicable"",""species"":""human""},""endpoint_family"":""T1/2"",""normalized_unit"":""log10(h)"",""parameter_basis"":""elapsed_time"",""parameter_semantics"":""plasma_serum_stability"",""target_kind"":""regression"",""target_transform"":""log10""}"	8	3	0	0	0	5	2	false	false	below_current_per_task_size_gate
mlv1.t1_2.regression.plasma_serum_stability.7b95c4c47626a50b	T1/2	regression	plasma_serum_stability	log10(h)	log10			"{""assay_family"":""plasma_serum_stability"",""binary_evidence_lane"":""not_binary"",""condition"":{""assay"":""elisa"",""matrix"":""serum"",""protease"":""not_applicable"",""route"":""not_applicable"",""species"":""rat""},""endpoint_family"":""T1/2"",""normalized_unit"":""log10(h)"",""parameter_basis"":""elapsed_time"",""parameter_semantics"":""plasma_serum_stability"",""target_kind"":""regression"",""target_transform"":""log10""}"	4	0	0	0	0	2	1	false	false	below_current_per_task_size_gate
mlv1.t1_2.regression.plasma_serum_stability.7d22a7b4ea773501	T1/2	regression	plasma_serum_stability	log10(h)	log10			"{""assay_family"":""plasma_serum_stability"",""binary_evidence_lane"":""not_binary"",""condition"":{""assay"":""hplc"",""matrix"":""serum"",""protease"":""not_applicable"",""route"":""not_applicable"",""species"":""rat""},""endpoint_family"":""T1/2"",""normalized_unit"":""log10(h)"",""parameter_basis"":""elapsed_time"",""parameter_semantics"":""plasma_serum_stability"",""target_kind"":""regression"",""target_transform"":""log10""}"	6	2	0	0	0	3	2	false	false	below_current_per_task_size_gate
mlv1.t1_2.regression.plasma_serum_stability.824cf6ab557db5ba	T1/2	regression	plasma_serum_stability	log10(h)	log10			"{""assay_family"":""plasma_serum_stability"",""binary_evidence_lane"":""not_binary"",""condition"":{""assay"":""lc_ms_ms"",""matrix"":""blood"",""protease"":""not_applicable"",""route"":""not_applicable"",""species"":""rat""},""endpoint_family"":""T1/2"",""normalized_unit"":""log10(h)"",""parameter_basis"":""elapsed_time"",""parameter_semantics"":""plasma_serum_stability"",""target_kind"":""regression"",""target_transform"":""log10""}"	1	0	0	0	0	0	1	false	false	below_current_per_task_size_gate
mlv1.t1_2.regression.plasma_serum_stability.831d3c489b438b7a	T1/2	regression	plasma_serum_stability	log10(h)	log10			"{""assay_family"":""plasma_serum_stability"",""binary_evidence_lane"":""not_binary"",""condition"":{""assay"":""uplc_ms"",""matrix"":""serum"",""protease"":""not_applicable"",""route"":""not_applicable"",""species"":""human""},""endpoint_family"":""T1/2"",""normalized_unit"":""log10(h)"",""parameter_basis"":""elapsed_time"",""parameter_semantics"":""plasma_serum_stability"",""target_kind"":""regression"",""target_transform"":""log10""}"	3	3	0	0	0	3	1	false	false	below_current_per_task_size_gate
mlv1.t1_2.regression.plasma_serum_stability.860a777be380b40b	T1/2	regression	plasma_serum_stability	log10(h)	log10			"{""assay_family"":""plasma_serum_stability"",""binary_evidence_lane"":""not_binary"",""condition"":{""assay"":""uplc_ms"",""matrix"":""plasma"",""protease"":""not_applicable"",""route"":""not_applicable"",""species"":""rat""},""endpoint_family"":""T1/2"",""normalized_unit"":""log10(h)"",""parameter_basis"":""elapsed_time"",""parameter_semantics"":""plasma_serum_stability"",""target_kind"":""regression"",""target_transform"":""log10""}"	30	4	0	0	0	5	2	false	false	below_current_per_task_size_gate
mlv1.t1_2.regression.plasma_serum_stability.863b732d65703e52	T1/2	regression	plasma_serum_stability	log10(h)	log10			"{""assay_family"":""plasma_serum_stability"",""binary_evidence_lane"":""not_binary"",""condition"":{""assay"":""elisa"",""matrix"":""serum"",""protease"":""not_applicable"",""route"":""not_applicable"",""species"":""human""},""endpoint_family"":""T1/2"",""normalized_unit"":""log10(h)"",""parameter_basis"":""elapsed_time"",""parameter_semantics"":""plasma_serum_stability"",""target_kind"":""regression"",""target_transform"":""log10""}"	4	3	1	0	0	4	3	false	false	below_current_per_task_size_gate
mlv1.t1_2.regression.plasma_serum_stability.86ae9323cbc75f7b	T1/2	regression	plasma_serum_stability	log10(h)	log10			"{""assay_family"":""plasma_serum_stability"",""binary_evidence_lane"":""not_binary"",""condition"":{""assay"":""assay_not_reported"",""matrix"":""plasma"",""protease"":""not_applicable"",""route"":""not_applicable"",""species"":""human""},""endpoint_family"":""T1/2"",""normalized_unit"":""log10(h)"",""parameter_basis"":""elapsed_time"",""parameter_semantics"":""plasma_serum_stability"",""target_kind"":""regression"",""target_transform"":""log10""}"	6	4	1	0	0	5	4	false	false	below_current_per_task_size_gate
mlv1.t1_2.regression.plasma_serum_stability.8b2e415d2cbf8c1d	T1/2	regression	plasma_serum_stability	log10(h)	log10			"{""assay_family"":""plasma_serum_stability"",""binary_evidence_lane"":""not_binary"",""condition"":{""assay"":""other_functional_stability_assay"",""matrix"":""plasma"",""protease"":""not_applicable"",""route"":""not_applicable"",""species"":""human""},""endpoint_family"":""T1/2"",""normalized_unit"":""log10(h)"",""parameter_basis"":""elapsed_time"",""parameter_semantics"":""plasma_serum_stability"",""target_kind"":""regression"",""target_transform"":""log10""}"	5	3	0	0	0	4	1	false	false	below_current_per_task_size_gate
mlv1.t1_2.regression.plasma_serum_stability.8b38e5bc82e2cd59	T1/2	regression	plasma_serum_stability	log10(h)	log10			"{""assay_family"":""plasma_serum_stability"",""binary_evidence_lane"":""not_binary"",""condition"":{""assay"":""hplc"",""matrix"":""blood"",""protease"":""not_applicable"",""route"":""not_applicable"",""species"":""rat""},""endpoint_family"":""T1/2"",""normalized_unit"":""log10(h)"",""parameter_basis"":""elapsed_time"",""parameter_semantics"":""plasma_serum_stability"",""target_kind"":""regression"",""target_transform"":""log10""}"	3	0	2	0	0	1	1	false	false	below_current_per_task_size_gate
mlv1.t1_2.regression.plasma_serum_stability.8e13e9ff5fd2c559	T1/2	regression	plasma_serum_stability	log10(h)	log10			"{""assay_family"":""plasma_serum_stability"",""binary_evidence_lane"":""not_binary"",""condition"":{""assay"":""hplc"",""matrix"":""plasma"",""protease"":""not_applicable"",""route"":""not_applicable"",""species"":""human""},""endpoint_family"":""T1/2"",""normalized_unit"":""log10(h)"",""parameter_basis"":""elapsed_time"",""parameter_semantics"":""plasma_serum_stability"",""target_kind"":""regression"",""target_transform"":""log10""}"	82	27	8	0	0	39	23	false	false	below_current_per_task_size_gate
mlv1.t1_2.regression.plasma_serum_stability.8e2ca5eff8567fef	T1/2	regression	plasma_serum_stability	log10(h)	log10			"{""assay_family"":""plasma_serum_stability"",""binary_evidence_lane"":""not_binary"",""condition"":{""assay"":""elisa"",""matrix"":""plasma"",""protease"":""not_applicable"",""route"":""not_applicable"",""species"":""rat""},""endpoint_family"":""T1/2"",""normalized_unit"":""log10(h)"",""parameter_basis"":""elapsed_time"",""parameter_semantics"":""plasma_serum_stability"",""target_kind"":""regression"",""target_transform"":""log10""}"	2	2	0	0	0	2	1	false	false	below_current_per_task_size_gate
mlv1.t1_2.regression.plasma_serum_stability.8fd0bfc715bfe649	T1/2	regression	plasma_serum_stability	log10(h)	log10			"{""assay_family"":""plasma_serum_stability"",""binary_evidence_lane"":""not_binary"",""condition"":{""assay"":""hplc"",""matrix"":""plasma"",""protease"":""not_applicable"",""route"":""not_applicable"",""species"":""species_not_reported""},""endpoint_family"":""T1/2"",""normalized_unit"":""log10(h)"",""parameter_basis"":""elapsed_time"",""parameter_semantics"":""plasma_serum_stability"",""target_kind"":""regression"",""target_transform"":""log10""}"	2	1	1	0	0	2	2	false	false	below_current_per_task_size_gate
mlv1.t1_2.regression.plasma_serum_stability.90dd685c7cab2ddd	T1/2	regression	plasma_serum_stability	log10(h)	log10			"{""assay_family"":""plasma_serum_stability"",""binary_evidence_lane"":""not_binary"",""condition"":{""assay"":""lc_ms"",""matrix"":""plasma"",""protease"":""not_applicable"",""route"":""not_applicable"",""species"":""minipig""},""endpoint_family"":""T1/2"",""normalized_unit"":""log10(h)"",""parameter_basis"":""elapsed_time"",""parameter_semantics"":""plasma_serum_stability"",""target_kind"":""regression"",""target_transform"":""log10""}"	16	7	0	0	0	8	2	false	false	below_current_per_task_size_gate
mlv1.t1_2.regression.plasma_serum_stability.9849994e9d8e4aff	T1/2	regression	plasma_serum_stability	log10(h)	log10			"{""assay_family"":""plasma_serum_stability"",""binary_evidence_lane"":""not_binary"",""condition"":{""assay"":""mass_spectrometry"",""matrix"":""plasma"",""protease"":""not_applicable"",""route"":""not_applicable"",""species"":""rat""},""endpoint_family"":""T1/2"",""normalized_unit"":""log10(h)"",""parameter_basis"":""elapsed_time"",""parameter_semantics"":""plasma_serum_stability"",""target_kind"":""regression"",""target_transform"":""log10""}"	1	1	0	0	0	1	1	false	false	below_current_per_task_size_gate
mlv1.t1_2.regression.plasma_serum_stability.a25db9e779320455	T1/2	regression	plasma_serum_stability	log10(h)	log10			"{""assay_family"":""plasma_serum_stability"",""binary_evidence_lane"":""not_binary"",""condition"":{""assay"":""hplc"",""matrix"":""plasma"",""protease"":""not_applicable"",""route"":""not_applicable"",""species"":""rhesus_monkey""},""endpoint_family"":""T1/2"",""normalized_unit"":""log10(h)"",""parameter_basis"":""elapsed_time"",""parameter_semantics"":""plasma_serum_stability"",""target_kind"":""regression"",""target_transform"":""log10""}"	1	0	1	0	0	1	1	false	false	below_current_per_task_size_gate
mlv1.t1_2.regression.plasma_serum_stability.a3e96e697b2e48be	T1/2	regression	plasma_serum_stability	log10(h)	log10			"{""assay_family"":""plasma_serum_stability"",""binary_evidence_lane"":""not_binary"",""condition"":{""assay"":""other_esi_ms"",""matrix"":""serum"",""protease"":""not_applicable"",""route"":""not_applicable"",""species"":""species_not_reported""},""endpoint_family"":""T1/2"",""normalized_unit"":""log10(h)"",""parameter_basis"":""elapsed_time"",""parameter_semantics"":""plasma_serum_stability"",""target_kind"":""regression"",""target_transform"":""log10""}"	2	0	1	0	0	1	1	false	false	below_current_per_task_size_gate
mlv1.t1_2.regression.plasma_serum_stability.a595c1178c113a07	T1/2	regression	plasma_serum_stability	log10(h)	log10			"{""assay_family"":""plasma_serum_stability"",""binary_evidence_lane"":""not_binary"",""condition"":{""assay"":""lc_ms_ms"",""matrix"":""plasma"",""protease"":""not_applicable"",""route"":""not_applicable"",""species"":""human""},""endpoint_family"":""T1/2"",""normalized_unit"":""log10(h)"",""parameter_basis"":""elapsed_time"",""parameter_semantics"":""plasma_serum_stability"",""target_kind"":""regression"",""target_transform"":""log10""}"	9	3	2	0	0	5	7	false	false	below_current_per_task_size_gate
mlv1.t1_2.regression.plasma_serum_stability.a603de6d454fa0c7	T1/2	regression	plasma_serum_stability	log10(h)	log10			"{""assay_family"":""plasma_serum_stability"",""binary_evidence_lane"":""not_binary"",""condition"":{""assay"":""radioimmunoassay"",""matrix"":""serum"",""protease"":""not_applicable"",""route"":""not_applicable"",""species"":""species_not_reported""},""endpoint_family"":""T1/2"",""normalized_unit"":""log10(h)"",""parameter_basis"":""elapsed_time"",""parameter_semantics"":""plasma_serum_stability"",""target_kind"":""regression"",""target_transform"":""log10""}"	10	0	0	0	0	1	1	false	false	below_current_per_task_size_gate
mlv1.t1_2.regression.plasma_serum_stability.a65074daa324a76e	T1/2	regression	plasma_serum_stability	log10(h)	log10			"{""assay_family"":""plasma_serum_stability"",""binary_evidence_lane"":""not_binary"",""condition"":{""assay"":""assay_not_reported"",""matrix"":""blood"",""protease"":""not_applicable"",""route"":""not_applicable"",""species"":""species_not_reported""},""endpoint_family"":""T1/2"",""normalized_unit"":""log10(h)"",""parameter_basis"":""elapsed_time"",""parameter_semantics"":""plasma_serum_stability"",""target_kind"":""regression"",""target_transform"":""log10""}"	7	1	0	0	0	3	1	false	false	below_current_per_task_size_gate
mlv1.t1_2.regression.plasma_serum_stability.a733eb08f7c734cb	T1/2	regression	plasma_serum_stability	log10(h)	log10			"{""assay_family"":""plasma_serum_stability"",""binary_evidence_lane"":""not_binary"",""condition"":{""assay"":""radioimmunoassay"",""matrix"":""plasma"",""protease"":""not_applicable"",""route"":""not_applicable"",""species"":""species_not_reported""},""endpoint_family"":""T1/2"",""normalized_unit"":""log10(h)"",""parameter_basis"":""elapsed_time"",""parameter_semantics"":""plasma_serum_stability"",""target_kind"":""regression"",""target_transform"":""log10""}"	3	0	0	0	0	1	1	false	false	below_current_per_task_size_gate
mlv1.t1_2.regression.plasma_serum_stability.a7e2a583ea2b8409	T1/2	regression	plasma_serum_stability	log10(h)	log10			"{""assay_family"":""plasma_serum_stability"",""binary_evidence_lane"":""not_binary"",""condition"":{""assay"":""hplc"",""matrix"":""serum"",""protease"":""not_applicable"",""route"":""not_applicable"",""species"":""mouse""},""endpoint_family"":""T1/2"",""normalized_unit"":""log10(h)"",""parameter_basis"":""elapsed_time"",""parameter_semantics"":""plasma_serum_stability"",""target_kind"":""regression"",""target_transform"":""log10""}"	38	3	3	0	0	14	10	false	false	below_current_per_task_size_gate
mlv1.t1_2.regression.plasma_serum_stability.a7ea702eec3f3d2a	T1/2	regression	plasma_serum_stability	log10(h)	log10			"{""assay_family"":""plasma_serum_stability"",""binary_evidence_lane"":""not_binary"",""condition"":{""assay"":""hplc"",""matrix"":""plasma"",""protease"":""not_applicable"",""route"":""not_applicable"",""species"":""rat""},""endpoint_family"":""T1/2"",""normalized_unit"":""log10(h)"",""parameter_basis"":""elapsed_time"",""parameter_semantics"":""plasma_serum_stability"",""target_kind"":""regression"",""target_transform"":""log10""}"	27	13	3	0	0	15	10	false	false	below_current_per_task_size_gate
mlv1.t1_2.regression.plasma_serum_stability.ab21c35b0c0fc181	T1/2	regression	plasma_serum_stability	log10(h)	log10			"{""assay_family"":""plasma_serum_stability"",""binary_evidence_lane"":""not_binary"",""condition"":{""assay"":""other_glo_sensor_transfected_a0ae5f4f"",""matrix"":""plasma"",""protease"":""not_applicable"",""route"":""not_applicable"",""species"":""human""},""endpoint_family"":""T1/2"",""normalized_unit"":""log10(h)"",""parameter_basis"":""elapsed_time"",""parameter_semantics"":""plasma_serum_stability"",""target_kind"":""regression"",""target_transform"":""log10""}"	4	4	0	0	0	4	1	false	false	below_current_per_task_size_gate
mlv1.t1_2.regression.plasma_serum_stability.b06e195dbb3a78eb	T1/2	regression	plasma_serum_stability	log10(h)	log10			"{""assay_family"":""plasma_serum_stability"",""binary_evidence_lane"":""not_binary"",""condition"":{""assay"":""assay_not_reported"",""matrix"":""plasma"",""protease"":""not_applicable"",""route"":""not_applicable"",""species"":""rat""},""endpoint_family"":""T1/2"",""normalized_unit"":""log10(h)"",""parameter_basis"":""elapsed_time"",""parameter_semantics"":""plasma_serum_stability"",""target_kind"":""regression"",""target_transform"":""log10""}"	9	7	1	0	0	8	2	false	false	below_current_per_task_size_gate
mlv1.t1_2.regression.plasma_serum_stability.b0e042c678c9f6af	T1/2	regression	plasma_serum_stability	log10(h)	log10			"{""assay_family"":""plasma_serum_stability"",""binary_evidence_lane"":""not_binary"",""condition"":{""assay"":""lc_ms_ms"",""matrix"":""blood"",""protease"":""not_applicable"",""route"":""not_applicable"",""species"":""human""},""endpoint_family"":""T1/2"",""normalized_unit"":""log10(h)"",""parameter_basis"":""elapsed_time"",""parameter_semantics"":""plasma_serum_stability"",""target_kind"":""regression"",""target_transform"":""log10""}"	1	0	0	0	0	0	1	false	false	below_current_per_task_size_gate
mlv1.t1_2.regression.plasma_serum_stability.b13d69d41744ea2e	T1/2	regression	plasma_serum_stability	log10(h)	log10			"{""assay_family"":""plasma_serum_stability"",""binary_evidence_lane"":""not_binary"",""condition"":{""assay"":""assay_not_reported"",""matrix"":""serum"",""protease"":""not_applicable"",""route"":""not_applicable"",""species"":""mouse""},""endpoint_family"":""T1/2"",""normalized_unit"":""log10(h)"",""parameter_basis"":""elapsed_time"",""parameter_semantics"":""plasma_serum_stability"",""target_kind"":""regression"",""target_transform"":""log10""}"	4	0	0	0	0	0	1	false	false	below_current_per_task_size_gate
mlv1.t1_2.regression.plasma_serum_stability.b352b50f2cfea108	T1/2	regression	plasma_serum_stability	log10(h)	log10			"{""assay_family"":""plasma_serum_stability"",""binary_evidence_lane"":""not_binary"",""condition"":{""assay"":""other_peptide_specific_immunoassay"",""matrix"":""serum"",""protease"":""not_applicable"",""route"":""not_applicable"",""species"":""human""},""endpoint_family"":""T1/2"",""normalized_unit"":""log10(h)"",""parameter_basis"":""elapsed_time"",""parameter_semantics"":""plasma_serum_stability"",""target_kind"":""regression"",""target_transform"":""log10""}"	1	1	0	0	0	1	1	false	false	below_current_per_task_size_gate
mlv1.t1_2.regression.plasma_serum_stability.b723e8bae1e732f6	T1/2	regression	plasma_serum_stability	log10(h)	log10			"{""assay_family"":""plasma_serum_stability"",""binary_evidence_lane"":""not_binary"",""condition"":{""assay"":""lc_ms_ms"",""matrix"":""plasma"",""protease"":""not_applicable"",""route"":""not_applicable"",""species"":""mouse""},""endpoint_family"":""T1/2"",""normalized_unit"":""log10(h)"",""parameter_basis"":""elapsed_time"",""parameter_semantics"":""plasma_serum_stability"",""target_kind"":""regression"",""target_transform"":""log10""}"	14	4	0	0	0	5	4	false	false	below_current_per_task_size_gate
mlv1.t1_2.regression.plasma_serum_stability.b838a21be496b6f9	T1/2	regression	plasma_serum_stability	log10(h)	log10			"{""assay_family"":""plasma_serum_stability"",""binary_evidence_lane"":""not_binary"",""condition"":{""assay"":""assay_not_reported"",""matrix"":""blood"",""protease"":""not_applicable"",""route"":""not_applicable"",""species"":""rat""},""endpoint_family"":""T1/2"",""normalized_unit"":""log10(h)"",""parameter_basis"":""elapsed_time"",""parameter_semantics"":""plasma_serum_stability"",""target_kind"":""regression"",""target_transform"":""log10""}"	1	1	0	0	0	1	1	false	false	below_current_per_task_size_gate
mlv1.t1_2.regression.plasma_serum_stability.bb89802b7ded20da	T1/2	regression	plasma_serum_stability	log10(h)	log10			"{""assay_family"":""plasma_serum_stability"",""binary_evidence_lane"":""not_binary"",""condition"":{""assay"":""other_sandwich_immunoluminome_5a286e46"",""matrix"":""plasma"",""protease"":""not_applicable"",""route"":""not_applicable"",""species"":""human""},""endpoint_family"":""T1/2"",""normalized_unit"":""log10(h)"",""parameter_basis"":""elapsed_time"",""parameter_semantics"":""plasma_serum_stability"",""target_kind"":""regression"",""target_transform"":""log10""}"	1	1	0	0	0	1	1	false	false	below_current_per_task_size_gate
mlv1.t1_2.regression.plasma_serum_stability.bc0f6ea6a5ffc132	T1/2	regression	plasma_serum_stability	log10(h)	log10			"{""assay_family"":""plasma_serum_stability"",""binary_evidence_lane"":""not_binary"",""condition"":{""assay"":""hplc"",""matrix"":""serum"",""protease"":""not_applicable"",""route"":""not_applicable"",""species"":""human""},""endpoint_family"":""T1/2"",""normalized_unit"":""log10(h)"",""parameter_basis"":""elapsed_time"",""parameter_semantics"":""plasma_serum_stability"",""target_kind"":""regression"",""target_transform"":""log10""}"	64	15	13	0	0	32	19	false	false	below_current_per_task_size_gate
mlv1.t1_2.regression.plasma_serum_stability.bc2ef7516c0d63f5	T1/2	regression	plasma_serum_stability	log10(h)	log10			"{""assay_family"":""plasma_serum_stability"",""binary_evidence_lane"":""not_binary"",""condition"":{""assay"":""other_ms"",""matrix"":""serum"",""protease"":""not_applicable"",""route"":""not_applicable"",""species"":""species_not_reported""},""endpoint_family"":""T1/2"",""normalized_unit"":""log10(h)"",""parameter_basis"":""elapsed_time"",""parameter_semantics"":""plasma_serum_stability"",""target_kind"":""regression"",""target_transform"":""log10""}"	1	0	0	0	0	0	1	false	false	below_current_per_task_size_gate
mlv1.t1_2.regression.plasma_serum_stability.c271a5310d5210f5	T1/2	regression	plasma_serum_stability	log10(h)	log10			"{""assay_family"":""plasma_serum_stability"",""binary_evidence_lane"":""not_binary"",""condition"":{""assay"":""other_lc_ms"",""matrix"":""plasma"",""protease"":""not_applicable"",""route"":""not_applicable"",""species"":""species_not_reported""},""endpoint_family"":""T1/2"",""normalized_unit"":""log10(h)"",""parameter_basis"":""elapsed_time"",""parameter_semantics"":""plasma_serum_stability"",""target_kind"":""regression"",""target_transform"":""log10""}"	3	1	0	0	0	2	1	false	false	below_current_per_task_size_gate
mlv1.t1_2.regression.plasma_serum_stability.c47339cbd9a7dd8b	T1/2	regression	plasma_serum_stability	log10(h)	log10			"{""assay_family"":""plasma_serum_stability"",""binary_evidence_lane"":""not_binary"",""condition"":{""assay"":""other_uplc"",""matrix"":""plasma"",""protease"":""not_applicable"",""route"":""not_applicable"",""species"":""mouse""},""endpoint_family"":""T1/2"",""normalized_unit"":""log10(h)"",""parameter_basis"":""elapsed_time"",""parameter_semantics"":""plasma_serum_stability"",""target_kind"":""regression"",""target_transform"":""log10""}"	2	0	0	0	0	1	1	false	false	below_current_per_task_size_gate
mlv1.t1_2.regression.plasma_serum_stability.c62b47e3747c124e	T1/2	regression	plasma_serum_stability	log10(h)	log10			"{""assay_family"":""plasma_serum_stability"",""binary_evidence_lane"":""not_binary"",""condition"":{""assay"":""elisa"",""matrix"":""plasma"",""protease"":""not_applicable"",""route"":""not_applicable"",""species"":""monkey_unspecified""},""endpoint_family"":""T1/2"",""normalized_unit"":""log10(h)"",""parameter_basis"":""elapsed_time"",""parameter_semantics"":""plasma_serum_stability"",""target_kind"":""regression"",""target_transform"":""log10""}"	5	0	0	0	0	0	2	false	false	below_current_per_task_size_gate
mlv1.t1_2.regression.plasma_serum_stability.c6538b3e01f5c314	T1/2	regression	plasma_serum_stability	log10(h)	log10			"{""assay_family"":""plasma_serum_stability"",""binary_evidence_lane"":""not_binary"",""condition"":{""assay"":""hplc"",""matrix"":""serum"",""protease"":""not_applicable"",""route"":""not_applicable"",""species"":""species_not_reported""},""endpoint_family"":""T1/2"",""normalized_unit"":""log10(h)"",""parameter_basis"":""elapsed_time"",""parameter_semantics"":""plasma_serum_stability"",""target_kind"":""regression"",""target_transform"":""log10""}"	11	3	0	0	0	5	3	false	false	below_current_per_task_size_gate
mlv1.t1_2.regression.plasma_serum_stability.ca7d464bc7eb5852	T1/2	regression	plasma_serum_stability	log10(h)	log10			"{""assay_family"":""plasma_serum_stability"",""binary_evidence_lane"":""not_binary"",""condition"":{""assay"":""other_tlc_thin_layer_chromatography"",""matrix"":""plasma"",""protease"":""not_applicable"",""route"":""not_applicable"",""species"":""human""},""endpoint_family"":""T1/2"",""normalized_unit"":""log10(h)"",""parameter_basis"":""elapsed_time"",""parameter_semantics"":""plasma_serum_stability"",""target_kind"":""regression"",""target_transform"":""log10""}"	2	2	0	0	0	2	1	false	false	below_current_per_task_size_gate
mlv1.t1_2.regression.plasma_serum_stability.cb59ba36993c6f84	T1/2	regression	plasma_serum_stability	log10(h)	log10			"{""assay_family"":""plasma_serum_stability"",""binary_evidence_lane"":""not_binary"",""condition"":{""assay"":""radioimmunoassay"",""matrix"":""plasma"",""protease"":""not_applicable"",""route"":""not_applicable"",""species"":""human""},""endpoint_family"":""T1/2"",""normalized_unit"":""log10(h)"",""parameter_basis"":""elapsed_time"",""parameter_semantics"":""plasma_serum_stability"",""target_kind"":""regression"",""target_transform"":""log10""}"	10	3	3	0	0	6	4	false	false	below_current_per_task_size_gate
mlv1.t1_2.regression.plasma_serum_stability.cc7a414c7b4dd429	T1/2	regression	plasma_serum_stability	log10(h)	log10			"{""assay_family"":""plasma_serum_stability"",""binary_evidence_lane"":""not_binary"",""condition"":{""assay"":""other_lc_ms"",""matrix"":""plasma"",""protease"":""not_applicable"",""route"":""not_applicable"",""species"":""human""},""endpoint_family"":""T1/2"",""normalized_unit"":""log10(h)"",""parameter_basis"":""elapsed_time"",""parameter_semantics"":""plasma_serum_stability"",""target_kind"":""regression"",""target_transform"":""log10""}"	1	0	1	0	0	1	1	false	false	below_current_per_task_size_gate
mlv1.t1_2.regression.plasma_serum_stability.cd2b25ca653a223f	T1/2	regression	plasma_serum_stability	log10(h)	log10			"{""assay_family"":""plasma_serum_stability"",""binary_evidence_lane"":""not_binary"",""condition"":{""assay"":""other_ms"",""matrix"":""blood"",""protease"":""not_applicable"",""route"":""not_applicable"",""species"":""species_not_reported""},""endpoint_family"":""T1/2"",""normalized_unit"":""log10(h)"",""parameter_basis"":""elapsed_time"",""parameter_semantics"":""plasma_serum_stability"",""target_kind"":""regression"",""target_transform"":""log10""}"	6	0	0	0	0	0	1	false	false	below_current_per_task_size_gate
mlv1.t1_2.regression.plasma_serum_stability.cecea36ab7ba5a41	T1/2	regression	plasma_serum_stability	log10(h)	log10			"{""assay_family"":""plasma_serum_stability"",""binary_evidence_lane"":""not_binary"",""condition"":{""assay"":""lc_ms"",""matrix"":""plasma"",""protease"":""not_applicable"",""route"":""not_applicable"",""species"":""species_not_reported""},""endpoint_family"":""T1/2"",""normalized_unit"":""log10(h)"",""parameter_basis"":""elapsed_time"",""parameter_semantics"":""plasma_serum_stability"",""target_kind"":""regression"",""target_transform"":""log10""}"	7	1	0	0	0	1	1	false	false	below_current_per_task_size_gate
mlv1.t1_2.regression.plasma_serum_stability.d1833c972ed77984	T1/2	regression	plasma_serum_stability	log10(h)	log10			"{""assay_family"":""plasma_serum_stability"",""binary_evidence_lane"":""not_binary"",""condition"":{""assay"":""radioimmunoassay"",""matrix"":""blood"",""protease"":""not_applicable"",""route"":""not_applicable"",""species"":""human""},""endpoint_family"":""T1/2"",""normalized_unit"":""log10(h)"",""parameter_basis"":""elapsed_time"",""parameter_semantics"":""plasma_serum_stability"",""target_kind"":""regression"",""target_transform"":""log10""}"	2	2	0	0	0	2	2	false	false	below_current_per_task_size_gate
mlv1.t1_2.regression.plasma_serum_stability.d8788970c5e5ac29	T1/2	regression	plasma_serum_stability	log10(h)	log10			"{""assay_family"":""plasma_serum_stability"",""binary_evidence_lane"":""not_binary"",""condition"":{""assay"":""other_luciferase_reporter_assay"",""matrix"":""serum"",""protease"":""not_applicable"",""route"":""not_applicable"",""species"":""rabbit""},""endpoint_family"":""T1/2"",""normalized_unit"":""log10(h)"",""parameter_basis"":""elapsed_time"",""parameter_semantics"":""plasma_serum_stability"",""target_kind"":""regression"",""target_transform"":""log10""}"	2	0	2	0	0	1	1	false	false	below_current_per_task_size_gate
mlv1.t1_2.regression.plasma_serum_stability.de94ce153cacdb0c	T1/2	regression	plasma_serum_stability	log10(h)	log10			"{""assay_family"":""plasma_serum_stability"",""binary_evidence_lane"":""not_binary"",""condition"":{""assay"":""lc_ms"",""matrix"":""plasma"",""protease"":""not_applicable"",""route"":""not_applicable"",""species"":""rat""},""endpoint_family"":""T1/2"",""normalized_unit"":""log10(h)"",""parameter_basis"":""elapsed_time"",""parameter_semantics"":""plasma_serum_stability"",""target_kind"":""regression"",""target_transform"":""log10""}"	3	0	0	0	0	1	1	false	false	below_current_per_task_size_gate
mlv1.t1_2.regression.plasma_serum_stability.dfed93d3504a288d	T1/2	regression	plasma_serum_stability	log10(h)	log10			"{""assay_family"":""plasma_serum_stability"",""binary_evidence_lane"":""not_binary"",""condition"":{""assay"":""other_esi_ms"",""matrix"":""plasma"",""protease"":""not_applicable"",""route"":""not_applicable"",""species"":""rat""},""endpoint_family"":""T1/2"",""normalized_unit"":""log10(h)"",""parameter_basis"":""elapsed_time"",""parameter_semantics"":""plasma_serum_stability"",""target_kind"":""regression"",""target_transform"":""log10""}"	4	0	0	0	0	0	1	false	false	below_current_per_task_size_gate
mlv1.t1_2.regression.plasma_serum_stability.eced0c6931266b56	T1/2	regression	plasma_serum_stability	log10(h)	log10			"{""assay_family"":""plasma_serum_stability"",""binary_evidence_lane"":""not_binary"",""condition"":{""assay"":""lc_ms"",""matrix"":""serum"",""protease"":""not_applicable"",""route"":""not_applicable"",""species"":""human""},""endpoint_family"":""T1/2"",""normalized_unit"":""log10(h)"",""parameter_basis"":""elapsed_time"",""parameter_semantics"":""plasma_serum_stability"",""target_kind"":""regression"",""target_transform"":""log10""}"	5	5	0	0	0	5	2	false	false	below_current_per_task_size_gate
mlv1.t1_2.regression.plasma_serum_stability.ed70baca24764723	T1/2	regression	plasma_serum_stability	log10(h)	log10			"{""assay_family"":""plasma_serum_stability"",""binary_evidence_lane"":""not_binary"",""condition"":{""assay"":""lc_ms_ms"",""matrix"":""serum"",""protease"":""not_applicable"",""route"":""not_applicable"",""species"":""mouse""},""endpoint_family"":""T1/2"",""normalized_unit"":""log10(h)"",""parameter_basis"":""elapsed_time"",""parameter_semantics"":""plasma_serum_stability"",""target_kind"":""regression"",""target_transform"":""log10""}"	16	2	0	0	0	2	1	false	false	below_current_per_task_size_gate
mlv1.t1_2.regression.plasma_serum_stability.eea4f14359f9bbd9	T1/2	regression	plasma_serum_stability	log10(h)	log10			"{""assay_family"":""plasma_serum_stability"",""binary_evidence_lane"":""not_binary"",""condition"":{""assay"":""mass_spectrometry"",""matrix"":""plasma"",""protease"":""not_applicable"",""route"":""not_applicable"",""species"":""mouse""},""endpoint_family"":""T1/2"",""normalized_unit"":""log10(h)"",""parameter_basis"":""elapsed_time"",""parameter_semantics"":""plasma_serum_stability"",""target_kind"":""regression"",""target_transform"":""log10""}"	1	1	0	0	0	1	1	false	false	below_current_per_task_size_gate
mlv1.t1_2.regression.plasma_serum_stability.ef40876f091bb6e6	T1/2	regression	plasma_serum_stability	log10(h)	log10			"{""assay_family"":""plasma_serum_stability"",""binary_evidence_lane"":""not_binary"",""condition"":{""assay"":""hplc"",""matrix"":""plasma"",""protease"":""not_applicable"",""route"":""not_applicable"",""species"":""dog""},""endpoint_family"":""T1/2"",""normalized_unit"":""log10(h)"",""parameter_basis"":""elapsed_time"",""parameter_semantics"":""plasma_serum_stability"",""target_kind"":""regression"",""target_transform"":""log10""}"	8	0	0	0	0	2	1	false	false	below_current_per_task_size_gate
mlv1.t1_2.regression.plasma_serum_stability.f315e07dc3855264	T1/2	regression	plasma_serum_stability	log10(h)	log10			"{""assay_family"":""plasma_serum_stability"",""binary_evidence_lane"":""not_binary"",""condition"":{""assay"":""other_waters_xevo_tq_ms"",""matrix"":""plasma"",""protease"":""not_applicable"",""route"":""not_applicable"",""species"":""rat""},""endpoint_family"":""T1/2"",""normalized_unit"":""log10(h)"",""parameter_basis"":""elapsed_time"",""parameter_semantics"":""plasma_serum_stability"",""target_kind"":""regression"",""target_transform"":""log10""}"	7	2	0	0	0	2	1	false	false	below_current_per_task_size_gate
mlv1.t1_2.regression.plasma_serum_stability.fbdc316f374e5c2b	T1/2	regression	plasma_serum_stability	log10(h)	log10			"{""assay_family"":""plasma_serum_stability"",""binary_evidence_lane"":""not_binary"",""condition"":{""assay"":""mass_spectrometry"",""matrix"":""plasma"",""protease"":""not_applicable"",""route"":""not_applicable"",""species"":""dog""},""endpoint_family"":""T1/2"",""normalized_unit"":""log10(h)"",""parameter_basis"":""elapsed_time"",""parameter_semantics"":""plasma_serum_stability"",""target_kind"":""regression"",""target_transform"":""log10""}"	1	1	0	0	0	1	1	false	false	below_current_per_task_size_gate
mlv1.t1_2.regression.plasma_serum_stability.fdefec0fab1755c4	T1/2	regression	plasma_serum_stability	log10(h)	log10			"{""assay_family"":""plasma_serum_stability"",""binary_evidence_lane"":""not_binary"",""condition"":{""assay"":""hplc"",""matrix"":""blood"",""protease"":""not_applicable"",""route"":""not_applicable"",""species"":""human""},""endpoint_family"":""T1/2"",""normalized_unit"":""log10(h)"",""parameter_basis"":""elapsed_time"",""parameter_semantics"":""plasma_serum_stability"",""target_kind"":""regression"",""target_transform"":""log10""}"	2	2	0	0	0	2	2	false	false	below_current_per_task_size_gate
mlv1.t1_2.regression.protease_intestinal_stability.2b087cf875153c2d	T1/2	regression	protease_intestinal_stability	log10(h)	log10			"{""assay_family"":""protease_intestinal_stability"",""binary_evidence_lane"":""not_binary"",""condition"":{""assay"":""protease_unspecified"",""matrix"":""non_brain_homogenate"",""protease"":""protease_unspecified"",""route"":""not_applicable"",""species"":""mouse""},""endpoint_family"":""T1/2"",""normalized_unit"":""log10(h)"",""parameter_basis"":""elapsed_time"",""parameter_semantics"":""protease_intestinal_stability"",""target_kind"":""regression"",""target_transform"":""log10""}"	2	1	0	0	0	2	2	false	false	below_current_per_task_size_gate
mlv1.t1_2.regression.protease_intestinal_stability.312ac4c107e78599	T1/2	regression	protease_intestinal_stability	log10(h)	log10			"{""assay_family"":""protease_intestinal_stability"",""binary_evidence_lane"":""not_binary"",""condition"":{""assay"":""chymotrypsin"",""matrix"":""intestinal_matrix"",""protease"":""chymotrypsin"",""route"":""not_applicable"",""species"":""species_not_reported""},""endpoint_family"":""T1/2"",""normalized_unit"":""log10(h)"",""parameter_basis"":""elapsed_time"",""parameter_semantics"":""protease_intestinal_stability"",""target_kind"":""regression"",""target_transform"":""log10""}"	1	1	0	0	0	1	1	false	false	below_current_per_task_size_gate
mlv1.t1_2.regression.protease_intestinal_stability.363045bfd1076c2f	T1/2	regression	protease_intestinal_stability	log10(h)	log10			"{""assay_family"":""protease_intestinal_stability"",""binary_evidence_lane"":""not_binary"",""condition"":{""assay"":""trypsin"",""matrix"":""enzyme_solution"",""protease"":""trypsin"",""route"":""not_applicable"",""species"":""mouse""},""endpoint_family"":""T1/2"",""normalized_unit"":""log10(h)"",""parameter_basis"":""elapsed_time"",""parameter_semantics"":""protease_intestinal_stability"",""target_kind"":""regression"",""target_transform"":""log10""}"	1	0	0	0	0	1	1	false	false	below_current_per_task_size_gate
mlv1.t1_2.regression.protease_intestinal_stability.3d84597e7ab95614	T1/2	regression	protease_intestinal_stability	log10(h)	log10			"{""assay_family"":""protease_intestinal_stability"",""binary_evidence_lane"":""not_binary"",""condition"":{""assay"":""trypsin"",""matrix"":""enzyme_solution"",""protease"":""trypsin"",""route"":""not_applicable"",""species"":""bovine""},""endpoint_family"":""T1/2"",""normalized_unit"":""log10(h)"",""parameter_basis"":""elapsed_time"",""parameter_semantics"":""protease_intestinal_stability"",""target_kind"":""regression"",""target_transform"":""log10""}"	27	0	0	0	0	4	1	false	false	below_current_per_task_size_gate
mlv1.t1_2.regression.protease_intestinal_stability.47108f8dc3d1003b	T1/2	regression	protease_intestinal_stability	log10(h)	log10			"{""assay_family"":""protease_intestinal_stability"",""binary_evidence_lane"":""not_binary"",""condition"":{""assay"":""dpp4"",""matrix"":""blood"",""protease"":""dpp4"",""route"":""not_applicable"",""species"":""pig""},""endpoint_family"":""T1/2"",""normalized_unit"":""log10(h)"",""parameter_basis"":""elapsed_time"",""parameter_semantics"":""protease_intestinal_stability"",""target_kind"":""regression"",""target_transform"":""log10""}"	2	0	0	0	0	1	1	false	false	below_current_per_task_size_gate
mlv1.t1_2.regression.protease_intestinal_stability.5382cceee3dfb0e0	T1/2	regression	protease_intestinal_stability	log10(h)	log10			"{""assay_family"":""protease_intestinal_stability"",""binary_evidence_lane"":""not_binary"",""condition"":{""assay"":""protease_unspecified"",""matrix"":""plasma"",""protease"":""protease_unspecified"",""route"":""not_applicable"",""species"":""mouse""},""endpoint_family"":""T1/2"",""normalized_unit"":""log10(h)"",""parameter_basis"":""elapsed_time"",""parameter_semantics"":""protease_intestinal_stability"",""target_kind"":""regression"",""target_transform"":""log10""}"	1	1	0	0	0	1	1	false	false	below_current_per_task_size_gate
mlv1.t1_2.regression.protease_intestinal_stability.5a49420d391accc6	T1/2	regression	protease_intestinal_stability	log10(h)	log10			"{""assay_family"":""protease_intestinal_stability"",""binary_evidence_lane"":""not_binary"",""condition"":{""assay"":""simulated_intestinal_fluid"",""matrix"":""simulated_intestinal_fluid"",""protease"":""simulated_intestinal_fluid"",""route"":""not_applicable"",""species"":""species_not_reported""},""endpoint_family"":""T1/2"",""normalized_unit"":""log10(h)"",""parameter_basis"":""elapsed_time"",""parameter_semantics"":""protease_intestinal_stability"",""target_kind"":""regression"",""target_transform"":""log10""}"	18	2	0	0	0	4	4	false	false	below_current_per_task_size_gate
mlv1.t1_2.regression.protease_intestinal_stability.5f3466e372636127	T1/2	regression	protease_intestinal_stability	log10(h)	log10			"{""assay_family"":""protease_intestinal_stability"",""binary_evidence_lane"":""not_binary"",""condition"":{""assay"":""trypsin"",""matrix"":""enzyme_solution"",""protease"":""trypsin"",""route"":""not_applicable"",""species"":""species_not_reported""},""endpoint_family"":""T1/2"",""normalized_unit"":""log10(h)"",""parameter_basis"":""elapsed_time"",""parameter_semantics"":""protease_intestinal_stability"",""target_kind"":""regression"",""target_transform"":""log10""}"	16	2	0	0	0	3	3	false	false	below_current_per_task_size_gate
mlv1.t1_2.regression.protease_intestinal_stability.718a9a4472cc08a2	T1/2	regression	protease_intestinal_stability	log10(h)	log10			"{""assay_family"":""protease_intestinal_stability"",""binary_evidence_lane"":""not_binary"",""condition"":{""assay"":""dpp4"",""matrix"":""enzyme_solution"",""protease"":""dpp4"",""route"":""not_applicable"",""species"":""species_not_reported""},""endpoint_family"":""T1/2"",""normalized_unit"":""log10(h)"",""parameter_basis"":""elapsed_time"",""parameter_semantics"":""protease_intestinal_stability"",""target_kind"":""regression"",""target_transform"":""log10""}"	29	3	11	0	0	15	6	false	false	below_current_per_task_size_gate
mlv1.t1_2.regression.protease_intestinal_stability.79d198cc6413eb6c	T1/2	regression	protease_intestinal_stability	log10(h)	log10			"{""assay_family"":""protease_intestinal_stability"",""binary_evidence_lane"":""not_binary"",""condition"":{""assay"":""protease_unspecified"",""matrix"":""other_mouse_brain_proteases_mouse_603b2a33"",""protease"":""protease_unspecified"",""route"":""not_applicable"",""species"":""mouse""},""endpoint_family"":""T1/2"",""normalized_unit"":""log10(h)"",""parameter_basis"":""elapsed_time"",""parameter_semantics"":""protease_intestinal_stability"",""target_kind"":""regression"",""target_transform"":""log10""}"	2	0	1	0	0	1	1	false	false	below_current_per_task_size_gate
mlv1.t1_2.regression.protease_intestinal_stability.8964cda78967b992	T1/2	regression	protease_intestinal_stability	log10(h)	log10			"{""assay_family"":""protease_intestinal_stability"",""binary_evidence_lane"":""not_binary"",""condition"":{""assay"":""murine_crude_intestinal_protease"",""matrix"":""intestinal_matrix"",""protease"":""murine_crude_intestinal_protease"",""route"":""not_applicable"",""species"":""mouse""},""endpoint_family"":""T1/2"",""normalized_unit"":""log10(h)"",""parameter_basis"":""elapsed_time"",""parameter_semantics"":""protease_intestinal_stability"",""target_kind"":""regression"",""target_transform"":""log10""}"	375	375	0	0	0	375	1	true	true	strict_numeric_or_experimental_binary_size_gate
mlv1.t1_2.regression.protease_intestinal_stability.8a567dfadf70b667	T1/2	regression	protease_intestinal_stability	log10(h)	log10			"{""assay_family"":""protease_intestinal_stability"",""binary_evidence_lane"":""not_binary"",""condition"":{""assay"":""intestinal_unspecified"",""matrix"":""non_brain_homogenate"",""protease"":""intestinal_unspecified"",""route"":""not_applicable"",""species"":""species_not_reported""},""endpoint_family"":""T1/2"",""normalized_unit"":""log10(h)"",""parameter_basis"":""elapsed_time"",""parameter_semantics"":""protease_intestinal_stability"",""target_kind"":""regression"",""target_transform"":""log10""}"	3	0	0	0	0	1	1	false	false	below_current_per_task_size_gate
mlv1.t1_2.regression.protease_intestinal_stability.90eb8d49bdfc0ed8	T1/2	regression	protease_intestinal_stability	log10(h)	log10			"{""assay_family"":""protease_intestinal_stability"",""binary_evidence_lane"":""not_binary"",""condition"":{""assay"":""nep24_11"",""matrix"":""buffer"",""protease"":""nep24_11"",""route"":""not_applicable"",""species"":""human""},""endpoint_family"":""T1/2"",""normalized_unit"":""log10(h)"",""parameter_basis"":""elapsed_time"",""parameter_semantics"":""protease_intestinal_stability"",""target_kind"":""regression"",""target_transform"":""log10""}"	10	1	1	0	0	2	2	false	false	below_current_per_task_size_gate
mlv1.t1_2.regression.protease_intestinal_stability.97b8c95b9c851068	T1/2	regression	protease_intestinal_stability	log10(h)	log10			"{""assay_family"":""protease_intestinal_stability"",""binary_evidence_lane"":""not_binary"",""condition"":{""assay"":""dpp4"",""matrix"":""blood"",""protease"":""dpp4"",""route"":""not_applicable"",""species"":""human""},""endpoint_family"":""T1/2"",""normalized_unit"":""log10(h)"",""parameter_basis"":""elapsed_time"",""parameter_semantics"":""protease_intestinal_stability"",""target_kind"":""regression"",""target_transform"":""log10""}"	1	1	0	0	0	1	1	false	false	below_current_per_task_size_gate
mlv1.t1_2.regression.protease_intestinal_stability.aa65ed6427f6bb54	T1/2	regression	protease_intestinal_stability	log10(h)	log10			"{""assay_family"":""protease_intestinal_stability"",""binary_evidence_lane"":""not_binary"",""condition"":{""assay"":""protease_unspecified"",""matrix"":""non_brain_homogenate"",""protease"":""protease_unspecified"",""route"":""not_applicable"",""species"":""species_not_reported""},""endpoint_family"":""T1/2"",""normalized_unit"":""log10(h)"",""parameter_basis"":""elapsed_time"",""parameter_semantics"":""protease_intestinal_stability"",""target_kind"":""regression"",""target_transform"":""log10""}"	1	0	0	0	0	1	1	false	false	below_current_per_task_size_gate
mlv1.t1_2.regression.protease_intestinal_stability.ad5b5fd4b01a9d45	T1/2	regression	protease_intestinal_stability	log10(h)	log10			"{""assay_family"":""protease_intestinal_stability"",""binary_evidence_lane"":""not_binary"",""condition"":{""assay"":""nep24_11"",""matrix"":""buffer"",""protease"":""nep24_11"",""route"":""not_applicable"",""species"":""species_not_reported""},""endpoint_family"":""T1/2"",""normalized_unit"":""log10(h)"",""parameter_basis"":""elapsed_time"",""parameter_semantics"":""protease_intestinal_stability"",""target_kind"":""regression"",""target_transform"":""log10""}"	2	2	0	0	0	2	1	false	false	below_current_per_task_size_gate
mlv1.t1_2.regression.protease_intestinal_stability.ae9c9cd5035c3666	T1/2	regression	protease_intestinal_stability	log10(h)	log10			"{""assay_family"":""protease_intestinal_stability"",""binary_evidence_lane"":""not_binary"",""condition"":{""assay"":""intestinal_unspecified"",""matrix"":""intestinal_matrix"",""protease"":""intestinal_unspecified"",""route"":""not_applicable"",""species"":""species_not_reported""},""endpoint_family"":""T1/2"",""normalized_unit"":""log10(h)"",""parameter_basis"":""elapsed_time"",""parameter_semantics"":""protease_intestinal_stability"",""target_kind"":""regression"",""target_transform"":""log10""}"	2	0	0	0	0	1	1	false	false	below_current_per_task_size_gate
mlv1.t1_2.regression.protease_intestinal_stability.bcc767e3ae174f2c	T1/2	regression	protease_intestinal_stability	log10(h)	log10			"{""assay_family"":""protease_intestinal_stability"",""binary_evidence_lane"":""not_binary"",""condition"":{""assay"":""dpp4"",""matrix"":""plasma"",""protease"":""dpp4"",""route"":""not_applicable"",""species"":""pig""},""endpoint_family"":""T1/2"",""normalized_unit"":""log10(h)"",""parameter_basis"":""elapsed_time"",""parameter_semantics"":""protease_intestinal_stability"",""target_kind"":""regression"",""target_transform"":""log10""}"	2	0	0	0	0	1	1	false	false	below_current_per_task_size_gate
mlv1.t1_2.regression.protease_intestinal_stability.c1388c9a7ecbbefb	T1/2	regression	protease_intestinal_stability	log10(h)	log10			"{""assay_family"":""protease_intestinal_stability"",""binary_evidence_lane"":""not_binary"",""condition"":{""assay"":""trypsin"",""matrix"":""intestinal_matrix"",""protease"":""trypsin"",""route"":""not_applicable"",""species"":""species_not_reported""},""endpoint_family"":""T1/2"",""normalized_unit"":""log10(h)"",""parameter_basis"":""elapsed_time"",""parameter_semantics"":""protease_intestinal_stability"",""target_kind"":""regression"",""target_transform"":""log10""}"	1	1	0	0	0	1	1	false	false	below_current_per_task_size_gate
mlv1.t1_2.regression.protease_intestinal_stability.c3d3e06315680bee	T1/2	regression	protease_intestinal_stability	log10(h)	log10			"{""assay_family"":""protease_intestinal_stability"",""binary_evidence_lane"":""not_binary"",""condition"":{""assay"":""intestinal_unspecified"",""matrix"":""intestinal_matrix"",""protease"":""intestinal_unspecified"",""route"":""not_applicable"",""species"":""rat""},""endpoint_family"":""T1/2"",""normalized_unit"":""log10(h)"",""parameter_basis"":""elapsed_time"",""parameter_semantics"":""protease_intestinal_stability"",""target_kind"":""regression"",""target_transform"":""log10""}"	6	0	0	0	0	1	1	false	false	below_current_per_task_size_gate
mlv1.t1_2.regression.protease_intestinal_stability.ccc95ebee726da7a	T1/2	regression	protease_intestinal_stability	log10(h)	log10			"{""assay_family"":""protease_intestinal_stability"",""binary_evidence_lane"":""not_binary"",""condition"":{""assay"":""pepsin"",""matrix"":""enzyme_solution"",""protease"":""pepsin"",""route"":""not_applicable"",""species"":""species_not_reported""},""endpoint_family"":""T1/2"",""normalized_unit"":""log10(h)"",""parameter_basis"":""elapsed_time"",""parameter_semantics"":""protease_intestinal_stability"",""target_kind"":""regression"",""target_transform"":""log10""}"	1	1	0	0	0	1	1	false	false	below_current_per_task_size_gate
mlv1.t1_2.regression.protease_intestinal_stability.f1cd9df4df1eb302	T1/2	regression	protease_intestinal_stability	log10(h)	log10			"{""assay_family"":""protease_intestinal_stability"",""binary_evidence_lane"":""not_binary"",""condition"":{""assay"":""protease_unspecified"",""matrix"":""other_western_blotting_western_blotting"",""protease"":""protease_unspecified"",""route"":""not_applicable"",""species"":""species_not_reported""},""endpoint_family"":""T1/2"",""normalized_unit"":""log10(h)"",""parameter_basis"":""elapsed_time"",""parameter_semantics"":""protease_intestinal_stability"",""target_kind"":""regression"",""target_transform"":""log10""}"	2	0	2	0	0	1	1	false	false	below_current_per_task_size_gate
mlv1.t1_2.regression.protease_intestinal_stability.f58b4c6458b3d91f	T1/2	regression	protease_intestinal_stability	log10(h)	log10			"{""assay_family"":""protease_intestinal_stability"",""binary_evidence_lane"":""not_binary"",""condition"":{""assay"":""dpp4"",""matrix"":""plasma"",""protease"":""dpp4"",""route"":""not_applicable"",""species"":""human""},""endpoint_family"":""T1/2"",""normalized_unit"":""log10(h)"",""parameter_basis"":""elapsed_time"",""parameter_semantics"":""protease_intestinal_stability"",""target_kind"":""regression"",""target_transform"":""log10""}"	1	1	0	0	0	1	1	false	false	below_current_per_task_size_gate
mlv1.t1_2.regression.protease_intestinal_stability.fa13a23990ed393c	T1/2	regression	protease_intestinal_stability	log10(h)	log10			"{""assay_family"":""protease_intestinal_stability"",""binary_evidence_lane"":""not_binary"",""condition"":{""assay"":""dpp4"",""matrix"":""enzyme_solution"",""protease"":""dpp4"",""route"":""not_applicable"",""species"":""human""},""endpoint_family"":""T1/2"",""normalized_unit"":""log10(h)"",""parameter_basis"":""elapsed_time"",""parameter_semantics"":""protease_intestinal_stability"",""target_kind"":""regression"",""target_transform"":""log10""}"	12	0	1	0	0	1	1	false	false	below_current_per_task_size_gate
mlv1.t1_2.regression.protease_intestinal_stability.ff08753e93b0d359	T1/2	regression	protease_intestinal_stability	log10(h)	log10			"{""assay_family"":""protease_intestinal_stability"",""binary_evidence_lane"":""not_binary"",""condition"":{""assay"":""simulated_gastric_fluid"",""matrix"":""simulated_gastric_fluid"",""protease"":""simulated_gastric_fluid"",""route"":""not_applicable"",""species"":""species_not_reported""},""endpoint_family"":""T1/2"",""normalized_unit"":""log10(h)"",""parameter_basis"":""elapsed_time"",""parameter_semantics"":""protease_intestinal_stability"",""target_kind"":""regression"",""target_transform"":""log10""}"	13	1	0	0	0	1	2	false	false	below_current_per_task_size_gate
mlv1.t1_2.regression.systemic_terminal_pk.000a0accc9699ff6	T1/2	regression	systemic_terminal_pk	log10(h)	log10			"{""assay_family"":""systemic_terminal_pk"",""binary_evidence_lane"":""not_binary"",""condition"":{""assay"":""other_tlc"",""matrix"":""plasma"",""protease"":""not_applicable"",""route"":""sc"",""species"":""mouse""},""endpoint_family"":""T1/2"",""normalized_unit"":""log10(h)"",""parameter_basis"":""elapsed_time"",""parameter_semantics"":""systemic_terminal_pk"",""target_kind"":""regression"",""target_transform"":""log10""}"	1	1	0	0	0	1	1	false	false	below_current_per_task_size_gate
mlv1.t1_2.regression.systemic_terminal_pk.0040ebfbdccedf1e	T1/2	regression	systemic_terminal_pk	log10(h)	log10			"{""assay_family"":""systemic_terminal_pk"",""binary_evidence_lane"":""not_binary"",""condition"":{""assay"":""other_camp_assay"",""matrix"":""other_rabbits_rabbits"",""protease"":""not_applicable"",""route"":""sc"",""species"":""rabbit""},""endpoint_family"":""T1/2"",""normalized_unit"":""log10(h)"",""parameter_basis"":""elapsed_time"",""parameter_semantics"":""systemic_terminal_pk"",""target_kind"":""regression"",""target_transform"":""log10""}"	1	1	0	0	0	1	1	false	false	below_current_per_task_size_gate
mlv1.t1_2.regression.systemic_terminal_pk.00c98e7e5e6cc40a	T1/2	regression	systemic_terminal_pk	log10(h)	log10			"{""assay_family"":""systemic_terminal_pk"",""binary_evidence_lane"":""not_binary"",""condition"":{""assay"":""other_standard_assay"",""matrix"":""plasma"",""protease"":""not_applicable"",""route"":""iv"",""species"":""mouse""},""endpoint_family"":""T1/2"",""normalized_unit"":""log10(h)"",""parameter_basis"":""elapsed_time"",""parameter_semantics"":""systemic_terminal_pk"",""target_kind"":""regression"",""target_transform"":""log10""}"	8	0	0	0	0	1	1	false	false	below_current_per_task_size_gate
mlv1.t1_2.regression.systemic_terminal_pk.01147a0cbff58d39	T1/2	regression	systemic_terminal_pk	log10(h)	log10			"{""assay_family"":""systemic_terminal_pk"",""binary_evidence_lane"":""not_binary"",""condition"":{""assay"":""other_tlc"",""matrix"":""non_brain_homogenate"",""protease"":""not_applicable"",""route"":""oral"",""species"":""mouse""},""endpoint_family"":""T1/2"",""normalized_unit"":""log10(h)"",""parameter_basis"":""elapsed_time"",""parameter_semantics"":""systemic_terminal_pk"",""target_kind"":""regression"",""target_transform"":""log10""}"	1	0	0	0	0	1	1	false	false	below_current_per_task_size_gate
mlv1.t1_2.regression.systemic_terminal_pk.016d3e957b683501	T1/2	regression	systemic_terminal_pk	log10(h)	log10			"{""assay_family"":""systemic_terminal_pk"",""binary_evidence_lane"":""not_binary"",""condition"":{""assay"":""other_dosimetry"",""matrix"":""other_human_spleen_human_spleen"",""protease"":""not_applicable"",""route"":""iv"",""species"":""human""},""endpoint_family"":""T1/2"",""normalized_unit"":""log10(h)"",""parameter_basis"":""elapsed_time"",""parameter_semantics"":""systemic_terminal_pk"",""target_kind"":""regression"",""target_transform"":""log10""}"	1	0	0	0	0	0	1	false	false	below_current_per_task_size_gate
mlv1.t1_2.regression.systemic_terminal_pk.019f8eb8792d1113	T1/2	regression	systemic_terminal_pk	log10(h)	log10			"{""assay_family"":""systemic_terminal_pk"",""binary_evidence_lane"":""not_binary"",""condition"":{""assay"":""radioimmunoassay"",""matrix"":""blood"",""protease"":""not_applicable"",""route"":""route_not_reported"",""species"":""species_not_reported""},""endpoint_family"":""T1/2"",""normalized_unit"":""log10(h)"",""parameter_basis"":""elapsed_time"",""parameter_semantics"":""systemic_terminal_pk"",""target_kind"":""regression"",""target_transform"":""log10""}"	2	1	0	0	0	1	1	false	false	below_current_per_task_size_gate
mlv1.t1_2.regression.systemic_terminal_pk.01c357a636df4c6d	T1/2	regression	systemic_terminal_pk	log10(h)	log10			"{""assay_family"":""systemic_terminal_pk"",""binary_evidence_lane"":""not_binary"",""condition"":{""assay"":""lc_ms_ms"",""matrix"":""plasma"",""protease"":""not_applicable"",""route"":""sc"",""species"":""cynomolgus_monkey""},""endpoint_family"":""T1/2"",""normalized_unit"":""log10(h)"",""parameter_basis"":""elapsed_time"",""parameter_semantics"":""systemic_terminal_pk"",""target_kind"":""regression"",""target_transform"":""log10""}"	5	2	0	0	0	3	3	false	false	below_current_per_task_size_gate
mlv1.t1_2.regression.systemic_terminal_pk.01e00f8e0f4aeaae	T1/2	regression	systemic_terminal_pk	log10(h)	log10			"{""assay_family"":""systemic_terminal_pk"",""binary_evidence_lane"":""not_binary"",""condition"":{""assay"":""lc_ms_ms"",""matrix"":""serum"",""protease"":""not_applicable"",""route"":""sc"",""species"":""human""},""endpoint_family"":""T1/2"",""normalized_unit"":""log10(h)"",""parameter_basis"":""elapsed_time"",""parameter_semantics"":""systemic_terminal_pk"",""target_kind"":""regression"",""target_transform"":""log10""}"	5	0	0	0	0	1	1	false	false	below_current_per_task_size_gate
mlv1.t1_2.regression.systemic_terminal_pk.023950fb7da09693	T1/2	regression	systemic_terminal_pk	log10(h)	log10			"{""assay_family"":""systemic_terminal_pk"",""binary_evidence_lane"":""not_binary"",""condition"":{""assay"":""hplc"",""matrix"":""other_subcutaneously_injected_in_7a008144"",""protease"":""not_applicable"",""route"":""sc"",""species"":""mouse""},""endpoint_family"":""T1/2"",""normalized_unit"":""log10(h)"",""parameter_basis"":""elapsed_time"",""parameter_semantics"":""systemic_terminal_pk"",""target_kind"":""regression"",""target_transform"":""log10""}"	1	1	0	0	0	1	1	false	false	below_current_per_task_size_gate
mlv1.t1_2.regression.systemic_terminal_pk.038552bc5ed08f7b	T1/2	regression	systemic_terminal_pk	log10(h)	log10			"{""assay_family"":""systemic_terminal_pk"",""binary_evidence_lane"":""not_binary"",""condition"":{""assay"":""other_cross_species_single_do_01aecef9"",""matrix"":""plasma"",""protease"":""not_applicable"",""route"":""route_not_reported"",""species"":""rat""},""endpoint_family"":""T1/2"",""normalized_unit"":""log10(h)"",""parameter_basis"":""elapsed_time"",""parameter_semantics"":""systemic_terminal_pk"",""target_kind"":""regression"",""target_transform"":""log10""}"	1	1	0	0	0	1	1	false	false	below_current_per_task_size_gate
mlv1.t1_2.regression.systemic_terminal_pk.0401c38a348fcd29	T1/2	regression	systemic_terminal_pk	log10(h)	log10			"{""assay_family"":""systemic_terminal_pk"",""binary_evidence_lane"":""not_binary"",""condition"":{""assay"":""radioimmunoassay"",""matrix"":""other_monkey_intravenous_injectio_5e4af53e"",""protease"":""not_applicable"",""route"":""iv"",""species"":""monkey_unspecified""},""endpoint_family"":""T1/2"",""normalized_unit"":""log10(h)"",""parameter_basis"":""elapsed_time"",""parameter_semantics"":""systemic_terminal_pk"",""target_kind"":""regression"",""target_transform"":""log10""}"	1	1	0	0	0	1	1	false	false	below_current_per_task_size_gate
mlv1.t1_2.regression.systemic_terminal_pk.042db1d33d22db01	T1/2	regression	systemic_terminal_pk	log10(h)	log10			"{""assay_family"":""systemic_terminal_pk"",""binary_evidence_lane"":""not_binary"",""condition"":{""assay"":""radioimmunoassay"",""matrix"":""other_subcutaneously_injected_in_7a008144"",""protease"":""not_applicable"",""route"":""sc"",""species"":""mouse""},""endpoint_family"":""T1/2"",""normalized_unit"":""log10(h)"",""parameter_basis"":""elapsed_time"",""parameter_semantics"":""systemic_terminal_pk"",""target_kind"":""regression"",""target_transform"":""log10""}"	1	0	1	0	0	1	1	false	false	below_current_per_task_size_gate
mlv1.t1_2.regression.systemic_terminal_pk.04d186f415e641e6	T1/2	regression	systemic_terminal_pk	log10(h)	log10			"{""assay_family"":""systemic_terminal_pk"",""binary_evidence_lane"":""not_binary"",""condition"":{""assay"":""fluorescence"",""matrix"":""other_mice_mice"",""protease"":""not_applicable"",""route"":""sc"",""species"":""mouse""},""endpoint_family"":""T1/2"",""normalized_unit"":""log10(h)"",""parameter_basis"":""elapsed_time"",""parameter_semantics"":""systemic_terminal_pk"",""target_kind"":""regression"",""target_transform"":""log10""}"	8	0	0	0	0	1	1	false	false	below_current_per_task_size_gate
mlv1.t1_2.regression.systemic_terminal_pk.05016bb488e697c2	T1/2	regression	systemic_terminal_pk	log10(h)	log10			"{""assay_family"":""systemic_terminal_pk"",""binary_evidence_lane"":""not_binary"",""condition"":{""assay"":""radioimmunoassay"",""matrix"":""other_subcutaneous_injected_in_ne_e2d1825c"",""protease"":""not_applicable"",""route"":""sc"",""species"":""rabbit""},""endpoint_family"":""T1/2"",""normalized_unit"":""log10(h)"",""parameter_basis"":""elapsed_time"",""parameter_semantics"":""systemic_terminal_pk"",""target_kind"":""regression"",""target_transform"":""log10""}"	6	0	0	0	0	0	1	false	false	below_current_per_task_size_gate
mlv1.t1_2.regression.systemic_terminal_pk.0580434b8b169ddd	T1/2	regression	systemic_terminal_pk	log10(h)	log10			"{""assay_family"":""systemic_terminal_pk"",""binary_evidence_lane"":""not_binary"",""condition"":{""assay"":""radioimmunoassay"",""matrix"":""blood"",""protease"":""not_applicable"",""route"":""route_not_reported"",""species"":""pig""},""endpoint_family"":""T1/2"",""normalized_unit"":""log10(h)"",""parameter_basis"":""elapsed_time"",""parameter_semantics"":""systemic_terminal_pk"",""target_kind"":""regression"",""target_transform"":""log10""}"	4	2	0	0	0	3	2	false	false	below_current_per_task_size_gate
mlv1.t1_2.regression.systemic_terminal_pk.06337262c1881701	T1/2	regression	systemic_terminal_pk	log10(h)	log10			"{""assay_family"":""systemic_terminal_pk"",""binary_evidence_lane"":""not_binary"",""condition"":{""assay"":""lc_ms_ms"",""matrix"":""plasma"",""protease"":""not_applicable"",""route"":""oral"",""species"":""mouse""},""endpoint_family"":""T1/2"",""normalized_unit"":""log10(h)"",""parameter_basis"":""elapsed_time"",""parameter_semantics"":""systemic_terminal_pk"",""target_kind"":""regression"",""target_transform"":""log10""}"	2	0	0	0	0	1	1	false	false	below_current_per_task_size_gate
mlv1.t1_2.regression.systemic_terminal_pk.064f910b6d8d31bb	T1/2	regression	systemic_terminal_pk	log10(h)	log10			"{""assay_family"":""systemic_terminal_pk"",""binary_evidence_lane"":""not_binary"",""condition"":{""assay"":""fluorescence"",""matrix"":""plasma"",""protease"":""not_applicable"",""route"":""ip"",""species"":""mouse""},""endpoint_family"":""T1/2"",""normalized_unit"":""log10(h)"",""parameter_basis"":""elapsed_time"",""parameter_semantics"":""systemic_terminal_pk"",""target_kind"":""regression"",""target_transform"":""log10""}"	1	1	0	0	0	1	1	false	false	below_current_per_task_size_gate
mlv1.t1_2.regression.systemic_terminal_pk.08406972b9332b5c	T1/2	regression	systemic_terminal_pk	log10(h)	log10			"{""assay_family"":""systemic_terminal_pk"",""binary_evidence_lane"":""not_binary"",""condition"":{""assay"":""lc_ms"",""matrix"":""other_intravenous_administered_to_46486287"",""protease"":""not_applicable"",""route"":""iv"",""species"":""rabbit""},""endpoint_family"":""T1/2"",""normalized_unit"":""log10(h)"",""parameter_basis"":""elapsed_time"",""parameter_semantics"":""systemic_terminal_pk"",""target_kind"":""regression"",""target_transform"":""log10""}"	2	0	0	0	0	1	1	false	false	below_current_per_task_size_gate
mlv1.t1_2.regression.systemic_terminal_pk.08f710b641f117a1	T1/2	regression	systemic_terminal_pk	log10(h)	log10			"{""assay_family"":""systemic_terminal_pk"",""binary_evidence_lane"":""not_binary"",""condition"":{""assay"":""other_uhplc"",""matrix"":""plasma"",""protease"":""not_applicable"",""route"":""iv"",""species"":""rat""},""endpoint_family"":""T1/2"",""normalized_unit"":""log10(h)"",""parameter_basis"":""elapsed_time"",""parameter_semantics"":""systemic_terminal_pk"",""target_kind"":""regression"",""target_transform"":""log10""}"	4	1	0	0	0	2	2	false	false	below_current_per_task_size_gate
mlv1.t1_2.regression.systemic_terminal_pk.09ce14dcd3719a77	T1/2	regression	systemic_terminal_pk	log10(h)	log10			"{""assay_family"":""systemic_terminal_pk"",""binary_evidence_lane"":""not_binary"",""condition"":{""assay"":""radioactivity"",""matrix"":""other_huh7_subcutaneous_mice_xeno_2d426051"",""protease"":""not_applicable"",""route"":""sc"",""species"":""mouse""},""endpoint_family"":""T1/2"",""normalized_unit"":""log10(h)"",""parameter_basis"":""elapsed_time"",""parameter_semantics"":""systemic_terminal_pk"",""target_kind"":""regression"",""target_transform"":""log10""}"	1	1	0	0	0	1	1	false	false	below_current_per_task_size_gate
mlv1.t1_2.regression.systemic_terminal_pk.09d1ec6d0bb8309f	T1/2	regression	systemic_terminal_pk	log10(h)	log10			"{""assay_family"":""systemic_terminal_pk"",""binary_evidence_lane"":""not_binary"",""condition"":{""assay"":""radioactivity"",""matrix"":""other_intravenous_injection_of_la_700db692"",""protease"":""not_applicable"",""route"":""iv"",""species"":""mouse""},""endpoint_family"":""T1/2"",""normalized_unit"":""log10(h)"",""parameter_basis"":""elapsed_time"",""parameter_semantics"":""systemic_terminal_pk"",""target_kind"":""regression"",""target_transform"":""log10""}"	4	0	1	0	0	1	1	false	false	below_current_per_task_size_gate
mlv1.t1_2.regression.systemic_terminal_pk.0b09bbb53f785416	T1/2	regression	systemic_terminal_pk	log10(h)	log10			"{""assay_family"":""systemic_terminal_pk"",""binary_evidence_lane"":""not_binary"",""condition"":{""assay"":""elisa"",""matrix"":""blood"",""protease"":""not_applicable"",""route"":""route_not_reported"",""species"":""mouse""},""endpoint_family"":""T1/2"",""normalized_unit"":""log10(h)"",""parameter_basis"":""elapsed_time"",""parameter_semantics"":""systemic_terminal_pk"",""target_kind"":""regression"",""target_transform"":""log10""}"	2	2	0	0	0	2	1	false	false	below_current_per_task_size_gate
mlv1.t1_2.regression.systemic_terminal_pk.0c1346603a101d3c	T1/2	regression	systemic_terminal_pk	log10(h)	log10			"{""assay_family"":""systemic_terminal_pk"",""binary_evidence_lane"":""not_binary"",""condition"":{""assay"":""radioimmunoassay"",""matrix"":""plasma"",""protease"":""not_applicable"",""route"":""route_not_reported"",""species"":""dog""},""endpoint_family"":""T1/2"",""normalized_unit"":""log10(h)"",""parameter_basis"":""elapsed_time"",""parameter_semantics"":""systemic_terminal_pk"",""target_kind"":""regression"",""target_transform"":""log10""}"	1	1	0	0	0	1	1	false	false	below_current_per_task_size_gate
mlv1.t1_2.regression.systemic_terminal_pk.0c4bf7108b93fc3b	T1/2	regression	systemic_terminal_pk	log10(h)	log10			"{""assay_family"":""systemic_terminal_pk"",""binary_evidence_lane"":""not_binary"",""condition"":{""assay"":""hplc"",""matrix"":""plasma"",""protease"":""not_applicable"",""route"":""oral"",""species"":""human""},""endpoint_family"":""T1/2"",""normalized_unit"":""log10(h)"",""parameter_basis"":""elapsed_time"",""parameter_semantics"":""systemic_terminal_pk"",""target_kind"":""regression"",""target_transform"":""log10""}"	1	0	1	0	0	1	1	false	false	below_current_per_task_size_gate
mlv1.t1_2.regression.systemic_terminal_pk.0d6bfb3ae00d3e42	T1/2	regression	systemic_terminal_pk	log10(h)	log10			"{""assay_family"":""systemic_terminal_pk"",""binary_evidence_lane"":""not_binary"",""condition"":{""assay"":""radioactivity"",""matrix"":""other_pig_kidney_pig_kidney"",""protease"":""not_applicable"",""route"":""route_not_reported"",""species"":""pig""},""endpoint_family"":""T1/2"",""normalized_unit"":""log10(h)"",""parameter_basis"":""elapsed_time"",""parameter_semantics"":""systemic_terminal_pk"",""target_kind"":""regression"",""target_transform"":""log10""}"	1	1	0	0	0	1	1	false	false	below_current_per_task_size_gate
mlv1.t1_2.regression.systemic_terminal_pk.0d7eea666a86a38a	T1/2	regression	systemic_terminal_pk	log10(h)	log10			"{""assay_family"":""systemic_terminal_pk"",""binary_evidence_lane"":""not_binary"",""condition"":{""assay"":""radioimmunoassay"",""matrix"":""other_exogenously_administered_to_59f04a1e"",""protease"":""not_applicable"",""route"":""route_not_reported"",""species"":""rat""},""endpoint_family"":""T1/2"",""normalized_unit"":""log10(h)"",""parameter_basis"":""elapsed_time"",""parameter_semantics"":""systemic_terminal_pk"",""target_kind"":""regression"",""target_transform"":""log10""}"	2	0	0	0	0	1	1	false	false	below_current_per_task_size_gate
mlv1.t1_2.regression.systemic_terminal_pk.0e35eb2d742088d6	T1/2	regression	systemic_terminal_pk	log10(h)	log10			"{""assay_family"":""systemic_terminal_pk"",""binary_evidence_lane"":""not_binary"",""condition"":{""assay"":""fluorescence"",""matrix"":""other_rats_rats"",""protease"":""not_applicable"",""route"":""iv"",""species"":""rat""},""endpoint_family"":""T1/2"",""normalized_unit"":""log10(h)"",""parameter_basis"":""elapsed_time"",""parameter_semantics"":""systemic_terminal_pk"",""target_kind"":""regression"",""target_transform"":""log10""}"	2	0	1	0	0	1	1	false	false	below_current_per_task_size_gate
mlv1.t1_2.regression.systemic_terminal_pk.0e4bca382ee909e9	T1/2	regression	systemic_terminal_pk	log10(h)	log10			"{""assay_family"":""systemic_terminal_pk"",""binary_evidence_lane"":""not_binary"",""condition"":{""assay"":""other_spectrophotometry"",""matrix"":""cellular_matrix"",""protease"":""not_applicable"",""route"":""route_not_reported"",""species"":""species_not_reported""},""endpoint_family"":""T1/2"",""normalized_unit"":""log10(h)"",""parameter_basis"":""elapsed_time"",""parameter_semantics"":""systemic_terminal_pk"",""target_kind"":""regression"",""target_transform"":""log10""}"	5	3	0	0	0	4	1	false	false	below_current_per_task_size_gate
mlv1.t1_2.regression.systemic_terminal_pk.0ec37d72f60b8154	T1/2	regression	systemic_terminal_pk	log10(h)	log10			"{""assay_family"":""systemic_terminal_pk"",""binary_evidence_lane"":""not_binary"",""condition"":{""assay"":""elisa"",""matrix"":""serum"",""protease"":""not_applicable"",""route"":""iv_and_oral"",""species"":""mouse""},""endpoint_family"":""T1/2"",""normalized_unit"":""log10(h)"",""parameter_basis"":""elapsed_time"",""parameter_semantics"":""systemic_terminal_pk"",""target_kind"":""regression"",""target_transform"":""log10""}"	4	1	0	0	0	1	1	false	false	below_current_per_task_size_gate
mlv1.t1_2.regression.systemic_terminal_pk.0f7e6032b17f2b11	T1/2	regression	systemic_terminal_pk	log10(h)	log10			"{""assay_family"":""systemic_terminal_pk"",""binary_evidence_lane"":""not_binary"",""condition"":{""assay"":""elisa"",""matrix"":""other_c57_bl6_mice_c57_bl6_mice"",""protease"":""not_applicable"",""route"":""sc"",""species"":""mouse""},""endpoint_family"":""T1/2"",""normalized_unit"":""log10(h)"",""parameter_basis"":""elapsed_time"",""parameter_semantics"":""systemic_terminal_pk"",""target_kind"":""regression"",""target_transform"":""log10""}"	2	2	0	0	0	2	1	false	false	below_current_per_task_size_gate
mlv1.t1_2.regression.systemic_terminal_pk.10494e310d14a278	T1/2	regression	systemic_terminal_pk	log10(h)	log10			"{""assay_family"":""systemic_terminal_pk"",""binary_evidence_lane"":""not_binary"",""condition"":{""assay"":""elisa"",""matrix"":""plasma"",""protease"":""not_applicable"",""route"":""iv"",""species"":""pig""},""endpoint_family"":""T1/2"",""normalized_unit"":""log10(h)"",""parameter_basis"":""elapsed_time"",""parameter_semantics"":""systemic_terminal_pk"",""target_kind"":""regression"",""target_transform"":""log10""}"	1	0	0	0	0	0	1	false	false	below_current_per_task_size_gate
mlv1.t1_2.regression.systemic_terminal_pk.106c7d4e30211975	T1/2	regression	systemic_terminal_pk	log10(h)	log10			"{""assay_family"":""systemic_terminal_pk"",""binary_evidence_lane"":""not_binary"",""condition"":{""assay"":""other_accumulation_of_radioac_b374d8df"",""matrix"":""serum"",""protease"":""not_applicable"",""route"":""route_not_reported"",""species"":""species_not_reported""},""endpoint_family"":""T1/2"",""normalized_unit"":""log10(h)"",""parameter_basis"":""elapsed_time"",""parameter_semantics"":""systemic_terminal_pk"",""target_kind"":""regression"",""target_transform"":""log10""}"	6	0	0	0	0	1	1	false	false	below_current_per_task_size_gate
mlv1.t1_2.regression.systemic_terminal_pk.10d2f4936430871a	T1/2	regression	systemic_terminal_pk	log10(h)	log10			"{""assay_family"":""systemic_terminal_pk"",""binary_evidence_lane"":""not_binary"",""condition"":{""assay"":""radioimmunoassay"",""matrix"":""blood"",""protease"":""not_applicable"",""route"":""iv"",""species"":""rat""},""endpoint_family"":""T1/2"",""normalized_unit"":""log10(h)"",""parameter_basis"":""elapsed_time"",""parameter_semantics"":""systemic_terminal_pk"",""target_kind"":""regression"",""target_transform"":""log10""}"	2	0	0	0	0	1	1	false	false	below_current_per_task_size_gate
mlv1.t1_2.regression.systemic_terminal_pk.112c2b5db7b38782	T1/2	regression	systemic_terminal_pk	log10(h)	log10			"{""assay_family"":""systemic_terminal_pk"",""binary_evidence_lane"":""not_binary"",""condition"":{""assay"":""uplc_ms"",""matrix"":""plasma"",""protease"":""not_applicable"",""route"":""sc"",""species"":""rat""},""endpoint_family"":""T1/2"",""normalized_unit"":""log10(h)"",""parameter_basis"":""elapsed_time"",""parameter_semantics"":""systemic_terminal_pk"",""target_kind"":""regression"",""target_transform"":""log10""}"	11	1	0	0	0	1	2	false	false	below_current_per_task_size_gate
mlv1.t1_2.regression.systemic_terminal_pk.11660afe1f6015a5	T1/2	regression	systemic_terminal_pk	log10(h)	log10			"{""assay_family"":""systemic_terminal_pk"",""binary_evidence_lane"":""not_binary"",""condition"":{""assay"":""radioimmunoassay"",""matrix"":""other_intravenous_administration_9d8b15a8"",""protease"":""not_applicable"",""route"":""iv"",""species"":""rat""},""endpoint_family"":""T1/2"",""normalized_unit"":""log10(h)"",""parameter_basis"":""elapsed_time"",""parameter_semantics"":""systemic_terminal_pk"",""target_kind"":""regression"",""target_transform"":""log10""}"	2	0	0	0	0	1	1	false	false	below_current_per_task_size_gate
mlv1.t1_2.regression.systemic_terminal_pk.1179d452d2541efe	T1/2	regression	systemic_terminal_pk	log10(h)	log10			"{""assay_family"":""systemic_terminal_pk"",""binary_evidence_lane"":""not_binary"",""condition"":{""assay"":""radioactivity"",""matrix"":""plasma"",""protease"":""not_applicable"",""route"":""iv"",""species"":""mouse""},""endpoint_family"":""T1/2"",""normalized_unit"":""log10(h)"",""parameter_basis"":""elapsed_time"",""parameter_semantics"":""systemic_terminal_pk"",""target_kind"":""regression"",""target_transform"":""log10""}"	6	4	0	0	0	5	4	false	false	below_current_per_task_size_gate
mlv1.t1_2.regression.systemic_terminal_pk.11faaacbf19f1f4d	T1/2	regression	systemic_terminal_pk	log10(h)	log10			"{""assay_family"":""systemic_terminal_pk"",""binary_evidence_lane"":""not_binary"",""condition"":{""assay"":""lc_ms"",""matrix"":""plasma"",""protease"":""not_applicable"",""route"":""iv"",""species"":""rhesus_monkey""},""endpoint_family"":""T1/2"",""normalized_unit"":""log10(h)"",""parameter_basis"":""elapsed_time"",""parameter_semantics"":""systemic_terminal_pk"",""target_kind"":""regression"",""target_transform"":""log10""}"	1	1	0	0	0	1	1	false	false	below_current_per_task_size_gate
mlv1.t1_2.regression.systemic_terminal_pk.1203938ed05530e9	T1/2	regression	systemic_terminal_pk	log10(h)	log10			"{""assay_family"":""systemic_terminal_pk"",""binary_evidence_lane"":""not_binary"",""condition"":{""assay"":""radioimmunoassay"",""matrix"":""other_intravenous_injection_of_th_7504192f"",""protease"":""not_applicable"",""route"":""iv"",""species"":""rat""},""endpoint_family"":""T1/2"",""normalized_unit"":""log10(h)"",""parameter_basis"":""elapsed_time"",""parameter_semantics"":""systemic_terminal_pk"",""target_kind"":""regression"",""target_transform"":""log10""}"	3	0	0	0	0	0	1	false	false	below_current_per_task_size_gate
mlv1.t1_2.regression.systemic_terminal_pk.122a4d0c92d8f3ad	T1/2	regression	systemic_terminal_pk	log10(h)	log10			"{""assay_family"":""systemic_terminal_pk"",""binary_evidence_lane"":""not_binary"",""condition"":{""assay"":""radioimmunoassay"",""matrix"":""plasma"",""protease"":""not_applicable"",""route"":""im"",""species"":""rat""},""endpoint_family"":""T1/2"",""normalized_unit"":""log10(h)"",""parameter_basis"":""elapsed_time"",""parameter_semantics"":""systemic_terminal_pk"",""target_kind"":""regression"",""target_transform"":""log10""}"	3	0	0	0	0	0	1	false	false	below_current_per_task_size_gate
mlv1.t1_2.regression.systemic_terminal_pk.130e750b68865747	T1/2	regression	systemic_terminal_pk	log10(h)	log10			"{""assay_family"":""systemic_terminal_pk"",""binary_evidence_lane"":""not_binary"",""condition"":{""assay"":""other_ir_scanning_using_anti_b7d2a5dc"",""matrix"":""serum"",""protease"":""not_applicable"",""route"":""iv"",""species"":""mouse""},""endpoint_family"":""T1/2"",""normalized_unit"":""log10(h)"",""parameter_basis"":""elapsed_time"",""parameter_semantics"":""systemic_terminal_pk"",""target_kind"":""regression"",""target_transform"":""log10""}"	1	1	0	0	0	1	1	false	false	below_current_per_task_size_gate
mlv1.t1_2.regression.systemic_terminal_pk.13c5fc9e393d4491	T1/2	regression	systemic_terminal_pk	log10(h)	log10			"{""assay_family"":""systemic_terminal_pk"",""binary_evidence_lane"":""not_binary"",""condition"":{""assay"":""assay_not_reported"",""matrix"":""plasma"",""protease"":""not_applicable"",""route"":""route_not_reported"",""species"":""rat""},""endpoint_family"":""T1/2"",""normalized_unit"":""log10(h)"",""parameter_basis"":""elapsed_time"",""parameter_semantics"":""systemic_terminal_pk"",""target_kind"":""regression"",""target_transform"":""log10""}"	10	0	2	0	0	3	3	false	false	below_current_per_task_size_gate
mlv1.t1_2.regression.systemic_terminal_pk.13e17c10e6b26bc2	T1/2	regression	systemic_terminal_pk	log10(h)	log10			"{""assay_family"":""systemic_terminal_pk"",""binary_evidence_lane"":""not_binary"",""condition"":{""assay"":""other_western_blotting"",""matrix"":""plasma"",""protease"":""not_applicable"",""route"":""sc"",""species"":""mouse""},""endpoint_family"":""T1/2"",""normalized_unit"":""log10(h)"",""parameter_basis"":""elapsed_time"",""parameter_semantics"":""systemic_terminal_pk"",""target_kind"":""regression"",""target_transform"":""log10""}"	1	0	1	0	0	1	1	false	false	below_current_per_task_size_gate
mlv1.t1_2.regression.systemic_terminal_pk.147ee8d826b8a63b	T1/2	regression	systemic_terminal_pk	log10(h)	log10			"{""assay_family"":""systemic_terminal_pk"",""binary_evidence_lane"":""not_binary"",""condition"":{""assay"":""elisa"",""matrix"":""plasma"",""protease"":""not_applicable"",""route"":""iv"",""species"":""cynomolgus_monkey""},""endpoint_family"":""T1/2"",""normalized_unit"":""log10(h)"",""parameter_basis"":""elapsed_time"",""parameter_semantics"":""systemic_terminal_pk"",""target_kind"":""regression"",""target_transform"":""log10""}"	8	1	0	0	0	2	3	false	false	below_current_per_task_size_gate
mlv1.t1_2.regression.systemic_terminal_pk.14a3bbeaf879d057	T1/2	regression	systemic_terminal_pk	log10(h)	log10			"{""assay_family"":""systemic_terminal_pk"",""binary_evidence_lane"":""not_binary"",""condition"":{""assay"":""other_eia"",""matrix"":""plasma"",""protease"":""not_applicable"",""route"":""iv"",""species"":""mouse""},""endpoint_family"":""T1/2"",""normalized_unit"":""log10(h)"",""parameter_basis"":""elapsed_time"",""parameter_semantics"":""systemic_terminal_pk"",""target_kind"":""regression"",""target_transform"":""log10""}"	2	0	0	0	0	1	1	false	false	below_current_per_task_size_gate
mlv1.t1_2.regression.systemic_terminal_pk.15182e191993eca1	T1/2	regression	systemic_terminal_pk	log10(h)	log10			"{""assay_family"":""systemic_terminal_pk"",""binary_evidence_lane"":""not_binary"",""condition"":{""assay"":""lc_ms_ms"",""matrix"":""plasma"",""protease"":""not_applicable"",""route"":""im"",""species"":""dog""},""endpoint_family"":""T1/2"",""normalized_unit"":""log10(h)"",""parameter_basis"":""elapsed_time"",""parameter_semantics"":""systemic_terminal_pk"",""target_kind"":""regression"",""target_transform"":""log10""}"	4	0	0	0	0	1	1	false	false	below_current_per_task_size_gate
mlv1.t1_2.regression.systemic_terminal_pk.1633befc618015e6	T1/2	regression	systemic_terminal_pk	log10(h)	log10			"{""assay_family"":""systemic_terminal_pk"",""binary_evidence_lane"":""not_binary"",""condition"":{""assay"":""lc_ms_ms"",""matrix"":""plasma"",""protease"":""not_applicable"",""route"":""oral"",""species"":""rat""},""endpoint_family"":""T1/2"",""normalized_unit"":""log10(h)"",""parameter_basis"":""elapsed_time"",""parameter_semantics"":""systemic_terminal_pk"",""target_kind"":""regression"",""target_transform"":""log10""}"	5	0	0	0	0	0	1	false	false	below_current_per_task_size_gate
mlv1.t1_2.regression.systemic_terminal_pk.17998f1e4190c842	T1/2	regression	systemic_terminal_pk	log10(h)	log10			"{""assay_family"":""systemic_terminal_pk"",""binary_evidence_lane"":""not_binary"",""condition"":{""assay"":""elisa"",""matrix"":""serum"",""protease"":""not_applicable"",""route"":""sc_and_im"",""species"":""cynomolgus_monkey""},""endpoint_family"":""T1/2"",""normalized_unit"":""log10(h)"",""parameter_basis"":""elapsed_time"",""parameter_semantics"":""systemic_terminal_pk"",""target_kind"":""regression"",""target_transform"":""log10""}"	1	1	0	0	0	1	1	false	false	below_current_per_task_size_gate
mlv1.t1_2.regression.systemic_terminal_pk.190f9cf4892ea7be	T1/2	regression	systemic_terminal_pk	log10(h)	log10			"{""assay_family"":""systemic_terminal_pk"",""binary_evidence_lane"":""not_binary"",""condition"":{""assay"":""lc_ms_ms"",""matrix"":""plasma"",""protease"":""not_applicable"",""route"":""route_not_reported"",""species"":""human""},""endpoint_family"":""T1/2"",""normalized_unit"":""log10(h)"",""parameter_basis"":""elapsed_time"",""parameter_semantics"":""systemic_terminal_pk"",""target_kind"":""regression"",""target_transform"":""log10""}"	7	1	0	0	0	4	3	false	false	below_current_per_task_size_gate
mlv1.t1_2.regression.systemic_terminal_pk.19bdc3ed117e2a41	T1/2	regression	systemic_terminal_pk	log10(h)	log10			"{""assay_family"":""systemic_terminal_pk"",""binary_evidence_lane"":""not_binary"",""condition"":{""assay"":""hplc"",""matrix"":""other_dose_i_v_injected_urine_of_f7ba7764"",""protease"":""not_applicable"",""route"":""iv"",""species"":""species_not_reported""},""endpoint_family"":""T1/2"",""normalized_unit"":""log10(h)"",""parameter_basis"":""elapsed_time"",""parameter_semantics"":""systemic_terminal_pk"",""target_kind"":""regression"",""target_transform"":""log10""}"	1	1	0	0	0	1	1	false	false	below_current_per_task_size_gate
mlv1.t1_2.regression.systemic_terminal_pk.19cb7b6e241c45ca	T1/2	regression	systemic_terminal_pk	log10(h)	log10			"{""assay_family"":""systemic_terminal_pk"",""binary_evidence_lane"":""not_binary"",""condition"":{""assay"":""fluorescence"",""matrix"":""blood"",""protease"":""not_applicable"",""route"":""route_not_reported"",""species"":""mouse""},""endpoint_family"":""T1/2"",""normalized_unit"":""log10(h)"",""parameter_basis"":""elapsed_time"",""parameter_semantics"":""systemic_terminal_pk"",""target_kind"":""regression"",""target_transform"":""log10""}"	2	0	0	0	0	1	1	false	false	below_current_per_task_size_gate
mlv1.t1_2.regression.systemic_terminal_pk.19ddd70cf8afa7ab	T1/2	regression	systemic_terminal_pk	log10(h)	log10			"{""assay_family"":""systemic_terminal_pk"",""binary_evidence_lane"":""not_binary"",""condition"":{""assay"":""lc_ms"",""matrix"":""other_orally_administered_to_rat_a6bd0ef4"",""protease"":""not_applicable"",""route"":""oral"",""species"":""rat""},""endpoint_family"":""T1/2"",""normalized_unit"":""log10(h)"",""parameter_basis"":""elapsed_time"",""parameter_semantics"":""systemic_terminal_pk"",""target_kind"":""regression"",""target_transform"":""log10""}"	9	0	0	0	0	1	1	false	false	below_current_per_task_size_gate
mlv1.t1_2.regression.systemic_terminal_pk.19f9440b099488f9	T1/2	regression	systemic_terminal_pk	log10(h)	log10			"{""assay_family"":""systemic_terminal_pk"",""binary_evidence_lane"":""not_binary"",""condition"":{""assay"":""elisa"",""matrix"":""serum"",""protease"":""not_applicable"",""route"":""sc"",""species"":""rat""},""endpoint_family"":""T1/2"",""normalized_unit"":""log10(h)"",""parameter_basis"":""elapsed_time"",""parameter_semantics"":""systemic_terminal_pk"",""target_kind"":""regression"",""target_transform"":""log10""}"	29	10	1	0	0	12	9	false	false	below_current_per_task_size_gate
mlv1.t1_2.regression.systemic_terminal_pk.1ca11a8c34926c25	T1/2	regression	systemic_terminal_pk	log10(h)	log10			"{""assay_family"":""systemic_terminal_pk"",""binary_evidence_lane"":""not_binary"",""condition"":{""assay"":""elisa"",""matrix"":""serum"",""protease"":""not_applicable"",""route"":""sc"",""species"":""mouse""},""endpoint_family"":""T1/2"",""normalized_unit"":""log10(h)"",""parameter_basis"":""elapsed_time"",""parameter_semantics"":""systemic_terminal_pk"",""target_kind"":""regression"",""target_transform"":""log10""}"	16	1	0	0	0	2	5	false	false	below_current_per_task_size_gate
mlv1.t1_2.regression.systemic_terminal_pk.1df6a7d3e127a3ca	T1/2	regression	systemic_terminal_pk	log10(h)	log10			"{""assay_family"":""systemic_terminal_pk"",""binary_evidence_lane"":""not_binary"",""condition"":{""assay"":""elisa"",""matrix"":""plasma"",""protease"":""not_applicable"",""route"":""iv_and_sc"",""species"":""rat""},""endpoint_family"":""T1/2"",""normalized_unit"":""log10(h)"",""parameter_basis"":""elapsed_time"",""parameter_semantics"":""systemic_terminal_pk"",""target_kind"":""regression"",""target_transform"":""log10""}"	1	1	0	0	0	1	1	false	false	below_current_per_task_size_gate
mlv1.t1_2.regression.systemic_terminal_pk.1e048e8a11e89d89	T1/2	regression	systemic_terminal_pk	log10(h)	log10			"{""assay_family"":""systemic_terminal_pk"",""binary_evidence_lane"":""not_binary"",""condition"":{""assay"":""radioimmunoassay"",""matrix"":""serum"",""protease"":""not_applicable"",""route"":""sc"",""species"":""species_not_reported""},""endpoint_family"":""T1/2"",""normalized_unit"":""log10(h)"",""parameter_basis"":""elapsed_time"",""parameter_semantics"":""systemic_terminal_pk"",""target_kind"":""regression"",""target_transform"":""log10""}"	1	1	0	0	0	1	1	false	false	below_current_per_task_size_gate
mlv1.t1_2.regression.systemic_terminal_pk.1e5994ff4d62d5c6	T1/2	regression	systemic_terminal_pk	log10(h)	log10			"{""assay_family"":""systemic_terminal_pk"",""binary_evidence_lane"":""not_binary"",""condition"":{""assay"":""other_esi_lc_ms_ms"",""matrix"":""blood"",""protease"":""not_applicable"",""route"":""route_not_reported"",""species"":""rabbit""},""endpoint_family"":""T1/2"",""normalized_unit"":""log10(h)"",""parameter_basis"":""elapsed_time"",""parameter_semantics"":""systemic_terminal_pk"",""target_kind"":""regression"",""target_transform"":""log10""}"	2	2	0	0	0	2	1	false	false	below_current_per_task_size_gate
mlv1.t1_2.regression.systemic_terminal_pk.1eba143aa0b2d414	T1/2	regression	systemic_terminal_pk	log10(h)	log10			"{""assay_family"":""systemic_terminal_pk"",""binary_evidence_lane"":""not_binary"",""condition"":{""assay"":""other_alphalisa"",""matrix"":""serum"",""protease"":""not_applicable"",""route"":""iv"",""species"":""mouse""},""endpoint_family"":""T1/2"",""normalized_unit"":""log10(h)"",""parameter_basis"":""elapsed_time"",""parameter_semantics"":""systemic_terminal_pk"",""target_kind"":""regression"",""target_transform"":""log10""}"	4	4	0	0	0	4	1	false	false	below_current_per_task_size_gate
mlv1.t1_2.regression.systemic_terminal_pk.1f16bb49a72b2da1	T1/2	regression	systemic_terminal_pk	log10(h)	log10			"{""assay_family"":""systemic_terminal_pk"",""binary_evidence_lane"":""not_binary"",""condition"":{""assay"":""elisa"",""matrix"":""serum"",""protease"":""not_applicable"",""route"":""iv"",""species"":""rat""},""endpoint_family"":""T1/2"",""normalized_unit"":""log10(h)"",""parameter_basis"":""elapsed_time"",""parameter_semantics"":""systemic_terminal_pk"",""target_kind"":""regression"",""target_transform"":""log10""}"	16	8	0	0	0	10	7	false	false	below_current_per_task_size_gate
mlv1.t1_2.regression.systemic_terminal_pk.1f2bc5aa7c3a5ea5	T1/2	regression	systemic_terminal_pk	log10(h)	log10			"{""assay_family"":""systemic_terminal_pk"",""binary_evidence_lane"":""not_binary"",""condition"":{""assay"":""lc_ms"",""matrix"":""other_mouse_stomach_tissue_lysate_ea82b9d8"",""protease"":""not_applicable"",""route"":""route_not_reported"",""species"":""mouse""},""endpoint_family"":""T1/2"",""normalized_unit"":""log10(h)"",""parameter_basis"":""elapsed_time"",""parameter_semantics"":""systemic_terminal_pk"",""target_kind"":""regression"",""target_transform"":""log10""}"	1	1	0	0	0	1	1	false	false	below_current_per_task_size_gate
mlv1.t1_2.regression.systemic_terminal_pk.206c9f3c09c103ba	T1/2	regression	systemic_terminal_pk	log10(h)	log10			"{""assay_family"":""systemic_terminal_pk"",""binary_evidence_lane"":""not_binary"",""condition"":{""assay"":""other_irm_immunoradiometric_assays"",""matrix"":""plasma"",""protease"":""not_applicable"",""route"":""route_not_reported"",""species"":""human""},""endpoint_family"":""T1/2"",""normalized_unit"":""log10(h)"",""parameter_basis"":""elapsed_time"",""parameter_semantics"":""systemic_terminal_pk"",""target_kind"":""regression"",""target_transform"":""log10""}"	2	0	0	0	0	1	1	false	false	below_current_per_task_size_gate
mlv1.t1_2.regression.systemic_terminal_pk.211d73e8d2449f75	T1/2	regression	systemic_terminal_pk	log10(h)	log10			"{""assay_family"":""systemic_terminal_pk"",""binary_evidence_lane"":""not_binary"",""condition"":{""assay"":""fluorescence"",""matrix"":""other_e_coli_bl21_de3_star_strain_dbb77855"",""protease"":""not_applicable"",""route"":""route_not_reported"",""species"":""species_not_reported""},""endpoint_family"":""T1/2"",""normalized_unit"":""log10(h)"",""parameter_basis"":""elapsed_time"",""parameter_semantics"":""systemic_terminal_pk"",""target_kind"":""regression"",""target_transform"":""log10""}"	2	0	0	0	0	0	1	false	false	below_current_per_task_size_gate
mlv1.t1_2.regression.systemic_terminal_pk.215ecb3b4b44717d	T1/2	regression	systemic_terminal_pk	log10(h)	log10			"{""assay_family"":""systemic_terminal_pk"",""binary_evidence_lane"":""not_binary"",""condition"":{""assay"":""fluorescence"",""matrix"":""plasma"",""protease"":""not_applicable"",""route"":""iv"",""species"":""rat""},""endpoint_family"":""T1/2"",""normalized_unit"":""log10(h)"",""parameter_basis"":""elapsed_time"",""parameter_semantics"":""systemic_terminal_pk"",""target_kind"":""regression"",""target_transform"":""log10""}"	6	0	0	0	0	1	2	false	false	below_current_per_task_size_gate
mlv1.t1_2.regression.systemic_terminal_pk.216335b8bb238f8a	T1/2	regression	systemic_terminal_pk	log10(h)	log10			"{""assay_family"":""systemic_terminal_pk"",""binary_evidence_lane"":""not_binary"",""condition"":{""assay"":""uplc_ms"",""matrix"":""serum"",""protease"":""not_applicable"",""route"":""sc"",""species"":""rat""},""endpoint_family"":""T1/2"",""normalized_unit"":""log10(h)"",""parameter_basis"":""elapsed_time"",""parameter_semantics"":""systemic_terminal_pk"",""target_kind"":""regression"",""target_transform"":""log10""}"	3	1	0	0	0	1	1	false	false	below_current_per_task_size_gate
mlv1.t1_2.regression.systemic_terminal_pk.219f1df4ab8d5a1c	T1/2	regression	systemic_terminal_pk	log10(h)	log10			"{""assay_family"":""systemic_terminal_pk"",""binary_evidence_lane"":""not_binary"",""condition"":{""assay"":""lc_ms"",""matrix"":""plasma"",""protease"":""not_applicable"",""route"":""iv"",""species"":""cynomolgus_monkey""},""endpoint_family"":""T1/2"",""normalized_unit"":""log10(h)"",""parameter_basis"":""elapsed_time"",""parameter_semantics"":""systemic_terminal_pk"",""target_kind"":""regression"",""target_transform"":""log10""}"	2	0	0	0	0	0	2	false	false	below_current_per_task_size_gate
mlv1.t1_2.regression.systemic_terminal_pk.22d43acb960fe7c1	T1/2	regression	systemic_terminal_pk	log10(h)	log10			"{""assay_family"":""systemic_terminal_pk"",""binary_evidence_lane"":""not_binary"",""condition"":{""assay"":""other_lc_ms_ms"",""matrix"":""plasma"",""protease"":""not_applicable"",""route"":""oral"",""species"":""human""},""endpoint_family"":""T1/2"",""normalized_unit"":""log10(h)"",""parameter_basis"":""elapsed_time"",""parameter_semantics"":""systemic_terminal_pk"",""target_kind"":""regression"",""target_transform"":""log10""}"	4	0	0	0	0	1	1	false	false	below_current_per_task_size_gate
mlv1.t1_2.regression.systemic_terminal_pk.22f087b63ed9c61b	T1/2	regression	systemic_terminal_pk	log10(h)	log10			"{""assay_family"":""systemic_terminal_pk"",""binary_evidence_lane"":""not_binary"",""condition"":{""assay"":""other_dosimetry"",""matrix"":""other_whole_body_whole_body"",""protease"":""not_applicable"",""route"":""iv"",""species"":""species_not_reported""},""endpoint_family"":""T1/2"",""normalized_unit"":""log10(h)"",""parameter_basis"":""elapsed_time"",""parameter_semantics"":""systemic_terminal_pk"",""target_kind"":""regression"",""target_transform"":""log10""}"	1	0	0	0	0	0	1	false	false	below_current_per_task_size_gate
mlv1.t1_2.regression.systemic_terminal_pk.234fc54b50ca8a3a	T1/2	regression	systemic_terminal_pk	log10(h)	log10			"{""assay_family"":""systemic_terminal_pk"",""binary_evidence_lane"":""not_binary"",""condition"":{""assay"":""radioimmunoassay"",""matrix"":""plasma"",""protease"":""not_applicable"",""route"":""ip"",""species"":""mouse""},""endpoint_family"":""T1/2"",""normalized_unit"":""log10(h)"",""parameter_basis"":""elapsed_time"",""parameter_semantics"":""systemic_terminal_pk"",""target_kind"":""regression"",""target_transform"":""log10""}"	2	2	0	0	0	2	1	false	false	below_current_per_task_size_gate
mlv1.t1_2.regression.systemic_terminal_pk.241424634a562ea1	T1/2	regression	systemic_terminal_pk	log10(h)	log10			"{""assay_family"":""systemic_terminal_pk"",""binary_evidence_lane"":""not_binary"",""condition"":{""assay"":""radioactivity"",""matrix"":""blood"",""protease"":""not_applicable"",""route"":""iv"",""species"":""rat""},""endpoint_family"":""T1/2"",""normalized_unit"":""log10(h)"",""parameter_basis"":""elapsed_time"",""parameter_semantics"":""systemic_terminal_pk"",""target_kind"":""regression"",""target_transform"":""log10""}"	1	1	0	0	0	1	1	false	false	below_current_per_task_size_gate
mlv1.t1_2.regression.systemic_terminal_pk.24a0bd354c49e067	T1/2	regression	systemic_terminal_pk	log10(h)	log10			"{""assay_family"":""systemic_terminal_pk"",""binary_evidence_lane"":""not_binary"",""condition"":{""assay"":""radioactivity"",""matrix"":""other_mice_brain_homogenize_mice_6d2e4d69"",""protease"":""not_applicable"",""route"":""route_not_reported"",""species"":""mouse""},""endpoint_family"":""T1/2"",""normalized_unit"":""log10(h)"",""parameter_basis"":""elapsed_time"",""parameter_semantics"":""systemic_terminal_pk"",""target_kind"":""regression"",""target_transform"":""log10""}"	1	0	0	0	0	1	1	false	false	below_current_per_task_size_gate
mlv1.t1_2.regression.systemic_terminal_pk.25170c6344b8887c	T1/2	regression	systemic_terminal_pk	log10(h)	log10			"{""assay_family"":""systemic_terminal_pk"",""binary_evidence_lane"":""not_binary"",""condition"":{""assay"":""elisa"",""matrix"":""serum"",""protease"":""not_applicable"",""route"":""iv"",""species"":""mouse""},""endpoint_family"":""T1/2"",""normalized_unit"":""log10(h)"",""parameter_basis"":""elapsed_time"",""parameter_semantics"":""systemic_terminal_pk"",""target_kind"":""regression"",""target_transform"":""log10""}"	35	11	2	0	0	13	10	false	false	below_current_per_task_size_gate
mlv1.t1_2.regression.systemic_terminal_pk.2533a94547422075	T1/2	regression	systemic_terminal_pk	log10(h)	log10			"{""assay_family"":""systemic_terminal_pk"",""binary_evidence_lane"":""not_binary"",""condition"":{""assay"":""lc_ms"",""matrix"":""blood"",""protease"":""not_applicable"",""route"":""iv"",""species"":""rat""},""endpoint_family"":""T1/2"",""normalized_unit"":""log10(h)"",""parameter_basis"":""elapsed_time"",""parameter_semantics"":""systemic_terminal_pk"",""target_kind"":""regression"",""target_transform"":""log10""}"	1	1	0	0	0	1	1	false	false	below_current_per_task_size_gate
mlv1.t1_2.regression.systemic_terminal_pk.25a78fd528ccfe8c	T1/2	regression	systemic_terminal_pk	log10(h)	log10			"{""assay_family"":""systemic_terminal_pk"",""binary_evidence_lane"":""not_binary"",""condition"":{""assay"":""fluorescence"",""matrix"":""serum"",""protease"":""not_applicable"",""route"":""iv"",""species"":""rat""},""endpoint_family"":""T1/2"",""normalized_unit"":""log10(h)"",""parameter_basis"":""elapsed_time"",""parameter_semantics"":""systemic_terminal_pk"",""target_kind"":""regression"",""target_transform"":""log10""}"	4	1	0	0	0	1	1	false	false	below_current_per_task_size_gate
mlv1.t1_2.regression.systemic_terminal_pk.26525aa1f4b2771c	T1/2	regression	systemic_terminal_pk	log10(h)	log10			"{""assay_family"":""systemic_terminal_pk"",""binary_evidence_lane"":""not_binary"",""condition"":{""assay"":""assay_not_reported"",""matrix"":""plasma"",""protease"":""not_applicable"",""route"":""iv"",""species"":""human""},""endpoint_family"":""T1/2"",""normalized_unit"":""log10(h)"",""parameter_basis"":""elapsed_time"",""parameter_semantics"":""systemic_terminal_pk"",""target_kind"":""regression"",""target_transform"":""log10""}"	11	0	0	0	0	2	2	false	false	below_current_per_task_size_gate
mlv1.t1_2.regression.systemic_terminal_pk.26b59ca898d017c3	T1/2	regression	systemic_terminal_pk	log10(h)	log10			"{""assay_family"":""systemic_terminal_pk"",""binary_evidence_lane"":""not_binary"",""condition"":{""assay"":""other_icp_ms"",""matrix"":""serum"",""protease"":""not_applicable"",""route"":""ip"",""species"":""mouse""},""endpoint_family"":""T1/2"",""normalized_unit"":""log10(h)"",""parameter_basis"":""elapsed_time"",""parameter_semantics"":""systemic_terminal_pk"",""target_kind"":""regression"",""target_transform"":""log10""}"	1	1	0	0	0	1	1	false	false	below_current_per_task_size_gate
mlv1.t1_2.regression.systemic_terminal_pk.279802c36bca7b22	T1/2	regression	systemic_terminal_pk	log10(h)	log10			"{""assay_family"":""systemic_terminal_pk"",""binary_evidence_lane"":""not_binary"",""condition"":{""assay"":""mass_spectrometry"",""matrix"":""plasma"",""protease"":""not_applicable"",""route"":""iv"",""species"":""rat""},""endpoint_family"":""T1/2"",""normalized_unit"":""log10(h)"",""parameter_basis"":""elapsed_time"",""parameter_semantics"":""systemic_terminal_pk"",""target_kind"":""regression"",""target_transform"":""log10""}"	2	0	0	0	0	0	1	false	false	below_current_per_task_size_gate
mlv1.t1_2.regression.systemic_terminal_pk.27f5e442f46ec537	T1/2	regression	systemic_terminal_pk	log10(h)	log10			"{""assay_family"":""systemic_terminal_pk"",""binary_evidence_lane"":""not_binary"",""condition"":{""assay"":""elisa"",""matrix"":""plasma"",""protease"":""not_applicable"",""route"":""route_not_reported"",""species"":""rat""},""endpoint_family"":""T1/2"",""normalized_unit"":""log10(h)"",""parameter_basis"":""elapsed_time"",""parameter_semantics"":""systemic_terminal_pk"",""target_kind"":""regression"",""target_transform"":""log10""}"	8	0	0	0	0	1	2	false	false	below_current_per_task_size_gate
mlv1.t1_2.regression.systemic_terminal_pk.27faa4c8d048f33e	T1/2	regression	systemic_terminal_pk	log10(h)	log10			"{""assay_family"":""systemic_terminal_pk"",""binary_evidence_lane"":""not_binary"",""condition"":{""assay"":""other_2_site_immunoassay"",""matrix"":""plasma"",""protease"":""not_applicable"",""route"":""route_not_reported"",""species"":""human""},""endpoint_family"":""T1/2"",""normalized_unit"":""log10(h)"",""parameter_basis"":""elapsed_time"",""parameter_semantics"":""systemic_terminal_pk"",""target_kind"":""regression"",""target_transform"":""log10""}"	3	0	0	0	0	1	1	false	false	below_current_per_task_size_gate
mlv1.t1_2.regression.systemic_terminal_pk.285beac11e18b51e	T1/2	regression	systemic_terminal_pk	log10(h)	log10			"{""assay_family"":""systemic_terminal_pk"",""binary_evidence_lane"":""not_binary"",""condition"":{""assay"":""radioimmunoassay"",""matrix"":""other_intravenouly_injected_in_ma_ef8af020"",""protease"":""not_applicable"",""route"":""iv"",""species"":""rat""},""endpoint_family"":""T1/2"",""normalized_unit"":""log10(h)"",""parameter_basis"":""elapsed_time"",""parameter_semantics"":""systemic_terminal_pk"",""target_kind"":""regression"",""target_transform"":""log10""}"	1	1	0	0	0	1	1	false	false	below_current_per_task_size_gate
mlv1.t1_2.regression.systemic_terminal_pk.28960b7d4969287a	T1/2	regression	systemic_terminal_pk	log10(h)	log10			"{""assay_family"":""systemic_terminal_pk"",""binary_evidence_lane"":""not_binary"",""condition"":{""assay"":""assay_not_reported"",""matrix"":""other_mouse_plamsa_mouse_plamsa"",""protease"":""not_applicable"",""route"":""route_not_reported"",""species"":""mouse""},""endpoint_family"":""T1/2"",""normalized_unit"":""log10(h)"",""parameter_basis"":""elapsed_time"",""parameter_semantics"":""systemic_terminal_pk"",""target_kind"":""regression"",""target_transform"":""log10""}"	2	0	0	0	0	0	1	false	false	below_current_per_task_size_gate
mlv1.t1_2.regression.systemic_terminal_pk.28e187cd73d14b26	T1/2	regression	systemic_terminal_pk	log10(h)	log10			"{""assay_family"":""systemic_terminal_pk"",""binary_evidence_lane"":""not_binary"",""condition"":{""assay"":""radioimmunoassay"",""matrix"":""other_exogenously_administered_to_3cdc099b"",""protease"":""not_applicable"",""route"":""route_not_reported"",""species"":""rat""},""endpoint_family"":""T1/2"",""normalized_unit"":""log10(h)"",""parameter_basis"":""elapsed_time"",""parameter_semantics"":""systemic_terminal_pk"",""target_kind"":""regression"",""target_transform"":""log10""}"	2	0	0	0	0	1	1	false	false	below_current_per_task_size_gate
mlv1.t1_2.regression.systemic_terminal_pk.2998e8c84f048c96	T1/2	regression	systemic_terminal_pk	log10(h)	log10			"{""assay_family"":""systemic_terminal_pk"",""binary_evidence_lane"":""not_binary"",""condition"":{""assay"":""lc_ms_ms"",""matrix"":""plasma"",""protease"":""not_applicable"",""route"":""iv"",""species"":""rabbit""},""endpoint_family"":""T1/2"",""normalized_unit"":""log10(h)"",""parameter_basis"":""elapsed_time"",""parameter_semantics"":""systemic_terminal_pk"",""target_kind"":""regression"",""target_transform"":""log10""}"	3	0	3	0	0	3	1	false	false	below_current_per_task_size_gate
mlv1.t1_2.regression.systemic_terminal_pk.29a79a2fabf68c7d	T1/2	regression	systemic_terminal_pk	log10(h)	log10			"{""assay_family"":""systemic_terminal_pk"",""binary_evidence_lane"":""not_binary"",""condition"":{""assay"":""lc_ms"",""matrix"":""plasma"",""protease"":""not_applicable"",""route"":""sc"",""species"":""rhesus_monkey""},""endpoint_family"":""T1/2"",""normalized_unit"":""log10(h)"",""parameter_basis"":""elapsed_time"",""parameter_semantics"":""systemic_terminal_pk"",""target_kind"":""regression"",""target_transform"":""log10""}"	5	0	0	0	0	1	1	false	false	below_current_per_task_size_gate
mlv1.t1_2.regression.systemic_terminal_pk.2a16ccc7d08540f3	T1/2	regression	systemic_terminal_pk	log10(h)	log10			"{""assay_family"":""systemic_terminal_pk"",""binary_evidence_lane"":""not_binary"",""condition"":{""assay"":""assay_not_reported"",""matrix"":""serum"",""protease"":""not_applicable"",""route"":""route_not_reported"",""species"":""mouse""},""endpoint_family"":""T1/2"",""normalized_unit"":""log10(h)"",""parameter_basis"":""elapsed_time"",""parameter_semantics"":""systemic_terminal_pk"",""target_kind"":""regression"",""target_transform"":""log10""}"	2	0	0	0	0	1	1	false	false	below_current_per_task_size_gate
mlv1.t1_2.regression.systemic_terminal_pk.2a1c378178fb4998	T1/2	regression	systemic_terminal_pk	log10(h)	log10			"{""assay_family"":""systemic_terminal_pk"",""binary_evidence_lane"":""not_binary"",""condition"":{""assay"":""other_peptherdia_curated_appr_7011057c"",""matrix"":""other_terminal_half_life"",""protease"":""not_applicable"",""route"":""sc"",""species"":""human""},""endpoint_family"":""T1/2"",""normalized_unit"":""log10(h)"",""parameter_basis"":""elapsed_time"",""parameter_semantics"":""systemic_terminal_pk"",""target_kind"":""regression"",""target_transform"":""log10""}"	15	12	3	0	0	15	3	false	false	below_current_per_task_size_gate
mlv1.t1_2.regression.systemic_terminal_pk.2a40e2ef1f0dc300	T1/2	regression	systemic_terminal_pk	log10(h)	log10			"{""assay_family"":""systemic_terminal_pk"",""binary_evidence_lane"":""not_binary"",""condition"":{""assay"":""lc_ms_ms"",""matrix"":""plasma"",""protease"":""not_applicable"",""route"":""iv"",""species"":""cynomolgus_monkey""},""endpoint_family"":""T1/2"",""normalized_unit"":""log10(h)"",""parameter_basis"":""elapsed_time"",""parameter_semantics"":""systemic_terminal_pk"",""target_kind"":""regression"",""target_transform"":""log10""}"	9	1	0	0	0	2	4	false	false	below_current_per_task_size_gate
mlv1.t1_2.regression.systemic_terminal_pk.2b37f17b728c21c0	T1/2	regression	systemic_terminal_pk	log10(h)	log10			"{""assay_family"":""systemic_terminal_pk"",""binary_evidence_lane"":""not_binary"",""condition"":{""assay"":""hplc"",""matrix"":""plasma"",""protease"":""not_applicable"",""route"":""route_not_reported"",""species"":""species_not_reported""},""endpoint_family"":""T1/2"",""normalized_unit"":""log10(h)"",""parameter_basis"":""elapsed_time"",""parameter_semantics"":""systemic_terminal_pk"",""target_kind"":""regression"",""target_transform"":""log10""}"	2	0	0	0	0	1	1	false	false	below_current_per_task_size_gate
mlv1.t1_2.regression.systemic_terminal_pk.2b702c8b2a546428	T1/2	regression	systemic_terminal_pk	log10(h)	log10			"{""assay_family"":""systemic_terminal_pk"",""binary_evidence_lane"":""not_binary"",""condition"":{""assay"":""assay_not_reported"",""matrix"":""other_isolated_perfused_rat_kidne_e0e597e4"",""protease"":""not_applicable"",""route"":""route_not_reported"",""species"":""rat""},""endpoint_family"":""T1/2"",""normalized_unit"":""log10(h)"",""parameter_basis"":""elapsed_time"",""parameter_semantics"":""systemic_terminal_pk"",""target_kind"":""regression"",""target_transform"":""log10""}"	1	1	0	0	0	1	1	false	false	below_current_per_task_size_gate
mlv1.t1_2.regression.systemic_terminal_pk.2ca8f1bb27a23ad1	T1/2	regression	systemic_terminal_pk	log10(h)	log10			"{""assay_family"":""systemic_terminal_pk"",""binary_evidence_lane"":""not_binary"",""condition"":{""assay"":""other_lc_hrms"",""matrix"":""plasma"",""protease"":""not_applicable"",""route"":""iv"",""species"":""rat""},""endpoint_family"":""T1/2"",""normalized_unit"":""log10(h)"",""parameter_basis"":""elapsed_time"",""parameter_semantics"":""systemic_terminal_pk"",""target_kind"":""regression"",""target_transform"":""log10""}"	1	0	0	0	0	0	1	false	false	below_current_per_task_size_gate
mlv1.t1_2.regression.systemic_terminal_pk.2ce26f5fd8fe0041	T1/2	regression	systemic_terminal_pk	log10(h)	log10			"{""assay_family"":""systemic_terminal_pk"",""binary_evidence_lane"":""not_binary"",""condition"":{""assay"":""hplc"",""matrix"":""plasma"",""protease"":""not_applicable"",""route"":""sc"",""species"":""mouse""},""endpoint_family"":""T1/2"",""normalized_unit"":""log10(h)"",""parameter_basis"":""elapsed_time"",""parameter_semantics"":""systemic_terminal_pk"",""target_kind"":""regression"",""target_transform"":""log10""}"	3	3	0	0	0	3	3	false	false	below_current_per_task_size_gate
mlv1.t1_2.regression.systemic_terminal_pk.2cfc3d50b952581c	T1/2	regression	systemic_terminal_pk	log10(h)	log10			"{""assay_family"":""systemic_terminal_pk"",""binary_evidence_lane"":""not_binary"",""condition"":{""assay"":""hplc"",""matrix"":""plasma"",""protease"":""not_applicable"",""route"":""ip"",""species"":""mouse""},""endpoint_family"":""T1/2"",""normalized_unit"":""log10(h)"",""parameter_basis"":""elapsed_time"",""parameter_semantics"":""systemic_terminal_pk"",""target_kind"":""regression"",""target_transform"":""log10""}"	5	1	0	0	0	1	2	false	false	below_current_per_task_size_gate
mlv1.t1_2.regression.systemic_terminal_pk.2e1c2165985ded68	T1/2	regression	systemic_terminal_pk	log10(h)	log10			"{""assay_family"":""systemic_terminal_pk"",""binary_evidence_lane"":""not_binary"",""condition"":{""assay"":""assay_not_reported"",""matrix"":""other_human_intravascular_sample_3d547f67"",""protease"":""not_applicable"",""route"":""iv"",""species"":""human""},""endpoint_family"":""T1/2"",""normalized_unit"":""log10(h)"",""parameter_basis"":""elapsed_time"",""parameter_semantics"":""systemic_terminal_pk"",""target_kind"":""regression"",""target_transform"":""log10""}"	2	0	0	0	0	1	1	false	false	below_current_per_task_size_gate
mlv1.t1_2.regression.systemic_terminal_pk.2e322664d02fcf24	T1/2	regression	systemic_terminal_pk	log10(h)	log10			"{""assay_family"":""systemic_terminal_pk"",""binary_evidence_lane"":""not_binary"",""condition"":{""assay"":""radioimmunoassay"",""matrix"":""plasma"",""protease"":""not_applicable"",""route"":""route_not_reported"",""species"":""rat""},""endpoint_family"":""T1/2"",""normalized_unit"":""log10(h)"",""parameter_basis"":""elapsed_time"",""parameter_semantics"":""systemic_terminal_pk"",""target_kind"":""regression"",""target_transform"":""log10""}"	8	2	0	0	0	4	4	false	false	below_current_per_task_size_gate
mlv1.t1_2.regression.systemic_terminal_pk.2e8d45705de957fa	T1/2	regression	systemic_terminal_pk	log10(h)	log10			"{""assay_family"":""systemic_terminal_pk"",""binary_evidence_lane"":""not_binary"",""condition"":{""assay"":""other_eia"",""matrix"":""serum"",""protease"":""not_applicable"",""route"":""sc"",""species"":""mouse""},""endpoint_family"":""T1/2"",""normalized_unit"":""log10(h)"",""parameter_basis"":""elapsed_time"",""parameter_semantics"":""systemic_terminal_pk"",""target_kind"":""regression"",""target_transform"":""log10""}"	1	0	0	0	0	0	1	false	false	below_current_per_task_size_gate
mlv1.t1_2.regression.systemic_terminal_pk.3006d19bda5ff8d3	T1/2	regression	systemic_terminal_pk	log10(h)	log10			"{""assay_family"":""systemic_terminal_pk"",""binary_evidence_lane"":""not_binary"",""condition"":{""assay"":""other_tlc"",""matrix"":""plasma"",""protease"":""not_applicable"",""route"":""iv"",""species"":""mouse""},""endpoint_family"":""T1/2"",""normalized_unit"":""log10(h)"",""parameter_basis"":""elapsed_time"",""parameter_semantics"":""systemic_terminal_pk"",""target_kind"":""regression"",""target_transform"":""log10""}"	1	1	0	0	0	1	1	false	false	below_current_per_task_size_gate
mlv1.t1_2.regression.systemic_terminal_pk.31a745dd502f17a4	T1/2	regression	systemic_terminal_pk	log10(h)	log10			"{""assay_family"":""systemic_terminal_pk"",""binary_evidence_lane"":""not_binary"",""condition"":{""assay"":""radioimmunoassay"",""matrix"":""plasma"",""protease"":""not_applicable"",""route"":""iv"",""species"":""mouse""},""endpoint_family"":""T1/2"",""normalized_unit"":""log10(h)"",""parameter_basis"":""elapsed_time"",""parameter_semantics"":""systemic_terminal_pk"",""target_kind"":""regression"",""target_transform"":""log10""}"	6	0	0	0	0	3	2	false	false	below_current_per_task_size_gate
mlv1.t1_2.regression.systemic_terminal_pk.31b3d1821c066de3	T1/2	regression	systemic_terminal_pk	log10(h)	log10			"{""assay_family"":""systemic_terminal_pk"",""binary_evidence_lane"":""not_binary"",""condition"":{""assay"":""lc_ms_ms"",""matrix"":""non_brain_homogenate"",""protease"":""not_applicable"",""route"":""oral"",""species"":""mouse""},""endpoint_family"":""T1/2"",""normalized_unit"":""log10(h)"",""parameter_basis"":""elapsed_time"",""parameter_semantics"":""systemic_terminal_pk"",""target_kind"":""regression"",""target_transform"":""log10""}"	1	0	0	0	0	0	1	false	false	below_current_per_task_size_gate
mlv1.t1_2.regression.systemic_terminal_pk.323a2a2264e55256	T1/2	regression	systemic_terminal_pk	log10(h)	log10			"{""assay_family"":""systemic_terminal_pk"",""binary_evidence_lane"":""not_binary"",""condition"":{""assay"":""elisa"",""matrix"":""blood"",""protease"":""not_applicable"",""route"":""iv"",""species"":""rabbit""},""endpoint_family"":""T1/2"",""normalized_unit"":""log10(h)"",""parameter_basis"":""elapsed_time"",""parameter_semantics"":""systemic_terminal_pk"",""target_kind"":""regression"",""target_transform"":""log10""}"	9	0	0	0	0	1	2	false	false	below_current_per_task_size_gate
mlv1.t1_2.regression.systemic_terminal_pk.32fb1cb1592c034b	T1/2	regression	systemic_terminal_pk	log10(h)	log10			"{""assay_family"":""systemic_terminal_pk"",""binary_evidence_lane"":""not_binary"",""condition"":{""assay"":""radioimmunoassay"",""matrix"":""serum"",""protease"":""not_applicable"",""route"":""route_not_reported"",""species"":""rat""},""endpoint_family"":""T1/2"",""normalized_unit"":""log10(h)"",""parameter_basis"":""elapsed_time"",""parameter_semantics"":""systemic_terminal_pk"",""target_kind"":""regression"",""target_transform"":""log10""}"	3	3	0	0	0	3	1	false	false	below_current_per_task_size_gate
mlv1.t1_2.regression.systemic_terminal_pk.331f4b3096c37a0c	T1/2	regression	systemic_terminal_pk	log10(h)	log10			"{""assay_family"":""systemic_terminal_pk"",""binary_evidence_lane"":""not_binary"",""condition"":{""assay"":""hplc"",""matrix"":""plasma"",""protease"":""not_applicable"",""route"":""iv"",""species"":""mouse""},""endpoint_family"":""T1/2"",""normalized_unit"":""log10(h)"",""parameter_basis"":""elapsed_time"",""parameter_semantics"":""systemic_terminal_pk"",""target_kind"":""regression"",""target_transform"":""log10""}"	7	6	0	0	0	5	6	false	false	below_current_per_task_size_gate
mlv1.t1_2.regression.systemic_terminal_pk.33ab53331859f522	T1/2	regression	systemic_terminal_pk	log10(h)	log10			"{""assay_family"":""systemic_terminal_pk"",""binary_evidence_lane"":""not_binary"",""condition"":{""assay"":""other_eia"",""matrix"":""serum"",""protease"":""not_applicable"",""route"":""oral"",""species"":""mouse""},""endpoint_family"":""T1/2"",""normalized_unit"":""log10(h)"",""parameter_basis"":""elapsed_time"",""parameter_semantics"":""systemic_terminal_pk"",""target_kind"":""regression"",""target_transform"":""log10""}"	3	0	0	0	0	0	1	false	false	below_current_per_task_size_gate
mlv1.t1_2.regression.systemic_terminal_pk.33dff9f519e26d9e	T1/2	regression	systemic_terminal_pk	log10(h)	log10			"{""assay_family"":""systemic_terminal_pk"",""binary_evidence_lane"":""not_binary"",""condition"":{""assay"":""mass_spectrometry"",""matrix"":""plasma"",""protease"":""not_applicable"",""route"":""im"",""species"":""species_not_reported""},""endpoint_family"":""T1/2"",""normalized_unit"":""log10(h)"",""parameter_basis"":""elapsed_time"",""parameter_semantics"":""systemic_terminal_pk"",""target_kind"":""regression"",""target_transform"":""log10""}"	1	1	0	0	0	1	1	false	false	below_current_per_task_size_gate
mlv1.t1_2.regression.systemic_terminal_pk.33e21eff28aaf874	T1/2	regression	systemic_terminal_pk	log10(h)	log10			"{""assay_family"":""systemic_terminal_pk"",""binary_evidence_lane"":""not_binary"",""condition"":{""assay"":""other_tlc"",""matrix"":""plasma"",""protease"":""not_applicable"",""route"":""ip"",""species"":""mouse""},""endpoint_family"":""T1/2"",""normalized_unit"":""log10(h)"",""parameter_basis"":""elapsed_time"",""parameter_semantics"":""systemic_terminal_pk"",""target_kind"":""regression"",""target_transform"":""log10""}"	1	1	0	0	0	1	1	false	false	below_current_per_task_size_gate
mlv1.t1_2.regression.systemic_terminal_pk.3493c4ad32318c0e	T1/2	regression	systemic_terminal_pk	log10(h)	log10			"{""assay_family"":""systemic_terminal_pk"",""binary_evidence_lane"":""not_binary"",""condition"":{""assay"":""lc_ms"",""matrix"":""plasma"",""protease"":""not_applicable"",""route"":""sc"",""species"":""dog""},""endpoint_family"":""T1/2"",""normalized_unit"":""log10(h)"",""parameter_basis"":""elapsed_time"",""parameter_semantics"":""systemic_terminal_pk"",""target_kind"":""regression"",""target_transform"":""log10""}"	4	1	0	0	0	2	2	false	false	below_current_per_task_size_gate
mlv1.t1_2.regression.systemic_terminal_pk.352f7f1146e5f190	T1/2	regression	systemic_terminal_pk	log10(h)	log10			"{""assay_family"":""systemic_terminal_pk"",""binary_evidence_lane"":""not_binary"",""condition"":{""assay"":""other_eia"",""matrix"":""plasma"",""protease"":""not_applicable"",""route"":""sc"",""species"":""rat""},""endpoint_family"":""T1/2"",""normalized_unit"":""log10(h)"",""parameter_basis"":""elapsed_time"",""parameter_semantics"":""systemic_terminal_pk"",""target_kind"":""regression"",""target_transform"":""log10""}"	2	0	0	0	0	1	1	false	false	below_current_per_task_size_gate
mlv1.t1_2.regression.systemic_terminal_pk.35a84404454924e1	T1/2	regression	systemic_terminal_pk	log10(h)	log10			"{""assay_family"":""systemic_terminal_pk"",""binary_evidence_lane"":""not_binary"",""condition"":{""assay"":""other_scintillation_proximity_assay"",""matrix"":""plasma"",""protease"":""not_applicable"",""route"":""iv"",""species"":""rat""},""endpoint_family"":""T1/2"",""normalized_unit"":""log10(h)"",""parameter_basis"":""elapsed_time"",""parameter_semantics"":""systemic_terminal_pk"",""target_kind"":""regression"",""target_transform"":""log10""}"	7	0	0	0	0	0	1	false	false	below_current_per_task_size_gate
mlv1.t1_2.regression.systemic_terminal_pk.36114d47b8ee11f3	T1/2	regression	systemic_terminal_pk	log10(h)	log10			"{""assay_family"":""systemic_terminal_pk"",""binary_evidence_lane"":""not_binary"",""condition"":{""assay"":""radioactivity"",""matrix"":""plasma"",""protease"":""not_applicable"",""route"":""iv"",""species"":""human""},""endpoint_family"":""T1/2"",""normalized_unit"":""log10(h)"",""parameter_basis"":""elapsed_time"",""parameter_semantics"":""systemic_terminal_pk"",""target_kind"":""regression"",""target_transform"":""log10""}"	1	0	0	0	0	0	1	false	false	below_current_per_task_size_gate
mlv1.t1_2.regression.systemic_terminal_pk.36ca26512b48f7b9	T1/2	regression	systemic_terminal_pk	log10(h)	log10			"{""assay_family"":""systemic_terminal_pk"",""binary_evidence_lane"":""not_binary"",""condition"":{""assay"":""radioimmunoassay"",""matrix"":""other_subcutaneous_injection_to_m_bb37b076"",""protease"":""not_applicable"",""route"":""sc"",""species"":""dog""},""endpoint_family"":""T1/2"",""normalized_unit"":""log10(h)"",""parameter_basis"":""elapsed_time"",""parameter_semantics"":""systemic_terminal_pk"",""target_kind"":""regression"",""target_transform"":""log10""}"	3	0	0	0	0	1	1	false	false	below_current_per_task_size_gate
mlv1.t1_2.regression.systemic_terminal_pk.37536beda08217a2	T1/2	regression	systemic_terminal_pk	log10(h)	log10			"{""assay_family"":""systemic_terminal_pk"",""binary_evidence_lane"":""not_binary"",""condition"":{""assay"":""hplc"",""matrix"":""plasma"",""protease"":""not_applicable"",""route"":""route_not_reported"",""species"":""human""},""endpoint_family"":""T1/2"",""normalized_unit"":""log10(h)"",""parameter_basis"":""elapsed_time"",""parameter_semantics"":""systemic_terminal_pk"",""target_kind"":""regression"",""target_transform"":""log10""}"	1	1	0	0	0	1	1	false	false	below_current_per_task_size_gate
mlv1.t1_2.regression.systemic_terminal_pk.375ff819d7f71427	T1/2	regression	systemic_terminal_pk	log10(h)	log10			"{""assay_family"":""systemic_terminal_pk"",""binary_evidence_lane"":""not_binary"",""condition"":{""assay"":""fluorescence"",""matrix"":""plasma"",""protease"":""not_applicable"",""route"":""route_not_reported"",""species"":""rat""},""endpoint_family"":""T1/2"",""normalized_unit"":""log10(h)"",""parameter_basis"":""elapsed_time"",""parameter_semantics"":""systemic_terminal_pk"",""target_kind"":""regression"",""target_transform"":""log10""}"	4	0	0	0	0	0	1	false	false	below_current_per_task_size_gate
mlv1.t1_2.regression.systemic_terminal_pk.386be951670e9578	T1/2	regression	systemic_terminal_pk	log10(h)	log10			"{""assay_family"":""systemic_terminal_pk"",""binary_evidence_lane"":""not_binary"",""condition"":{""assay"":""other_camp_assay"",""matrix"":""other_rats_rats"",""protease"":""not_applicable"",""route"":""sc"",""species"":""rat""},""endpoint_family"":""T1/2"",""normalized_unit"":""log10(h)"",""parameter_basis"":""elapsed_time"",""parameter_semantics"":""systemic_terminal_pk"",""target_kind"":""regression"",""target_transform"":""log10""}"	1	1	0	0	0	1	1	false	false	below_current_per_task_size_gate
mlv1.t1_2.regression.systemic_terminal_pk.38fe62491e65f21f	T1/2	regression	systemic_terminal_pk	log10(h)	log10			"{""assay_family"":""systemic_terminal_pk"",""binary_evidence_lane"":""not_binary"",""condition"":{""assay"":""lc_ms_ms"",""matrix"":""blood"",""protease"":""not_applicable"",""route"":""iv"",""species"":""mouse""},""endpoint_family"":""T1/2"",""normalized_unit"":""log10(h)"",""parameter_basis"":""elapsed_time"",""parameter_semantics"":""systemic_terminal_pk"",""target_kind"":""regression"",""target_transform"":""log10""}"	2	0	0	0	0	1	1	false	false	below_current_per_task_size_gate
mlv1.t1_2.regression.systemic_terminal_pk.39286e2c6d474df7	T1/2	regression	systemic_terminal_pk	log10(h)	log10			"{""assay_family"":""systemic_terminal_pk"",""binary_evidence_lane"":""not_binary"",""condition"":{""assay"":""lc_ms_ms"",""matrix"":""plasma"",""protease"":""not_applicable"",""route"":""iv"",""species"":""species_not_reported""},""endpoint_family"":""T1/2"",""normalized_unit"":""log10(h)"",""parameter_basis"":""elapsed_time"",""parameter_semantics"":""systemic_terminal_pk"",""target_kind"":""regression"",""target_transform"":""log10""}"	4	0	0	0	0	1	1	false	false	below_current_per_task_size_gate
mlv1.t1_2.regression.systemic_terminal_pk.39631840371ee1b5	T1/2	regression	systemic_terminal_pk	log10(h)	log10			"{""assay_family"":""systemic_terminal_pk"",""binary_evidence_lane"":""not_binary"",""condition"":{""assay"":""hplc"",""matrix"":""plasma"",""protease"":""not_applicable"",""route"":""iv"",""species"":""species_not_reported""},""endpoint_family"":""T1/2"",""normalized_unit"":""log10(h)"",""parameter_basis"":""elapsed_time"",""parameter_semantics"":""systemic_terminal_pk"",""target_kind"":""regression"",""target_transform"":""log10""}"	1	1	0	0	0	1	1	false	false	below_current_per_task_size_gate
mlv1.t1_2.regression.systemic_terminal_pk.398a3bbb3e0fded8	T1/2	regression	systemic_terminal_pk	log10(h)	log10			"{""assay_family"":""systemic_terminal_pk"",""binary_evidence_lane"":""not_binary"",""condition"":{""assay"":""elisa"",""matrix"":""blood"",""protease"":""not_applicable"",""route"":""route_not_reported"",""species"":""pig""},""endpoint_family"":""T1/2"",""normalized_unit"":""log10(h)"",""parameter_basis"":""elapsed_time"",""parameter_semantics"":""systemic_terminal_pk"",""target_kind"":""regression"",""target_transform"":""log10""}"	2	0	0	0	0	1	1	false	false	below_current_per_task_size_gate
mlv1.t1_2.regression.systemic_terminal_pk.3a53889c5606faee	T1/2	regression	systemic_terminal_pk	log10(h)	log10			"{""assay_family"":""systemic_terminal_pk"",""binary_evidence_lane"":""not_binary"",""condition"":{""assay"":""radioimmunoassay"",""matrix"":""plasma"",""protease"":""not_applicable"",""route"":""route_not_reported"",""species"":""rabbit""},""endpoint_family"":""T1/2"",""normalized_unit"":""log10(h)"",""parameter_basis"":""elapsed_time"",""parameter_semantics"":""systemic_terminal_pk"",""target_kind"":""regression"",""target_transform"":""log10""}"	7	0	0	0	0	3	2	false	false	below_current_per_task_size_gate
mlv1.t1_2.regression.systemic_terminal_pk.3a6dc6057b3a9db9	T1/2	regression	systemic_terminal_pk	log10(h)	log10			"{""assay_family"":""systemic_terminal_pk"",""binary_evidence_lane"":""not_binary"",""condition"":{""assay"":""fluorescence"",""matrix"":""other_intravenous_injection_in_tw_ea326f05"",""protease"":""not_applicable"",""route"":""iv"",""species"":""mouse""},""endpoint_family"":""T1/2"",""normalized_unit"":""log10(h)"",""parameter_basis"":""elapsed_time"",""parameter_semantics"":""systemic_terminal_pk"",""target_kind"":""regression"",""target_transform"":""log10""}"	2	2	0	0	0	2	1	false	false	below_current_per_task_size_gate
mlv1.t1_2.regression.systemic_terminal_pk.3aaded65f4b8f7fd	T1/2	regression	systemic_terminal_pk	log10(h)	log10			"{""assay_family"":""systemic_terminal_pk"",""binary_evidence_lane"":""not_binary"",""condition"":{""assay"":""lc_ms_ms"",""matrix"":""other_female_wistar_rats_female_w_c5442fef"",""protease"":""not_applicable"",""route"":""route_not_reported"",""species"":""rat""},""endpoint_family"":""T1/2"",""normalized_unit"":""log10(h)"",""parameter_basis"":""elapsed_time"",""parameter_semantics"":""systemic_terminal_pk"",""target_kind"":""regression"",""target_transform"":""log10""}"	2	2	0	0	0	2	1	false	false	below_current_per_task_size_gate
mlv1.t1_2.regression.systemic_terminal_pk.3ad8fe85e9cb7cd4	T1/2	regression	systemic_terminal_pk	log10(h)	log10			"{""assay_family"":""systemic_terminal_pk"",""binary_evidence_lane"":""not_binary"",""condition"":{""assay"":""hplc"",""matrix"":""other_nasal_administration_to_mal_74882624"",""protease"":""not_applicable"",""route"":""intranasal"",""species"":""rat""},""endpoint_family"":""T1/2"",""normalized_unit"":""log10(h)"",""parameter_basis"":""elapsed_time"",""parameter_semantics"":""systemic_terminal_pk"",""target_kind"":""regression"",""target_transform"":""log10""}"	3	1	0	0	0	2	1	false	false	below_current_per_task_size_gate
mlv1.t1_2.regression.systemic_terminal_pk.3b55359e54b6d5e8	T1/2	regression	systemic_terminal_pk	log10(h)	log10			"{""assay_family"":""systemic_terminal_pk"",""binary_evidence_lane"":""not_binary"",""condition"":{""assay"":""radioimmunoassay"",""matrix"":""serum"",""protease"":""not_applicable"",""route"":""im"",""species"":""human""},""endpoint_family"":""T1/2"",""normalized_unit"":""log10(h)"",""parameter_basis"":""elapsed_time"",""parameter_semantics"":""systemic_terminal_pk"",""target_kind"":""regression"",""target_transform"":""log10""}"	1	1	0	0	0	1	1	false	false	below_current_per_task_size_gate
mlv1.t1_2.regression.systemic_terminal_pk.3c1cd160b5b47a73	T1/2	regression	systemic_terminal_pk	log10(h)	log10			"{""assay_family"":""systemic_terminal_pk"",""binary_evidence_lane"":""not_binary"",""condition"":{""assay"":""other_spectrofluorometry"",""matrix"":""plasma"",""protease"":""not_applicable"",""route"":""iv"",""species"":""rabbit""},""endpoint_family"":""T1/2"",""normalized_unit"":""log10(h)"",""parameter_basis"":""elapsed_time"",""parameter_semantics"":""systemic_terminal_pk"",""target_kind"":""regression"",""target_transform"":""log10""}"	3	3	0	0	0	3	1	false	false	below_current_per_task_size_gate
mlv1.t1_2.regression.systemic_terminal_pk.3efba457bde962a2	T1/2	regression	systemic_terminal_pk	log10(h)	log10			"{""assay_family"":""systemic_terminal_pk"",""binary_evidence_lane"":""not_binary"",""condition"":{""assay"":""elisa"",""matrix"":""plasma"",""protease"":""not_applicable"",""route"":""iv"",""species"":""rat""},""endpoint_family"":""T1/2"",""normalized_unit"":""log10(h)"",""parameter_basis"":""elapsed_time"",""parameter_semantics"":""systemic_terminal_pk"",""target_kind"":""regression"",""target_transform"":""log10""}"	46	18	1	0	0	25	17	false	false	below_current_per_task_size_gate
mlv1.t1_2.regression.systemic_terminal_pk.3f3d7557564285eb	T1/2	regression	systemic_terminal_pk	log10(h)	log10			"{""assay_family"":""systemic_terminal_pk"",""binary_evidence_lane"":""not_binary"",""condition"":{""assay"":""assay_not_reported"",""matrix"":""other_intravenously_injected_in_h_b72ba809"",""protease"":""not_applicable"",""route"":""iv"",""species"":""species_not_reported""},""endpoint_family"":""T1/2"",""normalized_unit"":""log10(h)"",""parameter_basis"":""elapsed_time"",""parameter_semantics"":""systemic_terminal_pk"",""target_kind"":""regression"",""target_transform"":""log10""}"	1	1	0	0	0	1	1	false	false	below_current_per_task_size_gate
mlv1.t1_2.regression.systemic_terminal_pk.4169f031d382c9a3	T1/2	regression	systemic_terminal_pk	log10(h)	log10			"{""assay_family"":""systemic_terminal_pk"",""binary_evidence_lane"":""not_binary"",""condition"":{""assay"":""elisa"",""matrix"":""other_icr_mice_retro_orbital_sinu_94285297"",""protease"":""not_applicable"",""route"":""sc"",""species"":""mouse""},""endpoint_family"":""T1/2"",""normalized_unit"":""log10(h)"",""parameter_basis"":""elapsed_time"",""parameter_semantics"":""systemic_terminal_pk"",""target_kind"":""regression"",""target_transform"":""log10""}"	2	0	2	0	0	2	1	false	false	below_current_per_task_size_gate
mlv1.t1_2.regression.systemic_terminal_pk.438a70541cf63afd	T1/2	regression	systemic_terminal_pk	log10(h)	log10			"{""assay_family"":""systemic_terminal_pk"",""binary_evidence_lane"":""not_binary"",""condition"":{""assay"":""radioimmunoassay"",""matrix"":""other_intravenous_injected_in_new_2847a133"",""protease"":""not_applicable"",""route"":""iv"",""species"":""rabbit""},""endpoint_family"":""T1/2"",""normalized_unit"":""log10(h)"",""parameter_basis"":""elapsed_time"",""parameter_semantics"":""systemic_terminal_pk"",""target_kind"":""regression"",""target_transform"":""log10""}"	2	0	0	0	0	0	1	false	false	below_current_per_task_size_gate
mlv1.t1_2.regression.systemic_terminal_pk.43939fa2ef87e5ad	T1/2	regression	systemic_terminal_pk	log10(h)	log10			"{""assay_family"":""systemic_terminal_pk"",""binary_evidence_lane"":""not_binary"",""condition"":{""assay"":""assay_not_reported"",""matrix"":""other_humans_humans"",""protease"":""not_applicable"",""route"":""route_not_reported"",""species"":""species_not_reported""},""endpoint_family"":""T1/2"",""normalized_unit"":""log10(h)"",""parameter_basis"":""elapsed_time"",""parameter_semantics"":""systemic_terminal_pk"",""target_kind"":""regression"",""target_transform"":""log10""}"	1	1	0	0	0	1	1	false	false	below_current_per_task_size_gate
mlv1.t1_2.regression.systemic_terminal_pk.439c91f7346a0888	T1/2	regression	systemic_terminal_pk	log10(h)	log10			"{""assay_family"":""systemic_terminal_pk"",""binary_evidence_lane"":""not_binary"",""condition"":{""assay"":""hplc"",""matrix"":""serum"",""protease"":""not_applicable"",""route"":""iv"",""species"":""mouse""},""endpoint_family"":""T1/2"",""normalized_unit"":""log10(h)"",""parameter_basis"":""elapsed_time"",""parameter_semantics"":""systemic_terminal_pk"",""target_kind"":""regression"",""target_transform"":""log10""}"	5	3	0	0	0	4	3	false	false	below_current_per_task_size_gate
mlv1.t1_2.regression.systemic_terminal_pk.43e1ac5aeeb4d29f	T1/2	regression	systemic_terminal_pk	log10(h)	log10			"{""assay_family"":""systemic_terminal_pk"",""binary_evidence_lane"":""not_binary"",""condition"":{""assay"":""hplc"",""matrix"":""plasma"",""protease"":""not_applicable"",""route"":""route_not_reported"",""species"":""rabbit""},""endpoint_family"":""T1/2"",""normalized_unit"":""log10(h)"",""parameter_basis"":""elapsed_time"",""parameter_semantics"":""systemic_terminal_pk"",""target_kind"":""regression"",""target_transform"":""log10""}"	2	0	0	0	0	0	1	false	false	below_current_per_task_size_gate
mlv1.t1_2.regression.systemic_terminal_pk.440fb33b6b8a2f96	T1/2	regression	systemic_terminal_pk	log10(h)	log10			"{""assay_family"":""systemic_terminal_pk"",""binary_evidence_lane"":""not_binary"",""condition"":{""assay"":""elisa"",""matrix"":""other_subcutaneously_administion_cfa620d9"",""protease"":""not_applicable"",""route"":""sc"",""species"":""rat""},""endpoint_family"":""T1/2"",""normalized_unit"":""log10(h)"",""parameter_basis"":""elapsed_time"",""parameter_semantics"":""systemic_terminal_pk"",""target_kind"":""regression"",""target_transform"":""log10""}"	1	1	0	0	0	1	1	false	false	below_current_per_task_size_gate
mlv1.t1_2.regression.systemic_terminal_pk.442151f5c5740728	T1/2	regression	systemic_terminal_pk	log10(h)	log10			"{""assay_family"":""systemic_terminal_pk"",""binary_evidence_lane"":""not_binary"",""condition"":{""assay"":""assay_not_reported"",""matrix"":""serum"",""protease"":""not_applicable"",""route"":""route_not_reported"",""species"":""bovine""},""endpoint_family"":""T1/2"",""normalized_unit"":""log10(h)"",""parameter_basis"":""elapsed_time"",""parameter_semantics"":""systemic_terminal_pk"",""target_kind"":""regression"",""target_transform"":""log10""}"	2	0	0	0	0	1	1	false	false	below_current_per_task_size_gate
mlv1.t1_2.regression.systemic_terminal_pk.447659aec95d55af	T1/2	regression	systemic_terminal_pk	log10(h)	log10			"{""assay_family"":""systemic_terminal_pk"",""binary_evidence_lane"":""not_binary"",""condition"":{""assay"":""other_instant_thin_layer_chro_22dd67d4"",""matrix"":""plasma"",""protease"":""not_applicable"",""route"":""iv"",""species"":""mouse""},""endpoint_family"":""T1/2"",""normalized_unit"":""log10(h)"",""parameter_basis"":""elapsed_time"",""parameter_semantics"":""systemic_terminal_pk"",""target_kind"":""regression"",""target_transform"":""log10""}"	2	0	0	0	0	0	1	false	false	below_current_per_task_size_gate
mlv1.t1_2.regression.systemic_terminal_pk.44e5b22201406e08	T1/2	regression	systemic_terminal_pk	log10(h)	log10			"{""assay_family"":""systemic_terminal_pk"",""binary_evidence_lane"":""not_binary"",""condition"":{""assay"":""lc_ms_ms"",""matrix"":""serum"",""protease"":""not_applicable"",""route"":""sc"",""species"":""rat""},""endpoint_family"":""T1/2"",""normalized_unit"":""log10(h)"",""parameter_basis"":""elapsed_time"",""parameter_semantics"":""systemic_terminal_pk"",""target_kind"":""regression"",""target_transform"":""log10""}"	7	0	0	0	0	2	2	false	false	below_current_per_task_size_gate
mlv1.t1_2.regression.systemic_terminal_pk.458c7b1d65c05b76	T1/2	regression	systemic_terminal_pk	log10(h)	log10			"{""assay_family"":""systemic_terminal_pk"",""binary_evidence_lane"":""not_binary"",""condition"":{""assay"":""assay_not_reported"",""matrix"":""serum"",""protease"":""not_applicable"",""route"":""sc"",""species"":""rat""},""endpoint_family"":""T1/2"",""normalized_unit"":""log10(h)"",""parameter_basis"":""elapsed_time"",""parameter_semantics"":""systemic_terminal_pk"",""target_kind"":""regression"",""target_transform"":""log10""}"	4	1	0	0	0	2	1	false	false	below_current_per_task_size_gate
mlv1.t1_2.regression.systemic_terminal_pk.4609b4673c0db071	T1/2	regression	systemic_terminal_pk	log10(h)	log10			"{""assay_family"":""systemic_terminal_pk"",""binary_evidence_lane"":""not_binary"",""condition"":{""assay"":""radioimmunoassay"",""matrix"":""other_saline_treated_irap_mice_sa_273d51ac"",""protease"":""not_applicable"",""route"":""route_not_reported"",""species"":""mouse""},""endpoint_family"":""T1/2"",""normalized_unit"":""log10(h)"",""parameter_basis"":""elapsed_time"",""parameter_semantics"":""systemic_terminal_pk"",""target_kind"":""regression"",""target_transform"":""log10""}"	1	0	1	0	0	1	1	false	false	below_current_per_task_size_gate
mlv1.t1_2.regression.systemic_terminal_pk.46ee0f7d3b4f5461	T1/2	regression	systemic_terminal_pk	log10(h)	log10			"{""assay_family"":""systemic_terminal_pk"",""binary_evidence_lane"":""not_binary"",""condition"":{""assay"":""other_cross_species_single_do_01aecef9"",""matrix"":""plasma"",""protease"":""not_applicable"",""route"":""route_not_reported"",""species"":""pig""},""endpoint_family"":""T1/2"",""normalized_unit"":""log10(h)"",""parameter_basis"":""elapsed_time"",""parameter_semantics"":""systemic_terminal_pk"",""target_kind"":""regression"",""target_transform"":""log10""}"	1	1	0	0	0	1	1	false	false	below_current_per_task_size_gate
mlv1.t1_2.regression.systemic_terminal_pk.47736841eaf01842	T1/2	regression	systemic_terminal_pk	log10(h)	log10			"{""assay_family"":""systemic_terminal_pk"",""binary_evidence_lane"":""not_binary"",""condition"":{""assay"":""assay_not_reported"",""matrix"":""non_brain_homogenate"",""protease"":""not_applicable"",""route"":""route_not_reported"",""species"":""mouse""},""endpoint_family"":""T1/2"",""normalized_unit"":""log10(h)"",""parameter_basis"":""elapsed_time"",""parameter_semantics"":""systemic_terminal_pk"",""target_kind"":""regression"",""target_transform"":""log10""}"	3	0	0	0	0	1	1	false	false	below_current_per_task_size_gate
mlv1.t1_2.regression.systemic_terminal_pk.478b3ee4d4ff3c90	T1/2	regression	systemic_terminal_pk	log10(h)	log10			"{""assay_family"":""systemic_terminal_pk"",""binary_evidence_lane"":""not_binary"",""condition"":{""assay"":""elisa"",""matrix"":""serum"",""protease"":""not_applicable"",""route"":""intranasal"",""species"":""mouse""},""endpoint_family"":""T1/2"",""normalized_unit"":""log10(h)"",""parameter_basis"":""elapsed_time"",""parameter_semantics"":""systemic_terminal_pk"",""target_kind"":""regression"",""target_transform"":""log10""}"	3	1	0	0	0	1	2	false	false	below_current_per_task_size_gate
mlv1.t1_2.regression.systemic_terminal_pk.47ca0ab85a7548fd	T1/2	regression	systemic_terminal_pk	log10(h)	log10			"{""assay_family"":""systemic_terminal_pk"",""binary_evidence_lane"":""not_binary"",""condition"":{""assay"":""other_icp_ms"",""matrix"":""plasma"",""protease"":""not_applicable"",""route"":""iv"",""species"":""rat""},""endpoint_family"":""T1/2"",""normalized_unit"":""log10(h)"",""parameter_basis"":""elapsed_time"",""parameter_semantics"":""systemic_terminal_pk"",""target_kind"":""regression"",""target_transform"":""log10""}"	11	0	0	0	0	1	2	false	false	below_current_per_task_size_gate
mlv1.t1_2.regression.systemic_terminal_pk.481965fa4c3eb8d0	T1/2	regression	systemic_terminal_pk	log10(h)	log10			"{""assay_family"":""systemic_terminal_pk"",""binary_evidence_lane"":""not_binary"",""condition"":{""assay"":""other_tca_precipitation"",""matrix"":""other_rat_colon_luminal_flushing_f0b73dda"",""protease"":""not_applicable"",""route"":""route_not_reported"",""species"":""rat""},""endpoint_family"":""T1/2"",""normalized_unit"":""log10(h)"",""parameter_basis"":""elapsed_time"",""parameter_semantics"":""systemic_terminal_pk"",""target_kind"":""regression"",""target_transform"":""log10""}"	1	1	0	0	0	1	1	false	false	below_current_per_task_size_gate
mlv1.t1_2.regression.systemic_terminal_pk.483c3fb97100ffc7	T1/2	regression	systemic_terminal_pk	log10(h)	log10			"{""assay_family"":""systemic_terminal_pk"",""binary_evidence_lane"":""not_binary"",""condition"":{""assay"":""elisa"",""matrix"":""serum"",""protease"":""not_applicable"",""route"":""iv"",""species"":""cynomolgus_monkey""},""endpoint_family"":""T1/2"",""normalized_unit"":""log10(h)"",""parameter_basis"":""elapsed_time"",""parameter_semantics"":""systemic_terminal_pk"",""target_kind"":""regression"",""target_transform"":""log10""}"	12	0	0	0	0	2	1	false	false	below_current_per_task_size_gate
mlv1.t1_2.regression.systemic_terminal_pk.489d4008b5c56532	T1/2	regression	systemic_terminal_pk	log10(h)	log10			"{""assay_family"":""systemic_terminal_pk"",""binary_evidence_lane"":""not_binary"",""condition"":{""assay"":""elisa"",""matrix"":""other_rats_rats"",""protease"":""not_applicable"",""route"":""iv"",""species"":""rat""},""endpoint_family"":""T1/2"",""normalized_unit"":""log10(h)"",""parameter_basis"":""elapsed_time"",""parameter_semantics"":""systemic_terminal_pk"",""target_kind"":""regression"",""target_transform"":""log10""}"	1	0	0	0	0	0	1	false	false	below_current_per_task_size_gate
mlv1.t1_2.regression.systemic_terminal_pk.49721b24fb8b525b	T1/2	regression	systemic_terminal_pk	log10(h)	log10			"{""assay_family"":""systemic_terminal_pk"",""binary_evidence_lane"":""not_binary"",""condition"":{""assay"":""other_lc_ms"",""matrix"":""plasma"",""protease"":""not_applicable"",""route"":""iv"",""species"":""rat""},""endpoint_family"":""T1/2"",""normalized_unit"":""log10(h)"",""parameter_basis"":""elapsed_time"",""parameter_semantics"":""systemic_terminal_pk"",""target_kind"":""regression"",""target_transform"":""log10""}"	1	0	0	0	0	0	1	false	false	below_current_per_task_size_gate
mlv1.t1_2.regression.systemic_terminal_pk.4984e92fbad974f7	T1/2	regression	systemic_terminal_pk	log10(h)	log10			"{""assay_family"":""systemic_terminal_pk"",""binary_evidence_lane"":""not_binary"",""condition"":{""assay"":""radioactivity"",""matrix"":""plasma"",""protease"":""not_applicable"",""route"":""route_not_reported"",""species"":""mouse""},""endpoint_family"":""T1/2"",""normalized_unit"":""log10(h)"",""parameter_basis"":""elapsed_time"",""parameter_semantics"":""systemic_terminal_pk"",""target_kind"":""regression"",""target_transform"":""log10""}"	4	0	0	0	0	1	1	false	false	below_current_per_task_size_gate
mlv1.t1_2.regression.systemic_terminal_pk.49987fe67bb1b8d4	T1/2	regression	systemic_terminal_pk	log10(h)	log10			"{""assay_family"":""systemic_terminal_pk"",""binary_evidence_lane"":""not_binary"",""condition"":{""assay"":""other_biacore_binding_assay"",""matrix"":""other_intravenously_administered_0c19091b"",""protease"":""not_applicable"",""route"":""iv"",""species"":""rat""},""endpoint_family"":""T1/2"",""normalized_unit"":""log10(h)"",""parameter_basis"":""elapsed_time"",""parameter_semantics"":""systemic_terminal_pk"",""target_kind"":""regression"",""target_transform"":""log10""}"	2	0	1	0	0	1	1	false	false	below_current_per_task_size_gate
mlv1.t1_2.regression.systemic_terminal_pk.4a9b2b0ae584b6a0	T1/2	regression	systemic_terminal_pk	log10(h)	log10			"{""assay_family"":""systemic_terminal_pk"",""binary_evidence_lane"":""not_binary"",""condition"":{""assay"":""other_lc_ms_ms"",""matrix"":""plasma"",""protease"":""not_applicable"",""route"":""route_not_reported"",""species"":""human""},""endpoint_family"":""T1/2"",""normalized_unit"":""log10(h)"",""parameter_basis"":""elapsed_time"",""parameter_semantics"":""systemic_terminal_pk"",""target_kind"":""regression"",""target_transform"":""log10""}"	2	0	2	0	0	1	1	false	false	below_current_per_task_size_gate
mlv1.t1_2.regression.systemic_terminal_pk.4c1e103389d9be20	T1/2	regression	systemic_terminal_pk	log10(h)	log10			"{""assay_family"":""systemic_terminal_pk"",""binary_evidence_lane"":""not_binary"",""condition"":{""assay"":""elisa"",""matrix"":""other_untreated_rats_csf_untreate_a8184fb3"",""protease"":""not_applicable"",""route"":""iv"",""species"":""rat""},""endpoint_family"":""T1/2"",""normalized_unit"":""log10(h)"",""parameter_basis"":""elapsed_time"",""parameter_semantics"":""systemic_terminal_pk"",""target_kind"":""regression"",""target_transform"":""log10""}"	1	1	0	0	0	1	1	false	false	below_current_per_task_size_gate
mlv1.t1_2.regression.systemic_terminal_pk.4d1866a621a12ef6	T1/2	regression	systemic_terminal_pk	log10(h)	log10			"{""assay_family"":""systemic_terminal_pk"",""binary_evidence_lane"":""not_binary"",""condition"":{""assay"":""mass_spectrometry"",""matrix"":""plasma"",""protease"":""not_applicable"",""route"":""sc"",""species"":""human""},""endpoint_family"":""T1/2"",""normalized_unit"":""log10(h)"",""parameter_basis"":""elapsed_time"",""parameter_semantics"":""systemic_terminal_pk"",""target_kind"":""regression"",""target_transform"":""log10""}"	2	0	0	0	0	0	1	false	false	below_current_per_task_size_gate
mlv1.t1_2.regression.systemic_terminal_pk.4db1e895bd8220d1	T1/2	regression	systemic_terminal_pk	log10(h)	log10			"{""assay_family"":""systemic_terminal_pk"",""binary_evidence_lane"":""not_binary"",""condition"":{""assay"":""other_dynamic_t1_weighted_mri"",""matrix"":""blood"",""protease"":""not_applicable"",""route"":""iv"",""species"":""mouse""},""endpoint_family"":""T1/2"",""normalized_unit"":""log10(h)"",""parameter_basis"":""elapsed_time"",""parameter_semantics"":""systemic_terminal_pk"",""target_kind"":""regression"",""target_transform"":""log10""}"	1	0	0	0	0	0	1	false	false	below_current_per_task_size_gate
mlv1.t1_2.regression.systemic_terminal_pk.4dd3a3bb4e82428f	T1/2	regression	systemic_terminal_pk	log10(h)	log10			"{""assay_family"":""systemic_terminal_pk"",""binary_evidence_lane"":""not_binary"",""condition"":{""assay"":""other_liquid_scintillation_counting"",""matrix"":""other_injected_into_mesenteric_ve_422d4ed2"",""protease"":""not_applicable"",""route"":""route_not_reported"",""species"":""rat""},""endpoint_family"":""T1/2"",""normalized_unit"":""log10(h)"",""parameter_basis"":""elapsed_time"",""parameter_semantics"":""systemic_terminal_pk"",""target_kind"":""regression"",""target_transform"":""log10""}"	2	0	0	0	0	1	1	false	false	below_current_per_task_size_gate
mlv1.t1_2.regression.systemic_terminal_pk.4e1a01a59ded8188	T1/2	regression	systemic_terminal_pk	log10(h)	log10			"{""assay_family"":""systemic_terminal_pk"",""binary_evidence_lane"":""not_binary"",""condition"":{""assay"":""lc_ms"",""matrix"":""plasma"",""protease"":""not_applicable"",""route"":""ip"",""species"":""mouse""},""endpoint_family"":""T1/2"",""normalized_unit"":""log10(h)"",""parameter_basis"":""elapsed_time"",""parameter_semantics"":""systemic_terminal_pk"",""target_kind"":""regression"",""target_transform"":""log10""}"	1	1	0	0	0	1	1	false	false	below_current_per_task_size_gate
mlv1.t1_2.regression.systemic_terminal_pk.4e4161e3cfdff5e4	T1/2	regression	systemic_terminal_pk	log10(h)	log10			"{""assay_family"":""systemic_terminal_pk"",""binary_evidence_lane"":""not_binary"",""condition"":{""assay"":""other_western_blotting_and_sp_10ae0bca"",""matrix"":""serum"",""protease"":""not_applicable"",""route"":""iv"",""species"":""mouse""},""endpoint_family"":""T1/2"",""normalized_unit"":""log10(h)"",""parameter_basis"":""elapsed_time"",""parameter_semantics"":""systemic_terminal_pk"",""target_kind"":""regression"",""target_transform"":""log10""}"	1	1	0	0	0	1	1	false	false	below_current_per_task_size_gate
mlv1.t1_2.regression.systemic_terminal_pk.4e4d6b19a222e9c4	T1/2	regression	systemic_terminal_pk	log10(h)	log10			"{""assay_family"":""systemic_terminal_pk"",""binary_evidence_lane"":""not_binary"",""condition"":{""assay"":""other_peptherdia_curated_appr_7011057c"",""matrix"":""other_terminal_half_life"",""protease"":""not_applicable"",""route"":""iv"",""species"":""human""},""endpoint_family"":""T1/2"",""normalized_unit"":""log10(h)"",""parameter_basis"":""elapsed_time"",""parameter_semantics"":""systemic_terminal_pk"",""target_kind"":""regression"",""target_transform"":""log10""}"	18	16	2	0	0	18	3	false	false	below_current_per_task_size_gate
mlv1.t1_2.regression.systemic_terminal_pk.4f0818b06b6a9101	T1/2	regression	systemic_terminal_pk	log10(h)	log10			"{""assay_family"":""systemic_terminal_pk"",""binary_evidence_lane"":""not_binary"",""condition"":{""assay"":""other_uhplc"",""matrix"":""plasma"",""protease"":""not_applicable"",""route"":""sc"",""species"":""rat""},""endpoint_family"":""T1/2"",""normalized_unit"":""log10(h)"",""parameter_basis"":""elapsed_time"",""parameter_semantics"":""systemic_terminal_pk"",""target_kind"":""regression"",""target_transform"":""log10""}"	2	1	0	0	0	1	2	false	false	below_current_per_task_size_gate
mlv1.t1_2.regression.systemic_terminal_pk.4f2ba814be50ce0e	T1/2	regression	systemic_terminal_pk	log10(h)	log10			"{""assay_family"":""systemic_terminal_pk"",""binary_evidence_lane"":""not_binary"",""condition"":{""assay"":""hplc"",""matrix"":""other_dose_i_v_injected_rat_lung_9b5bd25e"",""protease"":""not_applicable"",""route"":""iv"",""species"":""rat""},""endpoint_family"":""T1/2"",""normalized_unit"":""log10(h)"",""parameter_basis"":""elapsed_time"",""parameter_semantics"":""systemic_terminal_pk"",""target_kind"":""regression"",""target_transform"":""log10""}"	1	1	0	0	0	1	1	false	false	below_current_per_task_size_gate
mlv1.t1_2.regression.systemic_terminal_pk.4f40d20ffa5525a4	T1/2	regression	systemic_terminal_pk	log10(h)	log10			"{""assay_family"":""systemic_terminal_pk"",""binary_evidence_lane"":""not_binary"",""condition"":{""assay"":""hplc"",""matrix"":""blood"",""protease"":""not_applicable"",""route"":""iv"",""species"":""rat""},""endpoint_family"":""T1/2"",""normalized_unit"":""log10(h)"",""parameter_basis"":""elapsed_time"",""parameter_semantics"":""systemic_terminal_pk"",""target_kind"":""regression"",""target_transform"":""log10""}"	1	1	0	0	0	1	1	false	false	below_current_per_task_size_gate
mlv1.t1_2.regression.systemic_terminal_pk.50575ee00cf04619	T1/2	regression	systemic_terminal_pk	log10(h)	log10			"{""assay_family"":""systemic_terminal_pk"",""binary_evidence_lane"":""not_binary"",""condition"":{""assay"":""other_tca_precipitation"",""matrix"":""other_rat_stomach_luminal_flushin_6dc7d652"",""protease"":""not_applicable"",""route"":""route_not_reported"",""species"":""rat""},""endpoint_family"":""T1/2"",""normalized_unit"":""log10(h)"",""parameter_basis"":""elapsed_time"",""parameter_semantics"":""systemic_terminal_pk"",""target_kind"":""regression"",""target_transform"":""log10""}"	1	1	0	0	0	1	1	false	false	below_current_per_task_size_gate
mlv1.t1_2.regression.systemic_terminal_pk.50621f8e737ec252	T1/2	regression	systemic_terminal_pk	log10(h)	log10			"{""assay_family"":""systemic_terminal_pk"",""binary_evidence_lane"":""not_binary"",""condition"":{""assay"":""lc_ms"",""matrix"":""plasma"",""protease"":""not_applicable"",""route"":""sc"",""species"":""cynomolgus_monkey""},""endpoint_family"":""T1/2"",""normalized_unit"":""log10(h)"",""parameter_basis"":""elapsed_time"",""parameter_semantics"":""systemic_terminal_pk"",""target_kind"":""regression"",""target_transform"":""log10""}"	4	0	0	0	0	1	3	false	false	below_current_per_task_size_gate
mlv1.t1_2.regression.systemic_terminal_pk.5064a715ab7c38de	T1/2	regression	systemic_terminal_pk	log10(h)	log10			"{""assay_family"":""systemic_terminal_pk"",""binary_evidence_lane"":""not_binary"",""condition"":{""assay"":""lc_ms_ms"",""matrix"":""plasma"",""protease"":""not_applicable"",""route"":""ip"",""species"":""mouse""},""endpoint_family"":""T1/2"",""normalized_unit"":""log10(h)"",""parameter_basis"":""elapsed_time"",""parameter_semantics"":""systemic_terminal_pk"",""target_kind"":""regression"",""target_transform"":""log10""}"	1	0	0	0	0	0	1	false	false	below_current_per_task_size_gate
mlv1.t1_2.regression.systemic_terminal_pk.50938e093c0df260	T1/2	regression	systemic_terminal_pk	log10(h)	log10			"{""assay_family"":""systemic_terminal_pk"",""binary_evidence_lane"":""not_binary"",""condition"":{""assay"":""lc_ms"",""matrix"":""plasma"",""protease"":""not_applicable"",""route"":""iv"",""species"":""human""},""endpoint_family"":""T1/2"",""normalized_unit"":""log10(h)"",""parameter_basis"":""elapsed_time"",""parameter_semantics"":""systemic_terminal_pk"",""target_kind"":""regression"",""target_transform"":""log10""}"	24	4	0	0	0	8	5	false	false	below_current_per_task_size_gate
mlv1.t1_2.regression.systemic_terminal_pk.50b7b01e1bd90adb	T1/2	regression	systemic_terminal_pk	log10(h)	log10			"{""assay_family"":""systemic_terminal_pk"",""binary_evidence_lane"":""not_binary"",""condition"":{""assay"":""lc_ms_ms"",""matrix"":""blood"",""protease"":""not_applicable"",""route"":""iv"",""species"":""rat""},""endpoint_family"":""T1/2"",""normalized_unit"":""log10(h)"",""parameter_basis"":""elapsed_time"",""parameter_semantics"":""systemic_terminal_pk"",""target_kind"":""regression"",""target_transform"":""log10""}"	4	0	0	0	0	0	1	false	false	below_current_per_task_size_gate
mlv1.t1_2.regression.systemic_terminal_pk.50b7cfce17ce3ce9	T1/2	regression	systemic_terminal_pk	log10(h)	log10			"{""assay_family"":""systemic_terminal_pk"",""binary_evidence_lane"":""not_binary"",""condition"":{""assay"":""other_immunoradiometric_assay_irma"",""matrix"":""blood"",""protease"":""not_applicable"",""route"":""route_not_reported"",""species"":""human""},""endpoint_family"":""T1/2"",""normalized_unit"":""log10(h)"",""parameter_basis"":""elapsed_time"",""parameter_semantics"":""systemic_terminal_pk"",""target_kind"":""regression"",""target_transform"":""log10""}"	1	1	0	0	0	1	1	false	false	below_current_per_task_size_gate
mlv1.t1_2.regression.systemic_terminal_pk.50dbd3e301b897d1	T1/2	regression	systemic_terminal_pk	log10(h)	log10			"{""assay_family"":""systemic_terminal_pk"",""binary_evidence_lane"":""not_binary"",""condition"":{""assay"":""radioimmunoassay"",""matrix"":""other_intravenous_infusion_to_hum_e4028f4e"",""protease"":""not_applicable"",""route"":""iv"",""species"":""species_not_reported""},""endpoint_family"":""T1/2"",""normalized_unit"":""log10(h)"",""parameter_basis"":""elapsed_time"",""parameter_semantics"":""systemic_terminal_pk"",""target_kind"":""regression"",""target_transform"":""log10""}"	1	0	1	0	0	1	1	false	false	below_current_per_task_size_gate
mlv1.t1_2.regression.systemic_terminal_pk.51eba5de46e0c683	T1/2	regression	systemic_terminal_pk	log10(h)	log10			"{""assay_family"":""systemic_terminal_pk"",""binary_evidence_lane"":""not_binary"",""condition"":{""assay"":""hplc"",""matrix"":""blood"",""protease"":""not_applicable"",""route"":""iv"",""species"":""mouse""},""endpoint_family"":""T1/2"",""normalized_unit"":""log10(h)"",""parameter_basis"":""elapsed_time"",""parameter_semantics"":""systemic_terminal_pk"",""target_kind"":""regression"",""target_transform"":""log10""}"	1	1	0	0	0	1	1	false	false	below_current_per_task_size_gate
mlv1.t1_2.regression.systemic_terminal_pk.522b02c8bc658894	T1/2	regression	systemic_terminal_pk	log10(h)	log10			"{""assay_family"":""systemic_terminal_pk"",""binary_evidence_lane"":""not_binary"",""condition"":{""assay"":""hplc"",""matrix"":""blood"",""protease"":""not_applicable"",""route"":""route_not_reported"",""species"":""rat""},""endpoint_family"":""T1/2"",""normalized_unit"":""log10(h)"",""parameter_basis"":""elapsed_time"",""parameter_semantics"":""systemic_terminal_pk"",""target_kind"":""regression"",""target_transform"":""log10""}"	14	1	9	0	0	4	4	false	false	below_current_per_task_size_gate
mlv1.t1_2.regression.systemic_terminal_pk.524f73e49e07d3ac	T1/2	regression	systemic_terminal_pk	log10(h)	log10			"{""assay_family"":""systemic_terminal_pk"",""binary_evidence_lane"":""not_binary"",""condition"":{""assay"":""lc_ms"",""matrix"":""plasma"",""protease"":""not_applicable"",""route"":""iv"",""species"":""mouse""},""endpoint_family"":""T1/2"",""normalized_unit"":""log10(h)"",""parameter_basis"":""elapsed_time"",""parameter_semantics"":""systemic_terminal_pk"",""target_kind"":""regression"",""target_transform"":""log10""}"	12	6	0	0	0	6	5	false	false	below_current_per_task_size_gate
mlv1.t1_2.regression.systemic_terminal_pk.52553e7b50c77c49	T1/2	regression	systemic_terminal_pk	log10(h)	log10			"{""assay_family"":""systemic_terminal_pk"",""binary_evidence_lane"":""not_binary"",""condition"":{""assay"":""radioimmunoassay"",""matrix"":""serum"",""protease"":""not_applicable"",""route"":""intranasal"",""species"":""human""},""endpoint_family"":""T1/2"",""normalized_unit"":""log10(h)"",""parameter_basis"":""elapsed_time"",""parameter_semantics"":""systemic_terminal_pk"",""target_kind"":""regression"",""target_transform"":""log10""}"	1	0	0	0	0	0	1	false	false	below_current_per_task_size_gate
mlv1.t1_2.regression.systemic_terminal_pk.52ac7d0d409bff59	T1/2	regression	systemic_terminal_pk	log10(h)	log10			"{""assay_family"":""systemic_terminal_pk"",""binary_evidence_lane"":""not_binary"",""condition"":{""assay"":""assay_not_reported"",""matrix"":""other_rectal_administration_to_sp_110872a8"",""protease"":""not_applicable"",""route"":""route_not_reported"",""species"":""rat""},""endpoint_family"":""T1/2"",""normalized_unit"":""log10(h)"",""parameter_basis"":""elapsed_time"",""parameter_semantics"":""systemic_terminal_pk"",""target_kind"":""regression"",""target_transform"":""log10""}"	1	0	0	0	0	0	1	false	false	below_current_per_task_size_gate
mlv1.t1_2.regression.systemic_terminal_pk.52e2bbff2ee582a4	T1/2	regression	systemic_terminal_pk	log10(h)	log10			"{""assay_family"":""systemic_terminal_pk"",""binary_evidence_lane"":""not_binary"",""condition"":{""assay"":""other_lchrms"",""matrix"":""plasma"",""protease"":""not_applicable"",""route"":""iv"",""species"":""rat""},""endpoint_family"":""T1/2"",""normalized_unit"":""log10(h)"",""parameter_basis"":""elapsed_time"",""parameter_semantics"":""systemic_terminal_pk"",""target_kind"":""regression"",""target_transform"":""log10""}"	8	0	0	0	0	0	1	false	false	below_current_per_task_size_gate
mlv1.t1_2.regression.systemic_terminal_pk.534753a98e7cebf5	T1/2	regression	systemic_terminal_pk	log10(h)	log10			"{""assay_family"":""systemic_terminal_pk"",""binary_evidence_lane"":""not_binary"",""condition"":{""assay"":""radioimmunoassay"",""matrix"":""other_wistar_kyoto_rats_wistar_kyoto_rats"",""protease"":""not_applicable"",""route"":""route_not_reported"",""species"":""rat""},""endpoint_family"":""T1/2"",""normalized_unit"":""log10(h)"",""parameter_basis"":""elapsed_time"",""parameter_semantics"":""systemic_terminal_pk"",""target_kind"":""regression"",""target_transform"":""log10""}"	2	0	0	0	0	1	1	false	false	below_current_per_task_size_gate
mlv1.t1_2.regression.systemic_terminal_pk.53b279e4b34d0a59	T1/2	regression	systemic_terminal_pk	log10(h)	log10			"{""assay_family"":""systemic_terminal_pk"",""binary_evidence_lane"":""not_binary"",""condition"":{""assay"":""mass_spectrometry"",""matrix"":""other_c57bl_6_male_mice_pancreas_7cdf8ba4"",""protease"":""not_applicable"",""route"":""ip"",""species"":""mouse""},""endpoint_family"":""T1/2"",""normalized_unit"":""log10(h)"",""parameter_basis"":""elapsed_time"",""parameter_semantics"":""systemic_terminal_pk"",""target_kind"":""regression"",""target_transform"":""log10""}"	1	1	0	0	0	1	1	false	false	below_current_per_task_size_gate
mlv1.t1_2.regression.systemic_terminal_pk.53e2ffee0402830a	T1/2	regression	systemic_terminal_pk	log10(h)	log10			"{""assay_family"":""systemic_terminal_pk"",""binary_evidence_lane"":""not_binary"",""condition"":{""assay"":""radioactivity"",""matrix"":""other_injected_in_jugular_vein_of_77d96381"",""protease"":""not_applicable"",""route"":""route_not_reported"",""species"":""rat""},""endpoint_family"":""T1/2"",""normalized_unit"":""log10(h)"",""parameter_basis"":""elapsed_time"",""parameter_semantics"":""systemic_terminal_pk"",""target_kind"":""regression"",""target_transform"":""log10""}"	2	2	0	0	0	2	1	false	false	below_current_per_task_size_gate
mlv1.t1_2.regression.systemic_terminal_pk.5448d109d730223b	T1/2	regression	systemic_terminal_pk	log10(h)	log10			"{""assay_family"":""systemic_terminal_pk"",""binary_evidence_lane"":""not_binary"",""condition"":{""assay"":""radioimmunoassay"",""matrix"":""other_intarvenous_administration_5fde9028"",""protease"":""not_applicable"",""route"":""route_not_reported"",""species"":""rat""},""endpoint_family"":""T1/2"",""normalized_unit"":""log10(h)"",""parameter_basis"":""elapsed_time"",""parameter_semantics"":""systemic_terminal_pk"",""target_kind"":""regression"",""target_transform"":""log10""}"	1	0	0	0	0	0	1	false	false	below_current_per_task_size_gate
mlv1.t1_2.regression.systemic_terminal_pk.54f68f3067fd1254	T1/2	regression	systemic_terminal_pk	log10(h)	log10			"{""assay_family"":""systemic_terminal_pk"",""binary_evidence_lane"":""not_binary"",""condition"":{""assay"":""assay_not_reported"",""matrix"":""other_balb_c_mice_balb_c_mice"",""protease"":""not_applicable"",""route"":""route_not_reported"",""species"":""mouse""},""endpoint_family"":""T1/2"",""normalized_unit"":""log10(h)"",""parameter_basis"":""elapsed_time"",""parameter_semantics"":""systemic_terminal_pk"",""target_kind"":""regression"",""target_transform"":""log10""}"	1	1	0	0	0	1	1	false	false	below_current_per_task_size_gate
mlv1.t1_2.regression.systemic_terminal_pk.55669fb3ac0b93e7	T1/2	regression	systemic_terminal_pk	log10(h)	log10			"{""assay_family"":""systemic_terminal_pk"",""binary_evidence_lane"":""not_binary"",""condition"":{""assay"":""radioimmunoassay"",""matrix"":""other_ovaries_of_a_aegypti_culex_c8532265"",""protease"":""not_applicable"",""route"":""route_not_reported"",""species"":""species_not_reported""},""endpoint_family"":""T1/2"",""normalized_unit"":""log10(h)"",""parameter_basis"":""elapsed_time"",""parameter_semantics"":""systemic_terminal_pk"",""target_kind"":""regression"",""target_transform"":""log10""}"	1	1	0	0	0	1	1	false	false	below_current_per_task_size_gate
mlv1.t1_2.regression.systemic_terminal_pk.56691e4d27f12a35	T1/2	regression	systemic_terminal_pk	log10(h)	log10			"{""assay_family"":""systemic_terminal_pk"",""binary_evidence_lane"":""not_binary"",""condition"":{""assay"":""hplc"",""matrix"":""other_intravenous_injection_into_45815a8b"",""protease"":""not_applicable"",""route"":""iv"",""species"":""rat""},""endpoint_family"":""T1/2"",""normalized_unit"":""log10(h)"",""parameter_basis"":""elapsed_time"",""parameter_semantics"":""systemic_terminal_pk"",""target_kind"":""regression"",""target_transform"":""log10""}"	1	1	0	0	0	1	1	false	false	below_current_per_task_size_gate
mlv1.t1_2.regression.systemic_terminal_pk.568562432b669853	T1/2	regression	systemic_terminal_pk	log10(h)	log10			"{""assay_family"":""systemic_terminal_pk"",""binary_evidence_lane"":""not_binary"",""condition"":{""assay"":""radioimmunoassay"",""matrix"":""other_subcutaneous_injection_in_c_1af873a8"",""protease"":""not_applicable"",""route"":""sc"",""species"":""cynomolgus_monkey""},""endpoint_family"":""T1/2"",""normalized_unit"":""log10(h)"",""parameter_basis"":""elapsed_time"",""parameter_semantics"":""systemic_terminal_pk"",""target_kind"":""regression"",""target_transform"":""log10""}"	4	0	0	0	0	0	1	false	false	below_current_per_task_size_gate
mlv1.t1_2.regression.systemic_terminal_pk.56c3ace9f2000307	T1/2	regression	systemic_terminal_pk	log10(h)	log10			"{""assay_family"":""systemic_terminal_pk"",""binary_evidence_lane"":""not_binary"",""condition"":{""assay"":""hplc"",""matrix"":""blood"",""protease"":""not_applicable"",""route"":""route_not_reported"",""species"":""human""},""endpoint_family"":""T1/2"",""normalized_unit"":""log10(h)"",""parameter_basis"":""elapsed_time"",""parameter_semantics"":""systemic_terminal_pk"",""target_kind"":""regression"",""target_transform"":""log10""}"	1	1	0	0	0	1	1	false	false	below_current_per_task_size_gate
mlv1.t1_2.regression.systemic_terminal_pk.57786de3f4d49a07	T1/2	regression	systemic_terminal_pk	log10(h)	log10			"{""assay_family"":""systemic_terminal_pk"",""binary_evidence_lane"":""not_binary"",""condition"":{""assay"":""assay_not_reported"",""matrix"":""plasma"",""protease"":""not_applicable"",""route"":""iv"",""species"":""species_not_reported""},""endpoint_family"":""T1/2"",""normalized_unit"":""log10(h)"",""parameter_basis"":""elapsed_time"",""parameter_semantics"":""systemic_terminal_pk"",""target_kind"":""regression"",""target_transform"":""log10""}"	2	2	0	0	0	2	1	false	false	below_current_per_task_size_gate
mlv1.t1_2.regression.systemic_terminal_pk.578bcb03ed7d877b	T1/2	regression	systemic_terminal_pk	log10(h)	log10			"{""assay_family"":""systemic_terminal_pk"",""binary_evidence_lane"":""not_binary"",""condition"":{""assay"":""assay_not_reported"",""matrix"":""serum"",""protease"":""not_applicable"",""route"":""iv"",""species"":""mouse""},""endpoint_family"":""T1/2"",""normalized_unit"":""log10(h)"",""parameter_basis"":""elapsed_time"",""parameter_semantics"":""systemic_terminal_pk"",""target_kind"":""regression"",""target_transform"":""log10""}"	2	0	0	0	0	0	1	false	false	below_current_per_task_size_gate
mlv1.t1_2.regression.systemic_terminal_pk.580244e859e29d95	T1/2	regression	systemic_terminal_pk	log10(h)	log10			"{""assay_family"":""systemic_terminal_pk"",""binary_evidence_lane"":""not_binary"",""condition"":{""assay"":""hplc"",""matrix"":""blood"",""protease"":""not_applicable"",""route"":""iv"",""species"":""human""},""endpoint_family"":""T1/2"",""normalized_unit"":""log10(h)"",""parameter_basis"":""elapsed_time"",""parameter_semantics"":""systemic_terminal_pk"",""target_kind"":""regression"",""target_transform"":""log10""}"	1	0	1	0	0	1	1	false	false	below_current_per_task_size_gate
mlv1.t1_2.regression.systemic_terminal_pk.5814d195528aebdd	T1/2	regression	systemic_terminal_pk	log10(h)	log10			"{""assay_family"":""systemic_terminal_pk"",""binary_evidence_lane"":""not_binary"",""condition"":{""assay"":""other_peptherdia_curated_appr_7011057c"",""matrix"":""plasma"",""protease"":""not_applicable"",""route"":""iv"",""species"":""human""},""endpoint_family"":""T1/2"",""normalized_unit"":""log10(h)"",""parameter_basis"":""elapsed_time"",""parameter_semantics"":""systemic_terminal_pk"",""target_kind"":""regression"",""target_transform"":""log10""}"	1	0	1	0	0	1	1	false	false	below_current_per_task_size_gate
mlv1.t1_2.regression.systemic_terminal_pk.58188c423e78eb4b	T1/2	regression	systemic_terminal_pk	log10(h)	log10			"{""assay_family"":""systemic_terminal_pk"",""binary_evidence_lane"":""not_binary"",""condition"":{""assay"":""hplc"",""matrix"":""serum"",""protease"":""not_applicable"",""route"":""iv"",""species"":""species_not_reported""},""endpoint_family"":""T1/2"",""normalized_unit"":""log10(h)"",""parameter_basis"":""elapsed_time"",""parameter_semantics"":""systemic_terminal_pk"",""target_kind"":""regression"",""target_transform"":""log10""}"	3	0	0	0	0	0	1	false	false	below_current_per_task_size_gate
mlv1.t1_2.regression.systemic_terminal_pk.58211da44cf3f6de	T1/2	regression	systemic_terminal_pk	log10(h)	log10			"{""assay_family"":""systemic_terminal_pk"",""binary_evidence_lane"":""not_binary"",""condition"":{""assay"":""other_mouse_iv_pharmacokinetics"",""matrix"":""plasma"",""protease"":""not_applicable"",""route"":""iv"",""species"":""mouse""},""endpoint_family"":""T1/2"",""normalized_unit"":""log10(h)"",""parameter_basis"":""elapsed_time"",""parameter_semantics"":""systemic_terminal_pk"",""target_kind"":""regression"",""target_transform"":""log10""}"	4	0	0	0	0	2	1	false	false	below_current_per_task_size_gate
mlv1.t1_2.regression.systemic_terminal_pk.5945156a0873df24	T1/2	regression	systemic_terminal_pk	log10(h)	log10			"{""assay_family"":""systemic_terminal_pk"",""binary_evidence_lane"":""not_binary"",""condition"":{""assay"":""other_peptherdia_curated_appr_7011057c"",""matrix"":""other_terminal_half_life"",""protease"":""not_applicable"",""route"":""oral"",""species"":""human""},""endpoint_family"":""T1/2"",""normalized_unit"":""log10(h)"",""parameter_basis"":""elapsed_time"",""parameter_semantics"":""systemic_terminal_pk"",""target_kind"":""regression"",""target_transform"":""log10""}"	11	11	0	0	0	11	5	false	false	below_current_per_task_size_gate
mlv1.t1_2.regression.systemic_terminal_pk.594cf59acc5ea155	T1/2	regression	systemic_terminal_pk	log10(h)	log10			"{""assay_family"":""systemic_terminal_pk"",""binary_evidence_lane"":""not_binary"",""condition"":{""assay"":""other_scintigraphy"",""matrix"":""other_nedh_rats_rat_tumour_model_d3223b30"",""protease"":""not_applicable"",""route"":""route_not_reported"",""species"":""rat""},""endpoint_family"":""T1/2"",""normalized_unit"":""log10(h)"",""parameter_basis"":""elapsed_time"",""parameter_semantics"":""systemic_terminal_pk"",""target_kind"":""regression"",""target_transform"":""log10""}"	4	0	0	0	0	2	1	false	false	below_current_per_task_size_gate
mlv1.t1_2.regression.systemic_terminal_pk.5998ff969096a374	T1/2	regression	systemic_terminal_pk	log10(h)	log10			"{""assay_family"":""systemic_terminal_pk"",""binary_evidence_lane"":""not_binary"",""condition"":{""assay"":""radioimmunoassay"",""matrix"":""other_injected_intravenously_into_1afafe7f"",""protease"":""not_applicable"",""route"":""iv"",""species"":""dog""},""endpoint_family"":""T1/2"",""normalized_unit"":""log10(h)"",""parameter_basis"":""elapsed_time"",""parameter_semantics"":""systemic_terminal_pk"",""target_kind"":""regression"",""target_transform"":""log10""}"	1	1	0	0	0	1	1	false	false	below_current_per_task_size_gate
mlv1.t1_2.regression.systemic_terminal_pk.5a51081e307887de	T1/2	regression	systemic_terminal_pk	log10(h)	log10			"{""assay_family"":""systemic_terminal_pk"",""binary_evidence_lane"":""not_binary"",""condition"":{""assay"":""radioactivity"",""matrix"":""blood"",""protease"":""not_applicable"",""route"":""route_not_reported"",""species"":""mouse""},""endpoint_family"":""T1/2"",""normalized_unit"":""log10(h)"",""parameter_basis"":""elapsed_time"",""parameter_semantics"":""systemic_terminal_pk"",""target_kind"":""regression"",""target_transform"":""log10""}"	11	1	0	0	0	2	3	false	false	below_current_per_task_size_gate
mlv1.t1_2.regression.systemic_terminal_pk.5ab26d46aaa5bef1	T1/2	regression	systemic_terminal_pk	log10(h)	log10			"{""assay_family"":""systemic_terminal_pk"",""binary_evidence_lane"":""not_binary"",""condition"":{""assay"":""other_hram_lc_ms"",""matrix"":""plasma"",""protease"":""not_applicable"",""route"":""sc"",""species"":""human""},""endpoint_family"":""T1/2"",""normalized_unit"":""log10(h)"",""parameter_basis"":""elapsed_time"",""parameter_semantics"":""systemic_terminal_pk"",""target_kind"":""regression"",""target_transform"":""log10""}"	6	0	0	0	0	1	1	false	false	below_current_per_task_size_gate
mlv1.t1_2.regression.systemic_terminal_pk.5afb21ba6dfbb7e3	T1/2	regression	systemic_terminal_pk	log10(h)	log10			"{""assay_family"":""systemic_terminal_pk"",""binary_evidence_lane"":""not_binary"",""condition"":{""assay"":""elisa"",""matrix"":""other_corn_oil_treated_rat_csf_co_73297d89"",""protease"":""not_applicable"",""route"":""iv"",""species"":""rat""},""endpoint_family"":""T1/2"",""normalized_unit"":""log10(h)"",""parameter_basis"":""elapsed_time"",""parameter_semantics"":""systemic_terminal_pk"",""target_kind"":""regression"",""target_transform"":""log10""}"	1	1	0	0	0	1	1	false	false	below_current_per_task_size_gate
mlv1.t1_2.regression.systemic_terminal_pk.5ba967133a2dc2a8	T1/2	regression	systemic_terminal_pk	log10(h)	log10			"{""assay_family"":""systemic_terminal_pk"",""binary_evidence_lane"":""not_binary"",""condition"":{""assay"":""lc_ms"",""matrix"":""other_orally_administered_to_dog_547d0f10"",""protease"":""not_applicable"",""route"":""oral"",""species"":""dog""},""endpoint_family"":""T1/2"",""normalized_unit"":""log10(h)"",""parameter_basis"":""elapsed_time"",""parameter_semantics"":""systemic_terminal_pk"",""target_kind"":""regression"",""target_transform"":""log10""}"	6	0	0	0	0	1	1	false	false	below_current_per_task_size_gate
mlv1.t1_2.regression.systemic_terminal_pk.5c601e123555fa49	T1/2	regression	systemic_terminal_pk	log10(h)	log10			"{""assay_family"":""systemic_terminal_pk"",""binary_evidence_lane"":""not_binary"",""condition"":{""assay"":""radioimmunoassay"",""matrix"":""plasma"",""protease"":""not_applicable"",""route"":""sc"",""species"":""rat""},""endpoint_family"":""T1/2"",""normalized_unit"":""log10(h)"",""parameter_basis"":""elapsed_time"",""parameter_semantics"":""systemic_terminal_pk"",""target_kind"":""regression"",""target_transform"":""log10""}"	15	15	0	0	0	15	6	false	false	below_current_per_task_size_gate
mlv1.t1_2.regression.systemic_terminal_pk.5d4b40c82c76e8c7	T1/2	regression	systemic_terminal_pk	log10(h)	log10			"{""assay_family"":""systemic_terminal_pk"",""binary_evidence_lane"":""not_binary"",""condition"":{""assay"":""elisa"",""matrix"":""serum"",""protease"":""not_applicable"",""route"":""sc"",""species"":""dog""},""endpoint_family"":""T1/2"",""normalized_unit"":""log10(h)"",""parameter_basis"":""elapsed_time"",""parameter_semantics"":""systemic_terminal_pk"",""target_kind"":""regression"",""target_transform"":""log10""}"	2	0	0	0	0	0	1	false	false	below_current_per_task_size_gate
mlv1.t1_2.regression.systemic_terminal_pk.5de369b381f81b9c	T1/2	regression	systemic_terminal_pk	log10(h)	log10			"{""assay_family"":""systemic_terminal_pk"",""binary_evidence_lane"":""not_binary"",""condition"":{""assay"":""elisa"",""matrix"":""blood"",""protease"":""not_applicable"",""route"":""iv"",""species"":""human""},""endpoint_family"":""T1/2"",""normalized_unit"":""log10(h)"",""parameter_basis"":""elapsed_time"",""parameter_semantics"":""systemic_terminal_pk"",""target_kind"":""regression"",""target_transform"":""log10""}"	3	0	0	0	0	1	1	false	false	below_current_per_task_size_gate
mlv1.t1_2.regression.systemic_terminal_pk.5e2099e338d8e964	T1/2	regression	systemic_terminal_pk	log10(h)	log10			"{""assay_family"":""systemic_terminal_pk"",""binary_evidence_lane"":""not_binary"",""condition"":{""assay"":""hplc"",""matrix"":""other_intravenous_injection_in_pc_0cfb2af1"",""protease"":""not_applicable"",""route"":""iv"",""species"":""mouse""},""endpoint_family"":""T1/2"",""normalized_unit"":""log10(h)"",""parameter_basis"":""elapsed_time"",""parameter_semantics"":""systemic_terminal_pk"",""target_kind"":""regression"",""target_transform"":""log10""}"	2	0	0	0	0	1	1	false	false	below_current_per_task_size_gate
mlv1.t1_2.regression.systemic_terminal_pk.5ed11d7f95ca9de7	T1/2	regression	systemic_terminal_pk	log10(h)	log10			"{""assay_family"":""systemic_terminal_pk"",""binary_evidence_lane"":""not_binary"",""condition"":{""assay"":""elisa"",""matrix"":""serum"",""protease"":""not_applicable"",""route"":""route_not_reported"",""species"":""mouse""},""endpoint_family"":""T1/2"",""normalized_unit"":""log10(h)"",""parameter_basis"":""elapsed_time"",""parameter_semantics"":""systemic_terminal_pk"",""target_kind"":""regression"",""target_transform"":""log10""}"	3	1	0	0	0	1	2	false	false	below_current_per_task_size_gate
mlv1.t1_2.regression.systemic_terminal_pk.5faa72fb1179e2fe	T1/2	regression	systemic_terminal_pk	log10(h)	log10			"{""assay_family"":""systemic_terminal_pk"",""binary_evidence_lane"":""not_binary"",""condition"":{""assay"":""fluorescence"",""matrix"":""plasma"",""protease"":""not_applicable"",""route"":""iv"",""species"":""species_not_reported""},""endpoint_family"":""T1/2"",""normalized_unit"":""log10(h)"",""parameter_basis"":""elapsed_time"",""parameter_semantics"":""systemic_terminal_pk"",""target_kind"":""regression"",""target_transform"":""log10""}"	4	0	0	0	0	0	1	false	false	below_current_per_task_size_gate
mlv1.t1_2.regression.systemic_terminal_pk.60059f33c08a2bd0	T1/2	regression	systemic_terminal_pk	log10(h)	log10			"{""assay_family"":""systemic_terminal_pk"",""binary_evidence_lane"":""not_binary"",""condition"":{""assay"":""lc_ms_ms"",""matrix"":""serum"",""protease"":""not_applicable"",""route"":""sc"",""species"":""mouse""},""endpoint_family"":""T1/2"",""normalized_unit"":""log10(h)"",""parameter_basis"":""elapsed_time"",""parameter_semantics"":""systemic_terminal_pk"",""target_kind"":""regression"",""target_transform"":""log10""}"	3	1	0	0	0	2	2	false	false	below_current_per_task_size_gate
mlv1.t1_2.regression.systemic_terminal_pk.60d2d676c88f0ccc	T1/2	regression	systemic_terminal_pk	log10(h)	log10			"{""assay_family"":""systemic_terminal_pk"",""binary_evidence_lane"":""not_binary"",""condition"":{""assay"":""lc_ms"",""matrix"":""serum"",""protease"":""not_applicable"",""route"":""sc"",""species"":""rat""},""endpoint_family"":""T1/2"",""normalized_unit"":""log10(h)"",""parameter_basis"":""elapsed_time"",""parameter_semantics"":""systemic_terminal_pk"",""target_kind"":""regression"",""target_transform"":""log10""}"	2	2	0	0	0	2	1	false	false	below_current_per_task_size_gate
mlv1.t1_2.regression.systemic_terminal_pk.61102c3dcaf2ec2f	T1/2	regression	systemic_terminal_pk	log10(h)	log10			"{""assay_family"":""systemic_terminal_pk"",""binary_evidence_lane"":""not_binary"",""condition"":{""assay"":""lc_ms_ms"",""matrix"":""serum"",""protease"":""not_applicable"",""route"":""iv"",""species"":""human""},""endpoint_family"":""T1/2"",""normalized_unit"":""log10(h)"",""parameter_basis"":""elapsed_time"",""parameter_semantics"":""systemic_terminal_pk"",""target_kind"":""regression"",""target_transform"":""log10""}"	5	0	0	0	0	1	1	false	false	below_current_per_task_size_gate
mlv1.t1_2.regression.systemic_terminal_pk.619f2719de509b71	T1/2	regression	systemic_terminal_pk	log10(h)	log10			"{""assay_family"":""systemic_terminal_pk"",""binary_evidence_lane"":""not_binary"",""condition"":{""assay"":""radioimmunoassay"",""matrix"":""plasma"",""protease"":""not_applicable"",""route"":""sc"",""species"":""mouse""},""endpoint_family"":""T1/2"",""normalized_unit"":""log10(h)"",""parameter_basis"":""elapsed_time"",""parameter_semantics"":""systemic_terminal_pk"",""target_kind"":""regression"",""target_transform"":""log10""}"	1	1	0	0	0	1	1	false	false	below_current_per_task_size_gate
mlv1.t1_2.regression.systemic_terminal_pk.61d628401c8d2546	T1/2	regression	systemic_terminal_pk	log10(h)	log10			"{""assay_family"":""systemic_terminal_pk"",""binary_evidence_lane"":""not_binary"",""condition"":{""assay"":""lc_ms_ms"",""matrix"":""other_g_ttingen_minipigs_csf_lumb_3b464406"",""protease"":""not_applicable"",""route"":""sc"",""species"":""minipig""},""endpoint_family"":""T1/2"",""normalized_unit"":""log10(h)"",""parameter_basis"":""elapsed_time"",""parameter_semantics"":""systemic_terminal_pk"",""target_kind"":""regression"",""target_transform"":""log10""}"	1	0	0	0	0	0	1	false	false	below_current_per_task_size_gate
mlv1.t1_2.regression.systemic_terminal_pk.62bd095bf8a45f7b	T1/2	regression	systemic_terminal_pk	log10(h)	log10			"{""assay_family"":""systemic_terminal_pk"",""binary_evidence_lane"":""not_binary"",""condition"":{""assay"":""assay_not_reported"",""matrix"":""plasma"",""protease"":""not_applicable"",""route"":""iv"",""species"":""rat""},""endpoint_family"":""T1/2"",""normalized_unit"":""log10(h)"",""parameter_basis"":""elapsed_time"",""parameter_semantics"":""systemic_terminal_pk"",""target_kind"":""regression"",""target_transform"":""log10""}"	4	0	0	0	0	1	2	false	false	below_current_per_task_size_gate
mlv1.t1_2.regression.systemic_terminal_pk.6343d748fc1e19f0	T1/2	regression	systemic_terminal_pk	log10(h)	log10			"{""assay_family"":""systemic_terminal_pk"",""binary_evidence_lane"":""not_binary"",""condition"":{""assay"":""hplc"",""matrix"":""other_subcutaneous_injection_in_f_bf7c7ba2"",""protease"":""not_applicable"",""route"":""sc"",""species"":""rat""},""endpoint_family"":""T1/2"",""normalized_unit"":""log10(h)"",""parameter_basis"":""elapsed_time"",""parameter_semantics"":""systemic_terminal_pk"",""target_kind"":""regression"",""target_transform"":""log10""}"	1	1	0	0	0	1	1	false	false	below_current_per_task_size_gate
mlv1.t1_2.regression.systemic_terminal_pk.637944d9a1bdff51	T1/2	regression	systemic_terminal_pk	log10(h)	log10			"{""assay_family"":""systemic_terminal_pk"",""binary_evidence_lane"":""not_binary"",""condition"":{""assay"":""radioimmunoassay"",""matrix"":""blood"",""protease"":""not_applicable"",""route"":""route_not_reported"",""species"":""rat""},""endpoint_family"":""T1/2"",""normalized_unit"":""log10(h)"",""parameter_basis"":""elapsed_time"",""parameter_semantics"":""systemic_terminal_pk"",""target_kind"":""regression"",""target_transform"":""log10""}"	3	1	0	0	0	2	1	false	false	below_current_per_task_size_gate
mlv1.t1_2.regression.systemic_terminal_pk.6435655520be0a2c	T1/2	regression	systemic_terminal_pk	log10(h)	log10			"{""assay_family"":""systemic_terminal_pk"",""binary_evidence_lane"":""not_binary"",""condition"":{""assay"":""radioimmunoassay"",""matrix"":""plasma"",""protease"":""not_applicable"",""route"":""iv"",""species"":""rat""},""endpoint_family"":""T1/2"",""normalized_unit"":""log10(h)"",""parameter_basis"":""elapsed_time"",""parameter_semantics"":""systemic_terminal_pk"",""target_kind"":""regression"",""target_transform"":""log10""}"	86	53	0	0	0	62	9	true	true	strict_numeric_or_experimental_binary_size_gate
mlv1.t1_2.regression.systemic_terminal_pk.647c19ad643d3f2f	T1/2	regression	systemic_terminal_pk	log10(h)	log10			"{""assay_family"":""systemic_terminal_pk"",""binary_evidence_lane"":""not_binary"",""condition"":{""assay"":""elisa"",""matrix"":""plasma"",""protease"":""not_applicable"",""route"":""iv"",""species"":""monkey_unspecified""},""endpoint_family"":""T1/2"",""normalized_unit"":""log10(h)"",""parameter_basis"":""elapsed_time"",""parameter_semantics"":""systemic_terminal_pk"",""target_kind"":""regression"",""target_transform"":""log10""}"	4	0	0	0	0	0	1	false	false	below_current_per_task_size_gate
mlv1.t1_2.regression.systemic_terminal_pk.64830de5d6dfe601	T1/2	regression	systemic_terminal_pk	log10(h)	log10			"{""assay_family"":""systemic_terminal_pk"",""binary_evidence_lane"":""not_binary"",""condition"":{""assay"":""lc_ms"",""matrix"":""serum"",""protease"":""not_applicable"",""route"":""iv"",""species"":""rhesus_monkey""},""endpoint_family"":""T1/2"",""normalized_unit"":""log10(h)"",""parameter_basis"":""elapsed_time"",""parameter_semantics"":""systemic_terminal_pk"",""target_kind"":""regression"",""target_transform"":""log10""}"	2	0	0	0	0	1	1	false	false	below_current_per_task_size_gate
mlv1.t1_2.regression.systemic_terminal_pk.6499bc68997b8966	T1/2	regression	systemic_terminal_pk	log10(h)	log10			"{""assay_family"":""systemic_terminal_pk"",""binary_evidence_lane"":""not_binary"",""condition"":{""assay"":""hplc"",""matrix"":""plasma"",""protease"":""not_applicable"",""route"":""sc"",""species"":""dog""},""endpoint_family"":""T1/2"",""normalized_unit"":""log10(h)"",""parameter_basis"":""elapsed_time"",""parameter_semantics"":""systemic_terminal_pk"",""target_kind"":""regression"",""target_transform"":""log10""}"	2	0	0	0	0	0	1	false	false	below_current_per_task_size_gate
mlv1.t1_2.regression.systemic_terminal_pk.64c79f730963de00	T1/2	regression	systemic_terminal_pk	log10(h)	log10			"{""assay_family"":""systemic_terminal_pk"",""binary_evidence_lane"":""not_binary"",""condition"":{""assay"":""other_chromogenic_activity_assays"",""matrix"":""plasma"",""protease"":""not_applicable"",""route"":""iv"",""species"":""cynomolgus_monkey""},""endpoint_family"":""T1/2"",""normalized_unit"":""log10(h)"",""parameter_basis"":""elapsed_time"",""parameter_semantics"":""systemic_terminal_pk"",""target_kind"":""regression"",""target_transform"":""log10""}"	2	0	0	0	0	1	1	false	false	below_current_per_task_size_gate
mlv1.t1_2.regression.systemic_terminal_pk.652c656eb674c0be	T1/2	regression	systemic_terminal_pk	log10(h)	log10			"{""assay_family"":""systemic_terminal_pk"",""binary_evidence_lane"":""not_binary"",""condition"":{""assay"":""hplc"",""matrix"":""other_injected_in_humans_injected_05808156"",""protease"":""not_applicable"",""route"":""route_not_reported"",""species"":""species_not_reported""},""endpoint_family"":""T1/2"",""normalized_unit"":""log10(h)"",""parameter_basis"":""elapsed_time"",""parameter_semantics"":""systemic_terminal_pk"",""target_kind"":""regression"",""target_transform"":""log10""}"	3	3	0	0	0	3	1	false	false	below_current_per_task_size_gate
mlv1.t1_2.regression.systemic_terminal_pk.661875cb58509b98	T1/2	regression	systemic_terminal_pk	log10(h)	log10			"{""assay_family"":""systemic_terminal_pk"",""binary_evidence_lane"":""not_binary"",""condition"":{""assay"":""other_lc_ms"",""matrix"":""plasma"",""protease"":""not_applicable"",""route"":""iv"",""species"":""mouse""},""endpoint_family"":""T1/2"",""normalized_unit"":""log10(h)"",""parameter_basis"":""elapsed_time"",""parameter_semantics"":""systemic_terminal_pk"",""target_kind"":""regression"",""target_transform"":""log10""}"	2	2	0	0	0	2	1	false	false	below_current_per_task_size_gate
mlv1.t1_2.regression.systemic_terminal_pk.6726e82532e94a04	T1/2	regression	systemic_terminal_pk	log10(h)	log10			"{""assay_family"":""systemic_terminal_pk"",""binary_evidence_lane"":""not_binary"",""condition"":{""assay"":""radioimmunoassay"",""matrix"":""other_female_homozygous_brattlebo_cca889c4"",""protease"":""not_applicable"",""route"":""route_not_reported"",""species"":""rat""},""endpoint_family"":""T1/2"",""normalized_unit"":""log10(h)"",""parameter_basis"":""elapsed_time"",""parameter_semantics"":""systemic_terminal_pk"",""target_kind"":""regression"",""target_transform"":""log10""}"	1	1	0	0	0	1	1	false	false	below_current_per_task_size_gate
mlv1.t1_2.regression.systemic_terminal_pk.676bec7f514f39f5	T1/2	regression	systemic_terminal_pk	log10(h)	log10			"{""assay_family"":""systemic_terminal_pk"",""binary_evidence_lane"":""not_binary"",""condition"":{""assay"":""hplc"",""matrix"":""plasma"",""protease"":""not_applicable"",""route"":""sc"",""species"":""cynomolgus_monkey""},""endpoint_family"":""T1/2"",""normalized_unit"":""log10(h)"",""parameter_basis"":""elapsed_time"",""parameter_semantics"":""systemic_terminal_pk"",""target_kind"":""regression"",""target_transform"":""log10""}"	3	0	0	0	0	1	1	false	false	below_current_per_task_size_gate
mlv1.t1_2.regression.systemic_terminal_pk.67ba8023ef78f142	T1/2	regression	systemic_terminal_pk	log10(h)	log10			"{""assay_family"":""systemic_terminal_pk"",""binary_evidence_lane"":""not_binary"",""condition"":{""assay"":""lc_ms_ms"",""matrix"":""other_male_cynomolgus_monkeys_mal_4247ec10"",""protease"":""not_applicable"",""route"":""sc"",""species"":""cynomolgus_monkey""},""endpoint_family"":""T1/2"",""normalized_unit"":""log10(h)"",""parameter_basis"":""elapsed_time"",""parameter_semantics"":""systemic_terminal_pk"",""target_kind"":""regression"",""target_transform"":""log10""}"	1	1	0	0	0	1	1	false	false	below_current_per_task_size_gate
mlv1.t1_2.regression.systemic_terminal_pk.680d56ddf916fc18	T1/2	regression	systemic_terminal_pk	log10(h)	log10			"{""assay_family"":""systemic_terminal_pk"",""binary_evidence_lane"":""not_binary"",""condition"":{""assay"":""lc_ms_ms"",""matrix"":""plasma"",""protease"":""not_applicable"",""route"":""sc"",""species"":""minipig""},""endpoint_family"":""T1/2"",""normalized_unit"":""log10(h)"",""parameter_basis"":""elapsed_time"",""parameter_semantics"":""systemic_terminal_pk"",""target_kind"":""regression"",""target_transform"":""log10""}"	6	3	0	0	0	3	5	false	false	below_current_per_task_size_gate
mlv1.t1_2.regression.systemic_terminal_pk.680d5a70f7b619af	T1/2	regression	systemic_terminal_pk	log10(h)	log10			"{""assay_family"":""systemic_terminal_pk"",""binary_evidence_lane"":""not_binary"",""condition"":{""assay"":""other_fluorometery"",""matrix"":""plasma"",""protease"":""not_applicable"",""route"":""route_not_reported"",""species"":""mouse""},""endpoint_family"":""T1/2"",""normalized_unit"":""log10(h)"",""parameter_basis"":""elapsed_time"",""parameter_semantics"":""systemic_terminal_pk"",""target_kind"":""regression"",""target_transform"":""log10""}"	1	1	0	0	0	1	1	false	false	below_current_per_task_size_gate
mlv1.t1_2.regression.systemic_terminal_pk.6853c9a9f4ee0c20	T1/2	regression	systemic_terminal_pk	log10(h)	log10			"{""assay_family"":""systemic_terminal_pk"",""binary_evidence_lane"":""not_binary"",""condition"":{""assay"":""radioimmunoassay"",""matrix"":""other_intravenous_injection_of_ox_933aca59"",""protease"":""not_applicable"",""route"":""iv"",""species"":""species_not_reported""},""endpoint_family"":""T1/2"",""normalized_unit"":""log10(h)"",""parameter_basis"":""elapsed_time"",""parameter_semantics"":""systemic_terminal_pk"",""target_kind"":""regression"",""target_transform"":""log10""}"	1	1	0	0	0	1	1	false	false	below_current_per_task_size_gate
mlv1.t1_2.regression.systemic_terminal_pk.6a1d5b8d2d02de92	T1/2	regression	systemic_terminal_pk	log10(h)	log10			"{""assay_family"":""systemic_terminal_pk"",""binary_evidence_lane"":""not_binary"",""condition"":{""assay"":""elisa"",""matrix"":""other_subcutaneously_injected_in_bc43af3c"",""protease"":""not_applicable"",""route"":""sc"",""species"":""rat""},""endpoint_family"":""T1/2"",""normalized_unit"":""log10(h)"",""parameter_basis"":""elapsed_time"",""parameter_semantics"":""systemic_terminal_pk"",""target_kind"":""regression"",""target_transform"":""log10""}"	1	0	1	0	0	1	1	false	false	below_current_per_task_size_gate
mlv1.t1_2.regression.systemic_terminal_pk.6a7030d9f1d9919a	T1/2	regression	systemic_terminal_pk	log10(h)	log10			"{""assay_family"":""systemic_terminal_pk"",""binary_evidence_lane"":""not_binary"",""condition"":{""assay"":""assay_not_reported"",""matrix"":""blood"",""protease"":""not_applicable"",""route"":""iv"",""species"":""rat""},""endpoint_family"":""T1/2"",""normalized_unit"":""log10(h)"",""parameter_basis"":""elapsed_time"",""parameter_semantics"":""systemic_terminal_pk"",""target_kind"":""regression"",""target_transform"":""log10""}"	2	0	0	0	0	1	1	false	false	below_current_per_task_size_gate
mlv1.t1_2.regression.systemic_terminal_pk.6ad9121df23997d9	T1/2	regression	systemic_terminal_pk	log10(h)	log10			"{""assay_family"":""systemic_terminal_pk"",""binary_evidence_lane"":""not_binary"",""condition"":{""assay"":""radioimmunoassay"",""matrix"":""plasma"",""protease"":""not_applicable"",""route"":""route_not_reported"",""species"":""species_not_reported""},""endpoint_family"":""T1/2"",""normalized_unit"":""log10(h)"",""parameter_basis"":""elapsed_time"",""parameter_semantics"":""systemic_terminal_pk"",""target_kind"":""regression"",""target_transform"":""log10""}"	2	0	0	0	0	1	1	false	false	below_current_per_task_size_gate
mlv1.t1_2.regression.systemic_terminal_pk.6c68fc8eff6f0dae	T1/2	regression	systemic_terminal_pk	log10(h)	log10			"{""assay_family"":""systemic_terminal_pk"",""binary_evidence_lane"":""not_binary"",""condition"":{""assay"":""mass_spectrometry"",""matrix"":""plasma"",""protease"":""not_applicable"",""route"":""iv"",""species"":""mouse""},""endpoint_family"":""T1/2"",""normalized_unit"":""log10(h)"",""parameter_basis"":""elapsed_time"",""parameter_semantics"":""systemic_terminal_pk"",""target_kind"":""regression"",""target_transform"":""log10""}"	3	2	0	0	0	2	3	false	false	below_current_per_task_size_gate
mlv1.t1_2.regression.systemic_terminal_pk.6cc02964face3def	T1/2	regression	systemic_terminal_pk	log10(h)	log10			"{""assay_family"":""systemic_terminal_pk"",""binary_evidence_lane"":""not_binary"",""condition"":{""assay"":""radioimmunoassay"",""matrix"":""other_subcutaneous_injection_in_p_a6859878"",""protease"":""not_applicable"",""route"":""sc"",""species"":""rat""},""endpoint_family"":""T1/2"",""normalized_unit"":""log10(h)"",""parameter_basis"":""elapsed_time"",""parameter_semantics"":""systemic_terminal_pk"",""target_kind"":""regression"",""target_transform"":""log10""}"	1	1	0	0	0	1	1	false	false	below_current_per_task_size_gate
mlv1.t1_2.regression.systemic_terminal_pk.6cc42676dcd9894f	T1/2	regression	systemic_terminal_pk	log10(h)	log10			"{""assay_family"":""systemic_terminal_pk"",""binary_evidence_lane"":""not_binary"",""condition"":{""assay"":""fluorescence"",""matrix"":""serum"",""protease"":""not_applicable"",""route"":""sc"",""species"":""mouse""},""endpoint_family"":""T1/2"",""normalized_unit"":""log10(h)"",""parameter_basis"":""elapsed_time"",""parameter_semantics"":""systemic_terminal_pk"",""target_kind"":""regression"",""target_transform"":""log10""}"	7	2	1	0	0	4	2	false	false	below_current_per_task_size_gate
mlv1.t1_2.regression.systemic_terminal_pk.6d54e807e08d7207	T1/2	regression	systemic_terminal_pk	log10(h)	log10			"{""assay_family"":""systemic_terminal_pk"",""binary_evidence_lane"":""not_binary"",""condition"":{""assay"":""assay_not_reported"",""matrix"":""other_not_reported_not_reported"",""protease"":""not_applicable"",""route"":""route_not_reported"",""species"":""species_not_reported""},""endpoint_family"":""T1/2"",""normalized_unit"":""log10(h)"",""parameter_basis"":""elapsed_time"",""parameter_semantics"":""systemic_terminal_pk"",""target_kind"":""regression"",""target_transform"":""log10""}"	1	0	1	0	0	1	1	false	false	below_current_per_task_size_gate
mlv1.t1_2.regression.systemic_terminal_pk.6e19506deceb29b5	T1/2	regression	systemic_terminal_pk	log10(h)	log10			"{""assay_family"":""systemic_terminal_pk"",""binary_evidence_lane"":""not_binary"",""condition"":{""assay"":""other_serum_stability_assay"",""matrix"":""serum"",""protease"":""not_applicable"",""route"":""route_not_reported"",""species"":""mouse""},""endpoint_family"":""T1/2"",""normalized_unit"":""log10(h)"",""parameter_basis"":""elapsed_time"",""parameter_semantics"":""systemic_terminal_pk"",""target_kind"":""regression"",""target_transform"":""log10""}"	2	0	0	0	0	0	1	false	false	below_current_per_task_size_gate
mlv1.t1_2.regression.systemic_terminal_pk.6e33ce1ca6a2443d	T1/2	regression	systemic_terminal_pk	log10(h)	log10			"{""assay_family"":""systemic_terminal_pk"",""binary_evidence_lane"":""not_binary"",""condition"":{""assay"":""lc_ms_ms"",""matrix"":""plasma"",""protease"":""not_applicable"",""route"":""sc"",""species"":""dog""},""endpoint_family"":""T1/2"",""normalized_unit"":""log10(h)"",""parameter_basis"":""elapsed_time"",""parameter_semantics"":""systemic_terminal_pk"",""target_kind"":""regression"",""target_transform"":""log10""}"	2	0	0	0	0	0	1	false	false	below_current_per_task_size_gate
mlv1.t1_2.regression.systemic_terminal_pk.6e78e615a30bca9f	T1/2	regression	systemic_terminal_pk	log10(h)	log10			"{""assay_family"":""systemic_terminal_pk"",""binary_evidence_lane"":""not_binary"",""condition"":{""assay"":""elisa"",""matrix"":""plasma"",""protease"":""not_applicable"",""route"":""route_not_reported"",""species"":""human""},""endpoint_family"":""T1/2"",""normalized_unit"":""log10(h)"",""parameter_basis"":""elapsed_time"",""parameter_semantics"":""systemic_terminal_pk"",""target_kind"":""regression"",""target_transform"":""log10""}"	4	0	0	0	0	1	1	false	false	below_current_per_task_size_gate
mlv1.t1_2.regression.systemic_terminal_pk.6eaa6ead680a18fa	T1/2	regression	systemic_terminal_pk	log10(h)	log10			"{""assay_family"":""systemic_terminal_pk"",""binary_evidence_lane"":""not_binary"",""condition"":{""assay"":""radioimmunoassay"",""matrix"":""other_female_homozygous_brattlebo_57a7555a"",""protease"":""not_applicable"",""route"":""route_not_reported"",""species"":""rat""},""endpoint_family"":""T1/2"",""normalized_unit"":""log10(h)"",""parameter_basis"":""elapsed_time"",""parameter_semantics"":""systemic_terminal_pk"",""target_kind"":""regression"",""target_transform"":""log10""}"	2	0	0	0	0	1	1	false	false	below_current_per_task_size_gate
mlv1.t1_2.regression.systemic_terminal_pk.70d708c439f2b166	T1/2	regression	systemic_terminal_pk	log10(h)	log10			"{""assay_family"":""systemic_terminal_pk"",""binary_evidence_lane"":""not_binary"",""condition"":{""assay"":""elisa"",""matrix"":""blood"",""protease"":""not_applicable"",""route"":""sc"",""species"":""species_not_reported""},""endpoint_family"":""T1/2"",""normalized_unit"":""log10(h)"",""parameter_basis"":""elapsed_time"",""parameter_semantics"":""systemic_terminal_pk"",""target_kind"":""regression"",""target_transform"":""log10""}"	1	0	0	0	0	0	1	false	false	below_current_per_task_size_gate
mlv1.t1_2.regression.systemic_terminal_pk.70fcc3bcb9e2260b	T1/2	regression	systemic_terminal_pk	log10(h)	log10			"{""assay_family"":""systemic_terminal_pk"",""binary_evidence_lane"":""not_binary"",""condition"":{""assay"":""lc_ms"",""matrix"":""other_intravenous_injection_in_ma_3216666b"",""protease"":""not_applicable"",""route"":""iv"",""species"":""rat""},""endpoint_family"":""T1/2"",""normalized_unit"":""log10(h)"",""parameter_basis"":""elapsed_time"",""parameter_semantics"":""systemic_terminal_pk"",""target_kind"":""regression"",""target_transform"":""log10""}"	2	0	0	0	0	1	1	false	false	below_current_per_task_size_gate
mlv1.t1_2.regression.systemic_terminal_pk.713ae2bd3ac9d54e	T1/2	regression	systemic_terminal_pk	log10(h)	log10			"{""assay_family"":""systemic_terminal_pk"",""binary_evidence_lane"":""not_binary"",""condition"":{""assay"":""elisa"",""matrix"":""plasma"",""protease"":""not_applicable"",""route"":""route_not_reported"",""species"":""mouse""},""endpoint_family"":""T1/2"",""normalized_unit"":""log10(h)"",""parameter_basis"":""elapsed_time"",""parameter_semantics"":""systemic_terminal_pk"",""target_kind"":""regression"",""target_transform"":""log10""}"	6	2	1	0	0	3	4	false	false	below_current_per_task_size_gate
mlv1.t1_2.regression.systemic_terminal_pk.71608e64c67c2bf2	T1/2	regression	systemic_terminal_pk	log10(h)	log10			"{""assay_family"":""systemic_terminal_pk"",""binary_evidence_lane"":""not_binary"",""condition"":{""assay"":""lc_ms_ms"",""matrix"":""plasma"",""protease"":""not_applicable"",""route"":""sc"",""species"":""human""},""endpoint_family"":""T1/2"",""normalized_unit"":""log10(h)"",""parameter_basis"":""elapsed_time"",""parameter_semantics"":""systemic_terminal_pk"",""target_kind"":""regression"",""target_transform"":""log10""}"	10	0	0	0	0	1	2	false	false	below_current_per_task_size_gate
mlv1.t1_2.regression.systemic_terminal_pk.718d5938181fe1c8	T1/2	regression	systemic_terminal_pk	log10(h)	log10			"{""assay_family"":""systemic_terminal_pk"",""binary_evidence_lane"":""not_binary"",""condition"":{""assay"":""assay_not_reported"",""matrix"":""plasma"",""protease"":""not_applicable"",""route"":""oral"",""species"":""human""},""endpoint_family"":""T1/2"",""normalized_unit"":""log10(h)"",""parameter_basis"":""elapsed_time"",""parameter_semantics"":""systemic_terminal_pk"",""target_kind"":""regression"",""target_transform"":""log10""}"	2	0	0	0	0	1	1	false	false	below_current_per_task_size_gate
mlv1.t1_2.regression.systemic_terminal_pk.719696bd8e024be3	T1/2	regression	systemic_terminal_pk	log10(h)	log10			"{""assay_family"":""systemic_terminal_pk"",""binary_evidence_lane"":""not_binary"",""condition"":{""assay"":""other_ultra_high_performance_b4bd8544"",""matrix"":""plasma"",""protease"":""not_applicable"",""route"":""iv"",""species"":""rat""},""endpoint_family"":""T1/2"",""normalized_unit"":""log10(h)"",""parameter_basis"":""elapsed_time"",""parameter_semantics"":""systemic_terminal_pk"",""target_kind"":""regression"",""target_transform"":""log10""}"	1	0	0	0	0	0	1	false	false	below_current_per_task_size_gate
mlv1.t1_2.regression.systemic_terminal_pk.71b0d8c333f0abaf	T1/2	regression	systemic_terminal_pk	log10(h)	log10			"{""assay_family"":""systemic_terminal_pk"",""binary_evidence_lane"":""not_binary"",""condition"":{""assay"":""hplc"",""matrix"":""plasma"",""protease"":""not_applicable"",""route"":""oral"",""species"":""rat""},""endpoint_family"":""T1/2"",""normalized_unit"":""log10(h)"",""parameter_basis"":""elapsed_time"",""parameter_semantics"":""systemic_terminal_pk"",""target_kind"":""regression"",""target_transform"":""log10""}"	2	0	0	0	0	1	1	false	false	below_current_per_task_size_gate
mlv1.t1_2.regression.systemic_terminal_pk.721686f3a9c4c550	T1/2	regression	systemic_terminal_pk	log10(h)	log10			"{""assay_family"":""systemic_terminal_pk"",""binary_evidence_lane"":""not_binary"",""condition"":{""assay"":""lc_ms"",""matrix"":""plasma"",""protease"":""not_applicable"",""route"":""route_not_reported"",""species"":""human""},""endpoint_family"":""T1/2"",""normalized_unit"":""log10(h)"",""parameter_basis"":""elapsed_time"",""parameter_semantics"":""systemic_terminal_pk"",""target_kind"":""regression"",""target_transform"":""log10""}"	4	0	0	0	0	1	2	false	false	below_current_per_task_size_gate
mlv1.t1_2.regression.systemic_terminal_pk.7225b8560cbe2769	T1/2	regression	systemic_terminal_pk	log10(h)	log10			"{""assay_family"":""systemic_terminal_pk"",""binary_evidence_lane"":""not_binary"",""condition"":{""assay"":""other_i_125_radiolabelling_method"",""matrix"":""plasma"",""protease"":""not_applicable"",""route"":""iv"",""species"":""mouse""},""endpoint_family"":""T1/2"",""normalized_unit"":""log10(h)"",""parameter_basis"":""elapsed_time"",""parameter_semantics"":""systemic_terminal_pk"",""target_kind"":""regression"",""target_transform"":""log10""}"	2	0	0	0	0	1	1	false	false	below_current_per_task_size_gate
mlv1.t1_2.regression.systemic_terminal_pk.74dc185c2a4eb80f	T1/2	regression	systemic_terminal_pk	log10(h)	log10			"{""assay_family"":""systemic_terminal_pk"",""binary_evidence_lane"":""not_binary"",""condition"":{""assay"":""mass_spectrometry"",""matrix"":""blood"",""protease"":""not_applicable"",""route"":""sc"",""species"":""species_not_reported""},""endpoint_family"":""T1/2"",""normalized_unit"":""log10(h)"",""parameter_basis"":""elapsed_time"",""parameter_semantics"":""systemic_terminal_pk"",""target_kind"":""regression"",""target_transform"":""log10""}"	3	0	0	0	0	1	1	false	false	below_current_per_task_size_gate
mlv1.t1_2.regression.systemic_terminal_pk.74df099bf9d25acc	T1/2	regression	systemic_terminal_pk	log10(h)	log10			"{""assay_family"":""systemic_terminal_pk"",""binary_evidence_lane"":""not_binary"",""condition"":{""assay"":""hplc"",""matrix"":""other_intravenous_administered_to_e60f83bc"",""protease"":""not_applicable"",""route"":""iv"",""species"":""rat""},""endpoint_family"":""T1/2"",""normalized_unit"":""log10(h)"",""parameter_basis"":""elapsed_time"",""parameter_semantics"":""systemic_terminal_pk"",""target_kind"":""regression"",""target_transform"":""log10""}"	2	2	0	0	0	2	1	false	false	below_current_per_task_size_gate
mlv1.t1_2.regression.systemic_terminal_pk.754ec61fb8bf4592	T1/2	regression	systemic_terminal_pk	log10(h)	log10			"{""assay_family"":""systemic_terminal_pk"",""binary_evidence_lane"":""not_binary"",""condition"":{""assay"":""hplc"",""matrix"":""plasma"",""protease"":""not_applicable"",""route"":""im"",""species"":""monkey_unspecified""},""endpoint_family"":""T1/2"",""normalized_unit"":""log10(h)"",""parameter_basis"":""elapsed_time"",""parameter_semantics"":""systemic_terminal_pk"",""target_kind"":""regression"",""target_transform"":""log10""}"	1	1	0	0	0	1	1	false	false	below_current_per_task_size_gate
mlv1.t1_2.regression.systemic_terminal_pk.7574ac3ea5f1f17c	T1/2	regression	systemic_terminal_pk	log10(h)	log10			"{""assay_family"":""systemic_terminal_pk"",""binary_evidence_lane"":""not_binary"",""condition"":{""assay"":""other_peptherdia_curated_appr_7011057c"",""matrix"":""other_terminal_half_life"",""protease"":""not_applicable"",""route"":""intranasal"",""species"":""human""},""endpoint_family"":""T1/2"",""normalized_unit"":""log10(h)"",""parameter_basis"":""elapsed_time"",""parameter_semantics"":""systemic_terminal_pk"",""target_kind"":""regression"",""target_transform"":""log10""}"	1	1	0	0	0	1	1	false	false	below_current_per_task_size_gate
mlv1.t1_2.regression.systemic_terminal_pk.75c03b65fee2563b	T1/2	regression	systemic_terminal_pk	log10(h)	log10			"{""assay_family"":""systemic_terminal_pk"",""binary_evidence_lane"":""not_binary"",""condition"":{""assay"":""elisa"",""matrix"":""plasma"",""protease"":""not_applicable"",""route"":""sc"",""species"":""pig""},""endpoint_family"":""T1/2"",""normalized_unit"":""log10(h)"",""parameter_basis"":""elapsed_time"",""parameter_semantics"":""systemic_terminal_pk"",""target_kind"":""regression"",""target_transform"":""log10""}"	17	1	0	0	0	1	2	false	false	below_current_per_task_size_gate
mlv1.t1_2.regression.systemic_terminal_pk.7620b06eea97717b	T1/2	regression	systemic_terminal_pk	log10(h)	log10			"{""assay_family"":""systemic_terminal_pk"",""binary_evidence_lane"":""not_binary"",""condition"":{""assay"":""lc_ms"",""matrix"":""plasma"",""protease"":""not_applicable"",""route"":""sc"",""species"":""human""},""endpoint_family"":""T1/2"",""normalized_unit"":""log10(h)"",""parameter_basis"":""elapsed_time"",""parameter_semantics"":""systemic_terminal_pk"",""target_kind"":""regression"",""target_transform"":""log10""}"	31	1	0	0	0	6	6	false	false	below_current_per_task_size_gate
mlv1.t1_2.regression.systemic_terminal_pk.7629dfa98ec7fb4b	T1/2	regression	systemic_terminal_pk	log10(h)	log10			"{""assay_family"":""systemic_terminal_pk"",""binary_evidence_lane"":""not_binary"",""condition"":{""assay"":""elisa"",""matrix"":""blood"",""protease"":""not_applicable"",""route"":""iv"",""species"":""species_not_reported""},""endpoint_family"":""T1/2"",""normalized_unit"":""log10(h)"",""parameter_basis"":""elapsed_time"",""parameter_semantics"":""systemic_terminal_pk"",""target_kind"":""regression"",""target_transform"":""log10""}"	2	2	0	0	0	2	2	false	false	below_current_per_task_size_gate
mlv1.t1_2.regression.systemic_terminal_pk.76dde038011fe41c	T1/2	regression	systemic_terminal_pk	log10(h)	log10			"{""assay_family"":""systemic_terminal_pk"",""binary_evidence_lane"":""not_binary"",""condition"":{""assay"":""radioimmunoassay"",""matrix"":""plasma"",""protease"":""not_applicable"",""route"":""route_not_reported"",""species"":""human""},""endpoint_family"":""T1/2"",""normalized_unit"":""log10(h)"",""parameter_basis"":""elapsed_time"",""parameter_semantics"":""systemic_terminal_pk"",""target_kind"":""regression"",""target_transform"":""log10""}"	22	10	0	0	0	13	14	false	false	below_current_per_task_size_gate
mlv1.t1_2.regression.systemic_terminal_pk.777f929997663baa	T1/2	regression	systemic_terminal_pk	log10(h)	log10			"{""assay_family"":""systemic_terminal_pk"",""binary_evidence_lane"":""not_binary"",""condition"":{""assay"":""lc_ms"",""matrix"":""other_intravenous_administered_to_bff7635c"",""protease"":""not_applicable"",""route"":""iv"",""species"":""dog""},""endpoint_family"":""T1/2"",""normalized_unit"":""log10(h)"",""parameter_basis"":""elapsed_time"",""parameter_semantics"":""systemic_terminal_pk"",""target_kind"":""regression"",""target_transform"":""log10""}"	2	0	0	0	0	1	1	false	false	below_current_per_task_size_gate
mlv1.t1_2.regression.systemic_terminal_pk.7865ab210863f563	T1/2	regression	systemic_terminal_pk	log10(h)	log10			"{""assay_family"":""systemic_terminal_pk"",""binary_evidence_lane"":""not_binary"",""condition"":{""assay"":""hplc"",""matrix"":""serum"",""protease"":""not_applicable"",""route"":""iv"",""species"":""rat""},""endpoint_family"":""T1/2"",""normalized_unit"":""log10(h)"",""parameter_basis"":""elapsed_time"",""parameter_semantics"":""systemic_terminal_pk"",""target_kind"":""regression"",""target_transform"":""log10""}"	5	1	0	0	0	3	3	false	false	below_current_per_task_size_gate
mlv1.t1_2.regression.systemic_terminal_pk.78c0213ca9cca100	T1/2	regression	systemic_terminal_pk	log10(h)	log10			"{""assay_family"":""systemic_terminal_pk"",""binary_evidence_lane"":""not_binary"",""condition"":{""assay"":""hplc"",""matrix"":""other_ntr_positive_ht29_tumor_bea_7b388c2b"",""protease"":""not_applicable"",""route"":""route_not_reported"",""species"":""mouse""},""endpoint_family"":""T1/2"",""normalized_unit"":""log10(h)"",""parameter_basis"":""elapsed_time"",""parameter_semantics"":""systemic_terminal_pk"",""target_kind"":""regression"",""target_transform"":""log10""}"	1	0	0	0	0	0	1	false	false	below_current_per_task_size_gate
mlv1.t1_2.regression.systemic_terminal_pk.78cc9f7f7d1f2e3f	T1/2	regression	systemic_terminal_pk	log10(h)	log10			"{""assay_family"":""systemic_terminal_pk"",""binary_evidence_lane"":""not_binary"",""condition"":{""assay"":""radioimmunoassay"",""matrix"":""other_intravenouly_injected_in_sp_9c5f9eaf"",""protease"":""not_applicable"",""route"":""iv"",""species"":""rat""},""endpoint_family"":""T1/2"",""normalized_unit"":""log10(h)"",""parameter_basis"":""elapsed_time"",""parameter_semantics"":""systemic_terminal_pk"",""target_kind"":""regression"",""target_transform"":""log10""}"	15	15	0	0	0	15	1	false	false	below_current_per_task_size_gate
mlv1.t1_2.regression.systemic_terminal_pk.78f8f1655a58e87c	T1/2	regression	systemic_terminal_pk	log10(h)	log10			"{""assay_family"":""systemic_terminal_pk"",""binary_evidence_lane"":""not_binary"",""condition"":{""assay"":""elisa"",""matrix"":""plasma"",""protease"":""not_applicable"",""route"":""sc"",""species"":""cynomolgus_monkey""},""endpoint_family"":""T1/2"",""normalized_unit"":""log10(h)"",""parameter_basis"":""elapsed_time"",""parameter_semantics"":""systemic_terminal_pk"",""target_kind"":""regression"",""target_transform"":""log10""}"	4	0	0	0	0	1	2	false	false	below_current_per_task_size_gate
mlv1.t1_2.regression.systemic_terminal_pk.7951d07d39821d18	T1/2	regression	systemic_terminal_pk	log10(h)	log10			"{""assay_family"":""systemic_terminal_pk"",""binary_evidence_lane"":""not_binary"",""condition"":{""assay"":""assay_not_reported"",""matrix"":""other_rats_rats"",""protease"":""not_applicable"",""route"":""sc"",""species"":""rat""},""endpoint_family"":""T1/2"",""normalized_unit"":""log10(h)"",""parameter_basis"":""elapsed_time"",""parameter_semantics"":""systemic_terminal_pk"",""target_kind"":""regression"",""target_transform"":""log10""}"	2	0	0	0	0	1	1	false	false	below_current_per_task_size_gate
mlv1.t1_2.regression.systemic_terminal_pk.7a0cd9ccae9fbb93	T1/2	regression	systemic_terminal_pk	log10(h)	log10			"{""assay_family"":""systemic_terminal_pk"",""binary_evidence_lane"":""not_binary"",""condition"":{""assay"":""assay_not_reported"",""matrix"":""plasma"",""protease"":""not_applicable"",""route"":""route_not_reported"",""species"":""human""},""endpoint_family"":""T1/2"",""normalized_unit"":""log10(h)"",""parameter_basis"":""elapsed_time"",""parameter_semantics"":""systemic_terminal_pk"",""target_kind"":""regression"",""target_transform"":""log10""}"	13	2	0	0	0	6	7	false	false	below_current_per_task_size_gate
mlv1.t1_2.regression.systemic_terminal_pk.7a9922b8de153e0d	T1/2	regression	systemic_terminal_pk	log10(h)	log10			"{""assay_family"":""systemic_terminal_pk"",""binary_evidence_lane"":""not_binary"",""condition"":{""assay"":""other_column_chromatography"",""matrix"":""other_intravenouly_injected_in_ad_e722e61e"",""protease"":""not_applicable"",""route"":""iv"",""species"":""rat""},""endpoint_family"":""T1/2"",""normalized_unit"":""log10(h)"",""parameter_basis"":""elapsed_time"",""parameter_semantics"":""systemic_terminal_pk"",""target_kind"":""regression"",""target_transform"":""log10""}"	1	1	0	0	0	1	1	false	false	below_current_per_task_size_gate
mlv1.t1_2.regression.systemic_terminal_pk.7ac227f58e7a2467	T1/2	regression	systemic_terminal_pk	log10(h)	log10			"{""assay_family"":""systemic_terminal_pk"",""binary_evidence_lane"":""not_binary"",""condition"":{""assay"":""other_celisa"",""matrix"":""plasma"",""protease"":""not_applicable"",""route"":""sc"",""species"":""mouse""},""endpoint_family"":""T1/2"",""normalized_unit"":""log10(h)"",""parameter_basis"":""elapsed_time"",""parameter_semantics"":""systemic_terminal_pk"",""target_kind"":""regression"",""target_transform"":""log10""}"	2	0	0	0	0	0	1	false	false	below_current_per_task_size_gate
mlv1.t1_2.regression.systemic_terminal_pk.7acf27dc5d6660ae	T1/2	regression	systemic_terminal_pk	log10(h)	log10			"{""assay_family"":""systemic_terminal_pk"",""binary_evidence_lane"":""not_binary"",""condition"":{""assay"":""other_tlc"",""matrix"":""plasma"",""protease"":""not_applicable"",""route"":""oral"",""species"":""mouse""},""endpoint_family"":""T1/2"",""normalized_unit"":""log10(h)"",""parameter_basis"":""elapsed_time"",""parameter_semantics"":""systemic_terminal_pk"",""target_kind"":""regression"",""target_transform"":""log10""}"	1	1	0	0	0	1	1	false	false	below_current_per_task_size_gate
mlv1.t1_2.regression.systemic_terminal_pk.7c132babfd25ca21	T1/2	regression	systemic_terminal_pk	log10(h)	log10			"{""assay_family"":""systemic_terminal_pk"",""binary_evidence_lane"":""not_binary"",""condition"":{""assay"":""other_in_vitro_cell_based_act_d2a13f2c"",""matrix"":""plasma"",""protease"":""not_applicable"",""route"":""iv"",""species"":""mouse""},""endpoint_family"":""T1/2"",""normalized_unit"":""log10(h)"",""parameter_basis"":""elapsed_time"",""parameter_semantics"":""systemic_terminal_pk"",""target_kind"":""regression"",""target_transform"":""log10""}"	3	3	0	0	0	3	2	false	false	below_current_per_task_size_gate
mlv1.t1_2.regression.systemic_terminal_pk.7d0c29ab6f50fda5	T1/2	regression	systemic_terminal_pk	log10(h)	log10			"{""assay_family"":""systemic_terminal_pk"",""binary_evidence_lane"":""not_binary"",""condition"":{""assay"":""hplc"",""matrix"":""blood"",""protease"":""not_applicable"",""route"":""iv"",""species"":""rabbit""},""endpoint_family"":""T1/2"",""normalized_unit"":""log10(h)"",""parameter_basis"":""elapsed_time"",""parameter_semantics"":""systemic_terminal_pk"",""target_kind"":""regression"",""target_transform"":""log10""}"	1	0	0	0	0	0	1	false	false	below_current_per_task_size_gate
mlv1.t1_2.regression.systemic_terminal_pk.7d32bbe19ccbaf5b	T1/2	regression	systemic_terminal_pk	log10(h)	log10			"{""assay_family"":""systemic_terminal_pk"",""binary_evidence_lane"":""not_binary"",""condition"":{""assay"":""lc_ms"",""matrix"":""plasma"",""protease"":""not_applicable"",""route"":""route_not_reported"",""species"":""rhesus_monkey""},""endpoint_family"":""T1/2"",""normalized_unit"":""log10(h)"",""parameter_basis"":""elapsed_time"",""parameter_semantics"":""systemic_terminal_pk"",""target_kind"":""regression"",""target_transform"":""log10""}"	3	0	0	0	0	1	1	false	false	below_current_per_task_size_gate
mlv1.t1_2.regression.systemic_terminal_pk.7d8a482b8c3af28a	T1/2	regression	systemic_terminal_pk	log10(h)	log10			"{""assay_family"":""systemic_terminal_pk"",""binary_evidence_lane"":""not_binary"",""condition"":{""assay"":""assay_not_reported"",""matrix"":""plasma"",""protease"":""not_applicable"",""route"":""sc"",""species"":""human""},""endpoint_family"":""T1/2"",""normalized_unit"":""log10(h)"",""parameter_basis"":""elapsed_time"",""parameter_semantics"":""systemic_terminal_pk"",""target_kind"":""regression"",""target_transform"":""log10""}"	7	0	0	0	0	2	2	false	false	below_current_per_task_size_gate
mlv1.t1_2.regression.systemic_terminal_pk.7dcbe0ec83ab011f	T1/2	regression	systemic_terminal_pk	log10(h)	log10			"{""assay_family"":""systemic_terminal_pk"",""binary_evidence_lane"":""not_binary"",""condition"":{""assay"":""lc_ms_ms"",""matrix"":""other_mouse_intestine_tissue_lysa_267f8326"",""protease"":""not_applicable"",""route"":""route_not_reported"",""species"":""mouse""},""endpoint_family"":""T1/2"",""normalized_unit"":""log10(h)"",""parameter_basis"":""elapsed_time"",""parameter_semantics"":""systemic_terminal_pk"",""target_kind"":""regression"",""target_transform"":""log10""}"	1	1	0	0	0	1	1	false	false	below_current_per_task_size_gate
mlv1.t1_2.regression.systemic_terminal_pk.7ebe3e29cd4c6249	T1/2	regression	systemic_terminal_pk	log10(h)	log10			"{""assay_family"":""systemic_terminal_pk"",""binary_evidence_lane"":""not_binary"",""condition"":{""assay"":""fluorescence"",""matrix"":""cellular_matrix"",""protease"":""not_applicable"",""route"":""route_not_reported"",""species"":""species_not_reported""},""endpoint_family"":""T1/2"",""normalized_unit"":""log10(h)"",""parameter_basis"":""elapsed_time"",""parameter_semantics"":""systemic_terminal_pk"",""target_kind"":""regression"",""target_transform"":""log10""}"	3	1	0	0	0	1	1	false	false	below_current_per_task_size_gate
mlv1.t1_2.regression.systemic_terminal_pk.7f138c377aa8034e	T1/2	regression	systemic_terminal_pk	log10(h)	log10			"{""assay_family"":""systemic_terminal_pk"",""binary_evidence_lane"":""not_binary"",""condition"":{""assay"":""elisa"",""matrix"":""other_mice_mice"",""protease"":""not_applicable"",""route"":""sc"",""species"":""mouse""},""endpoint_family"":""T1/2"",""normalized_unit"":""log10(h)"",""parameter_basis"":""elapsed_time"",""parameter_semantics"":""systemic_terminal_pk"",""target_kind"":""regression"",""target_transform"":""log10""}"	3	3	0	0	0	3	1	false	false	below_current_per_task_size_gate
mlv1.t1_2.regression.systemic_terminal_pk.7f4f519d2aea6e87	T1/2	regression	systemic_terminal_pk	log10(h)	log10			"{""assay_family"":""systemic_terminal_pk"",""binary_evidence_lane"":""not_binary"",""condition"":{""assay"":""radioimmunoassay"",""matrix"":""other_intravenous_injection_in_cy_10a7b614"",""protease"":""not_applicable"",""route"":""iv"",""species"":""cynomolgus_monkey""},""endpoint_family"":""T1/2"",""normalized_unit"":""log10(h)"",""parameter_basis"":""elapsed_time"",""parameter_semantics"":""systemic_terminal_pk"",""target_kind"":""regression"",""target_transform"":""log10""}"	6	0	0	0	0	0	1	false	false	below_current_per_task_size_gate
mlv1.t1_2.regression.systemic_terminal_pk.7f7368999ce162fd	T1/2	regression	systemic_terminal_pk	log10(h)	log10			"{""assay_family"":""systemic_terminal_pk"",""binary_evidence_lane"":""not_binary"",""condition"":{""assay"":""radioimmunoassay"",""matrix"":""plasma"",""protease"":""not_applicable"",""route"":""iv"",""species"":""dog""},""endpoint_family"":""T1/2"",""normalized_unit"":""log10(h)"",""parameter_basis"":""elapsed_time"",""parameter_semantics"":""systemic_terminal_pk"",""target_kind"":""regression"",""target_transform"":""log10""}"	11	8	1	0	0	10	6	false	false	below_current_per_task_size_gate
mlv1.t1_2.regression.systemic_terminal_pk.8054013baa632bf2	T1/2	regression	systemic_terminal_pk	log10(h)	log10			"{""assay_family"":""systemic_terminal_pk"",""binary_evidence_lane"":""not_binary"",""condition"":{""assay"":""hplc"",""matrix"":""other_wistar_rats_wistar_rats"",""protease"":""not_applicable"",""route"":""route_not_reported"",""species"":""rat""},""endpoint_family"":""T1/2"",""normalized_unit"":""log10(h)"",""parameter_basis"":""elapsed_time"",""parameter_semantics"":""systemic_terminal_pk"",""target_kind"":""regression"",""target_transform"":""log10""}"	1	1	0	0	0	1	1	false	false	below_current_per_task_size_gate
mlv1.t1_2.regression.systemic_terminal_pk.81476fd491ab2eb9	T1/2	regression	systemic_terminal_pk	log10(h)	log10			"{""assay_family"":""systemic_terminal_pk"",""binary_evidence_lane"":""not_binary"",""condition"":{""assay"":""assay_not_reported"",""matrix"":""other_subcutaneous_administration_a2316d5e"",""protease"":""not_applicable"",""route"":""sc"",""species"":""rat""},""endpoint_family"":""T1/2"",""normalized_unit"":""log10(h)"",""parameter_basis"":""elapsed_time"",""parameter_semantics"":""systemic_terminal_pk"",""target_kind"":""regression"",""target_transform"":""log10""}"	1	0	0	0	0	0	1	false	false	below_current_per_task_size_gate
mlv1.t1_2.regression.systemic_terminal_pk.815a669a46baea24	T1/2	regression	systemic_terminal_pk	log10(h)	log10			"{""assay_family"":""systemic_terminal_pk"",""binary_evidence_lane"":""not_binary"",""condition"":{""assay"":""other_dosimetry"",""matrix"":""other_human_metastases_human_metastases"",""protease"":""not_applicable"",""route"":""iv"",""species"":""human""},""endpoint_family"":""T1/2"",""normalized_unit"":""log10(h)"",""parameter_basis"":""elapsed_time"",""parameter_semantics"":""systemic_terminal_pk"",""target_kind"":""regression"",""target_transform"":""log10""}"	1	0	0	0	0	0	1	false	false	below_current_per_task_size_gate
mlv1.t1_2.regression.systemic_terminal_pk.821869bddd3b3801	T1/2	regression	systemic_terminal_pk	log10(h)	log10			"{""assay_family"":""systemic_terminal_pk"",""binary_evidence_lane"":""not_binary"",""condition"":{""assay"":""lc_ms"",""matrix"":""plasma"",""protease"":""not_applicable"",""route"":""sc"",""species"":""rat""},""endpoint_family"":""T1/2"",""normalized_unit"":""log10(h)"",""parameter_basis"":""elapsed_time"",""parameter_semantics"":""systemic_terminal_pk"",""target_kind"":""regression"",""target_transform"":""log10""}"	18	5	0	0	0	5	4	false	false	below_current_per_task_size_gate
mlv1.t1_2.regression.systemic_terminal_pk.8360772af87ef2c6	T1/2	regression	systemic_terminal_pk	log10(h)	log10			"{""assay_family"":""systemic_terminal_pk"",""binary_evidence_lane"":""not_binary"",""condition"":{""assay"":""other_ultra_high_performance_b4bd8544"",""matrix"":""plasma"",""protease"":""not_applicable"",""route"":""sc"",""species"":""rat""},""endpoint_family"":""T1/2"",""normalized_unit"":""log10(h)"",""parameter_basis"":""elapsed_time"",""parameter_semantics"":""systemic_terminal_pk"",""target_kind"":""regression"",""target_transform"":""log10""}"	1	0	0	0	0	0	1	false	false	below_current_per_task_size_gate
mlv1.t1_2.regression.systemic_terminal_pk.8404edb4277e965b	T1/2	regression	systemic_terminal_pk	log10(h)	log10			"{""assay_family"":""systemic_terminal_pk"",""binary_evidence_lane"":""not_binary"",""condition"":{""assay"":""lc_ms"",""matrix"":""plasma"",""protease"":""not_applicable"",""route"":""oral"",""species"":""human""},""endpoint_family"":""T1/2"",""normalized_unit"":""log10(h)"",""parameter_basis"":""elapsed_time"",""parameter_semantics"":""systemic_terminal_pk"",""target_kind"":""regression"",""target_transform"":""log10""}"	2	0	0	0	0	1	1	false	false	below_current_per_task_size_gate
mlv1.t1_2.regression.systemic_terminal_pk.84212d0fe08f953f	T1/2	regression	systemic_terminal_pk	log10(h)	log10			"{""assay_family"":""systemic_terminal_pk"",""binary_evidence_lane"":""not_binary"",""condition"":{""assay"":""other_single_dose_plasma_conc_f11c1902"",""matrix"":""plasma"",""protease"":""not_applicable"",""route"":""iv"",""species"":""mouse""},""endpoint_family"":""T1/2"",""normalized_unit"":""log10(h)"",""parameter_basis"":""elapsed_time"",""parameter_semantics"":""systemic_terminal_pk"",""target_kind"":""regression"",""target_transform"":""log10""}"	1	1	0	0	0	1	1	false	false	below_current_per_task_size_gate
mlv1.t1_2.regression.systemic_terminal_pk.850b22f967866aca	T1/2	regression	systemic_terminal_pk	log10(h)	log10			"{""assay_family"":""systemic_terminal_pk"",""binary_evidence_lane"":""not_binary"",""condition"":{""assay"":""elisa"",""matrix"":""blood"",""protease"":""not_applicable"",""route"":""sc"",""species"":""rat""},""endpoint_family"":""T1/2"",""normalized_unit"":""log10(h)"",""parameter_basis"":""elapsed_time"",""parameter_semantics"":""systemic_terminal_pk"",""target_kind"":""regression"",""target_transform"":""log10""}"	3	0	0	0	0	1	1	false	false	below_current_per_task_size_gate
mlv1.t1_2.regression.systemic_terminal_pk.85b014eea3d34808	T1/2	regression	systemic_terminal_pk	log10(h)	log10			"{""assay_family"":""systemic_terminal_pk"",""binary_evidence_lane"":""not_binary"",""condition"":{""assay"":""hplc"",""matrix"":""plasma"",""protease"":""not_applicable"",""route"":""route_not_reported"",""species"":""rat""},""endpoint_family"":""T1/2"",""normalized_unit"":""log10(h)"",""parameter_basis"":""elapsed_time"",""parameter_semantics"":""systemic_terminal_pk"",""target_kind"":""regression"",""target_transform"":""log10""}"	14	3	0	0	0	6	5	false	false	below_current_per_task_size_gate
mlv1.t1_2.regression.systemic_terminal_pk.8639426ff7638356	T1/2	regression	systemic_terminal_pk	log10(h)	log10			"{""assay_family"":""systemic_terminal_pk"",""binary_evidence_lane"":""not_binary"",""condition"":{""assay"":""assay_not_reported"",""matrix"":""other_10_mm_cacl2_at_ph_7_5_10_mm_637783f3"",""protease"":""not_applicable"",""route"":""route_not_reported"",""species"":""species_not_reported""},""endpoint_family"":""T1/2"",""normalized_unit"":""log10(h)"",""parameter_basis"":""elapsed_time"",""parameter_semantics"":""systemic_terminal_pk"",""target_kind"":""regression"",""target_transform"":""log10""}"	1	0	0	0	0	0	1	false	false	below_current_per_task_size_gate
mlv1.t1_2.regression.systemic_terminal_pk.865441b1863b9d79	T1/2	regression	systemic_terminal_pk	log10(h)	log10			"{""assay_family"":""systemic_terminal_pk"",""binary_evidence_lane"":""not_binary"",""condition"":{""assay"":""assay_not_reported"",""matrix"":""plasma"",""protease"":""not_applicable"",""route"":""route_not_reported"",""species"":""monkey_unspecified""},""endpoint_family"":""T1/2"",""normalized_unit"":""log10(h)"",""parameter_basis"":""elapsed_time"",""parameter_semantics"":""systemic_terminal_pk"",""target_kind"":""regression"",""target_transform"":""log10""}"	2	0	0	0	0	0	1	false	false	below_current_per_task_size_gate
mlv1.t1_2.regression.systemic_terminal_pk.8687c86275c9a59c	T1/2	regression	systemic_terminal_pk	log10(h)	log10			"{""assay_family"":""systemic_terminal_pk"",""binary_evidence_lane"":""not_binary"",""condition"":{""assay"":""other_chemiluminescence_immun_aeb50c49"",""matrix"":""other_twelve_adult_male_volunteer_0978cfc0"",""protease"":""not_applicable"",""route"":""route_not_reported"",""species"":""species_not_reported""},""endpoint_family"":""T1/2"",""normalized_unit"":""log10(h)"",""parameter_basis"":""elapsed_time"",""parameter_semantics"":""systemic_terminal_pk"",""target_kind"":""regression"",""target_transform"":""log10""}"	3	0	0	0	0	1	1	false	false	below_current_per_task_size_gate
mlv1.t1_2.regression.systemic_terminal_pk.86bdaa8628d5f538	T1/2	regression	systemic_terminal_pk	log10(h)	log10			"{""assay_family"":""systemic_terminal_pk"",""binary_evidence_lane"":""not_binary"",""condition"":{""assay"":""lc_ms_ms"",""matrix"":""other_male_cynomolgus_monkeys_mal_4247ec10"",""protease"":""not_applicable"",""route"":""iv"",""species"":""cynomolgus_monkey""},""endpoint_family"":""T1/2"",""normalized_unit"":""log10(h)"",""parameter_basis"":""elapsed_time"",""parameter_semantics"":""systemic_terminal_pk"",""target_kind"":""regression"",""target_transform"":""log10""}"	2	0	0	0	0	1	1	false	false	below_current_per_task_size_gate
mlv1.t1_2.regression.systemic_terminal_pk.8848213ee03cdb76	T1/2	regression	systemic_terminal_pk	log10(h)	log10			"{""assay_family"":""systemic_terminal_pk"",""binary_evidence_lane"":""not_binary"",""condition"":{""assay"":""radioimmunoassay"",""matrix"":""other_intravenous_administration_7e2813ff"",""protease"":""not_applicable"",""route"":""iv"",""species"":""human""},""endpoint_family"":""T1/2"",""normalized_unit"":""log10(h)"",""parameter_basis"":""elapsed_time"",""parameter_semantics"":""systemic_terminal_pk"",""target_kind"":""regression"",""target_transform"":""log10""}"	1	1	0	0	0	1	1	false	false	below_current_per_task_size_gate
mlv1.t1_2.regression.systemic_terminal_pk.886511a4bc52962e	T1/2	regression	systemic_terminal_pk	log10(h)	log10			"{""assay_family"":""systemic_terminal_pk"",""binary_evidence_lane"":""not_binary"",""condition"":{""assay"":""fluorescence"",""matrix"":""blood"",""protease"":""not_applicable"",""route"":""iv"",""species"":""mouse""},""endpoint_family"":""T1/2"",""normalized_unit"":""log10(h)"",""parameter_basis"":""elapsed_time"",""parameter_semantics"":""systemic_terminal_pk"",""target_kind"":""regression"",""target_transform"":""log10""}"	3	1	0	0	0	1	2	false	false	below_current_per_task_size_gate
mlv1.t1_2.regression.systemic_terminal_pk.89043064cbc6c3de	T1/2	regression	systemic_terminal_pk	log10(h)	log10			"{""assay_family"":""systemic_terminal_pk"",""binary_evidence_lane"":""not_binary"",""condition"":{""assay"":""lc_ms_ms"",""matrix"":""serum"",""protease"":""not_applicable"",""route"":""iv"",""species"":""rat""},""endpoint_family"":""T1/2"",""normalized_unit"":""log10(h)"",""parameter_basis"":""elapsed_time"",""parameter_semantics"":""systemic_terminal_pk"",""target_kind"":""regression"",""target_transform"":""log10""}"	2	0	0	0	0	1	1	false	false	below_current_per_task_size_gate
mlv1.t1_2.regression.systemic_terminal_pk.8935f1224216527c	T1/2	regression	systemic_terminal_pk	log10(h)	log10			"{""assay_family"":""systemic_terminal_pk"",""binary_evidence_lane"":""not_binary"",""condition"":{""assay"":""radioimmunoassay"",""matrix"":""plasma"",""protease"":""not_applicable"",""route"":""sc"",""species"":""cynomolgus_monkey""},""endpoint_family"":""T1/2"",""normalized_unit"":""log10(h)"",""parameter_basis"":""elapsed_time"",""parameter_semantics"":""systemic_terminal_pk"",""target_kind"":""regression"",""target_transform"":""log10""}"	1	1	0	0	0	1	1	false	false	below_current_per_task_size_gate
mlv1.t1_2.regression.systemic_terminal_pk.89935c665a3a67ff	T1/2	regression	systemic_terminal_pk	log10(h)	log10			"{""assay_family"":""systemic_terminal_pk"",""binary_evidence_lane"":""not_binary"",""condition"":{""assay"":""hplc"",""matrix"":""blood"",""protease"":""not_applicable"",""route"":""route_not_reported"",""species"":""mouse""},""endpoint_family"":""T1/2"",""normalized_unit"":""log10(h)"",""parameter_basis"":""elapsed_time"",""parameter_semantics"":""systemic_terminal_pk"",""target_kind"":""regression"",""target_transform"":""log10""}"	5	0	0	0	0	1	1	false	false	below_current_per_task_size_gate
mlv1.t1_2.regression.systemic_terminal_pk.89e24988f5603af8	T1/2	regression	systemic_terminal_pk	log10(h)	log10			"{""assay_family"":""systemic_terminal_pk"",""binary_evidence_lane"":""not_binary"",""condition"":{""assay"":""lc_ms_ms"",""matrix"":""plasma"",""protease"":""not_applicable"",""route"":""intrathecal"",""species"":""rat""},""endpoint_family"":""T1/2"",""normalized_unit"":""log10(h)"",""parameter_basis"":""elapsed_time"",""parameter_semantics"":""systemic_terminal_pk"",""target_kind"":""regression"",""target_transform"":""log10""}"	2	0	0	0	0	1	1	false	false	below_current_per_task_size_gate
mlv1.t1_2.regression.systemic_terminal_pk.8a1052c989d322df	T1/2	regression	systemic_terminal_pk	log10(h)	log10			"{""assay_family"":""systemic_terminal_pk"",""binary_evidence_lane"":""not_binary"",""condition"":{""assay"":""assay_not_reported"",""matrix"":""serum"",""protease"":""not_applicable"",""route"":""route_not_reported"",""species"":""human""},""endpoint_family"":""T1/2"",""normalized_unit"":""log10(h)"",""parameter_basis"":""elapsed_time"",""parameter_semantics"":""systemic_terminal_pk"",""target_kind"":""regression"",""target_transform"":""log10""}"	1	1	0	0	0	1	1	false	false	below_current_per_task_size_gate
mlv1.t1_2.regression.systemic_terminal_pk.8aaf5799c5fd5d25	T1/2	regression	systemic_terminal_pk	log10(h)	log10			"{""assay_family"":""systemic_terminal_pk"",""binary_evidence_lane"":""not_binary"",""condition"":{""assay"":""radioimmunoassay"",""matrix"":""other_intravenous_injection_of_th_f3253009"",""protease"":""not_applicable"",""route"":""iv"",""species"":""rat""},""endpoint_family"":""T1/2"",""normalized_unit"":""log10(h)"",""parameter_basis"":""elapsed_time"",""parameter_semantics"":""systemic_terminal_pk"",""target_kind"":""regression"",""target_transform"":""log10""}"	3	0	0	0	0	0	1	false	false	below_current_per_task_size_gate
mlv1.t1_2.regression.systemic_terminal_pk.8b38dc66f53f2df6	T1/2	regression	systemic_terminal_pk	log10(h)	log10			"{""assay_family"":""systemic_terminal_pk"",""binary_evidence_lane"":""not_binary"",""condition"":{""assay"":""other_in_vitro_cell_based_act_d2a13f2c"",""matrix"":""plasma"",""protease"":""not_applicable"",""route"":""sc"",""species"":""mouse""},""endpoint_family"":""T1/2"",""normalized_unit"":""log10(h)"",""parameter_basis"":""elapsed_time"",""parameter_semantics"":""systemic_terminal_pk"",""target_kind"":""regression"",""target_transform"":""log10""}"	3	3	0	0	0	3	1	false	false	below_current_per_task_size_gate
mlv1.t1_2.regression.systemic_terminal_pk.8d72e7d2df4f3641	T1/2	regression	systemic_terminal_pk	log10(h)	log10			"{""assay_family"":""systemic_terminal_pk"",""binary_evidence_lane"":""not_binary"",""condition"":{""assay"":""hplc"",""matrix"":""plasma"",""protease"":""not_applicable"",""route"":""sc"",""species"":""rat""},""endpoint_family"":""T1/2"",""normalized_unit"":""log10(h)"",""parameter_basis"":""elapsed_time"",""parameter_semantics"":""systemic_terminal_pk"",""target_kind"":""regression"",""target_transform"":""log10""}"	4	0	0	0	0	2	2	false	false	below_current_per_task_size_gate
mlv1.t1_2.regression.systemic_terminal_pk.8e065f8f196a247a	T1/2	regression	systemic_terminal_pk	log10(h)	log10			"{""assay_family"":""systemic_terminal_pk"",""binary_evidence_lane"":""not_binary"",""condition"":{""assay"":""other_uhplc"",""matrix"":""other_male_sd_rats_thoraic_lymph_5011fd55"",""protease"":""not_applicable"",""route"":""sc"",""species"":""rat""},""endpoint_family"":""T1/2"",""normalized_unit"":""log10(h)"",""parameter_basis"":""elapsed_time"",""parameter_semantics"":""systemic_terminal_pk"",""target_kind"":""regression"",""target_transform"":""log10""}"	2	2	0	0	0	2	1	false	false	below_current_per_task_size_gate
mlv1.t1_2.regression.systemic_terminal_pk.8e20f041f3776f78	T1/2	regression	systemic_terminal_pk	log10(h)	log10			"{""assay_family"":""systemic_terminal_pk"",""binary_evidence_lane"":""not_binary"",""condition"":{""assay"":""elisa"",""matrix"":""other_mice_mice"",""protease"":""not_applicable"",""route"":""iv"",""species"":""mouse""},""endpoint_family"":""T1/2"",""normalized_unit"":""log10(h)"",""parameter_basis"":""elapsed_time"",""parameter_semantics"":""systemic_terminal_pk"",""target_kind"":""regression"",""target_transform"":""log10""}"	3	3	0	0	0	3	1	false	false	below_current_per_task_size_gate
mlv1.t1_2.regression.systemic_terminal_pk.8e606ff5bfe3a631	T1/2	regression	systemic_terminal_pk	log10(h)	log10			"{""assay_family"":""systemic_terminal_pk"",""binary_evidence_lane"":""not_binary"",""condition"":{""assay"":""other_irm_immunoradiometric_assays"",""matrix"":""plasma"",""protease"":""not_applicable"",""route"":""iv"",""species"":""human""},""endpoint_family"":""T1/2"",""normalized_unit"":""log10(h)"",""parameter_basis"":""elapsed_time"",""parameter_semantics"":""systemic_terminal_pk"",""target_kind"":""regression"",""target_transform"":""log10""}"	2	0	0	0	0	1	1	false	false	below_current_per_task_size_gate
mlv1.t1_2.regression.systemic_terminal_pk.903b67220b72f7e5	T1/2	regression	systemic_terminal_pk	log10(h)	log10			"{""assay_family"":""systemic_terminal_pk"",""binary_evidence_lane"":""not_binary"",""condition"":{""assay"":""assay_not_reported"",""matrix"":""other_ph_9_ph_9"",""protease"":""not_applicable"",""route"":""route_not_reported"",""species"":""species_not_reported""},""endpoint_family"":""T1/2"",""normalized_unit"":""log10(h)"",""parameter_basis"":""elapsed_time"",""parameter_semantics"":""systemic_terminal_pk"",""target_kind"":""regression"",""target_transform"":""log10""}"	1	0	0	0	0	0	1	false	false	below_current_per_task_size_gate
mlv1.t1_2.regression.systemic_terminal_pk.9050e31671c7a7c5	T1/2	regression	systemic_terminal_pk	log10(h)	log10			"{""assay_family"":""systemic_terminal_pk"",""binary_evidence_lane"":""not_binary"",""condition"":{""assay"":""radioimmunoassay"",""matrix"":""other_intravenously_injected_to_c_3de2418c"",""protease"":""not_applicable"",""route"":""iv"",""species"":""mouse""},""endpoint_family"":""T1/2"",""normalized_unit"":""log10(h)"",""parameter_basis"":""elapsed_time"",""parameter_semantics"":""systemic_terminal_pk"",""target_kind"":""regression"",""target_transform"":""log10""}"	4	0	0	0	0	1	1	false	false	below_current_per_task_size_gate
mlv1.t1_2.regression.systemic_terminal_pk.911e15d15f7fbdf7	T1/2	regression	systemic_terminal_pk	log10(h)	log10			"{""assay_family"":""systemic_terminal_pk"",""binary_evidence_lane"":""not_binary"",""condition"":{""assay"":""radioactivity"",""matrix"":""plasma"",""protease"":""not_applicable"",""route"":""route_not_reported"",""species"":""rat""},""endpoint_family"":""T1/2"",""normalized_unit"":""log10(h)"",""parameter_basis"":""elapsed_time"",""parameter_semantics"":""systemic_terminal_pk"",""target_kind"":""regression"",""target_transform"":""log10""}"	11	0	0	0	0	2	2	false	false	below_current_per_task_size_gate
mlv1.t1_2.regression.systemic_terminal_pk.9124058eb69748c2	T1/2	regression	systemic_terminal_pk	log10(h)	log10			"{""assay_family"":""systemic_terminal_pk"",""binary_evidence_lane"":""not_binary"",""condition"":{""assay"":""other_cross_species_single_do_01aecef9"",""matrix"":""plasma"",""protease"":""not_applicable"",""route"":""route_not_reported"",""species"":""dog""},""endpoint_family"":""T1/2"",""normalized_unit"":""log10(h)"",""parameter_basis"":""elapsed_time"",""parameter_semantics"":""systemic_terminal_pk"",""target_kind"":""regression"",""target_transform"":""log10""}"	1	1	0	0	0	1	1	false	false	below_current_per_task_size_gate
mlv1.t1_2.regression.systemic_terminal_pk.91300ff425a38af3	T1/2	regression	systemic_terminal_pk	log10(h)	log10			"{""assay_family"":""systemic_terminal_pk"",""binary_evidence_lane"":""not_binary"",""condition"":{""assay"":""lc_ms_ms"",""matrix"":""plasma"",""protease"":""not_applicable"",""route"":""ip"",""species"":""rat""},""endpoint_family"":""T1/2"",""normalized_unit"":""log10(h)"",""parameter_basis"":""elapsed_time"",""parameter_semantics"":""systemic_terminal_pk"",""target_kind"":""regression"",""target_transform"":""log10""}"	5	1	0	0	0	2	3	false	false	below_current_per_task_size_gate
mlv1.t1_2.regression.systemic_terminal_pk.91343b445ea1650c	T1/2	regression	systemic_terminal_pk	log10(h)	log10			"{""assay_family"":""systemic_terminal_pk"",""binary_evidence_lane"":""not_binary"",""condition"":{""assay"":""assay_not_reported"",""matrix"":""plasma"",""protease"":""not_applicable"",""route"":""route_not_reported"",""species"":""mouse""},""endpoint_family"":""T1/2"",""normalized_unit"":""log10(h)"",""parameter_basis"":""elapsed_time"",""parameter_semantics"":""systemic_terminal_pk"",""target_kind"":""regression"",""target_transform"":""log10""}"	5	0	0	0	0	0	1	false	false	below_current_per_task_size_gate
mlv1.t1_2.regression.systemic_terminal_pk.91461028afc12e10	T1/2	regression	systemic_terminal_pk	log10(h)	log10			"{""assay_family"":""systemic_terminal_pk"",""binary_evidence_lane"":""not_binary"",""condition"":{""assay"":""elisa"",""matrix"":""blood"",""protease"":""not_applicable"",""route"":""iv"",""species"":""mouse""},""endpoint_family"":""T1/2"",""normalized_unit"":""log10(h)"",""parameter_basis"":""elapsed_time"",""parameter_semantics"":""systemic_terminal_pk"",""target_kind"":""regression"",""target_transform"":""log10""}"	4	0	0	0	0	1	1	false	false	below_current_per_task_size_gate
mlv1.t1_2.regression.systemic_terminal_pk.914c098c7070108e	T1/2	regression	systemic_terminal_pk	log10(h)	log10			"{""assay_family"":""systemic_terminal_pk"",""binary_evidence_lane"":""not_binary"",""condition"":{""assay"":""other_glp_2_1_33_specific_ra_6aae0c11"",""matrix"":""plasma"",""protease"":""not_applicable"",""route"":""sc"",""species"":""human""},""endpoint_family"":""T1/2"",""normalized_unit"":""log10(h)"",""parameter_basis"":""elapsed_time"",""parameter_semantics"":""systemic_terminal_pk"",""target_kind"":""regression"",""target_transform"":""log10""}"	2	0	2	0	0	1	1	false	false	below_current_per_task_size_gate
mlv1.t1_2.regression.systemic_terminal_pk.914e07104dabb4d6	T1/2	regression	systemic_terminal_pk	log10(h)	log10			"{""assay_family"":""systemic_terminal_pk"",""binary_evidence_lane"":""not_binary"",""condition"":{""assay"":""lc_ms"",""matrix"":""other_csf_csf"",""protease"":""not_applicable"",""route"":""sc"",""species"":""species_not_reported""},""endpoint_family"":""T1/2"",""normalized_unit"":""log10(h)"",""parameter_basis"":""elapsed_time"",""parameter_semantics"":""systemic_terminal_pk"",""target_kind"":""regression"",""target_transform"":""log10""}"	2	2	0	0	0	2	1	false	false	below_current_per_task_size_gate
mlv1.t1_2.regression.systemic_terminal_pk.921d7b3073c72565	T1/2	regression	systemic_terminal_pk	log10(h)	log10			"{""assay_family"":""systemic_terminal_pk"",""binary_evidence_lane"":""not_binary"",""condition"":{""assay"":""lc_ms_ms"",""matrix"":""plasma"",""protease"":""not_applicable"",""route"":""sc"",""species"":""mouse""},""endpoint_family"":""T1/2"",""normalized_unit"":""log10(h)"",""parameter_basis"":""elapsed_time"",""parameter_semantics"":""systemic_terminal_pk"",""target_kind"":""regression"",""target_transform"":""log10""}"	16	6	0	0	0	9	6	false	false	below_current_per_task_size_gate
mlv1.t1_2.regression.systemic_terminal_pk.92bc74aad1bb7742	T1/2	regression	systemic_terminal_pk	log10(h)	log10			"{""assay_family"":""systemic_terminal_pk"",""binary_evidence_lane"":""not_binary"",""condition"":{""assay"":""other_tca_precipitation"",""matrix"":""other_rat_ileum_luminal_flushing_27f8f5cd"",""protease"":""not_applicable"",""route"":""route_not_reported"",""species"":""rat""},""endpoint_family"":""T1/2"",""normalized_unit"":""log10(h)"",""parameter_basis"":""elapsed_time"",""parameter_semantics"":""systemic_terminal_pk"",""target_kind"":""regression"",""target_transform"":""log10""}"	1	1	0	0	0	1	1	false	false	below_current_per_task_size_gate
mlv1.t1_2.regression.systemic_terminal_pk.937bd645e89ab111	T1/2	regression	systemic_terminal_pk	log10(h)	log10			"{""assay_family"":""systemic_terminal_pk"",""binary_evidence_lane"":""not_binary"",""condition"":{""assay"":""radioimmunoassay"",""matrix"":""serum"",""protease"":""not_applicable"",""route"":""iv"",""species"":""human""},""endpoint_family"":""T1/2"",""normalized_unit"":""log10(h)"",""parameter_basis"":""elapsed_time"",""parameter_semantics"":""systemic_terminal_pk"",""target_kind"":""regression"",""target_transform"":""log10""}"	1	1	0	0	0	1	1	false	false	below_current_per_task_size_gate
mlv1.t1_2.regression.systemic_terminal_pk.93977e2909d900c2	T1/2	regression	systemic_terminal_pk	log10(h)	log10			"{""assay_family"":""systemic_terminal_pk"",""binary_evidence_lane"":""not_binary"",""condition"":{""assay"":""elisa"",""matrix"":""plasma"",""protease"":""not_applicable"",""route"":""iv"",""species"":""mouse""},""endpoint_family"":""T1/2"",""normalized_unit"":""log10(h)"",""parameter_basis"":""elapsed_time"",""parameter_semantics"":""systemic_terminal_pk"",""target_kind"":""regression"",""target_transform"":""log10""}"	44	10	2	0	0	19	14	false	false	below_current_per_task_size_gate
mlv1.t1_2.regression.systemic_terminal_pk.940f685783c7361d	T1/2	regression	systemic_terminal_pk	log10(h)	log10			"{""assay_family"":""systemic_terminal_pk"",""binary_evidence_lane"":""not_binary"",""condition"":{""assay"":""radioactivity"",""matrix"":""blood"",""protease"":""not_applicable"",""route"":""iv"",""species"":""mouse""},""endpoint_family"":""T1/2"",""normalized_unit"":""log10(h)"",""parameter_basis"":""elapsed_time"",""parameter_semantics"":""systemic_terminal_pk"",""target_kind"":""regression"",""target_transform"":""log10""}"	3	0	0	0	0	1	2	false	false	below_current_per_task_size_gate
mlv1.t1_2.regression.systemic_terminal_pk.95b4977a34c00dfc	T1/2	regression	systemic_terminal_pk	log10(h)	log10			"{""assay_family"":""systemic_terminal_pk"",""binary_evidence_lane"":""not_binary"",""condition"":{""assay"":""hplc"",""matrix"":""plasma"",""protease"":""not_applicable"",""route"":""iv"",""species"":""rabbit""},""endpoint_family"":""T1/2"",""normalized_unit"":""log10(h)"",""parameter_basis"":""elapsed_time"",""parameter_semantics"":""systemic_terminal_pk"",""target_kind"":""regression"",""target_transform"":""log10""}"	2	0	0	0	0	0	1	false	false	below_current_per_task_size_gate
mlv1.t1_2.regression.systemic_terminal_pk.97f11ecb9c29f02c	T1/2	regression	systemic_terminal_pk	log10(h)	log10			"{""assay_family"":""systemic_terminal_pk"",""binary_evidence_lane"":""not_binary"",""condition"":{""assay"":""elisa"",""matrix"":""other_mice_subcutaneous_injection_6a73ba9e"",""protease"":""not_applicable"",""route"":""sc"",""species"":""mouse""},""endpoint_family"":""T1/2"",""normalized_unit"":""log10(h)"",""parameter_basis"":""elapsed_time"",""parameter_semantics"":""systemic_terminal_pk"",""target_kind"":""regression"",""target_transform"":""log10""}"	1	1	0	0	0	1	1	false	false	below_current_per_task_size_gate
mlv1.t1_2.regression.systemic_terminal_pk.981e227214032e9d	T1/2	regression	systemic_terminal_pk	log10(h)	log10			"{""assay_family"":""systemic_terminal_pk"",""binary_evidence_lane"":""not_binary"",""condition"":{""assay"":""other_pet_scanning"",""matrix"":""blood"",""protease"":""not_applicable"",""route"":""iv"",""species"":""mouse""},""endpoint_family"":""T1/2"",""normalized_unit"":""log10(h)"",""parameter_basis"":""elapsed_time"",""parameter_semantics"":""systemic_terminal_pk"",""target_kind"":""regression"",""target_transform"":""log10""}"	1	0	0	0	0	0	1	false	false	below_current_per_task_size_gate
mlv1.t1_2.regression.systemic_terminal_pk.98764252416fa98a	T1/2	regression	systemic_terminal_pk	log10(h)	log10			"{""assay_family"":""systemic_terminal_pk"",""binary_evidence_lane"":""not_binary"",""condition"":{""assay"":""radioactivity"",""matrix"":""other_bolus_injection_pig_kidney_e288aec2"",""protease"":""not_applicable"",""route"":""route_not_reported"",""species"":""pig""},""endpoint_family"":""T1/2"",""normalized_unit"":""log10(h)"",""parameter_basis"":""elapsed_time"",""parameter_semantics"":""systemic_terminal_pk"",""target_kind"":""regression"",""target_transform"":""log10""}"	3	1	0	0	0	2	1	false	false	below_current_per_task_size_gate
mlv1.t1_2.regression.systemic_terminal_pk.987a5a3cc0530b8d	T1/2	regression	systemic_terminal_pk	log10(h)	log10			"{""assay_family"":""systemic_terminal_pk"",""binary_evidence_lane"":""not_binary"",""condition"":{""assay"":""hplc"",""matrix"":""plasma"",""protease"":""not_applicable"",""route"":""iv"",""species"":""human""},""endpoint_family"":""T1/2"",""normalized_unit"":""log10(h)"",""parameter_basis"":""elapsed_time"",""parameter_semantics"":""systemic_terminal_pk"",""target_kind"":""regression"",""target_transform"":""log10""}"	24	0	0	0	0	1	2	false	false	below_current_per_task_size_gate
mlv1.t1_2.regression.systemic_terminal_pk.987bee2cd54147e6	T1/2	regression	systemic_terminal_pk	log10(h)	log10			"{""assay_family"":""systemic_terminal_pk"",""binary_evidence_lane"":""not_binary"",""condition"":{""assay"":""elisa"",""matrix"":""other_injected_subcutaneouly_into_f85f2ea9"",""protease"":""not_applicable"",""route"":""sc"",""species"":""cynomolgus_monkey""},""endpoint_family"":""T1/2"",""normalized_unit"":""log10(h)"",""parameter_basis"":""elapsed_time"",""parameter_semantics"":""systemic_terminal_pk"",""target_kind"":""regression"",""target_transform"":""log10""}"	1	1	0	0	0	1	1	false	false	below_current_per_task_size_gate
mlv1.t1_2.regression.systemic_terminal_pk.9885e58a681626b9	T1/2	regression	systemic_terminal_pk	log10(h)	log10			"{""assay_family"":""systemic_terminal_pk"",""binary_evidence_lane"":""not_binary"",""condition"":{""assay"":""other_uric_acid_degradation_assay"",""matrix"":""serum"",""protease"":""not_applicable"",""route"":""route_not_reported"",""species"":""mouse""},""endpoint_family"":""T1/2"",""normalized_unit"":""log10(h)"",""parameter_basis"":""elapsed_time"",""parameter_semantics"":""systemic_terminal_pk"",""target_kind"":""regression"",""target_transform"":""log10""}"	4	0	0	0	0	0	1	false	false	below_current_per_task_size_gate
mlv1.t1_2.regression.systemic_terminal_pk.989037b36a432764	T1/2	regression	systemic_terminal_pk	log10(h)	log10			"{""assay_family"":""systemic_terminal_pk"",""binary_evidence_lane"":""not_binary"",""condition"":{""assay"":""lc_ms"",""matrix"":""plasma"",""protease"":""not_applicable"",""route"":""iv"",""species"":""minipig""},""endpoint_family"":""T1/2"",""normalized_unit"":""log10(h)"",""parameter_basis"":""elapsed_time"",""parameter_semantics"":""systemic_terminal_pk"",""target_kind"":""regression"",""target_transform"":""log10""}"	60	5	0	0	0	7	3	false	false	below_current_per_task_size_gate
mlv1.t1_2.regression.systemic_terminal_pk.990cd343b5127160	T1/2	regression	systemic_terminal_pk	log10(h)	log10			"{""assay_family"":""systemic_terminal_pk"",""binary_evidence_lane"":""not_binary"",""condition"":{""assay"":""uplc_ms"",""matrix"":""plasma"",""protease"":""not_applicable"",""route"":""intrathecal"",""species"":""rat""},""endpoint_family"":""T1/2"",""normalized_unit"":""log10(h)"",""parameter_basis"":""elapsed_time"",""parameter_semantics"":""systemic_terminal_pk"",""target_kind"":""regression"",""target_transform"":""log10""}"	6	0	0	0	0	1	1	false	false	below_current_per_task_size_gate
mlv1.t1_2.regression.systemic_terminal_pk.9911241e693346a2	T1/2	regression	systemic_terminal_pk	log10(h)	log10			"{""assay_family"":""systemic_terminal_pk"",""binary_evidence_lane"":""not_binary"",""condition"":{""assay"":""hplc"",""matrix"":""plasma"",""protease"":""not_applicable"",""route"":""ip"",""species"":""rat""},""endpoint_family"":""T1/2"",""normalized_unit"":""log10(h)"",""parameter_basis"":""elapsed_time"",""parameter_semantics"":""systemic_terminal_pk"",""target_kind"":""regression"",""target_transform"":""log10""}"	6	2	0	0	0	3	1	false	false	below_current_per_task_size_gate
mlv1.t1_2.regression.systemic_terminal_pk.991eeb85f8f1ec3a	T1/2	regression	systemic_terminal_pk	log10(h)	log10			"{""assay_family"":""systemic_terminal_pk"",""binary_evidence_lane"":""not_binary"",""condition"":{""assay"":""lc_ms_ms"",""matrix"":""plasma"",""protease"":""not_applicable"",""route"":""iv"",""species"":""minipig""},""endpoint_family"":""T1/2"",""normalized_unit"":""log10(h)"",""parameter_basis"":""elapsed_time"",""parameter_semantics"":""systemic_terminal_pk"",""target_kind"":""regression"",""target_transform"":""log10""}"	6	3	0	0	0	3	5	false	false	below_current_per_task_size_gate
mlv1.t1_2.regression.systemic_terminal_pk.99605244ac914dc3	T1/2	regression	systemic_terminal_pk	log10(h)	log10			"{""assay_family"":""systemic_terminal_pk"",""binary_evidence_lane"":""not_binary"",""condition"":{""assay"":""lc_ms"",""matrix"":""plasma"",""protease"":""not_applicable"",""route"":""sc"",""species"":""mouse""},""endpoint_family"":""T1/2"",""normalized_unit"":""log10(h)"",""parameter_basis"":""elapsed_time"",""parameter_semantics"":""systemic_terminal_pk"",""target_kind"":""regression"",""target_transform"":""log10""}"	9	4	0	0	0	4	5	false	false	below_current_per_task_size_gate
mlv1.t1_2.regression.systemic_terminal_pk.9acf7721d93cf301	T1/2	regression	systemic_terminal_pk	log10(h)	log10			"{""assay_family"":""systemic_terminal_pk"",""binary_evidence_lane"":""not_binary"",""condition"":{""assay"":""other_liquid_scintillation_counter"",""matrix"":""plasma"",""protease"":""not_applicable"",""route"":""im"",""species"":""rat""},""endpoint_family"":""T1/2"",""normalized_unit"":""log10(h)"",""parameter_basis"":""elapsed_time"",""parameter_semantics"":""systemic_terminal_pk"",""target_kind"":""regression"",""target_transform"":""log10""}"	1	1	0	0	0	1	1	false	false	below_current_per_task_size_gate
mlv1.t1_2.regression.systemic_terminal_pk.9c380c9db2b71fa6	T1/2	regression	systemic_terminal_pk	log10(h)	log10			"{""assay_family"":""systemic_terminal_pk"",""binary_evidence_lane"":""not_binary"",""condition"":{""assay"":""mass_spectrometry"",""matrix"":""plasma"",""protease"":""not_applicable"",""route"":""iv"",""species"":""rabbit""},""endpoint_family"":""T1/2"",""normalized_unit"":""log10(h)"",""parameter_basis"":""elapsed_time"",""parameter_semantics"":""systemic_terminal_pk"",""target_kind"":""regression"",""target_transform"":""log10""}"	1	0	0	0	0	0	1	false	false	below_current_per_task_size_gate
mlv1.t1_2.regression.systemic_terminal_pk.9c4903abc46fd0f7	T1/2	regression	systemic_terminal_pk	log10(h)	log10			"{""assay_family"":""systemic_terminal_pk"",""binary_evidence_lane"":""not_binary"",""condition"":{""assay"":""mass_spectrometry"",""matrix"":""plasma"",""protease"":""not_applicable"",""route"":""ip"",""species"":""mouse""},""endpoint_family"":""T1/2"",""normalized_unit"":""log10(h)"",""parameter_basis"":""elapsed_time"",""parameter_semantics"":""systemic_terminal_pk"",""target_kind"":""regression"",""target_transform"":""log10""}"	1	1	0	0	0	1	1	false	false	below_current_per_task_size_gate
mlv1.t1_2.regression.systemic_terminal_pk.9cb64ce3382aa3fd	T1/2	regression	systemic_terminal_pk	log10(h)	log10			"{""assay_family"":""systemic_terminal_pk"",""binary_evidence_lane"":""not_binary"",""condition"":{""assay"":""other_gel_filtration_chromato_c7bc4ec7"",""matrix"":""other_intravenous_injection_in_la_c9a2eecf"",""protease"":""not_applicable"",""route"":""iv"",""species"":""rabbit""},""endpoint_family"":""T1/2"",""normalized_unit"":""log10(h)"",""parameter_basis"":""elapsed_time"",""parameter_semantics"":""systemic_terminal_pk"",""target_kind"":""regression"",""target_transform"":""log10""}"	3	0	0	0	0	1	1	false	false	below_current_per_task_size_gate
mlv1.t1_2.regression.systemic_terminal_pk.9d7cc24ba4f614d3	T1/2	regression	systemic_terminal_pk	log10(h)	log10			"{""assay_family"":""systemic_terminal_pk"",""binary_evidence_lane"":""not_binary"",""condition"":{""assay"":""assay_not_reported"",""matrix"":""other_human_human"",""protease"":""not_applicable"",""route"":""iv"",""species"":""human""},""endpoint_family"":""T1/2"",""normalized_unit"":""log10(h)"",""parameter_basis"":""elapsed_time"",""parameter_semantics"":""systemic_terminal_pk"",""target_kind"":""regression"",""target_transform"":""log10""}"	1	0	0	0	0	0	1	false	false	below_current_per_task_size_gate
mlv1.t1_2.regression.systemic_terminal_pk.9dd184bf99a7c055	T1/2	regression	systemic_terminal_pk	log10(h)	log10			"{""assay_family"":""systemic_terminal_pk"",""binary_evidence_lane"":""not_binary"",""condition"":{""assay"":""hplc"",""matrix"":""other_male_wistar_rats_intravenou_9b019a74"",""protease"":""not_applicable"",""route"":""iv"",""species"":""rat""},""endpoint_family"":""T1/2"",""normalized_unit"":""log10(h)"",""parameter_basis"":""elapsed_time"",""parameter_semantics"":""systemic_terminal_pk"",""target_kind"":""regression"",""target_transform"":""log10""}"	3	1	0	0	0	2	1	false	false	below_current_per_task_size_gate
mlv1.t1_2.regression.systemic_terminal_pk.9e27400d8c6eed7f	T1/2	regression	systemic_terminal_pk	log10(h)	log10			"{""assay_family"":""systemic_terminal_pk"",""binary_evidence_lane"":""not_binary"",""condition"":{""assay"":""lc_ms"",""matrix"":""other_intravenous_bolus_administa_4c195b0c"",""protease"":""not_applicable"",""route"":""iv"",""species"":""species_not_reported""},""endpoint_family"":""T1/2"",""normalized_unit"":""log10(h)"",""parameter_basis"":""elapsed_time"",""parameter_semantics"":""systemic_terminal_pk"",""target_kind"":""regression"",""target_transform"":""log10""}"	6	0	0	0	0	1	1	false	false	below_current_per_task_size_gate
mlv1.t1_2.regression.systemic_terminal_pk.9fa5fedd6cd361e7	T1/2	regression	systemic_terminal_pk	log10(h)	log10			"{""assay_family"":""systemic_terminal_pk"",""binary_evidence_lane"":""not_binary"",""condition"":{""assay"":""assay_not_reported"",""matrix"":""serum"",""protease"":""not_applicable"",""route"":""iv"",""species"":""dog""},""endpoint_family"":""T1/2"",""normalized_unit"":""log10(h)"",""parameter_basis"":""elapsed_time"",""parameter_semantics"":""systemic_terminal_pk"",""target_kind"":""regression"",""target_transform"":""log10""}"	1	0	0	0	0	0	1	false	false	below_current_per_task_size_gate
mlv1.t1_2.regression.systemic_terminal_pk.9fe68d4203139211	T1/2	regression	systemic_terminal_pk	log10(h)	log10			"{""assay_family"":""systemic_terminal_pk"",""binary_evidence_lane"":""not_binary"",""condition"":{""assay"":""radioactivity"",""matrix"":""plasma"",""protease"":""not_applicable"",""route"":""iv"",""species"":""rat""},""endpoint_family"":""T1/2"",""normalized_unit"":""log10(h)"",""parameter_basis"":""elapsed_time"",""parameter_semantics"":""systemic_terminal_pk"",""target_kind"":""regression"",""target_transform"":""log10""}"	2	0	0	0	0	1	1	false	false	below_current_per_task_size_gate
mlv1.t1_2.regression.systemic_terminal_pk.a04dc3b8a5963e05	T1/2	regression	systemic_terminal_pk	log10(h)	log10			"{""assay_family"":""systemic_terminal_pk"",""binary_evidence_lane"":""not_binary"",""condition"":{""assay"":""radioimmunoassay"",""matrix"":""other_insulin_treated_irap_mice_i_d1cb6c5d"",""protease"":""not_applicable"",""route"":""route_not_reported"",""species"":""mouse""},""endpoint_family"":""T1/2"",""normalized_unit"":""log10(h)"",""parameter_basis"":""elapsed_time"",""parameter_semantics"":""systemic_terminal_pk"",""target_kind"":""regression"",""target_transform"":""log10""}"	2	0	0	0	0	1	1	false	false	below_current_per_task_size_gate
mlv1.t1_2.regression.systemic_terminal_pk.a0a88211630c30ad	T1/2	regression	systemic_terminal_pk	log10(h)	log10			"{""assay_family"":""systemic_terminal_pk"",""binary_evidence_lane"":""not_binary"",""condition"":{""assay"":""lc_ms_ms"",""matrix"":""plasma"",""protease"":""not_applicable"",""route"":""iv"",""species"":""nonhuman_primate""},""endpoint_family"":""T1/2"",""normalized_unit"":""log10(h)"",""parameter_basis"":""elapsed_time"",""parameter_semantics"":""systemic_terminal_pk"",""target_kind"":""regression"",""target_transform"":""log10""}"	1	0	0	0	0	0	1	false	false	below_current_per_task_size_gate
mlv1.t1_2.regression.systemic_terminal_pk.a0a8905bff8a9739	T1/2	regression	systemic_terminal_pk	log10(h)	log10			"{""assay_family"":""systemic_terminal_pk"",""binary_evidence_lane"":""not_binary"",""condition"":{""assay"":""radioimmunoassay"",""matrix"":""plasma"",""protease"":""not_applicable"",""route"":""sc"",""species"":""monkey_unspecified""},""endpoint_family"":""T1/2"",""normalized_unit"":""log10(h)"",""parameter_basis"":""elapsed_time"",""parameter_semantics"":""systemic_terminal_pk"",""target_kind"":""regression"",""target_transform"":""log10""}"	2	2	0	0	0	2	2	false	false	below_current_per_task_size_gate
mlv1.t1_2.regression.systemic_terminal_pk.a0e35ee58c4dc429	T1/2	regression	systemic_terminal_pk	log10(h)	log10			"{""assay_family"":""systemic_terminal_pk"",""binary_evidence_lane"":""not_binary"",""condition"":{""assay"":""radioimmunoassay"",""matrix"":""plasma"",""protease"":""not_applicable"",""route"":""sc"",""species"":""human""},""endpoint_family"":""T1/2"",""normalized_unit"":""log10(h)"",""parameter_basis"":""elapsed_time"",""parameter_semantics"":""systemic_terminal_pk"",""target_kind"":""regression"",""target_transform"":""log10""}"	1	1	0	0	0	1	1	false	false	below_current_per_task_size_gate
mlv1.t1_2.regression.systemic_terminal_pk.a17760ba11a3eda5	T1/2	regression	systemic_terminal_pk	log10(h)	log10			"{""assay_family"":""systemic_terminal_pk"",""binary_evidence_lane"":""not_binary"",""condition"":{""assay"":""other_lc_ms_ms"",""matrix"":""plasma"",""protease"":""not_applicable"",""route"":""sc"",""species"":""mouse""},""endpoint_family"":""T1/2"",""normalized_unit"":""log10(h)"",""parameter_basis"":""elapsed_time"",""parameter_semantics"":""systemic_terminal_pk"",""target_kind"":""regression"",""target_transform"":""log10""}"	3	3	0	0	0	3	1	false	false	below_current_per_task_size_gate
mlv1.t1_2.regression.systemic_terminal_pk.a19e426bdcbfa000	T1/2	regression	systemic_terminal_pk	log10(h)	log10			"{""assay_family"":""systemic_terminal_pk"",""binary_evidence_lane"":""not_binary"",""condition"":{""assay"":""elisa"",""matrix"":""plasma"",""protease"":""not_applicable"",""route"":""sc"",""species"":""human""},""endpoint_family"":""T1/2"",""normalized_unit"":""log10(h)"",""parameter_basis"":""elapsed_time"",""parameter_semantics"":""systemic_terminal_pk"",""target_kind"":""regression"",""target_transform"":""log10""}"	7	0	0	0	0	1	2	false	false	below_current_per_task_size_gate
mlv1.t1_2.regression.systemic_terminal_pk.a1b40f4e29ed8701	T1/2	regression	systemic_terminal_pk	log10(h)	log10			"{""assay_family"":""systemic_terminal_pk"",""binary_evidence_lane"":""not_binary"",""condition"":{""assay"":""lc_ms"",""matrix"":""other_intravenous_administered_to_952b8250"",""protease"":""not_applicable"",""route"":""iv"",""species"":""monkey_unspecified""},""endpoint_family"":""T1/2"",""normalized_unit"":""log10(h)"",""parameter_basis"":""elapsed_time"",""parameter_semantics"":""systemic_terminal_pk"",""target_kind"":""regression"",""target_transform"":""log10""}"	2	0	0	0	0	1	1	false	false	below_current_per_task_size_gate
mlv1.t1_2.regression.systemic_terminal_pk.a2775da800e4cbb3	T1/2	regression	systemic_terminal_pk	log10(h)	log10			"{""assay_family"":""systemic_terminal_pk"",""binary_evidence_lane"":""not_binary"",""condition"":{""assay"":""radioimmunoassay"",""matrix"":""plasma"",""protease"":""not_applicable"",""route"":""route_not_reported"",""species"":""rhesus_monkey""},""endpoint_family"":""T1/2"",""normalized_unit"":""log10(h)"",""parameter_basis"":""elapsed_time"",""parameter_semantics"":""systemic_terminal_pk"",""target_kind"":""regression"",""target_transform"":""log10""}"	6	0	0	0	0	2	1	false	false	below_current_per_task_size_gate
mlv1.t1_2.regression.systemic_terminal_pk.a34b2971095a0520	T1/2	regression	systemic_terminal_pk	log10(h)	log10			"{""assay_family"":""systemic_terminal_pk"",""binary_evidence_lane"":""not_binary"",""condition"":{""assay"":""elisa"",""matrix"":""blood"",""protease"":""not_applicable"",""route"":""ip"",""species"":""mouse""},""endpoint_family"":""T1/2"",""normalized_unit"":""log10(h)"",""parameter_basis"":""elapsed_time"",""parameter_semantics"":""systemic_terminal_pk"",""target_kind"":""regression"",""target_transform"":""log10""}"	3	3	0	0	0	3	1	false	false	below_current_per_task_size_gate
mlv1.t1_2.regression.systemic_terminal_pk.a44a34e0bd40427b	T1/2	regression	systemic_terminal_pk	log10(h)	log10			"{""assay_family"":""systemic_terminal_pk"",""binary_evidence_lane"":""not_binary"",""condition"":{""assay"":""other_bioassay"",""matrix"":""other_rat_rat"",""protease"":""not_applicable"",""route"":""iv"",""species"":""rat""},""endpoint_family"":""T1/2"",""normalized_unit"":""log10(h)"",""parameter_basis"":""elapsed_time"",""parameter_semantics"":""systemic_terminal_pk"",""target_kind"":""regression"",""target_transform"":""log10""}"	1	0	0	0	0	0	1	false	false	below_current_per_task_size_gate
mlv1.t1_2.regression.systemic_terminal_pk.a48c682de8f87ba5	T1/2	regression	systemic_terminal_pk	log10(h)	log10			"{""assay_family"":""systemic_terminal_pk"",""binary_evidence_lane"":""not_binary"",""condition"":{""assay"":""lc_ms_ms"",""matrix"":""plasma"",""protease"":""not_applicable"",""route"":""sc"",""species"":""rat""},""endpoint_family"":""T1/2"",""normalized_unit"":""log10(h)"",""parameter_basis"":""elapsed_time"",""parameter_semantics"":""systemic_terminal_pk"",""target_kind"":""regression"",""target_transform"":""log10""}"	23	6	0	0	0	8	9	false	false	below_current_per_task_size_gate
mlv1.t1_2.regression.systemic_terminal_pk.a4c6ae742866b461	T1/2	regression	systemic_terminal_pk	log10(h)	log10			"{""assay_family"":""systemic_terminal_pk"",""binary_evidence_lane"":""not_binary"",""condition"":{""assay"":""lc_ms"",""matrix"":""plasma"",""protease"":""not_applicable"",""route"":""oral"",""species"":""dog""},""endpoint_family"":""T1/2"",""normalized_unit"":""log10(h)"",""parameter_basis"":""elapsed_time"",""parameter_semantics"":""systemic_terminal_pk"",""target_kind"":""regression"",""target_transform"":""log10""}"	28	1	0	0	0	1	1	false	false	below_current_per_task_size_gate
mlv1.t1_2.regression.systemic_terminal_pk.a58da0b3598da614	T1/2	regression	systemic_terminal_pk	log10(h)	log10			"{""assay_family"":""systemic_terminal_pk"",""binary_evidence_lane"":""not_binary"",""condition"":{""assay"":""lc_ms_ms"",""matrix"":""plasma"",""protease"":""not_applicable"",""route"":""route_not_reported"",""species"":""rat""},""endpoint_family"":""T1/2"",""normalized_unit"":""log10(h)"",""parameter_basis"":""elapsed_time"",""parameter_semantics"":""systemic_terminal_pk"",""target_kind"":""regression"",""target_transform"":""log10""}"	3	1	0	0	0	1	1	false	false	below_current_per_task_size_gate
mlv1.t1_2.regression.systemic_terminal_pk.a646ebd30f828f05	T1/2	regression	systemic_terminal_pk	log10(h)	log10			"{""assay_family"":""systemic_terminal_pk"",""binary_evidence_lane"":""not_binary"",""condition"":{""assay"":""radioimmunoassay"",""matrix"":""serum"",""protease"":""not_applicable"",""route"":""sc"",""species"":""human""},""endpoint_family"":""T1/2"",""normalized_unit"":""log10(h)"",""parameter_basis"":""elapsed_time"",""parameter_semantics"":""systemic_terminal_pk"",""target_kind"":""regression"",""target_transform"":""log10""}"	3	0	0	0	0	1	2	false	false	below_current_per_task_size_gate
mlv1.t1_2.regression.systemic_terminal_pk.a6fc84a50be67227	T1/2	regression	systemic_terminal_pk	log10(h)	log10			"{""assay_family"":""systemic_terminal_pk"",""binary_evidence_lane"":""not_binary"",""condition"":{""assay"":""radioimmunoassay"",""matrix"":""plasma"",""protease"":""not_applicable"",""route"":""iv"",""species"":""human""},""endpoint_family"":""T1/2"",""normalized_unit"":""log10(h)"",""parameter_basis"":""elapsed_time"",""parameter_semantics"":""systemic_terminal_pk"",""target_kind"":""regression"",""target_transform"":""log10""}"	5	2	0	0	0	3	3	false	false	below_current_per_task_size_gate
mlv1.t1_2.regression.systemic_terminal_pk.a6fed99ad71adf3b	T1/2	regression	systemic_terminal_pk	log10(h)	log10			"{""assay_family"":""systemic_terminal_pk"",""binary_evidence_lane"":""not_binary"",""condition"":{""assay"":""hplc"",""matrix"":""serum"",""protease"":""not_applicable"",""route"":""route_not_reported"",""species"":""mouse""},""endpoint_family"":""T1/2"",""normalized_unit"":""log10(h)"",""parameter_basis"":""elapsed_time"",""parameter_semantics"":""systemic_terminal_pk"",""target_kind"":""regression"",""target_transform"":""log10""}"	1	0	0	0	0	0	1	false	false	below_current_per_task_size_gate
mlv1.t1_2.regression.systemic_terminal_pk.a77d85bf0345024d	T1/2	regression	systemic_terminal_pk	log10(h)	log10			"{""assay_family"":""systemic_terminal_pk"",""binary_evidence_lane"":""not_binary"",""condition"":{""assay"":""radioimmunoassay"",""matrix"":""plasma"",""protease"":""not_applicable"",""route"":""ip"",""species"":""rat""},""endpoint_family"":""T1/2"",""normalized_unit"":""log10(h)"",""parameter_basis"":""elapsed_time"",""parameter_semantics"":""systemic_terminal_pk"",""target_kind"":""regression"",""target_transform"":""log10""}"	4	1	0	0	0	2	1	false	false	below_current_per_task_size_gate
mlv1.t1_2.regression.systemic_terminal_pk.a86484a193e8bc4c	T1/2	regression	systemic_terminal_pk	log10(h)	log10			"{""assay_family"":""systemic_terminal_pk"",""binary_evidence_lane"":""not_binary"",""condition"":{""assay"":""lc_ms_ms"",""matrix"":""plasma"",""protease"":""not_applicable"",""route"":""iv"",""species"":""dog""},""endpoint_family"":""T1/2"",""normalized_unit"":""log10(h)"",""parameter_basis"":""elapsed_time"",""parameter_semantics"":""systemic_terminal_pk"",""target_kind"":""regression"",""target_transform"":""log10""}"	19	1	0	0	0	3	3	false	false	below_current_per_task_size_gate
mlv1.t1_2.regression.systemic_terminal_pk.a8914aa7000bf08c	T1/2	regression	systemic_terminal_pk	log10(h)	log10			"{""assay_family"":""systemic_terminal_pk"",""binary_evidence_lane"":""not_binary"",""condition"":{""assay"":""other_luminescence_oxygen_cha_9406d8b6"",""matrix"":""plasma"",""protease"":""not_applicable"",""route"":""oral"",""species"":""human""},""endpoint_family"":""T1/2"",""normalized_unit"":""log10(h)"",""parameter_basis"":""elapsed_time"",""parameter_semantics"":""systemic_terminal_pk"",""target_kind"":""regression"",""target_transform"":""log10""}"	3	0	0	0	0	1	1	false	false	below_current_per_task_size_gate
mlv1.t1_2.regression.systemic_terminal_pk.a9c03ed8c50f67b9	T1/2	regression	systemic_terminal_pk	log10(h)	log10			"{""assay_family"":""systemic_terminal_pk"",""binary_evidence_lane"":""not_binary"",""condition"":{""assay"":""other_densitometry_analysis_u_d3e69be9"",""matrix"":""cellular_matrix"",""protease"":""not_applicable"",""route"":""route_not_reported"",""species"":""species_not_reported""},""endpoint_family"":""T1/2"",""normalized_unit"":""log10(h)"",""parameter_basis"":""elapsed_time"",""parameter_semantics"":""systemic_terminal_pk"",""target_kind"":""regression"",""target_transform"":""log10""}"	2	0	0	0	0	1	1	false	false	below_current_per_task_size_gate
mlv1.t1_2.regression.systemic_terminal_pk.aa7903777aa3ee81	T1/2	regression	systemic_terminal_pk	log10(h)	log10			"{""assay_family"":""systemic_terminal_pk"",""binary_evidence_lane"":""not_binary"",""condition"":{""assay"":""lc_ms_ms"",""matrix"":""other_intravenously_administered_32cadf25"",""protease"":""not_applicable"",""route"":""iv"",""species"":""rat""},""endpoint_family"":""T1/2"",""normalized_unit"":""log10(h)"",""parameter_basis"":""elapsed_time"",""parameter_semantics"":""systemic_terminal_pk"",""target_kind"":""regression"",""target_transform"":""log10""}"	4	0	0	0	0	1	1	false	false	below_current_per_task_size_gate
mlv1.t1_2.regression.systemic_terminal_pk.aa89642cfd52b1d7	T1/2	regression	systemic_terminal_pk	log10(h)	log10			"{""assay_family"":""systemic_terminal_pk"",""binary_evidence_lane"":""not_binary"",""condition"":{""assay"":""other_camp_assay"",""matrix"":""other_rats_rats"",""protease"":""not_applicable"",""route"":""iv"",""species"":""rat""},""endpoint_family"":""T1/2"",""normalized_unit"":""log10(h)"",""parameter_basis"":""elapsed_time"",""parameter_semantics"":""systemic_terminal_pk"",""target_kind"":""regression"",""target_transform"":""log10""}"	1	1	0	0	0	1	1	false	false	below_current_per_task_size_gate
mlv1.t1_2.regression.systemic_terminal_pk.aac509e1c1ddf459	T1/2	regression	systemic_terminal_pk	log10(h)	log10			"{""assay_family"":""systemic_terminal_pk"",""binary_evidence_lane"":""not_binary"",""condition"":{""assay"":""other_tlc"",""matrix"":""non_brain_homogenate"",""protease"":""not_applicable"",""route"":""iv"",""species"":""mouse""},""endpoint_family"":""T1/2"",""normalized_unit"":""log10(h)"",""parameter_basis"":""elapsed_time"",""parameter_semantics"":""systemic_terminal_pk"",""target_kind"":""regression"",""target_transform"":""log10""}"	1	0	0	0	0	1	1	false	false	below_current_per_task_size_gate
mlv1.t1_2.regression.systemic_terminal_pk.ac00ea81e00bf468	T1/2	regression	systemic_terminal_pk	log10(h)	log10			"{""assay_family"":""systemic_terminal_pk"",""binary_evidence_lane"":""not_binary"",""condition"":{""assay"":""assay_not_reported"",""matrix"":""other_subcutaneously_injected_in_70b8e39e"",""protease"":""not_applicable"",""route"":""sc"",""species"":""species_not_reported""},""endpoint_family"":""T1/2"",""normalized_unit"":""log10(h)"",""parameter_basis"":""elapsed_time"",""parameter_semantics"":""systemic_terminal_pk"",""target_kind"":""regression"",""target_transform"":""log10""}"	5	0	0	0	0	1	1	false	false	below_current_per_task_size_gate
mlv1.t1_2.regression.systemic_terminal_pk.ac3708c9cb797019	T1/2	regression	systemic_terminal_pk	log10(h)	log10			"{""assay_family"":""systemic_terminal_pk"",""binary_evidence_lane"":""not_binary"",""condition"":{""assay"":""elisa"",""matrix"":""plasma"",""protease"":""not_applicable"",""route"":""im"",""species"":""rat""},""endpoint_family"":""T1/2"",""normalized_unit"":""log10(h)"",""parameter_basis"":""elapsed_time"",""parameter_semantics"":""systemic_terminal_pk"",""target_kind"":""regression"",""target_transform"":""log10""}"	1	1	0	0	0	1	1	false	false	below_current_per_task_size_gate
mlv1.t1_2.regression.systemic_terminal_pk.ac5620daa310dd6f	T1/2	regression	systemic_terminal_pk	log10(h)	log10			"{""assay_family"":""systemic_terminal_pk"",""binary_evidence_lane"":""not_binary"",""condition"":{""assay"":""lc_ms_ms"",""matrix"":""plasma"",""protease"":""not_applicable"",""route"":""iv"",""species"":""monkey_unspecified""},""endpoint_family"":""T1/2"",""normalized_unit"":""log10(h)"",""parameter_basis"":""elapsed_time"",""parameter_semantics"":""systemic_terminal_pk"",""target_kind"":""regression"",""target_transform"":""log10""}"	3	1	0	0	0	2	2	false	false	below_current_per_task_size_gate
mlv1.t1_2.regression.systemic_terminal_pk.ac5fd3fc35e5fc7a	T1/2	regression	systemic_terminal_pk	log10(h)	log10			"{""assay_family"":""systemic_terminal_pk"",""binary_evidence_lane"":""not_binary"",""condition"":{""assay"":""elisa"",""matrix"":""serum"",""protease"":""not_applicable"",""route"":""iv"",""species"":""dog""},""endpoint_family"":""T1/2"",""normalized_unit"":""log10(h)"",""parameter_basis"":""elapsed_time"",""parameter_semantics"":""systemic_terminal_pk"",""target_kind"":""regression"",""target_transform"":""log10""}"	2	0	0	0	0	0	1	false	false	below_current_per_task_size_gate
mlv1.t1_2.regression.systemic_terminal_pk.ac88d06dbb5e5e17	T1/2	regression	systemic_terminal_pk	log10(h)	log10			"{""assay_family"":""systemic_terminal_pk"",""binary_evidence_lane"":""not_binary"",""condition"":{""assay"":""other_serum_decay_experiment"",""matrix"":""blood"",""protease"":""not_applicable"",""route"":""route_not_reported"",""species"":""rat""},""endpoint_family"":""T1/2"",""normalized_unit"":""log10(h)"",""parameter_basis"":""elapsed_time"",""parameter_semantics"":""systemic_terminal_pk"",""target_kind"":""regression"",""target_transform"":""log10""}"	4	0	3	0	0	1	1	false	false	below_current_per_task_size_gate
mlv1.t1_2.regression.systemic_terminal_pk.ace54304c4d16974	T1/2	regression	systemic_terminal_pk	log10(h)	log10			"{""assay_family"":""systemic_terminal_pk"",""binary_evidence_lane"":""not_binary"",""condition"":{""assay"":""other_flow_cytometry"",""matrix"":""cellular_matrix"",""protease"":""not_applicable"",""route"":""route_not_reported"",""species"":""species_not_reported""},""endpoint_family"":""T1/2"",""normalized_unit"":""log10(h)"",""parameter_basis"":""elapsed_time"",""parameter_semantics"":""systemic_terminal_pk"",""target_kind"":""regression"",""target_transform"":""log10""}"	1	0	1	0	0	1	1	false	false	below_current_per_task_size_gate
mlv1.t1_2.regression.systemic_terminal_pk.acf3de9e4b665545	T1/2	regression	systemic_terminal_pk	log10(h)	log10			"{""assay_family"":""systemic_terminal_pk"",""binary_evidence_lane"":""not_binary"",""condition"":{""assay"":""radioimmunoassay"",""matrix"":""other_intravenous_bolus_administr_3a741211"",""protease"":""not_applicable"",""route"":""iv"",""species"":""rat""},""endpoint_family"":""T1/2"",""normalized_unit"":""log10(h)"",""parameter_basis"":""elapsed_time"",""parameter_semantics"":""systemic_terminal_pk"",""target_kind"":""regression"",""target_transform"":""log10""}"	8	0	0	0	0	2	1	false	false	below_current_per_task_size_gate
mlv1.t1_2.regression.systemic_terminal_pk.aeafceaffc71c544	T1/2	regression	systemic_terminal_pk	log10(h)	log10			"{""assay_family"":""systemic_terminal_pk"",""binary_evidence_lane"":""not_binary"",""condition"":{""assay"":""other_lc_ms_ms"",""matrix"":""plasma"",""protease"":""not_applicable"",""route"":""sc"",""species"":""rat""},""endpoint_family"":""T1/2"",""normalized_unit"":""log10(h)"",""parameter_basis"":""elapsed_time"",""parameter_semantics"":""systemic_terminal_pk"",""target_kind"":""regression"",""target_transform"":""log10""}"	6	0	0	0	0	0	1	false	false	below_current_per_task_size_gate
mlv1.t1_2.regression.systemic_terminal_pk.aeceed9b5b6f2ccd	T1/2	regression	systemic_terminal_pk	log10(h)	log10			"{""assay_family"":""systemic_terminal_pk"",""binary_evidence_lane"":""not_binary"",""condition"":{""assay"":""elisa"",""matrix"":""other_intravenously_injected_into_b0e3f214"",""protease"":""not_applicable"",""route"":""iv"",""species"":""rat""},""endpoint_family"":""T1/2"",""normalized_unit"":""log10(h)"",""parameter_basis"":""elapsed_time"",""parameter_semantics"":""systemic_terminal_pk"",""target_kind"":""regression"",""target_transform"":""log10""}"	5	0	0	0	0	1	1	false	false	below_current_per_task_size_gate
mlv1.t1_2.regression.systemic_terminal_pk.aecfe4ef6427ca26	T1/2	regression	systemic_terminal_pk	log10(h)	log10			"{""assay_family"":""systemic_terminal_pk"",""binary_evidence_lane"":""not_binary"",""condition"":{""assay"":""other_icp_ms"",""matrix"":""other_n_a_n_a"",""protease"":""not_applicable"",""route"":""route_not_reported"",""species"":""species_not_reported""},""endpoint_family"":""T1/2"",""normalized_unit"":""log10(h)"",""parameter_basis"":""elapsed_time"",""parameter_semantics"":""systemic_terminal_pk"",""target_kind"":""regression"",""target_transform"":""log10""}"	1	0	0	0	0	1	1	false	false	below_current_per_task_size_gate
mlv1.t1_2.regression.systemic_terminal_pk.af8b4cd9e1862d1d	T1/2	regression	systemic_terminal_pk	log10(h)	log10			"{""assay_family"":""systemic_terminal_pk"",""binary_evidence_lane"":""not_binary"",""condition"":{""assay"":""other_liquid_scintillation_counter"",""matrix"":""plasma"",""protease"":""not_applicable"",""route"":""route_not_reported"",""species"":""rat""},""endpoint_family"":""T1/2"",""normalized_unit"":""log10(h)"",""parameter_basis"":""elapsed_time"",""parameter_semantics"":""systemic_terminal_pk"",""target_kind"":""regression"",""target_transform"":""log10""}"	1	1	0	0	0	1	1	false	false	below_current_per_task_size_gate
mlv1.t1_2.regression.systemic_terminal_pk.b11f094f926ddb37	T1/2	regression	systemic_terminal_pk	log10(h)	log10			"{""assay_family"":""systemic_terminal_pk"",""binary_evidence_lane"":""not_binary"",""condition"":{""assay"":""other_icp_ms"",""matrix"":""plasma"",""protease"":""not_applicable"",""route"":""iv"",""species"":""dog""},""endpoint_family"":""T1/2"",""normalized_unit"":""log10(h)"",""parameter_basis"":""elapsed_time"",""parameter_semantics"":""systemic_terminal_pk"",""target_kind"":""regression"",""target_transform"":""log10""}"	9	0	0	0	0	1	1	false	false	below_current_per_task_size_gate
mlv1.t1_2.regression.systemic_terminal_pk.b17a53e519a53b71	T1/2	regression	systemic_terminal_pk	log10(h)	log10			"{""assay_family"":""systemic_terminal_pk"",""binary_evidence_lane"":""not_binary"",""condition"":{""assay"":""radioimmunoassay"",""matrix"":""other_intravenous_injection_of_pe_214c4bcb"",""protease"":""not_applicable"",""route"":""iv"",""species"":""rat""},""endpoint_family"":""T1/2"",""normalized_unit"":""log10(h)"",""parameter_basis"":""elapsed_time"",""parameter_semantics"":""systemic_terminal_pk"",""target_kind"":""regression"",""target_transform"":""log10""}"	1	1	0	0	0	1	1	false	false	below_current_per_task_size_gate
mlv1.t1_2.regression.systemic_terminal_pk.b2115c91555db6b4	T1/2	regression	systemic_terminal_pk	log10(h)	log10			"{""assay_family"":""systemic_terminal_pk"",""binary_evidence_lane"":""not_binary"",""condition"":{""assay"":""radioimmunoassay"",""matrix"":""other_intravenously_administred_t_6bd9a41c"",""protease"":""not_applicable"",""route"":""iv"",""species"":""pig""},""endpoint_family"":""T1/2"",""normalized_unit"":""log10(h)"",""parameter_basis"":""elapsed_time"",""parameter_semantics"":""systemic_terminal_pk"",""target_kind"":""regression"",""target_transform"":""log10""}"	1	1	0	0	0	1	1	false	false	below_current_per_task_size_gate
mlv1.t1_2.regression.systemic_terminal_pk.b2615181fd12b18b	T1/2	regression	systemic_terminal_pk	log10(h)	log10			"{""assay_family"":""systemic_terminal_pk"",""binary_evidence_lane"":""not_binary"",""condition"":{""assay"":""other_in_vivo_imaging_system"",""matrix"":""other_mouse_body_mouse_body"",""protease"":""not_applicable"",""route"":""sc"",""species"":""mouse""},""endpoint_family"":""T1/2"",""normalized_unit"":""log10(h)"",""parameter_basis"":""elapsed_time"",""parameter_semantics"":""systemic_terminal_pk"",""target_kind"":""regression"",""target_transform"":""log10""}"	2	2	0	0	0	2	1	false	false	below_current_per_task_size_gate
mlv1.t1_2.regression.systemic_terminal_pk.b3680a788ae0603d	T1/2	regression	systemic_terminal_pk	log10(h)	log10			"{""assay_family"":""systemic_terminal_pk"",""binary_evidence_lane"":""not_binary"",""condition"":{""assay"":""other_scintillation_proximity_assay"",""matrix"":""plasma"",""protease"":""not_applicable"",""route"":""sc"",""species"":""rat""},""endpoint_family"":""T1/2"",""normalized_unit"":""log10(h)"",""parameter_basis"":""elapsed_time"",""parameter_semantics"":""systemic_terminal_pk"",""target_kind"":""regression"",""target_transform"":""log10""}"	6	0	0	0	0	0	1	false	false	below_current_per_task_size_gate
mlv1.t1_2.regression.systemic_terminal_pk.b3b93e3a3a098e68	T1/2	regression	systemic_terminal_pk	log10(h)	log10			"{""assay_family"":""systemic_terminal_pk"",""binary_evidence_lane"":""not_binary"",""condition"":{""assay"":""lc_ms"",""matrix"":""serum"",""protease"":""not_applicable"",""route"":""ip"",""species"":""rat""},""endpoint_family"":""T1/2"",""normalized_unit"":""log10(h)"",""parameter_basis"":""elapsed_time"",""parameter_semantics"":""systemic_terminal_pk"",""target_kind"":""regression"",""target_transform"":""log10""}"	3	0	0	0	0	1	1	false	false	below_current_per_task_size_gate
mlv1.t1_2.regression.systemic_terminal_pk.b3ed4e176d40eb3b	T1/2	regression	systemic_terminal_pk	log10(h)	log10			"{""assay_family"":""systemic_terminal_pk"",""binary_evidence_lane"":""not_binary"",""condition"":{""assay"":""radioimmunoassay"",""matrix"":""plasma"",""protease"":""not_applicable"",""route"":""iv"",""species"":""chicken""},""endpoint_family"":""T1/2"",""normalized_unit"":""log10(h)"",""parameter_basis"":""elapsed_time"",""parameter_semantics"":""systemic_terminal_pk"",""target_kind"":""regression"",""target_transform"":""log10""}"	1	0	1	0	0	1	1	false	false	below_current_per_task_size_gate
mlv1.t1_2.regression.systemic_terminal_pk.b4142f647c1958e3	T1/2	regression	systemic_terminal_pk	log10(h)	log10			"{""assay_family"":""systemic_terminal_pk"",""binary_evidence_lane"":""not_binary"",""condition"":{""assay"":""hplc"",""matrix"":""plasma"",""protease"":""not_applicable"",""route"":""iv"",""species"":""cynomolgus_monkey""},""endpoint_family"":""T1/2"",""normalized_unit"":""log10(h)"",""parameter_basis"":""elapsed_time"",""parameter_semantics"":""systemic_terminal_pk"",""target_kind"":""regression"",""target_transform"":""log10""}"	17	17	0	0	0	17	1	false	false	below_current_per_task_size_gate
mlv1.t1_2.regression.systemic_terminal_pk.b4960c5dbf0957df	T1/2	regression	systemic_terminal_pk	log10(h)	log10			"{""assay_family"":""systemic_terminal_pk"",""binary_evidence_lane"":""not_binary"",""condition"":{""assay"":""radioimmunoassay"",""matrix"":""plasma"",""protease"":""not_applicable"",""route"":""sc"",""species"":""dog""},""endpoint_family"":""T1/2"",""normalized_unit"":""log10(h)"",""parameter_basis"":""elapsed_time"",""parameter_semantics"":""systemic_terminal_pk"",""target_kind"":""regression"",""target_transform"":""log10""}"	2	1	0	0	0	1	2	false	false	below_current_per_task_size_gate
mlv1.t1_2.regression.systemic_terminal_pk.b54ac8e6dab539b3	T1/2	regression	systemic_terminal_pk	log10(h)	log10			"{""assay_family"":""systemic_terminal_pk"",""binary_evidence_lane"":""not_binary"",""condition"":{""assay"":""lc_ms_ms"",""matrix"":""plasma"",""protease"":""not_applicable"",""route"":""sc"",""species"":""species_not_reported""},""endpoint_family"":""T1/2"",""normalized_unit"":""log10(h)"",""parameter_basis"":""elapsed_time"",""parameter_semantics"":""systemic_terminal_pk"",""target_kind"":""regression"",""target_transform"":""log10""}"	4	0	0	0	0	1	1	false	false	below_current_per_task_size_gate
mlv1.t1_2.regression.systemic_terminal_pk.b5715f0dca07ea06	T1/2	regression	systemic_terminal_pk	log10(h)	log10			"{""assay_family"":""systemic_terminal_pk"",""binary_evidence_lane"":""not_binary"",""condition"":{""assay"":""elisa"",""matrix"":""serum"",""protease"":""not_applicable"",""route"":""sc"",""species"":""human""},""endpoint_family"":""T1/2"",""normalized_unit"":""log10(h)"",""parameter_basis"":""elapsed_time"",""parameter_semantics"":""systemic_terminal_pk"",""target_kind"":""regression"",""target_transform"":""log10""}"	12	0	0	0	0	1	1	false	false	below_current_per_task_size_gate
mlv1.t1_2.regression.systemic_terminal_pk.b6105690274518c1	T1/2	regression	systemic_terminal_pk	log10(h)	log10			"{""assay_family"":""systemic_terminal_pk"",""binary_evidence_lane"":""not_binary"",""condition"":{""assay"":""lc_ms"",""matrix"":""serum"",""protease"":""not_applicable"",""route"":""iv"",""species"":""rat""},""endpoint_family"":""T1/2"",""normalized_unit"":""log10(h)"",""parameter_basis"":""elapsed_time"",""parameter_semantics"":""systemic_terminal_pk"",""target_kind"":""regression"",""target_transform"":""log10""}"	7	0	0	0	0	1	2	false	false	below_current_per_task_size_gate
mlv1.t1_2.regression.systemic_terminal_pk.b6c07b0bcca2535b	T1/2	regression	systemic_terminal_pk	log10(h)	log10			"{""assay_family"":""systemic_terminal_pk"",""binary_evidence_lane"":""not_binary"",""condition"":{""assay"":""hplc"",""matrix"":""plasma"",""protease"":""not_applicable"",""route"":""iv"",""species"":""rat""},""endpoint_family"":""T1/2"",""normalized_unit"":""log10(h)"",""parameter_basis"":""elapsed_time"",""parameter_semantics"":""systemic_terminal_pk"",""target_kind"":""regression"",""target_transform"":""log10""}"	21	7	0	0	0	14	10	false	false	below_current_per_task_size_gate
mlv1.t1_2.regression.systemic_terminal_pk.b6ebed38bd480e31	T1/2	regression	systemic_terminal_pk	log10(h)	log10			"{""assay_family"":""systemic_terminal_pk"",""binary_evidence_lane"":""not_binary"",""condition"":{""assay"":""radioimmunoassay"",""matrix"":""other_intravenous_injection_in_cy_bcca30a7"",""protease"":""not_applicable"",""route"":""iv"",""species"":""cynomolgus_monkey""},""endpoint_family"":""T1/2"",""normalized_unit"":""log10(h)"",""parameter_basis"":""elapsed_time"",""parameter_semantics"":""systemic_terminal_pk"",""target_kind"":""regression"",""target_transform"":""log10""}"	1	0	0	0	0	0	1	false	false	below_current_per_task_size_gate
mlv1.t1_2.regression.systemic_terminal_pk.b72e7aed79bcd415	T1/2	regression	systemic_terminal_pk	log10(h)	log10			"{""assay_family"":""systemic_terminal_pk"",""binary_evidence_lane"":""not_binary"",""condition"":{""assay"":""lc_ms_ms"",""matrix"":""plasma"",""protease"":""not_applicable"",""route"":""iv"",""species"":""rat""},""endpoint_family"":""T1/2"",""normalized_unit"":""log10(h)"",""parameter_basis"":""elapsed_time"",""parameter_semantics"":""systemic_terminal_pk"",""target_kind"":""regression"",""target_transform"":""log10""}"	58	12	0	0	0	16	17	false	false	below_current_per_task_size_gate
mlv1.t1_2.regression.systemic_terminal_pk.b7e16891809b3309	T1/2	regression	systemic_terminal_pk	log10(h)	log10			"{""assay_family"":""systemic_terminal_pk"",""binary_evidence_lane"":""not_binary"",""condition"":{""assay"":""radioimmunoassay"",""matrix"":""other_intravenous_injection_in_di_23ab2ded"",""protease"":""not_applicable"",""route"":""iv"",""species"":""rat""},""endpoint_family"":""T1/2"",""normalized_unit"":""log10(h)"",""parameter_basis"":""elapsed_time"",""parameter_semantics"":""systemic_terminal_pk"",""target_kind"":""regression"",""target_transform"":""log10""}"	2	0	0	0	0	1	1	false	false	below_current_per_task_size_gate
mlv1.t1_2.regression.systemic_terminal_pk.b7ed3471e624589b	T1/2	regression	systemic_terminal_pk	log10(h)	log10			"{""assay_family"":""systemic_terminal_pk"",""binary_evidence_lane"":""not_binary"",""condition"":{""assay"":""elisa"",""matrix"":""other_kunming_mouse_lungs_dose_i_77ab6fc8"",""protease"":""not_applicable"",""route"":""iv"",""species"":""mouse""},""endpoint_family"":""T1/2"",""normalized_unit"":""log10(h)"",""parameter_basis"":""elapsed_time"",""parameter_semantics"":""systemic_terminal_pk"",""target_kind"":""regression"",""target_transform"":""log10""}"	1	1	0	0	0	1	1	false	false	below_current_per_task_size_gate
mlv1.t1_2.regression.systemic_terminal_pk.b82661fa5dcdd5af	T1/2	regression	systemic_terminal_pk	log10(h)	log10			"{""assay_family"":""systemic_terminal_pk"",""binary_evidence_lane"":""not_binary"",""condition"":{""assay"":""hplc"",""matrix"":""serum"",""protease"":""not_applicable"",""route"":""route_not_reported"",""species"":""human""},""endpoint_family"":""T1/2"",""normalized_unit"":""log10(h)"",""parameter_basis"":""elapsed_time"",""parameter_semantics"":""systemic_terminal_pk"",""target_kind"":""regression"",""target_transform"":""log10""}"	1	1	0	0	0	1	1	false	false	below_current_per_task_size_gate
mlv1.t1_2.regression.systemic_terminal_pk.b92158d9fd526b7d	T1/2	regression	systemic_terminal_pk	log10(h)	log10			"{""assay_family"":""systemic_terminal_pk"",""binary_evidence_lane"":""not_binary"",""condition"":{""assay"":""other_spectrofluorometer"",""matrix"":""plasma"",""protease"":""not_applicable"",""route"":""route_not_reported"",""species"":""rat""},""endpoint_family"":""T1/2"",""normalized_unit"":""log10(h)"",""parameter_basis"":""elapsed_time"",""parameter_semantics"":""systemic_terminal_pk"",""target_kind"":""regression"",""target_transform"":""log10""}"	1	1	0	0	0	1	1	false	false	below_current_per_task_size_gate
mlv1.t1_2.regression.systemic_terminal_pk.bcac4464a7005365	T1/2	regression	systemic_terminal_pk	log10(h)	log10			"{""assay_family"":""systemic_terminal_pk"",""binary_evidence_lane"":""not_binary"",""condition"":{""assay"":""assay_not_reported"",""matrix"":""other_10_mm_cacl2_at_ph_11_0_10_m_adebc642"",""protease"":""not_applicable"",""route"":""route_not_reported"",""species"":""species_not_reported""},""endpoint_family"":""T1/2"",""normalized_unit"":""log10(h)"",""parameter_basis"":""elapsed_time"",""parameter_semantics"":""systemic_terminal_pk"",""target_kind"":""regression"",""target_transform"":""log10""}"	1	0	0	0	0	0	1	false	false	below_current_per_task_size_gate
mlv1.t1_2.regression.systemic_terminal_pk.bda4daa4d282be54	T1/2	regression	systemic_terminal_pk	log10(h)	log10			"{""assay_family"":""systemic_terminal_pk"",""binary_evidence_lane"":""not_binary"",""condition"":{""assay"":""elisa"",""matrix"":""plasma"",""protease"":""not_applicable"",""route"":""iv"",""species"":""rhesus_monkey""},""endpoint_family"":""T1/2"",""normalized_unit"":""log10(h)"",""parameter_basis"":""elapsed_time"",""parameter_semantics"":""systemic_terminal_pk"",""target_kind"":""regression"",""target_transform"":""log10""}"	2	2	0	0	0	2	1	false	false	below_current_per_task_size_gate
mlv1.t1_2.regression.systemic_terminal_pk.be34908dd12a467d	T1/2	regression	systemic_terminal_pk	log10(h)	log10			"{""assay_family"":""systemic_terminal_pk"",""binary_evidence_lane"":""not_binary"",""condition"":{""assay"":""fluorescence"",""matrix"":""plasma"",""protease"":""not_applicable"",""route"":""iv"",""species"":""mouse""},""endpoint_family"":""T1/2"",""normalized_unit"":""log10(h)"",""parameter_basis"":""elapsed_time"",""parameter_semantics"":""systemic_terminal_pk"",""target_kind"":""regression"",""target_transform"":""log10""}"	30	4	1	0	0	10	10	false	false	below_current_per_task_size_gate
mlv1.t1_2.regression.systemic_terminal_pk.be68d2df85b217bb	T1/2	regression	systemic_terminal_pk	log10(h)	log10			"{""assay_family"":""systemic_terminal_pk"",""binary_evidence_lane"":""not_binary"",""condition"":{""assay"":""lc_ms"",""matrix"":""plasma"",""protease"":""not_applicable"",""route"":""iv"",""species"":""rat""},""endpoint_family"":""T1/2"",""normalized_unit"":""log10(h)"",""parameter_basis"":""elapsed_time"",""parameter_semantics"":""systemic_terminal_pk"",""target_kind"":""regression"",""target_transform"":""log10""}"	17	11	0	0	0	12	7	false	false	below_current_per_task_size_gate
mlv1.t1_2.regression.systemic_terminal_pk.bf96b56e3ff2e0dd	T1/2	regression	systemic_terminal_pk	log10(h)	log10			"{""assay_family"":""systemic_terminal_pk"",""binary_evidence_lane"":""not_binary"",""condition"":{""assay"":""other_bioassay"",""matrix"":""other_rabbit_rabbit"",""protease"":""not_applicable"",""route"":""iv"",""species"":""rabbit""},""endpoint_family"":""T1/2"",""normalized_unit"":""log10(h)"",""parameter_basis"":""elapsed_time"",""parameter_semantics"":""systemic_terminal_pk"",""target_kind"":""regression"",""target_transform"":""log10""}"	1	0	0	0	0	0	1	false	false	below_current_per_task_size_gate
mlv1.t1_2.regression.systemic_terminal_pk.bfadb866bf932c68	T1/2	regression	systemic_terminal_pk	log10(h)	log10			"{""assay_family"":""systemic_terminal_pk"",""binary_evidence_lane"":""not_binary"",""condition"":{""assay"":""lc_ms_ms"",""matrix"":""plasma"",""protease"":""not_applicable"",""route"":""iv"",""species"":""mouse""},""endpoint_family"":""T1/2"",""normalized_unit"":""log10(h)"",""parameter_basis"":""elapsed_time"",""parameter_semantics"":""systemic_terminal_pk"",""target_kind"":""regression"",""target_transform"":""log10""}"	24	4	1	0	0	10	11	false	false	below_current_per_task_size_gate
mlv1.t1_2.regression.systemic_terminal_pk.c0581772b76164ea	T1/2	regression	systemic_terminal_pk	log10(h)	log10			"{""assay_family"":""systemic_terminal_pk"",""binary_evidence_lane"":""not_binary"",""condition"":{""assay"":""other_peptherdia_curated_appr_7011057c"",""matrix"":""other_terminal_half_life"",""protease"":""not_applicable"",""route"":""intrathecal"",""species"":""human""},""endpoint_family"":""T1/2"",""normalized_unit"":""log10(h)"",""parameter_basis"":""elapsed_time"",""parameter_semantics"":""systemic_terminal_pk"",""target_kind"":""regression"",""target_transform"":""log10""}"	1	1	0	0	0	1	1	false	false	below_current_per_task_size_gate
mlv1.t1_2.regression.systemic_terminal_pk.c07c623be369d34c	T1/2	regression	systemic_terminal_pk	log10(h)	log10			"{""assay_family"":""systemic_terminal_pk"",""binary_evidence_lane"":""not_binary"",""condition"":{""assay"":""other_eia"",""matrix"":""plasma"",""protease"":""not_applicable"",""route"":""sc"",""species"":""mouse""},""endpoint_family"":""T1/2"",""normalized_unit"":""log10(h)"",""parameter_basis"":""elapsed_time"",""parameter_semantics"":""systemic_terminal_pk"",""target_kind"":""regression"",""target_transform"":""log10""}"	1	1	0	0	0	1	1	false	false	below_current_per_task_size_gate
mlv1.t1_2.regression.systemic_terminal_pk.c19ac7673aa8359b	T1/2	regression	systemic_terminal_pk	log10(h)	log10			"{""assay_family"":""systemic_terminal_pk"",""binary_evidence_lane"":""not_binary"",""condition"":{""assay"":""other_immunoenzymetric_assay"",""matrix"":""serum"",""protease"":""not_applicable"",""route"":""sc"",""species"":""mouse""},""endpoint_family"":""T1/2"",""normalized_unit"":""log10(h)"",""parameter_basis"":""elapsed_time"",""parameter_semantics"":""systemic_terminal_pk"",""target_kind"":""regression"",""target_transform"":""log10""}"	2	0	0	0	0	0	1	false	false	below_current_per_task_size_gate
mlv1.t1_2.regression.systemic_terminal_pk.c31410a3363a6e11	T1/2	regression	systemic_terminal_pk	log10(h)	log10			"{""assay_family"":""systemic_terminal_pk"",""binary_evidence_lane"":""not_binary"",""condition"":{""assay"":""other_pet_ct_imaging"",""matrix"":""blood"",""protease"":""not_applicable"",""route"":""iv"",""species"":""nonhuman_primate""},""endpoint_family"":""T1/2"",""normalized_unit"":""log10(h)"",""parameter_basis"":""elapsed_time"",""parameter_semantics"":""systemic_terminal_pk"",""target_kind"":""regression"",""target_transform"":""log10""}"	1	1	0	0	0	1	1	false	false	below_current_per_task_size_gate
mlv1.t1_2.regression.systemic_terminal_pk.c3882ddc4ef1c9c0	T1/2	regression	systemic_terminal_pk	log10(h)	log10			"{""assay_family"":""systemic_terminal_pk"",""binary_evidence_lane"":""not_binary"",""condition"":{""assay"":""other_fluorometery"",""matrix"":""other_mouse_tissue_of_myocardial_aca9e60f"",""protease"":""not_applicable"",""route"":""route_not_reported"",""species"":""mouse""},""endpoint_family"":""T1/2"",""normalized_unit"":""log10(h)"",""parameter_basis"":""elapsed_time"",""parameter_semantics"":""systemic_terminal_pk"",""target_kind"":""regression"",""target_transform"":""log10""}"	1	1	0	0	0	1	1	false	false	below_current_per_task_size_gate
mlv1.t1_2.regression.systemic_terminal_pk.c3ab84e0ad88dddb	T1/2	regression	systemic_terminal_pk	log10(h)	log10			"{""assay_family"":""systemic_terminal_pk"",""binary_evidence_lane"":""not_binary"",""condition"":{""assay"":""lc_ms"",""matrix"":""serum"",""protease"":""not_applicable"",""route"":""route_not_reported"",""species"":""rat""},""endpoint_family"":""T1/2"",""normalized_unit"":""log10(h)"",""parameter_basis"":""elapsed_time"",""parameter_semantics"":""systemic_terminal_pk"",""target_kind"":""regression"",""target_transform"":""log10""}"	4	1	0	0	0	2	1	false	false	below_current_per_task_size_gate
mlv1.t1_2.regression.systemic_terminal_pk.c3b5a48326e964f5	T1/2	regression	systemic_terminal_pk	log10(h)	log10			"{""assay_family"":""systemic_terminal_pk"",""binary_evidence_lane"":""not_binary"",""condition"":{""assay"":""lc_ms_ms"",""matrix"":""blood"",""protease"":""not_applicable"",""route"":""sc"",""species"":""human""},""endpoint_family"":""T1/2"",""normalized_unit"":""log10(h)"",""parameter_basis"":""elapsed_time"",""parameter_semantics"":""systemic_terminal_pk"",""target_kind"":""regression"",""target_transform"":""log10""}"	2	0	0	0	0	1	1	false	false	below_current_per_task_size_gate
mlv1.t1_2.regression.systemic_terminal_pk.c41c2e9f5f64b58d	T1/2	regression	systemic_terminal_pk	log10(h)	log10			"{""assay_family"":""systemic_terminal_pk"",""binary_evidence_lane"":""not_binary"",""condition"":{""assay"":""other_radiochromatography"",""matrix"":""plasma"",""protease"":""not_applicable"",""route"":""iv"",""species"":""mouse""},""endpoint_family"":""T1/2"",""normalized_unit"":""log10(h)"",""parameter_basis"":""elapsed_time"",""parameter_semantics"":""systemic_terminal_pk"",""target_kind"":""regression"",""target_transform"":""log10""}"	1	1	0	0	0	1	1	false	false	below_current_per_task_size_gate
mlv1.t1_2.regression.systemic_terminal_pk.c52bb40cb83a7009	T1/2	regression	systemic_terminal_pk	log10(h)	log10			"{""assay_family"":""systemic_terminal_pk"",""binary_evidence_lane"":""not_binary"",""condition"":{""assay"":""other_i_125_radiolabelling_method"",""matrix"":""plasma"",""protease"":""not_applicable"",""route"":""iv"",""species"":""rabbit""},""endpoint_family"":""T1/2"",""normalized_unit"":""log10(h)"",""parameter_basis"":""elapsed_time"",""parameter_semantics"":""systemic_terminal_pk"",""target_kind"":""regression"",""target_transform"":""log10""}"	2	0	0	0	0	1	1	false	false	below_current_per_task_size_gate
mlv1.t1_2.regression.systemic_terminal_pk.c58dac8455d4aaa2	T1/2	regression	systemic_terminal_pk	log10(h)	log10			"{""assay_family"":""systemic_terminal_pk"",""binary_evidence_lane"":""not_binary"",""condition"":{""assay"":""radioimmunoassay"",""matrix"":""serum"",""protease"":""not_applicable"",""route"":""route_not_reported"",""species"":""human""},""endpoint_family"":""T1/2"",""normalized_unit"":""log10(h)"",""parameter_basis"":""elapsed_time"",""parameter_semantics"":""systemic_terminal_pk"",""target_kind"":""regression"",""target_transform"":""log10""}"	5	5	0	0	0	5	5	false	false	below_current_per_task_size_gate
mlv1.t1_2.regression.systemic_terminal_pk.c5e991d589f5bfed	T1/2	regression	systemic_terminal_pk	log10(h)	log10			"{""assay_family"":""systemic_terminal_pk"",""binary_evidence_lane"":""not_binary"",""condition"":{""assay"":""mass_spectrometry"",""matrix"":""blood"",""protease"":""not_applicable"",""route"":""iv"",""species"":""species_not_reported""},""endpoint_family"":""T1/2"",""normalized_unit"":""log10(h)"",""parameter_basis"":""elapsed_time"",""parameter_semantics"":""systemic_terminal_pk"",""target_kind"":""regression"",""target_transform"":""log10""}"	1	1	0	0	0	1	1	false	false	below_current_per_task_size_gate
mlv1.t1_2.regression.systemic_terminal_pk.c60d75356655fcc2	T1/2	regression	systemic_terminal_pk	log10(h)	log10			"{""assay_family"":""systemic_terminal_pk"",""binary_evidence_lane"":""not_binary"",""condition"":{""assay"":""lc_ms"",""matrix"":""serum"",""protease"":""not_applicable"",""route"":""iv"",""species"":""human""},""endpoint_family"":""T1/2"",""normalized_unit"":""log10(h)"",""parameter_basis"":""elapsed_time"",""parameter_semantics"":""systemic_terminal_pk"",""target_kind"":""regression"",""target_transform"":""log10""}"	6	0	0	0	0	1	1	false	false	below_current_per_task_size_gate
mlv1.t1_2.regression.systemic_terminal_pk.c86cae84ffe27c98	T1/2	regression	systemic_terminal_pk	log10(h)	log10			"{""assay_family"":""systemic_terminal_pk"",""binary_evidence_lane"":""not_binary"",""condition"":{""assay"":""other_exendin_4_eia"",""matrix"":""plasma"",""protease"":""not_applicable"",""route"":""sc"",""species"":""mouse""},""endpoint_family"":""T1/2"",""normalized_unit"":""log10(h)"",""parameter_basis"":""elapsed_time"",""parameter_semantics"":""systemic_terminal_pk"",""target_kind"":""regression"",""target_transform"":""log10""}"	2	2	0	0	0	2	1	false	false	below_current_per_task_size_gate
mlv1.t1_2.regression.systemic_terminal_pk.c9cff6371c3328bf	T1/2	regression	systemic_terminal_pk	log10(h)	log10			"{""assay_family"":""systemic_terminal_pk"",""binary_evidence_lane"":""not_binary"",""condition"":{""assay"":""uplc_ms"",""matrix"":""plasma"",""protease"":""not_applicable"",""route"":""iv"",""species"":""rat""},""endpoint_family"":""T1/2"",""normalized_unit"":""log10(h)"",""parameter_basis"":""elapsed_time"",""parameter_semantics"":""systemic_terminal_pk"",""target_kind"":""regression"",""target_transform"":""log10""}"	5	1	0	0	0	1	2	false	false	below_current_per_task_size_gate
mlv1.t1_2.regression.systemic_terminal_pk.c9ea613527c19a87	T1/2	regression	systemic_terminal_pk	log10(h)	log10			"{""assay_family"":""systemic_terminal_pk"",""binary_evidence_lane"":""not_binary"",""condition"":{""assay"":""mass_spectrometry"",""matrix"":""plasma"",""protease"":""not_applicable"",""route"":""sc"",""species"":""mouse""},""endpoint_family"":""T1/2"",""normalized_unit"":""log10(h)"",""parameter_basis"":""elapsed_time"",""parameter_semantics"":""systemic_terminal_pk"",""target_kind"":""regression"",""target_transform"":""log10""}"	2	0	0	0	0	1	1	false	false	below_current_per_task_size_gate
mlv1.t1_2.regression.systemic_terminal_pk.ca10ce6da3ccc390	T1/2	regression	systemic_terminal_pk	log10(h)	log10			"{""assay_family"":""systemic_terminal_pk"",""binary_evidence_lane"":""not_binary"",""condition"":{""assay"":""assay_not_reported"",""matrix"":""serum"",""protease"":""not_applicable"",""route"":""ip"",""species"":""mouse""},""endpoint_family"":""T1/2"",""normalized_unit"":""log10(h)"",""parameter_basis"":""elapsed_time"",""parameter_semantics"":""systemic_terminal_pk"",""target_kind"":""regression"",""target_transform"":""log10""}"	3	3	0	0	0	3	1	false	false	below_current_per_task_size_gate
mlv1.t1_2.regression.systemic_terminal_pk.ca7341255cbf79ce	T1/2	regression	systemic_terminal_pk	log10(h)	log10			"{""assay_family"":""systemic_terminal_pk"",""binary_evidence_lane"":""not_binary"",""condition"":{""assay"":""other_lc_ms_ms"",""matrix"":""plasma"",""protease"":""not_applicable"",""route"":""route_not_reported"",""species"":""rat""},""endpoint_family"":""T1/2"",""normalized_unit"":""log10(h)"",""parameter_basis"":""elapsed_time"",""parameter_semantics"":""systemic_terminal_pk"",""target_kind"":""regression"",""target_transform"":""log10""}"	1	0	1	0	0	1	1	false	false	below_current_per_task_size_gate
mlv1.t1_2.regression.systemic_terminal_pk.ca937d558fd6a627	T1/2	regression	systemic_terminal_pk	log10(h)	log10			"{""assay_family"":""systemic_terminal_pk"",""binary_evidence_lane"":""not_binary"",""condition"":{""assay"":""radioimmunoassay"",""matrix"":""blood"",""protease"":""not_applicable"",""route"":""route_not_reported"",""species"":""mouse""},""endpoint_family"":""T1/2"",""normalized_unit"":""log10(h)"",""parameter_basis"":""elapsed_time"",""parameter_semantics"":""systemic_terminal_pk"",""target_kind"":""regression"",""target_transform"":""log10""}"	2	0	0	0	0	1	1	false	false	below_current_per_task_size_gate
mlv1.t1_2.regression.systemic_terminal_pk.ca9bc36fa774d2c0	T1/2	regression	systemic_terminal_pk	log10(h)	log10			"{""assay_family"":""systemic_terminal_pk"",""binary_evidence_lane"":""not_binary"",""condition"":{""assay"":""radioimmunoassay"",""matrix"":""other_intravenous_injection_to_ma_b33cb920"",""protease"":""not_applicable"",""route"":""iv"",""species"":""dog""},""endpoint_family"":""T1/2"",""normalized_unit"":""log10(h)"",""parameter_basis"":""elapsed_time"",""parameter_semantics"":""systemic_terminal_pk"",""target_kind"":""regression"",""target_transform"":""log10""}"	1	1	0	0	0	1	1	false	false	below_current_per_task_size_gate
mlv1.t1_2.regression.systemic_terminal_pk.caabec5979410b1d	T1/2	regression	systemic_terminal_pk	log10(h)	log10			"{""assay_family"":""systemic_terminal_pk"",""binary_evidence_lane"":""not_binary"",""condition"":{""assay"":""other_hiv_inhibition_assay"",""matrix"":""plasma"",""protease"":""not_applicable"",""route"":""sc"",""species"":""rat""},""endpoint_family"":""T1/2"",""normalized_unit"":""log10(h)"",""parameter_basis"":""elapsed_time"",""parameter_semantics"":""systemic_terminal_pk"",""target_kind"":""regression"",""target_transform"":""log10""}"	2	0	0	0	0	1	1	false	false	below_current_per_task_size_gate
mlv1.t1_2.regression.systemic_terminal_pk.cd81d4f01bfb705f	T1/2	regression	systemic_terminal_pk	log10(h)	log10			"{""assay_family"":""systemic_terminal_pk"",""binary_evidence_lane"":""not_binary"",""condition"":{""assay"":""radioimmunoassay"",""matrix"":""other_monkey_subcutaneous_injecti_2b57aa36"",""protease"":""not_applicable"",""route"":""sc"",""species"":""monkey_unspecified""},""endpoint_family"":""T1/2"",""normalized_unit"":""log10(h)"",""parameter_basis"":""elapsed_time"",""parameter_semantics"":""systemic_terminal_pk"",""target_kind"":""regression"",""target_transform"":""log10""}"	1	1	0	0	0	1	1	false	false	below_current_per_task_size_gate
mlv1.t1_2.regression.systemic_terminal_pk.cda7bbcb83c82795	T1/2	regression	systemic_terminal_pk	log10(h)	log10			"{""assay_family"":""systemic_terminal_pk"",""binary_evidence_lane"":""not_binary"",""condition"":{""assay"":""mass_spectrometry"",""matrix"":""plasma"",""protease"":""not_applicable"",""route"":""iv"",""species"":""rhesus_monkey""},""endpoint_family"":""T1/2"",""normalized_unit"":""log10(h)"",""parameter_basis"":""elapsed_time"",""parameter_semantics"":""systemic_terminal_pk"",""target_kind"":""regression"",""target_transform"":""log10""}"	1	1	0	0	0	1	1	false	false	below_current_per_task_size_gate
mlv1.t1_2.regression.systemic_terminal_pk.ce908cb4cbb8ae58	T1/2	regression	systemic_terminal_pk	log10(h)	log10			"{""assay_family"":""systemic_terminal_pk"",""binary_evidence_lane"":""not_binary"",""condition"":{""assay"":""radioactivity"",""matrix"":""plasma"",""protease"":""not_applicable"",""route"":""sc"",""species"":""rat""},""endpoint_family"":""T1/2"",""normalized_unit"":""log10(h)"",""parameter_basis"":""elapsed_time"",""parameter_semantics"":""systemic_terminal_pk"",""target_kind"":""regression"",""target_transform"":""log10""}"	2	2	0	0	0	2	2	false	false	below_current_per_task_size_gate
mlv1.t1_2.regression.systemic_terminal_pk.cea6d6f11f84d29c	T1/2	regression	systemic_terminal_pk	log10(h)	log10			"{""assay_family"":""systemic_terminal_pk"",""binary_evidence_lane"":""not_binary"",""condition"":{""assay"":""other_chromogenic_activity_assays"",""matrix"":""plasma"",""protease"":""not_applicable"",""route"":""iv"",""species"":""mouse""},""endpoint_family"":""T1/2"",""normalized_unit"":""log10(h)"",""parameter_basis"":""elapsed_time"",""parameter_semantics"":""systemic_terminal_pk"",""target_kind"":""regression"",""target_transform"":""log10""}"	12	0	0	0	0	3	1	false	false	below_current_per_task_size_gate
mlv1.t1_2.regression.systemic_terminal_pk.cef290c530f88a4c	T1/2	regression	systemic_terminal_pk	log10(h)	log10			"{""assay_family"":""systemic_terminal_pk"",""binary_evidence_lane"":""not_binary"",""condition"":{""assay"":""radioimmunoassay"",""matrix"":""other_female_homozygous_brattlebo_f7ea806a"",""protease"":""not_applicable"",""route"":""route_not_reported"",""species"":""rat""},""endpoint_family"":""T1/2"",""normalized_unit"":""log10(h)"",""parameter_basis"":""elapsed_time"",""parameter_semantics"":""systemic_terminal_pk"",""target_kind"":""regression"",""target_transform"":""log10""}"	1	1	0	0	0	1	1	false	false	below_current_per_task_size_gate
mlv1.t1_2.regression.systemic_terminal_pk.cf3545d039f62613	T1/2	regression	systemic_terminal_pk	log10(h)	log10			"{""assay_family"":""systemic_terminal_pk"",""binary_evidence_lane"":""not_binary"",""condition"":{""assay"":""other_irm_immunoradiometric_assays"",""matrix"":""plasma"",""protease"":""not_applicable"",""route"":""route_not_reported"",""species"":""species_not_reported""},""endpoint_family"":""T1/2"",""normalized_unit"":""log10(h)"",""parameter_basis"":""elapsed_time"",""parameter_semantics"":""systemic_terminal_pk"",""target_kind"":""regression"",""target_transform"":""log10""}"	2	0	0	0	0	1	1	false	false	below_current_per_task_size_gate
mlv1.t1_2.regression.systemic_terminal_pk.cf5bb43bdc698d1b	T1/2	regression	systemic_terminal_pk	log10(h)	log10			"{""assay_family"":""systemic_terminal_pk"",""binary_evidence_lane"":""not_binary"",""condition"":{""assay"":""lc_ms"",""matrix"":""serum"",""protease"":""not_applicable"",""route"":""sc"",""species"":""human""},""endpoint_family"":""T1/2"",""normalized_unit"":""log10(h)"",""parameter_basis"":""elapsed_time"",""parameter_semantics"":""systemic_terminal_pk"",""target_kind"":""regression"",""target_transform"":""log10""}"	2	0	0	0	0	1	1	false	false	below_current_per_task_size_gate
mlv1.t1_2.regression.systemic_terminal_pk.cfb6f6140279343e	T1/2	regression	systemic_terminal_pk	log10(h)	log10			"{""assay_family"":""systemic_terminal_pk"",""binary_evidence_lane"":""not_binary"",""condition"":{""assay"":""other_peptherdia_curated_appr_7011057c"",""matrix"":""other_terminal_half_life"",""protease"":""not_applicable"",""route"":""route_not_reported"",""species"":""human""},""endpoint_family"":""T1/2"",""normalized_unit"":""log10(h)"",""parameter_basis"":""elapsed_time"",""parameter_semantics"":""systemic_terminal_pk"",""target_kind"":""regression"",""target_transform"":""log10""}"	2	2	0	0	0	2	2	false	false	below_current_per_task_size_gate
mlv1.t1_2.regression.systemic_terminal_pk.cffedd6ca0206f92	T1/2	regression	systemic_terminal_pk	log10(h)	log10			"{""assay_family"":""systemic_terminal_pk"",""binary_evidence_lane"":""not_binary"",""condition"":{""assay"":""elisa"",""matrix"":""serum"",""protease"":""not_applicable"",""route"":""ip"",""species"":""mouse""},""endpoint_family"":""T1/2"",""normalized_unit"":""log10(h)"",""parameter_basis"":""elapsed_time"",""parameter_semantics"":""systemic_terminal_pk"",""target_kind"":""regression"",""target_transform"":""log10""}"	8	4	2	0	0	5	5	false	false	below_current_per_task_size_gate
mlv1.t1_2.regression.systemic_terminal_pk.d07f0d47f8216e56	T1/2	regression	systemic_terminal_pk	log10(h)	log10			"{""assay_family"":""systemic_terminal_pk"",""binary_evidence_lane"":""not_binary"",""condition"":{""assay"":""hplc"",""matrix"":""other_intraperitonial_injection_t_22b464a0"",""protease"":""not_applicable"",""route"":""route_not_reported"",""species"":""mouse""},""endpoint_family"":""T1/2"",""normalized_unit"":""log10(h)"",""parameter_basis"":""elapsed_time"",""parameter_semantics"":""systemic_terminal_pk"",""target_kind"":""regression"",""target_transform"":""log10""}"	1	1	0	0	0	1	1	false	false	below_current_per_task_size_gate
mlv1.t1_2.regression.systemic_terminal_pk.d0c40a86ad66d4b5	T1/2	regression	systemic_terminal_pk	log10(h)	log10			"{""assay_family"":""systemic_terminal_pk"",""binary_evidence_lane"":""not_binary"",""condition"":{""assay"":""elisa"",""matrix"":""plasma"",""protease"":""not_applicable"",""route"":""sc"",""species"":""dog""},""endpoint_family"":""T1/2"",""normalized_unit"":""log10(h)"",""parameter_basis"":""elapsed_time"",""parameter_semantics"":""systemic_terminal_pk"",""target_kind"":""regression"",""target_transform"":""log10""}"	1	1	0	0	0	1	1	false	false	below_current_per_task_size_gate
mlv1.t1_2.regression.systemic_terminal_pk.d1d05f30acfb7e0d	T1/2	regression	systemic_terminal_pk	log10(h)	log10			"{""assay_family"":""systemic_terminal_pk"",""binary_evidence_lane"":""not_binary"",""condition"":{""assay"":""fluorescence"",""matrix"":""other_proclear_compatiblestm_cont_ee7bcf28"",""protease"":""not_applicable"",""route"":""route_not_reported"",""species"":""species_not_reported""},""endpoint_family"":""T1/2"",""normalized_unit"":""log10(h)"",""parameter_basis"":""elapsed_time"",""parameter_semantics"":""systemic_terminal_pk"",""target_kind"":""regression"",""target_transform"":""log10""}"	4	0	0	0	0	0	1	false	false	below_current_per_task_size_gate
mlv1.t1_2.regression.systemic_terminal_pk.d21e2799baa31b3e	T1/2	regression	systemic_terminal_pk	log10(h)	log10			"{""assay_family"":""systemic_terminal_pk"",""binary_evidence_lane"":""not_binary"",""condition"":{""assay"":""assay_not_reported"",""matrix"":""other_intravenously_injected_to_r_b6d2e021"",""protease"":""not_applicable"",""route"":""iv"",""species"":""rat""},""endpoint_family"":""T1/2"",""normalized_unit"":""log10(h)"",""parameter_basis"":""elapsed_time"",""parameter_semantics"":""systemic_terminal_pk"",""target_kind"":""regression"",""target_transform"":""log10""}"	11	1	0	0	0	6	1	false	false	below_current_per_task_size_gate
mlv1.t1_2.regression.systemic_terminal_pk.d262154c0a846273	T1/2	regression	systemic_terminal_pk	log10(h)	log10			"{""assay_family"":""systemic_terminal_pk"",""binary_evidence_lane"":""not_binary"",""condition"":{""assay"":""radioimmunoassay"",""matrix"":""other_intravenous_injection_into_184f1415"",""protease"":""not_applicable"",""route"":""iv"",""species"":""human""},""endpoint_family"":""T1/2"",""normalized_unit"":""log10(h)"",""parameter_basis"":""elapsed_time"",""parameter_semantics"":""systemic_terminal_pk"",""target_kind"":""regression"",""target_transform"":""log10""}"	2	0	0	0	0	1	1	false	false	below_current_per_task_size_gate
mlv1.t1_2.regression.systemic_terminal_pk.d3c0f5cae80dc72a	T1/2	regression	systemic_terminal_pk	log10(h)	log10			"{""assay_family"":""systemic_terminal_pk"",""binary_evidence_lane"":""not_binary"",""condition"":{""assay"":""other_ivis_at_750_780_nm"",""matrix"":""plasma"",""protease"":""not_applicable"",""route"":""iv"",""species"":""mouse""},""endpoint_family"":""T1/2"",""normalized_unit"":""log10(h)"",""parameter_basis"":""elapsed_time"",""parameter_semantics"":""systemic_terminal_pk"",""target_kind"":""regression"",""target_transform"":""log10""}"	1	1	0	0	0	1	1	false	false	below_current_per_task_size_gate
mlv1.t1_2.regression.systemic_terminal_pk.d506c96e68f4957d	T1/2	regression	systemic_terminal_pk	log10(h)	log10			"{""assay_family"":""systemic_terminal_pk"",""binary_evidence_lane"":""not_binary"",""condition"":{""assay"":""elisa"",""matrix"":""plasma"",""protease"":""not_applicable"",""route"":""sc"",""species"":""mouse""},""endpoint_family"":""T1/2"",""normalized_unit"":""log10(h)"",""parameter_basis"":""elapsed_time"",""parameter_semantics"":""systemic_terminal_pk"",""target_kind"":""regression"",""target_transform"":""log10""}"	10	3	0	0	0	5	6	false	false	below_current_per_task_size_gate
mlv1.t1_2.regression.systemic_terminal_pk.d614b0e6250f479a	T1/2	regression	systemic_terminal_pk	log10(h)	log10			"{""assay_family"":""systemic_terminal_pk"",""binary_evidence_lane"":""not_binary"",""condition"":{""assay"":""elisa"",""matrix"":""serum"",""protease"":""not_applicable"",""route"":""iv"",""species"":""rabbit""},""endpoint_family"":""T1/2"",""normalized_unit"":""log10(h)"",""parameter_basis"":""elapsed_time"",""parameter_semantics"":""systemic_terminal_pk"",""target_kind"":""regression"",""target_transform"":""log10""}"	1	1	0	0	0	1	1	false	false	below_current_per_task_size_gate
mlv1.t1_2.regression.systemic_terminal_pk.d71211a1ddf30eb4	T1/2	regression	systemic_terminal_pk	log10(h)	log10			"{""assay_family"":""systemic_terminal_pk"",""binary_evidence_lane"":""not_binary"",""condition"":{""assay"":""assay_not_reported"",""matrix"":""other_haemolymph_of_american_cock_647f1adf"",""protease"":""not_applicable"",""route"":""route_not_reported"",""species"":""species_not_reported""},""endpoint_family"":""T1/2"",""normalized_unit"":""log10(h)"",""parameter_basis"":""elapsed_time"",""parameter_semantics"":""systemic_terminal_pk"",""target_kind"":""regression"",""target_transform"":""log10""}"	1	0	0	0	0	0	1	false	false	below_current_per_task_size_gate
mlv1.t1_2.regression.systemic_terminal_pk.d713b9251c1d9e9c	T1/2	regression	systemic_terminal_pk	log10(h)	log10			"{""assay_family"":""systemic_terminal_pk"",""binary_evidence_lane"":""not_binary"",""condition"":{""assay"":""lc_ms"",""matrix"":""other_intravenous_administered_to_e60f83bc"",""protease"":""not_applicable"",""route"":""iv"",""species"":""rat""},""endpoint_family"":""T1/2"",""normalized_unit"":""log10(h)"",""parameter_basis"":""elapsed_time"",""parameter_semantics"":""systemic_terminal_pk"",""target_kind"":""regression"",""target_transform"":""log10""}"	2	0	0	0	0	1	1	false	false	below_current_per_task_size_gate
mlv1.t1_2.regression.systemic_terminal_pk.d7391141b76993fb	T1/2	regression	systemic_terminal_pk	log10(h)	log10			"{""assay_family"":""systemic_terminal_pk"",""binary_evidence_lane"":""not_binary"",""condition"":{""assay"":""fluorescence"",""matrix"":""plasma"",""protease"":""not_applicable"",""route"":""sc"",""species"":""mouse""},""endpoint_family"":""T1/2"",""normalized_unit"":""log10(h)"",""parameter_basis"":""elapsed_time"",""parameter_semantics"":""systemic_terminal_pk"",""target_kind"":""regression"",""target_transform"":""log10""}"	29	4	0	0	0	8	6	false	false	below_current_per_task_size_gate
mlv1.t1_2.regression.systemic_terminal_pk.d93b4a6f28239519	T1/2	regression	systemic_terminal_pk	log10(h)	log10			"{""assay_family"":""systemic_terminal_pk"",""binary_evidence_lane"":""not_binary"",""condition"":{""assay"":""other_dosimetry"",""matrix"":""non_brain_homogenate"",""protease"":""not_applicable"",""route"":""iv"",""species"":""human""},""endpoint_family"":""T1/2"",""normalized_unit"":""log10(h)"",""parameter_basis"":""elapsed_time"",""parameter_semantics"":""systemic_terminal_pk"",""target_kind"":""regression"",""target_transform"":""log10""}"	1	0	0	0	0	0	1	false	false	below_current_per_task_size_gate
mlv1.t1_2.regression.systemic_terminal_pk.d94858f2f9c586c8	T1/2	regression	systemic_terminal_pk	log10(h)	log10			"{""assay_family"":""systemic_terminal_pk"",""binary_evidence_lane"":""not_binary"",""condition"":{""assay"":""lc_ms_ms"",""matrix"":""plasma"",""protease"":""not_applicable"",""route"":""iv"",""species"":""human""},""endpoint_family"":""T1/2"",""normalized_unit"":""log10(h)"",""parameter_basis"":""elapsed_time"",""parameter_semantics"":""systemic_terminal_pk"",""target_kind"":""regression"",""target_transform"":""log10""}"	12	0	0	0	0	2	2	false	false	below_current_per_task_size_gate
mlv1.t1_2.regression.systemic_terminal_pk.d957e5052572964c	T1/2	regression	systemic_terminal_pk	log10(h)	log10			"{""assay_family"":""systemic_terminal_pk"",""binary_evidence_lane"":""not_binary"",""condition"":{""assay"":""radioimmunoassay"",""matrix"":""plasma"",""protease"":""not_applicable"",""route"":""iv_and_sc"",""species"":""rat""},""endpoint_family"":""T1/2"",""normalized_unit"":""log10(h)"",""parameter_basis"":""elapsed_time"",""parameter_semantics"":""systemic_terminal_pk"",""target_kind"":""regression"",""target_transform"":""log10""}"	6	0	0	0	0	1	1	false	false	below_current_per_task_size_gate
mlv1.t1_2.regression.systemic_terminal_pk.da37ceaa295835e5	T1/2	regression	systemic_terminal_pk	log10(h)	log10			"{""assay_family"":""systemic_terminal_pk"",""binary_evidence_lane"":""not_binary"",""condition"":{""assay"":""hplc"",""matrix"":""plasma"",""protease"":""not_applicable"",""route"":""sc"",""species"":""monkey_unspecified""},""endpoint_family"":""T1/2"",""normalized_unit"":""log10(h)"",""parameter_basis"":""elapsed_time"",""parameter_semantics"":""systemic_terminal_pk"",""target_kind"":""regression"",""target_transform"":""log10""}"	3	0	0	0	0	1	1	false	false	below_current_per_task_size_gate
mlv1.t1_2.regression.systemic_terminal_pk.da43d14c43a8f6a4	T1/2	regression	systemic_terminal_pk	log10(h)	log10			"{""assay_family"":""systemic_terminal_pk"",""binary_evidence_lane"":""not_binary"",""condition"":{""assay"":""elisa"",""matrix"":""plasma"",""protease"":""not_applicable"",""route"":""ip"",""species"":""rat""},""endpoint_family"":""T1/2"",""normalized_unit"":""log10(h)"",""parameter_basis"":""elapsed_time"",""parameter_semantics"":""systemic_terminal_pk"",""target_kind"":""regression"",""target_transform"":""log10""}"	2	0	0	0	0	1	1	false	false	below_current_per_task_size_gate
mlv1.t1_2.regression.systemic_terminal_pk.db6cfbeb08dcc573	T1/2	regression	systemic_terminal_pk	log10(h)	log10			"{""assay_family"":""systemic_terminal_pk"",""binary_evidence_lane"":""not_binary"",""condition"":{""assay"":""assay_not_reported"",""matrix"":""plasma"",""protease"":""not_applicable"",""route"":""sc"",""species"":""rat""},""endpoint_family"":""T1/2"",""normalized_unit"":""log10(h)"",""parameter_basis"":""elapsed_time"",""parameter_semantics"":""systemic_terminal_pk"",""target_kind"":""regression"",""target_transform"":""log10""}"	8	7	0	0	0	7	3	false	false	below_current_per_task_size_gate
mlv1.t1_2.regression.systemic_terminal_pk.db8fa3465d8e63e3	T1/2	regression	systemic_terminal_pk	log10(h)	log10			"{""assay_family"":""systemic_terminal_pk"",""binary_evidence_lane"":""not_binary"",""condition"":{""assay"":""elisa"",""matrix"":""serum"",""protease"":""not_applicable"",""route"":""oral"",""species"":""mouse""},""endpoint_family"":""T1/2"",""normalized_unit"":""log10(h)"",""parameter_basis"":""elapsed_time"",""parameter_semantics"":""systemic_terminal_pk"",""target_kind"":""regression"",""target_transform"":""log10""}"	2	0	0	0	0	1	1	false	false	below_current_per_task_size_gate
mlv1.t1_2.regression.systemic_terminal_pk.dba0e5cedd143d8e	T1/2	regression	systemic_terminal_pk	log10(h)	log10			"{""assay_family"":""systemic_terminal_pk"",""binary_evidence_lane"":""not_binary"",""condition"":{""assay"":""elisa"",""matrix"":""plasma"",""protease"":""not_applicable"",""route"":""sc"",""species"":""rat""},""endpoint_family"":""T1/2"",""normalized_unit"":""log10(h)"",""parameter_basis"":""elapsed_time"",""parameter_semantics"":""systemic_terminal_pk"",""target_kind"":""regression"",""target_transform"":""log10""}"	38	6	0	0	0	13	11	false	false	below_current_per_task_size_gate
mlv1.t1_2.regression.systemic_terminal_pk.dbd95bd80f2a59ff	T1/2	regression	systemic_terminal_pk	log10(h)	log10			"{""assay_family"":""systemic_terminal_pk"",""binary_evidence_lane"":""not_binary"",""condition"":{""assay"":""assay_not_reported"",""matrix"":""plasma"",""protease"":""not_applicable"",""route"":""iv"",""species"":""mouse""},""endpoint_family"":""T1/2"",""normalized_unit"":""log10(h)"",""parameter_basis"":""elapsed_time"",""parameter_semantics"":""systemic_terminal_pk"",""target_kind"":""regression"",""target_transform"":""log10""}"	2	2	0	0	0	2	2	false	false	below_current_per_task_size_gate
mlv1.t1_2.regression.systemic_terminal_pk.dc64a2b3b7ec92e6	T1/2	regression	systemic_terminal_pk	log10(h)	log10			"{""assay_family"":""systemic_terminal_pk"",""binary_evidence_lane"":""not_binary"",""condition"":{""assay"":""other_tca_precipitation"",""matrix"":""other_intravenous_injection_into_9627a463"",""protease"":""not_applicable"",""route"":""iv"",""species"":""rat""},""endpoint_family"":""T1/2"",""normalized_unit"":""log10(h)"",""parameter_basis"":""elapsed_time"",""parameter_semantics"":""systemic_terminal_pk"",""target_kind"":""regression"",""target_transform"":""log10""}"	9	0	0	0	0	2	1	false	false	below_current_per_task_size_gate
mlv1.t1_2.regression.systemic_terminal_pk.dc73b2e13aed016f	T1/2	regression	systemic_terminal_pk	log10(h)	log10			"{""assay_family"":""systemic_terminal_pk"",""binary_evidence_lane"":""not_binary"",""condition"":{""assay"":""fluorescence"",""matrix"":""plasma"",""protease"":""not_applicable"",""route"":""route_not_reported"",""species"":""mouse""},""endpoint_family"":""T1/2"",""normalized_unit"":""log10(h)"",""parameter_basis"":""elapsed_time"",""parameter_semantics"":""systemic_terminal_pk"",""target_kind"":""regression"",""target_transform"":""log10""}"	1	0	1	0	0	1	1	false	false	below_current_per_task_size_gate
mlv1.t1_2.regression.systemic_terminal_pk.dc766009e80c529d	T1/2	regression	systemic_terminal_pk	log10(h)	log10			"{""assay_family"":""systemic_terminal_pk"",""binary_evidence_lane"":""not_binary"",""condition"":{""assay"":""radioimmunoassay"",""matrix"":""blood"",""protease"":""not_applicable"",""route"":""route_not_reported"",""species"":""human""},""endpoint_family"":""T1/2"",""normalized_unit"":""log10(h)"",""parameter_basis"":""elapsed_time"",""parameter_semantics"":""systemic_terminal_pk"",""target_kind"":""regression"",""target_transform"":""log10""}"	1	1	0	0	0	1	1	false	false	below_current_per_task_size_gate
mlv1.t1_2.regression.systemic_terminal_pk.dd85329e13a17a1e	T1/2	regression	systemic_terminal_pk	log10(h)	log10			"{""assay_family"":""systemic_terminal_pk"",""binary_evidence_lane"":""not_binary"",""condition"":{""assay"":""other_esi_lc_ms_ms"",""matrix"":""plasma"",""protease"":""not_applicable"",""route"":""iv"",""species"":""rat""},""endpoint_family"":""T1/2"",""normalized_unit"":""log10(h)"",""parameter_basis"":""elapsed_time"",""parameter_semantics"":""systemic_terminal_pk"",""target_kind"":""regression"",""target_transform"":""log10""}"	2	0	0	0	0	1	1	false	false	below_current_per_task_size_gate
mlv1.t1_2.regression.systemic_terminal_pk.de0c70fded70ae8c	T1/2	regression	systemic_terminal_pk	log10(h)	log10			"{""assay_family"":""systemic_terminal_pk"",""binary_evidence_lane"":""not_binary"",""condition"":{""assay"":""other_double_antibody_sandwich_assay"",""matrix"":""serum"",""protease"":""not_applicable"",""route"":""sc"",""species"":""human""},""endpoint_family"":""T1/2"",""normalized_unit"":""log10(h)"",""parameter_basis"":""elapsed_time"",""parameter_semantics"":""systemic_terminal_pk"",""target_kind"":""regression"",""target_transform"":""log10""}"	2	0	0	0	0	1	1	false	false	below_current_per_task_size_gate
mlv1.t1_2.regression.systemic_terminal_pk.de407933b46ab580	T1/2	regression	systemic_terminal_pk	log10(h)	log10			"{""assay_family"":""systemic_terminal_pk"",""binary_evidence_lane"":""not_binary"",""condition"":{""assay"":""other_tlc"",""matrix"":""non_brain_homogenate"",""protease"":""not_applicable"",""route"":""ip"",""species"":""mouse""},""endpoint_family"":""T1/2"",""normalized_unit"":""log10(h)"",""parameter_basis"":""elapsed_time"",""parameter_semantics"":""systemic_terminal_pk"",""target_kind"":""regression"",""target_transform"":""log10""}"	1	0	0	0	0	1	1	false	false	below_current_per_task_size_gate
mlv1.t1_2.regression.systemic_terminal_pk.de46eadd3bc75321	T1/2	regression	systemic_terminal_pk	log10(h)	log10			"{""assay_family"":""systemic_terminal_pk"",""binary_evidence_lane"":""not_binary"",""condition"":{""assay"":""hplc"",""matrix"":""other_infused_in_pulmonary_artery_bb7433c0"",""protease"":""not_applicable"",""route"":""route_not_reported"",""species"":""species_not_reported""},""endpoint_family"":""T1/2"",""normalized_unit"":""log10(h)"",""parameter_basis"":""elapsed_time"",""parameter_semantics"":""systemic_terminal_pk"",""target_kind"":""regression"",""target_transform"":""log10""}"	3	3	0	0	0	3	1	false	false	below_current_per_task_size_gate
mlv1.t1_2.regression.systemic_terminal_pk.dee468f40286e0f2	T1/2	regression	systemic_terminal_pk	log10(h)	log10			"{""assay_family"":""systemic_terminal_pk"",""binary_evidence_lane"":""not_binary"",""condition"":{""assay"":""radioimmunoassay"",""matrix"":""other_wistar_rats_wistar_rats"",""protease"":""not_applicable"",""route"":""route_not_reported"",""species"":""rat""},""endpoint_family"":""T1/2"",""normalized_unit"":""log10(h)"",""parameter_basis"":""elapsed_time"",""parameter_semantics"":""systemic_terminal_pk"",""target_kind"":""regression"",""target_transform"":""log10""}"	2	0	0	0	0	1	1	false	false	below_current_per_task_size_gate
mlv1.t1_2.regression.systemic_terminal_pk.def5b15e5cc47cfe	T1/2	regression	systemic_terminal_pk	log10(h)	log10			"{""assay_family"":""systemic_terminal_pk"",""binary_evidence_lane"":""not_binary"",""condition"":{""assay"":""radioimmunoassay"",""matrix"":""serum"",""protease"":""not_applicable"",""route"":""iv"",""species"":""species_not_reported""},""endpoint_family"":""T1/2"",""normalized_unit"":""log10(h)"",""parameter_basis"":""elapsed_time"",""parameter_semantics"":""systemic_terminal_pk"",""target_kind"":""regression"",""target_transform"":""log10""}"	1	1	0	0	0	1	1	false	false	below_current_per_task_size_gate
mlv1.t1_2.regression.systemic_terminal_pk.e04885ea57b04dff	T1/2	regression	systemic_terminal_pk	log10(h)	log10			"{""assay_family"":""systemic_terminal_pk"",""binary_evidence_lane"":""not_binary"",""condition"":{""assay"":""radioimmunoassay"",""matrix"":""other_spontaneously_hypertensive_e295ff39"",""protease"":""not_applicable"",""route"":""route_not_reported"",""species"":""rat""},""endpoint_family"":""T1/2"",""normalized_unit"":""log10(h)"",""parameter_basis"":""elapsed_time"",""parameter_semantics"":""systemic_terminal_pk"",""target_kind"":""regression"",""target_transform"":""log10""}"	2	0	0	0	0	1	1	false	false	below_current_per_task_size_gate
mlv1.t1_2.regression.systemic_terminal_pk.e100c5497a54321a	T1/2	regression	systemic_terminal_pk	log10(h)	log10			"{""assay_family"":""systemic_terminal_pk"",""binary_evidence_lane"":""not_binary"",""condition"":{""assay"":""uplc_ms"",""matrix"":""plasma"",""protease"":""not_applicable"",""route"":""iv"",""species"":""human""},""endpoint_family"":""T1/2"",""normalized_unit"":""log10(h)"",""parameter_basis"":""elapsed_time"",""parameter_semantics"":""systemic_terminal_pk"",""target_kind"":""regression"",""target_transform"":""log10""}"	7	0	0	0	0	1	1	false	false	below_current_per_task_size_gate
mlv1.t1_2.regression.systemic_terminal_pk.e16e57ca3c83d896	T1/2	regression	systemic_terminal_pk	log10(h)	log10			"{""assay_family"":""systemic_terminal_pk"",""binary_evidence_lane"":""not_binary"",""condition"":{""assay"":""radioactivity"",""matrix"":""blood"",""protease"":""not_applicable"",""route"":""im"",""species"":""mouse""},""endpoint_family"":""T1/2"",""normalized_unit"":""log10(h)"",""parameter_basis"":""elapsed_time"",""parameter_semantics"":""systemic_terminal_pk"",""target_kind"":""regression"",""target_transform"":""log10""}"	2	0	0	0	0	1	1	false	false	below_current_per_task_size_gate
mlv1.t1_2.regression.systemic_terminal_pk.e19632997e5ff9e8	T1/2	regression	systemic_terminal_pk	log10(h)	log10			"{""assay_family"":""systemic_terminal_pk"",""binary_evidence_lane"":""not_binary"",""condition"":{""assay"":""assay_not_reported"",""matrix"":""other_n_a_n_a"",""protease"":""not_applicable"",""route"":""sc"",""species"":""species_not_reported""},""endpoint_family"":""T1/2"",""normalized_unit"":""log10(h)"",""parameter_basis"":""elapsed_time"",""parameter_semantics"":""systemic_terminal_pk"",""target_kind"":""regression"",""target_transform"":""log10""}"	1	1	0	0	0	1	1	false	false	below_current_per_task_size_gate
mlv1.t1_2.regression.systemic_terminal_pk.e1eb1aaf249f8d54	T1/2	regression	systemic_terminal_pk	log10(h)	log10			"{""assay_family"":""systemic_terminal_pk"",""binary_evidence_lane"":""not_binary"",""condition"":{""assay"":""other_plasma_stability_assay"",""matrix"":""plasma"",""protease"":""not_applicable"",""route"":""route_not_reported"",""species"":""mouse""},""endpoint_family"":""T1/2"",""normalized_unit"":""log10(h)"",""parameter_basis"":""elapsed_time"",""parameter_semantics"":""systemic_terminal_pk"",""target_kind"":""regression"",""target_transform"":""log10""}"	1	1	0	0	0	1	1	false	false	below_current_per_task_size_gate
mlv1.t1_2.regression.systemic_terminal_pk.e28bd1cff785ee4f	T1/2	regression	systemic_terminal_pk	log10(h)	log10			"{""assay_family"":""systemic_terminal_pk"",""binary_evidence_lane"":""not_binary"",""condition"":{""assay"":""other_radioiodination_assay"",""matrix"":""blood"",""protease"":""not_applicable"",""route"":""route_not_reported"",""species"":""mouse""},""endpoint_family"":""T1/2"",""normalized_unit"":""log10(h)"",""parameter_basis"":""elapsed_time"",""parameter_semantics"":""systemic_terminal_pk"",""target_kind"":""regression"",""target_transform"":""log10""}"	3	1	0	0	0	1	1	false	false	below_current_per_task_size_gate
mlv1.t1_2.regression.systemic_terminal_pk.e2d0de1e9ab9d0a6	T1/2	regression	systemic_terminal_pk	log10(h)	log10			"{""assay_family"":""systemic_terminal_pk"",""binary_evidence_lane"":""not_binary"",""condition"":{""assay"":""elisa"",""matrix"":""other_subcutaneously_injected_int_b8684dd1"",""protease"":""not_applicable"",""route"":""sc"",""species"":""species_not_reported""},""endpoint_family"":""T1/2"",""normalized_unit"":""log10(h)"",""parameter_basis"":""elapsed_time"",""parameter_semantics"":""systemic_terminal_pk"",""target_kind"":""regression"",""target_transform"":""log10""}"	2	0	0	0	0	1	1	false	false	below_current_per_task_size_gate
mlv1.t1_2.regression.systemic_terminal_pk.e3a5b282c923b2f2	T1/2	regression	systemic_terminal_pk	log10(h)	log10			"{""assay_family"":""systemic_terminal_pk"",""binary_evidence_lane"":""not_binary"",""condition"":{""assay"":""other_single_dose_injection_technique"",""matrix"":""plasma"",""protease"":""not_applicable"",""route"":""route_not_reported"",""species"":""human""},""endpoint_family"":""T1/2"",""normalized_unit"":""log10(h)"",""parameter_basis"":""elapsed_time"",""parameter_semantics"":""systemic_terminal_pk"",""target_kind"":""regression"",""target_transform"":""log10""}"	2	0	0	0	0	1	1	false	false	below_current_per_task_size_gate
mlv1.t1_2.regression.systemic_terminal_pk.e40808e7f72b9fb7	T1/2	regression	systemic_terminal_pk	log10(h)	log10			"{""assay_family"":""systemic_terminal_pk"",""binary_evidence_lane"":""not_binary"",""condition"":{""assay"":""assay_not_reported"",""matrix"":""other_10_mm_cacl2_at_ph_9_0_10_mm_298b5770"",""protease"":""not_applicable"",""route"":""route_not_reported"",""species"":""species_not_reported""},""endpoint_family"":""T1/2"",""normalized_unit"":""log10(h)"",""parameter_basis"":""elapsed_time"",""parameter_semantics"":""systemic_terminal_pk"",""target_kind"":""regression"",""target_transform"":""log10""}"	1	0	0	0	0	0	1	false	false	below_current_per_task_size_gate
mlv1.t1_2.regression.systemic_terminal_pk.e521efe976ce37e3	T1/2	regression	systemic_terminal_pk	log10(h)	log10			"{""assay_family"":""systemic_terminal_pk"",""binary_evidence_lane"":""not_binary"",""condition"":{""assay"":""elisa"",""matrix"":""serum"",""protease"":""not_applicable"",""route"":""sc"",""species"":""monkey_unspecified""},""endpoint_family"":""T1/2"",""normalized_unit"":""log10(h)"",""parameter_basis"":""elapsed_time"",""parameter_semantics"":""systemic_terminal_pk"",""target_kind"":""regression"",""target_transform"":""log10""}"	12	0	0	0	0	0	1	false	false	below_current_per_task_size_gate
mlv1.t1_2.regression.systemic_terminal_pk.e63e9ef809e7c233	T1/2	regression	systemic_terminal_pk	log10(h)	log10			"{""assay_family"":""systemic_terminal_pk"",""binary_evidence_lane"":""not_binary"",""condition"":{""assay"":""uplc_ms"",""matrix"":""plasma"",""protease"":""not_applicable"",""route"":""iv"",""species"":""mouse""},""endpoint_family"":""T1/2"",""normalized_unit"":""log10(h)"",""parameter_basis"":""elapsed_time"",""parameter_semantics"":""systemic_terminal_pk"",""target_kind"":""regression"",""target_transform"":""log10""}"	3	3	0	0	0	3	2	false	false	below_current_per_task_size_gate
mlv1.t1_2.regression.systemic_terminal_pk.e6fac759d58c44e1	T1/2	regression	systemic_terminal_pk	log10(h)	log10			"{""assay_family"":""systemic_terminal_pk"",""binary_evidence_lane"":""not_binary"",""condition"":{""assay"":""fluorescence"",""matrix"":""serum"",""protease"":""not_applicable"",""route"":""iv"",""species"":""mouse""},""endpoint_family"":""T1/2"",""normalized_unit"":""log10(h)"",""parameter_basis"":""elapsed_time"",""parameter_semantics"":""systemic_terminal_pk"",""target_kind"":""regression"",""target_transform"":""log10""}"	4	0	0	0	0	1	2	false	false	below_current_per_task_size_gate
mlv1.t1_2.regression.systemic_terminal_pk.e78ac1e93903d172	T1/2	regression	systemic_terminal_pk	log10(h)	log10			"{""assay_family"":""systemic_terminal_pk"",""binary_evidence_lane"":""not_binary"",""condition"":{""assay"":""assay_not_reported"",""matrix"":""other_patients_with_severe_renal_672594ef"",""protease"":""not_applicable"",""route"":""route_not_reported"",""species"":""species_not_reported""},""endpoint_family"":""T1/2"",""normalized_unit"":""log10(h)"",""parameter_basis"":""elapsed_time"",""parameter_semantics"":""systemic_terminal_pk"",""target_kind"":""regression"",""target_transform"":""log10""}"	1	1	0	0	0	1	1	false	false	below_current_per_task_size_gate
mlv1.t1_2.regression.systemic_terminal_pk.e943cd3e4435b6f5	T1/2	regression	systemic_terminal_pk	log10(h)	log10			"{""assay_family"":""systemic_terminal_pk"",""binary_evidence_lane"":""not_binary"",""condition"":{""assay"":""other_cycloheximide_chase_ass_971ff88e"",""matrix"":""cellular_matrix"",""protease"":""not_applicable"",""route"":""route_not_reported"",""species"":""species_not_reported""},""endpoint_family"":""T1/2"",""normalized_unit"":""log10(h)"",""parameter_basis"":""elapsed_time"",""parameter_semantics"":""systemic_terminal_pk"",""target_kind"":""regression"",""target_transform"":""log10""}"	2	0	1	0	0	1	1	false	false	below_current_per_task_size_gate
mlv1.t1_2.regression.systemic_terminal_pk.ea9f7a3b00451857	T1/2	regression	systemic_terminal_pk	log10(h)	log10			"{""assay_family"":""systemic_terminal_pk"",""binary_evidence_lane"":""not_binary"",""condition"":{""assay"":""other_liquid_scintillation_sp_a04b2c93"",""matrix"":""blood"",""protease"":""not_applicable"",""route"":""iv"",""species"":""rat""},""endpoint_family"":""T1/2"",""normalized_unit"":""log10(h)"",""parameter_basis"":""elapsed_time"",""parameter_semantics"":""systemic_terminal_pk"",""target_kind"":""regression"",""target_transform"":""log10""}"	2	0	0	0	0	0	1	false	false	below_current_per_task_size_gate
mlv1.t1_2.regression.systemic_terminal_pk.eaa5400b7a33c433	T1/2	regression	systemic_terminal_pk	log10(h)	log10			"{""assay_family"":""systemic_terminal_pk"",""binary_evidence_lane"":""not_binary"",""condition"":{""assay"":""other_kinetic_assay"",""matrix"":""plasma"",""protease"":""not_applicable"",""route"":""route_not_reported"",""species"":""human""},""endpoint_family"":""T1/2"",""normalized_unit"":""log10(h)"",""parameter_basis"":""elapsed_time"",""parameter_semantics"":""systemic_terminal_pk"",""target_kind"":""regression"",""target_transform"":""log10""}"	1	1	0	0	0	1	1	false	false	below_current_per_task_size_gate
mlv1.t1_2.regression.systemic_terminal_pk.eafb88ef62b5f66f	T1/2	regression	systemic_terminal_pk	log10(h)	log10			"{""assay_family"":""systemic_terminal_pk"",""binary_evidence_lane"":""not_binary"",""condition"":{""assay"":""other_western_blotting"",""matrix"":""plasma"",""protease"":""not_applicable"",""route"":""route_not_reported"",""species"":""mouse""},""endpoint_family"":""T1/2"",""normalized_unit"":""log10(h)"",""parameter_basis"":""elapsed_time"",""parameter_semantics"":""systemic_terminal_pk"",""target_kind"":""regression"",""target_transform"":""log10""}"	3	1	0	0	0	1	1	false	false	below_current_per_task_size_gate
mlv1.t1_2.regression.systemic_terminal_pk.ec500dc1096cfc83	T1/2	regression	systemic_terminal_pk	log10(h)	log10			"{""assay_family"":""systemic_terminal_pk"",""binary_evidence_lane"":""not_binary"",""condition"":{""assay"":""elisa"",""matrix"":""other_shr_rat_shr_rat"",""protease"":""not_applicable"",""route"":""iv"",""species"":""rat""},""endpoint_family"":""T1/2"",""normalized_unit"":""log10(h)"",""parameter_basis"":""elapsed_time"",""parameter_semantics"":""systemic_terminal_pk"",""target_kind"":""regression"",""target_transform"":""log10""}"	1	0	0	0	0	0	1	false	false	below_current_per_task_size_gate
mlv1.t1_2.regression.systemic_terminal_pk.ec8bb08e3f254a30	T1/2	regression	systemic_terminal_pk	log10(h)	log10			"{""assay_family"":""systemic_terminal_pk"",""binary_evidence_lane"":""not_binary"",""condition"":{""assay"":""other_spectrofluorometry"",""matrix"":""serum"",""protease"":""not_applicable"",""route"":""route_not_reported"",""species"":""mouse""},""endpoint_family"":""T1/2"",""normalized_unit"":""log10(h)"",""parameter_basis"":""elapsed_time"",""parameter_semantics"":""systemic_terminal_pk"",""target_kind"":""regression"",""target_transform"":""log10""}"	2	0	0	0	0	1	1	false	false	below_current_per_task_size_gate
mlv1.t1_2.regression.systemic_terminal_pk.ed09742f8870881c	T1/2	regression	systemic_terminal_pk	log10(h)	log10			"{""assay_family"":""systemic_terminal_pk"",""binary_evidence_lane"":""not_binary"",""condition"":{""assay"":""other_luminescent_oxygen_chan_120f2385"",""matrix"":""plasma"",""protease"":""not_applicable"",""route"":""sc"",""species"":""mouse""},""endpoint_family"":""T1/2"",""normalized_unit"":""log10(h)"",""parameter_basis"":""elapsed_time"",""parameter_semantics"":""systemic_terminal_pk"",""target_kind"":""regression"",""target_transform"":""log10""}"	2	0	0	0	0	1	1	false	false	below_current_per_task_size_gate
mlv1.t1_2.regression.systemic_terminal_pk.ed1e2273b969798e	T1/2	regression	systemic_terminal_pk	log10(h)	log10			"{""assay_family"":""systemic_terminal_pk"",""binary_evidence_lane"":""not_binary"",""condition"":{""assay"":""assay_not_reported"",""matrix"":""other_nasal_administration_to_spr_1aaaa6db"",""protease"":""not_applicable"",""route"":""intranasal"",""species"":""rat""},""endpoint_family"":""T1/2"",""normalized_unit"":""log10(h)"",""parameter_basis"":""elapsed_time"",""parameter_semantics"":""systemic_terminal_pk"",""target_kind"":""regression"",""target_transform"":""log10""}"	1	0	0	0	0	0	1	false	false	below_current_per_task_size_gate
mlv1.t1_2.regression.systemic_terminal_pk.ed41a07822e30c04	T1/2	regression	systemic_terminal_pk	log10(h)	log10			"{""assay_family"":""systemic_terminal_pk"",""binary_evidence_lane"":""not_binary"",""condition"":{""assay"":""mass_spectrometry"",""matrix"":""serum"",""protease"":""not_applicable"",""route"":""route_not_reported"",""species"":""mouse""},""endpoint_family"":""T1/2"",""normalized_unit"":""log10(h)"",""parameter_basis"":""elapsed_time"",""parameter_semantics"":""systemic_terminal_pk"",""target_kind"":""regression"",""target_transform"":""log10""}"	24	7	1	0	0	8	1	false	false	below_current_per_task_size_gate
mlv1.t1_2.regression.systemic_terminal_pk.edb48d272f432ed2	T1/2	regression	systemic_terminal_pk	log10(h)	log10			"{""assay_family"":""systemic_terminal_pk"",""binary_evidence_lane"":""not_binary"",""condition"":{""assay"":""other_flurorescence_assay"",""matrix"":""plasma"",""protease"":""not_applicable"",""route"":""iv"",""species"":""mouse""},""endpoint_family"":""T1/2"",""normalized_unit"":""log10(h)"",""parameter_basis"":""elapsed_time"",""parameter_semantics"":""systemic_terminal_pk"",""target_kind"":""regression"",""target_transform"":""log10""}"	1	1	0	0	0	1	1	false	false	below_current_per_task_size_gate
mlv1.t1_2.regression.systemic_terminal_pk.edc212d111bb0591	T1/2	regression	systemic_terminal_pk	log10(h)	log10			"{""assay_family"":""systemic_terminal_pk"",""binary_evidence_lane"":""not_binary"",""condition"":{""assay"":""lc_ms_ms"",""matrix"":""plasma"",""protease"":""not_applicable"",""route"":""route_not_reported"",""species"":""mouse""},""endpoint_family"":""T1/2"",""normalized_unit"":""log10(h)"",""parameter_basis"":""elapsed_time"",""parameter_semantics"":""systemic_terminal_pk"",""target_kind"":""regression"",""target_transform"":""log10""}"	1	0	0	0	0	0	1	false	false	below_current_per_task_size_gate
mlv1.t1_2.regression.systemic_terminal_pk.eed5275c67d764d8	T1/2	regression	systemic_terminal_pk	log10(h)	log10			"{""assay_family"":""systemic_terminal_pk"",""binary_evidence_lane"":""not_binary"",""condition"":{""assay"":""lc_ms_ms"",""matrix"":""serum"",""protease"":""not_applicable"",""route"":""sc"",""species"":""cynomolgus_monkey""},""endpoint_family"":""T1/2"",""normalized_unit"":""log10(h)"",""parameter_basis"":""elapsed_time"",""parameter_semantics"":""systemic_terminal_pk"",""target_kind"":""regression"",""target_transform"":""log10""}"	6	0	0	0	0	2	2	false	false	below_current_per_task_size_gate
mlv1.t1_2.regression.systemic_terminal_pk.ef0c3ddb23e8acc1	T1/2	regression	systemic_terminal_pk	log10(h)	log10			"{""assay_family"":""systemic_terminal_pk"",""binary_evidence_lane"":""not_binary"",""condition"":{""assay"":""lc_ms"",""matrix"":""other_sprague_dawley_rats_brain_d_75c7c181"",""protease"":""not_applicable"",""route"":""iv"",""species"":""rat""},""endpoint_family"":""T1/2"",""normalized_unit"":""log10(h)"",""parameter_basis"":""elapsed_time"",""parameter_semantics"":""systemic_terminal_pk"",""target_kind"":""regression"",""target_transform"":""log10""}"	1	1	0	0	0	1	1	false	false	below_current_per_task_size_gate
mlv1.t1_2.regression.systemic_terminal_pk.ef14676ae2bcfa0d	T1/2	regression	systemic_terminal_pk	log10(h)	log10			"{""assay_family"":""systemic_terminal_pk"",""binary_evidence_lane"":""not_binary"",""condition"":{""assay"":""other_single_dose_plasma_conc_f11c1902"",""matrix"":""plasma"",""protease"":""not_applicable"",""route"":""oral"",""species"":""mouse""},""endpoint_family"":""T1/2"",""normalized_unit"":""log10(h)"",""parameter_basis"":""elapsed_time"",""parameter_semantics"":""systemic_terminal_pk"",""target_kind"":""regression"",""target_transform"":""log10""}"	2	0	0	0	0	1	1	false	false	below_current_per_task_size_gate
mlv1.t1_2.regression.systemic_terminal_pk.ef35c285bbc2a985	T1/2	regression	systemic_terminal_pk	log10(h)	log10			"{""assay_family"":""systemic_terminal_pk"",""binary_evidence_lane"":""not_binary"",""condition"":{""assay"":""radioimmunoassay"",""matrix"":""other_intravenous_bolus_injection_7becd90f"",""protease"":""not_applicable"",""route"":""iv"",""species"":""human""},""endpoint_family"":""T1/2"",""normalized_unit"":""log10(h)"",""parameter_basis"":""elapsed_time"",""parameter_semantics"":""systemic_terminal_pk"",""target_kind"":""regression"",""target_transform"":""log10""}"	1	1	0	0	0	1	1	false	false	below_current_per_task_size_gate
mlv1.t1_2.regression.systemic_terminal_pk.ef787f55f520e01b	T1/2	regression	systemic_terminal_pk	log10(h)	log10			"{""assay_family"":""systemic_terminal_pk"",""binary_evidence_lane"":""not_binary"",""condition"":{""assay"":""hplc"",""matrix"":""blood"",""protease"":""not_applicable"",""route"":""route_not_reported"",""species"":""species_not_reported""},""endpoint_family"":""T1/2"",""normalized_unit"":""log10(h)"",""parameter_basis"":""elapsed_time"",""parameter_semantics"":""systemic_terminal_pk"",""target_kind"":""regression"",""target_transform"":""log10""}"	1	1	0	0	0	1	1	false	false	below_current_per_task_size_gate
mlv1.t1_2.regression.systemic_terminal_pk.efc1fe9251c9b354	T1/2	regression	systemic_terminal_pk	log10(h)	log10			"{""assay_family"":""systemic_terminal_pk"",""binary_evidence_lane"":""not_binary"",""condition"":{""assay"":""other_western_blotting"",""matrix"":""cellular_matrix"",""protease"":""not_applicable"",""route"":""route_not_reported"",""species"":""species_not_reported""},""endpoint_family"":""T1/2"",""normalized_unit"":""log10(h)"",""parameter_basis"":""elapsed_time"",""parameter_semantics"":""systemic_terminal_pk"",""target_kind"":""regression"",""target_transform"":""log10""}"	2	0	2	0	0	2	1	false	false	below_current_per_task_size_gate
mlv1.t1_2.regression.systemic_terminal_pk.f1e69576953d2563	T1/2	regression	systemic_terminal_pk	log10(h)	log10			"{""assay_family"":""systemic_terminal_pk"",""binary_evidence_lane"":""not_binary"",""condition"":{""assay"":""elisa"",""matrix"":""plasma"",""protease"":""not_applicable"",""route"":""ip"",""species"":""mouse""},""endpoint_family"":""T1/2"",""normalized_unit"":""log10(h)"",""parameter_basis"":""elapsed_time"",""parameter_semantics"":""systemic_terminal_pk"",""target_kind"":""regression"",""target_transform"":""log10""}"	8	4	0	0	0	4	4	false	false	below_current_per_task_size_gate
mlv1.t1_2.regression.systemic_terminal_pk.f219633f8445e45d	T1/2	regression	systemic_terminal_pk	log10(h)	log10			"{""assay_family"":""systemic_terminal_pk"",""binary_evidence_lane"":""not_binary"",""condition"":{""assay"":""other_bca_protein_assay"",""matrix"":""plasma"",""protease"":""not_applicable"",""route"":""sc"",""species"":""mouse""},""endpoint_family"":""T1/2"",""normalized_unit"":""log10(h)"",""parameter_basis"":""elapsed_time"",""parameter_semantics"":""systemic_terminal_pk"",""target_kind"":""regression"",""target_transform"":""log10""}"	2	2	0	0	0	2	1	false	false	below_current_per_task_size_gate
mlv1.t1_2.regression.systemic_terminal_pk.f2c038ed47cde279	T1/2	regression	systemic_terminal_pk	log10(h)	log10			"{""assay_family"":""systemic_terminal_pk"",""binary_evidence_lane"":""not_binary"",""condition"":{""assay"":""mass_spectrometry"",""matrix"":""plasma"",""protease"":""not_applicable"",""route"":""sc"",""species"":""rat""},""endpoint_family"":""T1/2"",""normalized_unit"":""log10(h)"",""parameter_basis"":""elapsed_time"",""parameter_semantics"":""systemic_terminal_pk"",""target_kind"":""regression"",""target_transform"":""log10""}"	2	0	0	0	0	0	1	false	false	below_current_per_task_size_gate
mlv1.t1_2.regression.systemic_terminal_pk.f31f52d0068b2787	T1/2	regression	systemic_terminal_pk	log10(h)	log10			"{""assay_family"":""systemic_terminal_pk"",""binary_evidence_lane"":""not_binary"",""condition"":{""assay"":""other_tlc"",""matrix"":""non_brain_homogenate"",""protease"":""not_applicable"",""route"":""sc"",""species"":""mouse""},""endpoint_family"":""T1/2"",""normalized_unit"":""log10(h)"",""parameter_basis"":""elapsed_time"",""parameter_semantics"":""systemic_terminal_pk"",""target_kind"":""regression"",""target_transform"":""log10""}"	1	0	0	0	0	1	1	false	false	below_current_per_task_size_gate
mlv1.t1_2.regression.systemic_terminal_pk.f32f8464886dc5e9	T1/2	regression	systemic_terminal_pk	log10(h)	log10			"{""assay_family"":""systemic_terminal_pk"",""binary_evidence_lane"":""not_binary"",""condition"":{""assay"":""other_lc_ms"",""matrix"":""plasma"",""protease"":""not_applicable"",""route"":""ip"",""species"":""rat""},""endpoint_family"":""T1/2"",""normalized_unit"":""log10(h)"",""parameter_basis"":""elapsed_time"",""parameter_semantics"":""systemic_terminal_pk"",""target_kind"":""regression"",""target_transform"":""log10""}"	1	0	0	0	0	0	1	false	false	below_current_per_task_size_gate
mlv1.t1_2.regression.systemic_terminal_pk.f3f12e1e3328cbf7	T1/2	regression	systemic_terminal_pk	log10(h)	log10			"{""assay_family"":""systemic_terminal_pk"",""binary_evidence_lane"":""not_binary"",""condition"":{""assay"":""assay_not_reported"",""matrix"":""other_vaginal_administration_to_s_ff4106ab"",""protease"":""not_applicable"",""route"":""route_not_reported"",""species"":""rat""},""endpoint_family"":""T1/2"",""normalized_unit"":""log10(h)"",""parameter_basis"":""elapsed_time"",""parameter_semantics"":""systemic_terminal_pk"",""target_kind"":""regression"",""target_transform"":""log10""}"	2	0	0	0	0	0	1	false	false	below_current_per_task_size_gate
mlv1.t1_2.regression.systemic_terminal_pk.f400daeb5c5ed86d	T1/2	regression	systemic_terminal_pk	log10(h)	log10			"{""assay_family"":""systemic_terminal_pk"",""binary_evidence_lane"":""not_binary"",""condition"":{""assay"":""hplc"",""matrix"":""other_chorioallantoic_membrane_of_66545cc8"",""protease"":""not_applicable"",""route"":""route_not_reported"",""species"":""species_not_reported""},""endpoint_family"":""T1/2"",""normalized_unit"":""log10(h)"",""parameter_basis"":""elapsed_time"",""parameter_semantics"":""systemic_terminal_pk"",""target_kind"":""regression"",""target_transform"":""log10""}"	1	1	0	0	0	1	1	false	false	below_current_per_task_size_gate
mlv1.t1_2.regression.systemic_terminal_pk.f431d606920a8fe1	T1/2	regression	systemic_terminal_pk	log10(h)	log10			"{""assay_family"":""systemic_terminal_pk"",""binary_evidence_lane"":""not_binary"",""condition"":{""assay"":""lc_ms_ms"",""matrix"":""plasma"",""protease"":""not_applicable"",""route"":""im"",""species"":""rat""},""endpoint_family"":""T1/2"",""normalized_unit"":""log10(h)"",""parameter_basis"":""elapsed_time"",""parameter_semantics"":""systemic_terminal_pk"",""target_kind"":""regression"",""target_transform"":""log10""}"	4	0	0	0	0	1	1	false	false	below_current_per_task_size_gate
mlv1.t1_2.regression.systemic_terminal_pk.f4e4a3e8cdd32670	T1/2	regression	systemic_terminal_pk	log10(h)	log10			"{""assay_family"":""systemic_terminal_pk"",""binary_evidence_lane"":""not_binary"",""condition"":{""assay"":""hplc"",""matrix"":""other_intraperitoneally_administe_0c324063"",""protease"":""not_applicable"",""route"":""route_not_reported"",""species"":""mouse""},""endpoint_family"":""T1/2"",""normalized_unit"":""log10(h)"",""parameter_basis"":""elapsed_time"",""parameter_semantics"":""systemic_terminal_pk"",""target_kind"":""regression"",""target_transform"":""log10""}"	1	0	1	0	0	1	1	false	false	below_current_per_task_size_gate
mlv1.t1_2.regression.systemic_terminal_pk.f4e4b55b051607d8	T1/2	regression	systemic_terminal_pk	log10(h)	log10			"{""assay_family"":""systemic_terminal_pk"",""binary_evidence_lane"":""not_binary"",""condition"":{""assay"":""elisa"",""matrix"":""plasma"",""protease"":""not_applicable"",""route"":""iv"",""species"":""human""},""endpoint_family"":""T1/2"",""normalized_unit"":""log10(h)"",""parameter_basis"":""elapsed_time"",""parameter_semantics"":""systemic_terminal_pk"",""target_kind"":""regression"",""target_transform"":""log10""}"	1	1	0	0	0	1	1	false	false	below_current_per_task_size_gate
mlv1.t1_2.regression.systemic_terminal_pk.f56e0d1dbde55d78	T1/2	regression	systemic_terminal_pk	log10(h)	log10			"{""assay_family"":""systemic_terminal_pk"",""binary_evidence_lane"":""not_binary"",""condition"":{""assay"":""lc_ms_ms"",""matrix"":""plasma"",""protease"":""not_applicable"",""route"":""oral"",""species"":""human""},""endpoint_family"":""T1/2"",""normalized_unit"":""log10(h)"",""parameter_basis"":""elapsed_time"",""parameter_semantics"":""systemic_terminal_pk"",""target_kind"":""regression"",""target_transform"":""log10""}"	9	0	0	0	0	1	2	false	false	below_current_per_task_size_gate
mlv1.t1_2.regression.systemic_terminal_pk.f5a386a03b424292	T1/2	regression	systemic_terminal_pk	log10(h)	log10			"{""assay_family"":""systemic_terminal_pk"",""binary_evidence_lane"":""not_binary"",""condition"":{""assay"":""other_aptt_based_assay"",""matrix"":""cellular_matrix"",""protease"":""not_applicable"",""route"":""route_not_reported"",""species"":""species_not_reported""},""endpoint_family"":""T1/2"",""normalized_unit"":""log10(h)"",""parameter_basis"":""elapsed_time"",""parameter_semantics"":""systemic_terminal_pk"",""target_kind"":""regression"",""target_transform"":""log10""}"	1	1	0	0	0	1	1	false	false	below_current_per_task_size_gate
mlv1.t1_2.regression.systemic_terminal_pk.f61b2bc5ff377c0d	T1/2	regression	systemic_terminal_pk	log10(h)	log10			"{""assay_family"":""systemic_terminal_pk"",""binary_evidence_lane"":""not_binary"",""condition"":{""assay"":""radioimmunoassay"",""matrix"":""other_intravenous_injection_in_cy_2bca6c32"",""protease"":""not_applicable"",""route"":""iv"",""species"":""cynomolgus_monkey""},""endpoint_family"":""T1/2"",""normalized_unit"":""log10(h)"",""parameter_basis"":""elapsed_time"",""parameter_semantics"":""systemic_terminal_pk"",""target_kind"":""regression"",""target_transform"":""log10""}"	6	0	0	0	0	0	1	false	false	below_current_per_task_size_gate
mlv1.t1_2.regression.systemic_terminal_pk.f686f2b1cf5f9abb	T1/2	regression	systemic_terminal_pk	log10(h)	log10			"{""assay_family"":""systemic_terminal_pk"",""binary_evidence_lane"":""not_binary"",""condition"":{""assay"":""assay_not_reported"",""matrix"":""plasma"",""protease"":""not_applicable"",""route"":""route_not_reported"",""species"":""dog""},""endpoint_family"":""T1/2"",""normalized_unit"":""log10(h)"",""parameter_basis"":""elapsed_time"",""parameter_semantics"":""systemic_terminal_pk"",""target_kind"":""regression"",""target_transform"":""log10""}"	2	1	0	0	0	1	2	false	false	below_current_per_task_size_gate
mlv1.t1_2.regression.systemic_terminal_pk.f6bd1d6cc5ed1e4c	T1/2	regression	systemic_terminal_pk	log10(h)	log10			"{""assay_family"":""systemic_terminal_pk"",""binary_evidence_lane"":""not_binary"",""condition"":{""assay"":""other_lc_ms_ms_assay"",""matrix"":""plasma"",""protease"":""not_applicable"",""route"":""iv"",""species"":""mouse""},""endpoint_family"":""T1/2"",""normalized_unit"":""log10(h)"",""parameter_basis"":""elapsed_time"",""parameter_semantics"":""systemic_terminal_pk"",""target_kind"":""regression"",""target_transform"":""log10""}"	2	0	0	0	0	0	1	false	false	below_current_per_task_size_gate
mlv1.t1_2.regression.systemic_terminal_pk.f818be4b3969ace2	T1/2	regression	systemic_terminal_pk	log10(h)	log10			"{""assay_family"":""systemic_terminal_pk"",""binary_evidence_lane"":""not_binary"",""condition"":{""assay"":""other_gel_filtration_chromato_c7bc4ec7"",""matrix"":""other_intravenous_injection_in_la_4f666eaa"",""protease"":""not_applicable"",""route"":""iv"",""species"":""rabbit""},""endpoint_family"":""T1/2"",""normalized_unit"":""log10(h)"",""parameter_basis"":""elapsed_time"",""parameter_semantics"":""systemic_terminal_pk"",""target_kind"":""regression"",""target_transform"":""log10""}"	7	0	0	0	0	1	1	false	false	below_current_per_task_size_gate
mlv1.t1_2.regression.systemic_terminal_pk.f84c600c4347d60d	T1/2	regression	systemic_terminal_pk	log10(h)	log10			"{""assay_family"":""systemic_terminal_pk"",""binary_evidence_lane"":""not_binary"",""condition"":{""assay"":""other_radioactive_assay"",""matrix"":""serum"",""protease"":""not_applicable"",""route"":""iv"",""species"":""monkey_unspecified""},""endpoint_family"":""T1/2"",""normalized_unit"":""log10(h)"",""parameter_basis"":""elapsed_time"",""parameter_semantics"":""systemic_terminal_pk"",""target_kind"":""regression"",""target_transform"":""log10""}"	1	0	0	0	0	0	1	false	false	below_current_per_task_size_gate
mlv1.t1_2.regression.systemic_terminal_pk.f909fba8ae07f3c5	T1/2	regression	systemic_terminal_pk	log10(h)	log10			"{""assay_family"":""systemic_terminal_pk"",""binary_evidence_lane"":""not_binary"",""condition"":{""assay"":""other_camp_assay"",""matrix"":""other_rabbits_rabbits"",""protease"":""not_applicable"",""route"":""iv"",""species"":""rabbit""},""endpoint_family"":""T1/2"",""normalized_unit"":""log10(h)"",""parameter_basis"":""elapsed_time"",""parameter_semantics"":""systemic_terminal_pk"",""target_kind"":""regression"",""target_transform"":""log10""}"	1	1	0	0	0	1	1	false	false	below_current_per_task_size_gate
mlv1.t1_2.regression.systemic_terminal_pk.f99ff95c69cce6be	T1/2	regression	systemic_terminal_pk	log10(h)	log10			"{""assay_family"":""systemic_terminal_pk"",""binary_evidence_lane"":""not_binary"",""condition"":{""assay"":""hplc"",""matrix"":""plasma"",""protease"":""not_applicable"",""route"":""sc"",""species"":""nonhuman_primate""},""endpoint_family"":""T1/2"",""normalized_unit"":""log10(h)"",""parameter_basis"":""elapsed_time"",""parameter_semantics"":""systemic_terminal_pk"",""target_kind"":""regression"",""target_transform"":""log10""}"	2	0	0	0	0	1	1	false	false	below_current_per_task_size_gate
mlv1.t1_2.regression.systemic_terminal_pk.f9f5ca0095f7a889	T1/2	regression	systemic_terminal_pk	log10(h)	log10			"{""assay_family"":""systemic_terminal_pk"",""binary_evidence_lane"":""not_binary"",""condition"":{""assay"":""hplc"",""matrix"":""other_sprague_dawley_rats_dose_i_9922b3d9"",""protease"":""not_applicable"",""route"":""im"",""species"":""rat""},""endpoint_family"":""T1/2"",""normalized_unit"":""log10(h)"",""parameter_basis"":""elapsed_time"",""parameter_semantics"":""systemic_terminal_pk"",""target_kind"":""regression"",""target_transform"":""log10""}"	1	1	0	0	0	1	1	false	false	below_current_per_task_size_gate
mlv1.t1_2.regression.systemic_terminal_pk.fa5cf32de226b338	T1/2	regression	systemic_terminal_pk	log10(h)	log10			"{""assay_family"":""systemic_terminal_pk"",""binary_evidence_lane"":""not_binary"",""condition"":{""assay"":""hplc"",""matrix"":""other_subcutaneously_injected_to_edb9bd3b"",""protease"":""not_applicable"",""route"":""sc"",""species"":""rat""},""endpoint_family"":""T1/2"",""normalized_unit"":""log10(h)"",""parameter_basis"":""elapsed_time"",""parameter_semantics"":""systemic_terminal_pk"",""target_kind"":""regression"",""target_transform"":""log10""}"	4	2	0	0	0	2	1	false	false	below_current_per_task_size_gate
mlv1.t1_2.regression.systemic_terminal_pk.fae2e31d61f03bd2	T1/2	regression	systemic_terminal_pk	log10(h)	log10			"{""assay_family"":""systemic_terminal_pk"",""binary_evidence_lane"":""not_binary"",""condition"":{""assay"":""elisa"",""matrix"":""other_subcutaneously_administion_b77d513c"",""protease"":""not_applicable"",""route"":""sc"",""species"":""rat""},""endpoint_family"":""T1/2"",""normalized_unit"":""log10(h)"",""parameter_basis"":""elapsed_time"",""parameter_semantics"":""systemic_terminal_pk"",""target_kind"":""regression"",""target_transform"":""log10""}"	1	1	0	0	0	1	1	false	false	below_current_per_task_size_gate
mlv1.t1_2.regression.systemic_terminal_pk.fb1bce3724b30fbe	T1/2	regression	systemic_terminal_pk	log10(h)	log10			"{""assay_family"":""systemic_terminal_pk"",""binary_evidence_lane"":""not_binary"",""condition"":{""assay"":""other_tca_precipitation"",""matrix"":""other_rat_duodenum_luminal_flushi_4a656494"",""protease"":""not_applicable"",""route"":""route_not_reported"",""species"":""rat""},""endpoint_family"":""T1/2"",""normalized_unit"":""log10(h)"",""parameter_basis"":""elapsed_time"",""parameter_semantics"":""systemic_terminal_pk"",""target_kind"":""regression"",""target_transform"":""log10""}"	1	1	0	0	0	1	1	false	false	below_current_per_task_size_gate
mlv1.t1_2.regression.systemic_terminal_pk.fb4fdfe0dc53831d	T1/2	regression	systemic_terminal_pk	log10(h)	log10			"{""assay_family"":""systemic_terminal_pk"",""binary_evidence_lane"":""not_binary"",""condition"":{""assay"":""uplc_ms"",""matrix"":""serum"",""protease"":""not_applicable"",""route"":""iv"",""species"":""rat""},""endpoint_family"":""T1/2"",""normalized_unit"":""log10(h)"",""parameter_basis"":""elapsed_time"",""parameter_semantics"":""systemic_terminal_pk"",""target_kind"":""regression"",""target_transform"":""log10""}"	3	1	0	0	0	1	1	false	false	below_current_per_task_size_gate
mlv1.t1_2.regression.systemic_terminal_pk.fb63472535b1bb79	T1/2	regression	systemic_terminal_pk	log10(h)	log10			"{""assay_family"":""systemic_terminal_pk"",""binary_evidence_lane"":""not_binary"",""condition"":{""assay"":""lc_ms_ms"",""matrix"":""plasma"",""protease"":""not_applicable"",""route"":""sc"",""species"":""monkey_unspecified""},""endpoint_family"":""T1/2"",""normalized_unit"":""log10(h)"",""parameter_basis"":""elapsed_time"",""parameter_semantics"":""systemic_terminal_pk"",""target_kind"":""regression"",""target_transform"":""log10""}"	1	1	0	0	0	1	1	false	false	below_current_per_task_size_gate
mlv1.t1_2.regression.systemic_terminal_pk.fb925936971d7201	T1/2	regression	systemic_terminal_pk	log10(h)	log10			"{""assay_family"":""systemic_terminal_pk"",""binary_evidence_lane"":""not_binary"",""condition"":{""assay"":""radioimmunoassay"",""matrix"":""plasma"",""protease"":""not_applicable"",""route"":""iv"",""species"":""monkey_unspecified""},""endpoint_family"":""T1/2"",""normalized_unit"":""log10(h)"",""parameter_basis"":""elapsed_time"",""parameter_semantics"":""systemic_terminal_pk"",""target_kind"":""regression"",""target_transform"":""log10""}"	3	1	0	0	0	2	2	false	false	below_current_per_task_size_gate
mlv1.t1_2.regression.systemic_terminal_pk.fc8d6b08f7babe5b	T1/2	regression	systemic_terminal_pk	log10(h)	log10			"{""assay_family"":""systemic_terminal_pk"",""binary_evidence_lane"":""not_binary"",""condition"":{""assay"":""lc_ms"",""matrix"":""plasma"",""protease"":""not_applicable"",""route"":""iv"",""species"":""dog""},""endpoint_family"":""T1/2"",""normalized_unit"":""log10(h)"",""parameter_basis"":""elapsed_time"",""parameter_semantics"":""systemic_terminal_pk"",""target_kind"":""regression"",""target_transform"":""log10""}"	4	2	0	0	0	2	2	false	false	below_current_per_task_size_gate
mlv1.t1_2.regression.systemic_terminal_pk.fd9feb3993cbed92	T1/2	regression	systemic_terminal_pk	log10(h)	log10			"{""assay_family"":""systemic_terminal_pk"",""binary_evidence_lane"":""not_binary"",""condition"":{""assay"":""other_ids_isys_chemiluminescence_assay"",""matrix"":""serum"",""protease"":""not_applicable"",""route"":""route_not_reported"",""species"":""human""},""endpoint_family"":""T1/2"",""normalized_unit"":""log10(h)"",""parameter_basis"":""elapsed_time"",""parameter_semantics"":""systemic_terminal_pk"",""target_kind"":""regression"",""target_transform"":""log10""}"	4	1	0	0	0	2	1	false	false	below_current_per_task_size_gate
mlv1.t1_2.regression.systemic_terminal_pk.fe3efdbfd4d9e964	T1/2	regression	systemic_terminal_pk	log10(h)	log10			"{""assay_family"":""systemic_terminal_pk"",""binary_evidence_lane"":""not_binary"",""condition"":{""assay"":""fluorescence"",""matrix"":""other_kunming_mice_retro_orbital_d4fad311"",""protease"":""not_applicable"",""route"":""iv"",""species"":""mouse""},""endpoint_family"":""T1/2"",""normalized_unit"":""log10(h)"",""parameter_basis"":""elapsed_time"",""parameter_semantics"":""systemic_terminal_pk"",""target_kind"":""regression"",""target_transform"":""log10""}"	2	0	0	0	0	1	1	false	false	below_current_per_task_size_gate
mlv1.t1_2.regression.systemic_terminal_pk.ff83da23d1b8393a	T1/2	regression	systemic_terminal_pk	log10(h)	log10			"{""assay_family"":""systemic_terminal_pk"",""binary_evidence_lane"":""not_binary"",""condition"":{""assay"":""elisa"",""matrix"":""plasma"",""protease"":""not_applicable"",""route"":""sc"",""species"":""monkey_unspecified""},""endpoint_family"":""T1/2"",""normalized_unit"":""log10(h)"",""parameter_basis"":""elapsed_time"",""parameter_semantics"":""systemic_terminal_pk"",""target_kind"":""regression"",""target_transform"":""log10""}"	1	1	0	0	0	1	1	false	false	below_current_per_task_size_gate
mlv1.t1_2.review.unresolved.586006117dc567aa	T1/2							"{""assay_family"":""not_reported"",""binary_evidence_lane"":""not_binary"",""condition"":{""assay"":""lc_ms"",""dose"":""not_reported"",""matrix"":""other_wt_mbp_wt_mbp"",""route"":""n_a"",""species"":""species_not_reported"",""timepoint"":""not_reported""},""endpoint_family"":""T1/2"",""normalized_unit"":""not_normalized"",""parameter_basis"":""unresolved"",""parameter_semantics"":""unresolved"",""target_kind"":""review"",""target_transform"":""none""}"	6	0	0	0	0	6	1	false	false	below_current_per_task_size_gate
mlv1.t1_2.review.unresolved.7be3de7df5ae8e0d	T1/2							"{""assay_family"":""not_reported"",""binary_evidence_lane"":""not_binary"",""condition"":{""assay"":""lc_ms"",""dose"":""not_reported"",""matrix"":""plasma"",""route"":""sc"",""species"":""mouse"",""timepoint"":""not_reported""},""endpoint_family"":""T1/2"",""normalized_unit"":""not_normalized"",""parameter_basis"":""unresolved"",""parameter_semantics"":""unresolved"",""target_kind"":""review"",""target_transform"":""none""}"	1	0	0	0	0	1	1	false	false	below_current_per_task_size_gate
mlv1.t1_2.review.unresolved.82c9534329a3cb0a	T1/2							"{""assay_family"":""not_reported"",""binary_evidence_lane"":""not_binary"",""condition"":{""assay"":""elisa"",""dose"":""not_reported"",""matrix"":""plasma"",""route"":""iv"",""species"":""rat"",""timepoint"":""not_reported""},""endpoint_family"":""T1/2"",""normalized_unit"":""not_normalized"",""parameter_basis"":""unresolved"",""parameter_semantics"":""unresolved"",""target_kind"":""review"",""target_transform"":""none""}"	1	0	0	0	0	1	1	false	false	below_current_per_task_size_gate
mlv1.t1_2.review.unresolved.afd03b9daded9959	T1/2							"{""assay_family"":""not_reported"",""binary_evidence_lane"":""not_binary"",""condition"":{""assay"":""lc_ms"",""dose"":""not_reported"",""matrix"":""other_mutant_mbp_mutant_mbp"",""route"":""n_a"",""species"":""species_not_reported"",""timepoint"":""not_reported""},""endpoint_family"":""T1/2"",""normalized_unit"":""not_normalized"",""parameter_basis"":""unresolved"",""parameter_semantics"":""unresolved"",""target_kind"":""review"",""target_transform"":""none""}"	6	0	0	0	0	6	1	false	false	below_current_per_task_size_gate
mlv1.t1_2.review.unresolved.cdf91ea5845fda6b	T1/2							"{""assay_family"":""not_reported"",""binary_evidence_lane"":""not_binary"",""condition"":{""assay"":""liquid_scintillation_spectrometer"",""dose"":""not_reported"",""matrix"":""other_weakly_acidic_solution_ph_4_cac425e7"",""route"":""n_a"",""species"":""species_not_reported"",""timepoint"":""not_reported""},""endpoint_family"":""T1/2"",""normalized_unit"":""not_normalized"",""parameter_basis"":""unresolved"",""parameter_semantics"":""unresolved"",""target_kind"":""review"",""target_transform"":""none""}"	1	0	0	0	0	1	1	false	false	below_current_per_task_size_gate
mlv1.t1_2.review.unresolved.dedc00e47668ba8e	T1/2							"{""assay_family"":""not_reported"",""binary_evidence_lane"":""not_binary"",""condition"":{""assay"":""n_a"",""dose"":""not_reported"",""matrix"":""other_solution_solution"",""route"":""n_a"",""species"":""species_not_reported"",""timepoint"":""not_reported""},""endpoint_family"":""T1/2"",""normalized_unit"":""not_normalized"",""parameter_basis"":""unresolved"",""parameter_semantics"":""unresolved"",""target_kind"":""review"",""target_transform"":""none""}"	1	0	0	0	0	0	1	false	false	below_current_per_task_size_gate
mlv1.t1_2.review.unresolved.e5b24317f1031c4d	T1/2							"{""assay_family"":""not_reported"",""binary_evidence_lane"":""not_binary"",""condition"":{""assay"":""not_reported"",""dose"":""not_reported"",""matrix"":""other_half_life"",""route"":""not_reported"",""species"":""species_not_reported"",""timepoint"":""not_reported""},""endpoint_family"":""T1/2"",""normalized_unit"":""not_normalized"",""parameter_basis"":""unresolved"",""parameter_semantics"":""unresolved"",""target_kind"":""review"",""target_transform"":""none""}"	3	0	0	0	0	3	1	false	false	below_current_per_task_size_gate
mlv1.vd.regression.apparent_volume.15c612ec6aa7aa38	Vd	regression	apparent_volume	L	identity			"{""assay_family"":""noncompartmental_analysis"",""binary_evidence_lane"":""not_binary"",""condition"":{""analyte"":""parent_or_named_active_moiety"",""dose"":""10_mg"",""formulation"":""lyophilized"",""matrix"":""plasma"",""method"":""noncompartmental_analysis"",""route"":""subcutaneous"",""species"":""human"",""timepoint"":""single_dose"",""volume_subtype"":""vz""},""endpoint_family"":""Vd"",""normalized_unit"":""L"",""parameter_basis"":""apparent_over_f"",""parameter_semantics"":""apparent_volume"",""target_kind"":""regression"",""target_transform"":""identity""}"	1	1	0	0	0	1	1	false	false	below_current_per_task_size_gate
mlv1.vd.regression.apparent_volume.196db71025aaec52	Vd	regression	apparent_volume	L/kg	identity			"{""assay_family"":""noncompartmental_analysis"",""binary_evidence_lane"":""not_binary"",""condition"":{""analyte"":""parent_or_named_active_moiety"",""dose"":""30_microgram_kg"",""formulation"":""unspecified"",""matrix"":""plasma"",""method"":""noncompartmental_analysis"",""route"":""subcutaneous"",""species"":""human"",""timepoint"":""day_1"",""volume_subtype"":""vz""},""endpoint_family"":""Vd"",""normalized_unit"":""L/kg"",""parameter_basis"":""apparent_over_f"",""parameter_semantics"":""apparent_volume"",""target_kind"":""regression"",""target_transform"":""identity""}"	1	1	0	0	0	1	1	false	false	below_current_per_task_size_gate
mlv1.vd.regression.apparent_volume.1bc873dad815aefc	Vd	regression	apparent_volume	L/kg	identity			"{""assay_family"":""noncompartmental_analysis"",""binary_evidence_lane"":""not_binary"",""condition"":{""analyte"":""parent_or_named_active_moiety"",""dose"":""4_70_mg_kg"",""formulation"":""unspecified"",""matrix"":""plasma"",""method"":""noncompartmental_analysis"",""route"":""intraperitoneal"",""species"":""rat"",""timepoint"":""not_reported"",""volume_subtype"":""vz""},""endpoint_family"":""Vd"",""normalized_unit"":""L/kg"",""parameter_basis"":""apparent_over_f"",""parameter_semantics"":""apparent_volume"",""target_kind"":""regression"",""target_transform"":""identity""}"	1	1	0	0	0	1	2	false	false	below_current_per_task_size_gate
mlv1.vd.regression.apparent_volume.2072829c29b02cc1	Vd	regression	apparent_volume	L/kg	identity			"{""assay_family"":""noncompartmental_analysis"",""binary_evidence_lane"":""not_binary"",""condition"":{""analyte"":""parent_or_named_active_moiety"",""dose"":""9_40_mg_kg"",""formulation"":""unspecified"",""matrix"":""plasma"",""method"":""noncompartmental_analysis"",""route"":""intraperitoneal"",""species"":""rat"",""timepoint"":""not_reported"",""volume_subtype"":""vz""},""endpoint_family"":""Vd"",""normalized_unit"":""L/kg"",""parameter_basis"":""apparent_over_f"",""parameter_semantics"":""apparent_volume"",""target_kind"":""regression"",""target_transform"":""identity""}"	1	1	0	0	0	1	2	false	false	below_current_per_task_size_gate
mlv1.vd.regression.apparent_volume.3412b5c30a456e68	Vd	regression	apparent_volume	L/kg	identity			"{""assay_family"":""noncompartmental_analysis"",""binary_evidence_lane"":""not_binary"",""condition"":{""analyte"":""parent_or_named_active_moiety"",""dose"":""15_microgram_kg_once_daily"",""formulation"":""unspecified"",""matrix"":""plasma"",""method"":""noncompartmental_analysis"",""route"":""subcutaneous"",""species"":""human"",""timepoint"":""week_26"",""volume_subtype"":""vz""},""endpoint_family"":""Vd"",""normalized_unit"":""L/kg"",""parameter_basis"":""apparent_over_f"",""parameter_semantics"":""apparent_volume"",""target_kind"":""regression"",""target_transform"":""identity""}"	1	1	0	0	0	1	1	false	false	below_current_per_task_size_gate
mlv1.vd.regression.apparent_volume.361ae92beed69cef	Vd	regression	apparent_volume	L/kg	identity			"{""assay_family"":""noncompartmental_analysis"",""binary_evidence_lane"":""not_binary"",""condition"":{""analyte"":""parent_or_named_active_moiety"",""dose"":""15_microgram_kg"",""formulation"":""unspecified"",""matrix"":""plasma"",""method"":""noncompartmental_analysis"",""route"":""subcutaneous"",""species"":""human"",""timepoint"":""day_1"",""volume_subtype"":""vz""},""endpoint_family"":""Vd"",""normalized_unit"":""L/kg"",""parameter_basis"":""apparent_over_f"",""parameter_semantics"":""apparent_volume"",""target_kind"":""regression"",""target_transform"":""identity""}"	1	1	0	0	0	1	1	false	false	below_current_per_task_size_gate
mlv1.vd.regression.apparent_volume.3989cbb22ff80362	Vd	regression	apparent_volume	L/kg	identity			"{""assay_family"":""noncompartmental_analysis"",""binary_evidence_lane"":""not_binary"",""condition"":{""analyte"":""parent_or_named_active_moiety"",""dose"":""15_microgram_kg_once_daily"",""formulation"":""unspecified"",""matrix"":""plasma"",""method"":""noncompartmental_analysis"",""route"":""subcutaneous"",""species"":""human"",""timepoint"":""day_1"",""volume_subtype"":""vz""},""endpoint_family"":""Vd"",""normalized_unit"":""L/kg"",""parameter_basis"":""apparent_over_f"",""parameter_semantics"":""apparent_volume"",""target_kind"":""regression"",""target_transform"":""identity""}"	1	1	0	0	0	1	1	false	false	below_current_per_task_size_gate
mlv1.vd.regression.apparent_volume.3f33fd836afe4c51	Vd	regression	apparent_volume	L	identity			"{""assay_family"":""noncompartmental_analysis"",""binary_evidence_lane"":""not_binary"",""condition"":{""analyte"":""parent_or_named_active_moiety"",""dose"":""0_1_mg_three_times_daily"",""formulation"":""unspecified"",""matrix"":""plasma"",""method"":""noncompartmental_analysis"",""route"":""subcutaneous"",""species"":""human"",""timepoint"":""d6"",""volume_subtype"":""vz""},""endpoint_family"":""Vd"",""normalized_unit"":""L"",""parameter_basis"":""apparent_over_f"",""parameter_semantics"":""apparent_volume"",""target_kind"":""regression"",""target_transform"":""identity""}"	1	1	0	0	0	1	1	false	false	below_current_per_task_size_gate
mlv1.vd.regression.apparent_volume.4b43106d3d3d700d	Vd	regression	apparent_volume	L	identity			"{""assay_family"":""noncompartmental_analysis"",""binary_evidence_lane"":""not_binary"",""condition"":{""analyte"":""parent_or_named_active_moiety"",""dose"":""30_mg"",""formulation"":""lyophilized"",""matrix"":""plasma"",""method"":""noncompartmental_analysis"",""route"":""subcutaneous"",""species"":""human"",""timepoint"":""single_dose"",""volume_subtype"":""vz""},""endpoint_family"":""Vd"",""normalized_unit"":""L"",""parameter_basis"":""apparent_over_f"",""parameter_semantics"":""apparent_volume"",""target_kind"":""regression"",""target_transform"":""identity""}"	1	1	0	0	0	1	1	false	false	below_current_per_task_size_gate
mlv1.vd.regression.apparent_volume.4c2b94f18663773d	Vd	regression	apparent_volume	L/kg	identity			"{""assay_family"":""noncompartmental_analysis"",""binary_evidence_lane"":""not_binary"",""condition"":{""analyte"":""parent_or_named_active_moiety"",""dose"":""2_35_mg_kg"",""formulation"":""unspecified"",""matrix"":""plasma"",""method"":""noncompartmental_analysis"",""route"":""intraperitoneal"",""species"":""rat"",""timepoint"":""not_reported"",""volume_subtype"":""vz""},""endpoint_family"":""Vd"",""normalized_unit"":""L/kg"",""parameter_basis"":""apparent_over_f"",""parameter_semantics"":""apparent_volume"",""target_kind"":""regression"",""target_transform"":""identity""}"	1	1	0	0	0	1	2	false	false	below_current_per_task_size_gate
mlv1.vd.regression.apparent_volume.676b63b5dc5589c4	Vd	regression	apparent_volume	L	identity			"{""assay_family"":""noncompartmental_analysis"",""binary_evidence_lane"":""not_binary"",""condition"":{""analyte"":""parent_or_named_active_moiety"",""dose"":""0_2_mg_three_times_daily"",""formulation"":""unspecified"",""matrix"":""plasma"",""method"":""noncompartmental_analysis"",""route"":""subcutaneous"",""species"":""human"",""timepoint"":""d12"",""volume_subtype"":""vz""},""endpoint_family"":""Vd"",""normalized_unit"":""L"",""parameter_basis"":""apparent_over_f"",""parameter_semantics"":""apparent_volume"",""target_kind"":""regression"",""target_transform"":""identity""}"	1	1	0	0	0	1	1	false	false	below_current_per_task_size_gate
mlv1.vd.regression.apparent_volume.9629df411f449bdc	Vd	regression	apparent_volume	L	identity			"{""assay_family"":""noncompartmental_analysis"",""binary_evidence_lane"":""not_binary"",""condition"":{""analyte"":""parent_or_named_active_moiety"",""dose"":""60_mg"",""formulation"":""lyophilized"",""matrix"":""plasma"",""method"":""noncompartmental_analysis"",""route"":""subcutaneous"",""species"":""human"",""timepoint"":""single_dose"",""volume_subtype"":""vz""},""endpoint_family"":""Vd"",""normalized_unit"":""L"",""parameter_basis"":""apparent_over_f"",""parameter_semantics"":""apparent_volume"",""target_kind"":""regression"",""target_transform"":""identity""}"	1	1	0	0	0	1	1	false	false	below_current_per_task_size_gate
mlv1.vd.regression.apparent_volume.a823bf4bf8b837f1	Vd	regression	apparent_volume	L	identity			"{""assay_family"":""noncompartmental_analysis"",""binary_evidence_lane"":""not_binary"",""condition"":{""analyte"":""parent_or_named_active_moiety"",""dose"":""0_2_mg_three_times_daily"",""formulation"":""unspecified"",""matrix"":""plasma"",""method"":""noncompartmental_analysis"",""route"":""subcutaneous"",""species"":""human"",""timepoint"":""d16"",""volume_subtype"":""vz""},""endpoint_family"":""Vd"",""normalized_unit"":""L"",""parameter_basis"":""apparent_over_f"",""parameter_semantics"":""apparent_volume"",""target_kind"":""regression"",""target_transform"":""identity""}"	1	1	0	0	0	1	1	false	false	below_current_per_task_size_gate
mlv1.vd.regression.apparent_volume.c2a13a7441bdf45d	Vd	regression	apparent_volume	L	identity			"{""assay_family"":""noncompartmental_analysis"",""binary_evidence_lane"":""not_binary"",""condition"":{""analyte"":""parent_or_named_active_moiety"",""dose"":""20_mg"",""formulation"":""aqueous"",""matrix"":""plasma"",""method"":""noncompartmental_analysis"",""route"":""subcutaneous"",""species"":""human"",""timepoint"":""single_dose"",""volume_subtype"":""vz""},""endpoint_family"":""Vd"",""normalized_unit"":""L"",""parameter_basis"":""apparent_over_f"",""parameter_semantics"":""apparent_volume"",""target_kind"":""regression"",""target_transform"":""identity""}"	1	1	0	0	0	1	1	false	false	below_current_per_task_size_gate
mlv1.vd.regression.apparent_volume.ccc29a4177e050e9	Vd	regression	apparent_volume	L/kg	identity			"{""assay_family"":""noncompartmental_analysis"",""binary_evidence_lane"":""not_binary"",""condition"":{""analyte"":""parent_or_named_active_moiety"",""dose"":""15_microgram_kg_once_daily"",""formulation"":""unspecified"",""matrix"":""plasma"",""method"":""noncompartmental_analysis"",""route"":""subcutaneous"",""species"":""human"",""timepoint"":""week_52"",""volume_subtype"":""vz""},""endpoint_family"":""Vd"",""normalized_unit"":""L/kg"",""parameter_basis"":""apparent_over_f"",""parameter_semantics"":""apparent_volume"",""target_kind"":""regression"",""target_transform"":""identity""}"	1	1	0	0	0	1	1	false	false	below_current_per_task_size_gate
mlv1.vd.regression.apparent_volume.d154ade8c4d0142d	Vd	regression	apparent_volume	L	identity			"{""assay_family"":""noncompartmental_analysis"",""binary_evidence_lane"":""not_binary"",""condition"":{""analyte"":""parent_or_named_active_moiety"",""dose"":""0_14_mg_three_times_daily"",""formulation"":""unspecified"",""matrix"":""plasma"",""method"":""noncompartmental_analysis"",""route"":""subcutaneous"",""species"":""human"",""timepoint"":""d7"",""volume_subtype"":""vz""},""endpoint_family"":""Vd"",""normalized_unit"":""L"",""parameter_basis"":""apparent_over_f"",""parameter_semantics"":""apparent_volume"",""target_kind"":""regression"",""target_transform"":""identity""}"	1	1	0	0	0	1	1	false	false	below_current_per_task_size_gate
mlv1.vd.regression.apparent_volume.d1f4e7c3f8e92dae	Vd	regression	apparent_volume	L	identity			"{""assay_family"":""noncompartmental_analysis"",""binary_evidence_lane"":""not_binary"",""condition"":{""analyte"":""parent_or_named_active_moiety"",""dose"":""20_mg"",""formulation"":""lyophilized"",""matrix"":""plasma"",""method"":""noncompartmental_analysis"",""route"":""subcutaneous"",""species"":""human"",""timepoint"":""single_dose"",""volume_subtype"":""vz""},""endpoint_family"":""Vd"",""normalized_unit"":""L"",""parameter_basis"":""apparent_over_f"",""parameter_semantics"":""apparent_volume"",""target_kind"":""regression"",""target_transform"":""identity""}"	1	1	0	0	0	1	1	false	false	below_current_per_task_size_gate
mlv1.vd.regression.apparent_volume.e2e1dba3dfd57ec4	Vd	regression	apparent_volume	L	identity			"{""assay_family"":""noncompartmental_analysis"",""binary_evidence_lane"":""not_binary"",""condition"":{""analyte"":""parent_or_named_active_moiety"",""dose"":""0_14_mg_three_times_daily"",""formulation"":""unspecified"",""matrix"":""plasma"",""method"":""noncompartmental_analysis"",""route"":""subcutaneous"",""species"":""human"",""timepoint"":""d11"",""volume_subtype"":""vz""},""endpoint_family"":""Vd"",""normalized_unit"":""L"",""parameter_basis"":""apparent_over_f"",""parameter_semantics"":""apparent_volume"",""target_kind"":""regression"",""target_transform"":""identity""}"	1	1	0	0	0	1	1	false	false	below_current_per_task_size_gate
mlv1.vd.regression.apparent_volume.f419e7a6eb7af827	Vd	regression	apparent_volume	L	identity			"{""assay_family"":""noncompartmental_analysis"",""binary_evidence_lane"":""not_binary"",""condition"":{""analyte"":""parent_or_named_active_moiety"",""dose"":""45_mg"",""formulation"":""lyophilized"",""matrix"":""plasma"",""method"":""noncompartmental_analysis"",""route"":""subcutaneous"",""species"":""human"",""timepoint"":""single_dose"",""volume_subtype"":""vz""},""endpoint_family"":""Vd"",""normalized_unit"":""L"",""parameter_basis"":""apparent_over_f"",""parameter_semantics"":""apparent_volume"",""target_kind"":""regression"",""target_transform"":""identity""}"	1	1	0	0	0	1	1	false	false	below_current_per_task_size_gate
mlv1.vd.regression.compartment_volume.d4252657b8025adf	Vd	regression	compartment_volume	L	identity			"{""assay_family"":""population_pk"",""binary_evidence_lane"":""not_binary"",""condition"":{""analyte"":""parent_or_named_active_moiety"",""dose"":""0_2_0_8_1_6_and_3_2_mg_kg"",""formulation"":""unspecified"",""matrix"":""plasma"",""method"":""population_pk"",""route"":""intravenous"",""species"":""human"",""timepoint"":""all_visits_pooled"",""volume_subtype"":""vc""},""endpoint_family"":""Vd"",""normalized_unit"":""L"",""parameter_basis"":""absolute"",""parameter_semantics"":""compartment_volume"",""target_kind"":""regression"",""target_transform"":""identity""}"	1	1	0	0	0	1	1	false	false	below_current_per_task_size_gate
mlv1.vd.regression.compartment_volume.f70b35330afeb196	Vd	regression	compartment_volume	L	identity			"{""assay_family"":""population_pk"",""binary_evidence_lane"":""not_binary"",""condition"":{""analyte"":""parent_or_named_active_moiety"",""dose"":""0_2_0_8_1_6_and_3_2_mg_kg"",""formulation"":""unspecified"",""matrix"":""plasma"",""method"":""population_pk"",""route"":""intravenous"",""species"":""human"",""timepoint"":""all_visits_pooled"",""volume_subtype"":""vp""},""endpoint_family"":""Vd"",""normalized_unit"":""L"",""parameter_basis"":""absolute"",""parameter_semantics"":""compartment_volume"",""target_kind"":""regression"",""target_transform"":""identity""}"	1	1	0	0	0	1	1	false	false	below_current_per_task_size_gate
mlv1.vd.regression.volume_of_distribution.04059fb2a8dd2f96	Vd	regression	volume_of_distribution	L/kg	identity			"{""assay_family"":""source_reported_pk"",""binary_evidence_lane"":""not_binary"",""condition"":{""analyte"":""parent_or_named_active_moiety"",""dose"":""not_reported"",""formulation"":""unspecified"",""matrix"":""plasma"",""method"":""source_reported_pk"",""route"":""intravenous"",""species"":""rat"",""timepoint"":""not_reported"",""volume_subtype"":""vd_unspecified""},""endpoint_family"":""Vd"",""normalized_unit"":""L/kg"",""parameter_basis"":""absolute"",""parameter_semantics"":""volume_of_distribution"",""target_kind"":""regression"",""target_transform"":""identity""}"	1	1	0	0	0	1	1	false	false	below_current_per_task_size_gate
mlv1.vd.regression.volume_of_distribution.0839a1eab73944b8	Vd	regression	volume_of_distribution	L/kg	identity			"{""assay_family"":""noncompartmental_analysis"",""binary_evidence_lane"":""not_binary"",""condition"":{""analyte"":""parent_or_named_active_moiety"",""dose"":""5_mg_kg"",""formulation"":""unspecified"",""matrix"":""plasma"",""method"":""noncompartmental_analysis"",""route"":""intravenous"",""species"":""dog"",""timepoint"":""single_dose"",""volume_subtype"":""vd_unspecified""},""endpoint_family"":""Vd"",""normalized_unit"":""L/kg"",""parameter_basis"":""absolute"",""parameter_semantics"":""volume_of_distribution"",""target_kind"":""regression"",""target_transform"":""identity""}"	1	1	0	0	0	1	1	false	false	below_current_per_task_size_gate
mlv1.vd.regression.volume_of_distribution.12934b3a4a194229	Vd	regression	volume_of_distribution	L	identity			"{""assay_family"":""noncompartmental_analysis"",""binary_evidence_lane"":""not_binary"",""condition"":{""analyte"":""parent_or_named_active_moiety"",""dose"":""10_mg_kg"",""formulation"":""unspecified"",""matrix"":""plasma"",""method"":""noncompartmental_analysis"",""route"":""intravenous"",""species"":""human"",""timepoint"":""multiple_dose_study"",""volume_subtype"":""vz""},""endpoint_family"":""Vd"",""normalized_unit"":""L"",""parameter_basis"":""absolute"",""parameter_semantics"":""volume_of_distribution"",""target_kind"":""regression"",""target_transform"":""identity""}"	1	1	0	0	0	1	1	false	false	below_current_per_task_size_gate
mlv1.vd.regression.volume_of_distribution.22de727143618a31	Vd	regression	volume_of_distribution	L/kg	identity			"{""assay_family"":""noncompartmental_analysis"",""binary_evidence_lane"":""not_binary"",""condition"":{""analyte"":""parent_or_named_active_moiety"",""dose"":""3_2_mg_kg"",""formulation"":""unspecified"",""matrix"":""plasma"",""method"":""noncompartmental_analysis"",""route"":""intravenous"",""species"":""human"",""timepoint"":""run_in"",""volume_subtype"":""vz""},""endpoint_family"":""Vd"",""normalized_unit"":""L/kg"",""parameter_basis"":""absolute"",""parameter_semantics"":""volume_of_distribution"",""target_kind"":""regression"",""target_transform"":""identity""}"	1	1	0	0	0	1	1	false	false	below_current_per_task_size_gate
mlv1.vd.regression.volume_of_distribution.25d381259f09a8a6	Vd	regression	volume_of_distribution	L/kg	identity			"{""assay_family"":""noncompartmental_analysis"",""binary_evidence_lane"":""not_binary"",""condition"":{""analyte"":""parent_or_named_active_moiety"",""dose"":""4_70_mg_kg"",""formulation"":""unspecified"",""matrix"":""plasma"",""method"":""noncompartmental_analysis"",""route"":""intravenous"",""species"":""rat"",""timepoint"":""not_reported"",""volume_subtype"":""vz""},""endpoint_family"":""Vd"",""normalized_unit"":""L/kg"",""parameter_basis"":""absolute"",""parameter_semantics"":""volume_of_distribution"",""target_kind"":""regression"",""target_transform"":""identity""}"	1	1	0	0	0	1	2	false	false	below_current_per_task_size_gate
mlv1.vd.regression.volume_of_distribution.4c3997ef2922c3a2	Vd	regression	volume_of_distribution	L/kg	identity			"{""assay_family"":""source_reported_pk"",""binary_evidence_lane"":""not_binary"",""condition"":{""analyte"":""parent_or_named_active_moiety"",""dose"":""not_reported"",""formulation"":""unspecified"",""matrix"":""plasma"",""method"":""source_reported_pk"",""route"":""intravenous"",""species"":""mouse"",""timepoint"":""not_reported"",""volume_subtype"":""vd_unspecified""},""endpoint_family"":""Vd"",""normalized_unit"":""L/kg"",""parameter_basis"":""absolute"",""parameter_semantics"":""volume_of_distribution"",""target_kind"":""regression"",""target_transform"":""identity""}"	1	1	0	0	0	1	1	false	false	below_current_per_task_size_gate
mlv1.vd.regression.volume_of_distribution.53d759cd4d94fdb9	Vd	regression	volume_of_distribution	L/kg	identity			"{""assay_family"":""noncompartmental_analysis"",""binary_evidence_lane"":""not_binary"",""condition"":{""analyte"":""parent_or_named_active_moiety"",""dose"":""5_mg_kg"",""formulation"":""unspecified"",""matrix"":""plasma"",""method"":""noncompartmental_analysis"",""route"":""intravenous"",""species"":""nonhuman_primate"",""timepoint"":""single_dose"",""volume_subtype"":""vd_unspecified""},""endpoint_family"":""Vd"",""normalized_unit"":""L/kg"",""parameter_basis"":""absolute"",""parameter_semantics"":""volume_of_distribution"",""target_kind"":""regression"",""target_transform"":""identity""}"	1	1	0	0	0	1	1	false	false	below_current_per_task_size_gate
mlv1.vd.regression.volume_of_distribution.58071b0ab4bcc94f	Vd	regression	volume_of_distribution	L/kg	identity			"{""assay_family"":""source_reported_pk"",""binary_evidence_lane"":""not_binary"",""condition"":{""analyte"":""parent_or_named_active_moiety"",""dose"":""10_mg_kg"",""formulation"":""unspecified"",""matrix"":""plasma"",""method"":""source_reported_pk"",""route"":""intravenous"",""species"":""mouse"",""timepoint"":""not_reported"",""volume_subtype"":""vss""},""endpoint_family"":""Vd"",""normalized_unit"":""L/kg"",""parameter_basis"":""absolute"",""parameter_semantics"":""volume_of_distribution"",""target_kind"":""regression"",""target_transform"":""identity""}"	4	0	0	0	0	2	1	false	false	below_current_per_task_size_gate
mlv1.vd.regression.volume_of_distribution.5afbaacc189f1a80	Vd	regression	volume_of_distribution	L/kg	identity			"{""assay_family"":""noncompartmental_analysis"",""binary_evidence_lane"":""not_binary"",""condition"":{""analyte"":""parent_or_named_active_moiety"",""dose"":""13_5_mg_kg"",""formulation"":""unspecified"",""matrix"":""plasma"",""method"":""noncompartmental_analysis"",""route"":""intravenous"",""species"":""mouse"",""timepoint"":""single_dose"",""volume_subtype"":""vd_unspecified""},""endpoint_family"":""Vd"",""normalized_unit"":""L/kg"",""parameter_basis"":""absolute"",""parameter_semantics"":""volume_of_distribution"",""target_kind"":""regression"",""target_transform"":""identity""}"	1	1	0	0	0	1	1	false	false	below_current_per_task_size_gate
mlv1.vd.regression.volume_of_distribution.65c06abee08fde04	Vd	regression	volume_of_distribution	L/kg	identity			"{""assay_family"":""noncompartmental_analysis"",""binary_evidence_lane"":""not_binary"",""condition"":{""analyte"":""parent_or_named_active_moiety"",""dose"":""not_reported"",""formulation"":""unspecified"",""matrix"":""plasma"",""method"":""noncompartmental_analysis"",""route"":""intravenous"",""species"":""rat"",""timepoint"":""not_reported"",""volume_subtype"":""vss""},""endpoint_family"":""Vd"",""normalized_unit"":""L/kg"",""parameter_basis"":""absolute"",""parameter_semantics"":""volume_of_distribution"",""target_kind"":""regression"",""target_transform"":""identity""}"	6	0	0	0	0	0	1	false	false	below_current_per_task_size_gate
mlv1.vd.regression.volume_of_distribution.701c015e6ee56654	Vd	regression	volume_of_distribution	L/kg	identity			"{""assay_family"":""source_reported_pk"",""binary_evidence_lane"":""not_binary"",""condition"":{""analyte"":""parent_or_named_active_moiety"",""dose"":""1_mg_kg"",""formulation"":""unspecified"",""matrix"":""plasma"",""method"":""source_reported_pk"",""route"":""intravenous"",""species"":""mouse"",""timepoint"":""not_reported"",""volume_subtype"":""vss""},""endpoint_family"":""Vd"",""normalized_unit"":""L/kg"",""parameter_basis"":""absolute"",""parameter_semantics"":""volume_of_distribution"",""target_kind"":""regression"",""target_transform"":""identity""}"	1	1	0	0	0	1	1	false	false	below_current_per_task_size_gate
mlv1.vd.regression.volume_of_distribution.81a212bfd8cd3afa	Vd	regression	volume_of_distribution	L/kg	identity			"{""assay_family"":""noncompartmental_analysis"",""binary_evidence_lane"":""not_binary"",""condition"":{""analyte"":""parent_or_named_active_moiety"",""dose"":""4_5_mg_kg"",""formulation"":""unspecified"",""matrix"":""plasma"",""method"":""noncompartmental_analysis"",""route"":""intravenous"",""species"":""mouse"",""timepoint"":""single_dose"",""volume_subtype"":""vd_unspecified""},""endpoint_family"":""Vd"",""normalized_unit"":""L/kg"",""parameter_basis"":""absolute"",""parameter_semantics"":""volume_of_distribution"",""target_kind"":""regression"",""target_transform"":""identity""}"	1	1	0	0	0	1	1	false	false	below_current_per_task_size_gate
mlv1.vd.regression.volume_of_distribution.8e5211d0a3aaf7b5	Vd	regression	volume_of_distribution	L/kg	identity			"{""assay_family"":""noncompartmental_analysis"",""binary_evidence_lane"":""not_binary"",""condition"":{""analyte"":""parent_or_named_active_moiety"",""dose"":""5_mg_kg"",""formulation"":""unspecified"",""matrix"":""plasma"",""method"":""noncompartmental_analysis"",""route"":""intravenous"",""species"":""rat"",""timepoint"":""single_dose"",""volume_subtype"":""vd_unspecified""},""endpoint_family"":""Vd"",""normalized_unit"":""L/kg"",""parameter_basis"":""absolute"",""parameter_semantics"":""volume_of_distribution"",""target_kind"":""regression"",""target_transform"":""identity""}"	2	0	0	0	0	1	1	false	false	below_current_per_task_size_gate
mlv1.vd.regression.volume_of_distribution.92ea1e37bd07123c	Vd	regression	volume_of_distribution	L/kg	identity			"{""assay_family"":""noncompartmental_analysis"",""binary_evidence_lane"":""not_binary"",""condition"":{""analyte"":""parent_or_named_active_moiety"",""dose"":""3_2_mg_kg"",""formulation"":""unspecified"",""matrix"":""plasma"",""method"":""noncompartmental_analysis"",""route"":""intravenous"",""species"":""human"",""timepoint"":""cycle_1_day_1"",""volume_subtype"":""vz""},""endpoint_family"":""Vd"",""normalized_unit"":""L/kg"",""parameter_basis"":""absolute"",""parameter_semantics"":""volume_of_distribution"",""target_kind"":""regression"",""target_transform"":""identity""}"	1	1	0	0	0	1	1	false	false	below_current_per_task_size_gate
mlv1.vd.regression.volume_of_distribution.9a1e0c485bfbd7e7	Vd	regression	volume_of_distribution	L/kg	identity			"{""assay_family"":""noncompartmental_analysis"",""binary_evidence_lane"":""not_binary"",""condition"":{""analyte"":""parent_or_named_active_moiety"",""dose"":""1_mg_kg"",""formulation"":""unspecified"",""matrix"":""plasma"",""method"":""noncompartmental_analysis"",""route"":""intravenous"",""species"":""rat"",""timepoint"":""single_dose"",""volume_subtype"":""vd_unspecified""},""endpoint_family"":""Vd"",""normalized_unit"":""L/kg"",""parameter_basis"":""absolute"",""parameter_semantics"":""volume_of_distribution"",""target_kind"":""regression"",""target_transform"":""identity""}"	2	0	0	0	0	1	1	false	false	below_current_per_task_size_gate
mlv1.vd.regression.volume_of_distribution.9a6f3977b88b8e56	Vd	regression	volume_of_distribution	L/kg	identity			"{""assay_family"":""noncompartmental_analysis"",""binary_evidence_lane"":""not_binary"",""condition"":{""analyte"":""parent_or_named_active_moiety"",""dose"":""50_mg_kg"",""formulation"":""unspecified"",""matrix"":""plasma"",""method"":""noncompartmental_analysis"",""route"":""intravenous"",""species"":""nonhuman_primate"",""timepoint"":""single_dose"",""volume_subtype"":""vd_unspecified""},""endpoint_family"":""Vd"",""normalized_unit"":""L/kg"",""parameter_basis"":""absolute"",""parameter_semantics"":""volume_of_distribution"",""target_kind"":""regression"",""target_transform"":""identity""}"	1	1	0	0	0	1	1	false	false	below_current_per_task_size_gate
mlv1.vd.regression.volume_of_distribution.a3412a78dd884ade	Vd	regression	volume_of_distribution	L	identity			"{""assay_family"":""noncompartmental_analysis"",""binary_evidence_lane"":""not_binary"",""condition"":{""analyte"":""parent_or_named_active_moiety"",""dose"":""5_mg_kg"",""formulation"":""unspecified"",""matrix"":""plasma"",""method"":""noncompartmental_analysis"",""route"":""intravenous"",""species"":""human"",""timepoint"":""multiple_dose_study"",""volume_subtype"":""vz""},""endpoint_family"":""Vd"",""normalized_unit"":""L"",""parameter_basis"":""absolute"",""parameter_semantics"":""volume_of_distribution"",""target_kind"":""regression"",""target_transform"":""identity""}"	1	1	0	0	0	1	1	false	false	below_current_per_task_size_gate
mlv1.vd.regression.volume_of_distribution.a95cdc26983b3bc7	Vd	regression	volume_of_distribution	L/kg	identity			"{""assay_family"":""noncompartmental_analysis"",""binary_evidence_lane"":""not_binary"",""condition"":{""analyte"":""parent_or_named_active_moiety"",""dose"":""75_mg_kg"",""formulation"":""unspecified"",""matrix"":""plasma"",""method"":""noncompartmental_analysis"",""route"":""intravenous"",""species"":""rat"",""timepoint"":""single_dose"",""volume_subtype"":""vd_unspecified""},""endpoint_family"":""Vd"",""normalized_unit"":""L/kg"",""parameter_basis"":""absolute"",""parameter_semantics"":""volume_of_distribution"",""target_kind"":""regression"",""target_transform"":""identity""}"	2	0	0	0	0	1	1	false	false	below_current_per_task_size_gate
mlv1.vd.regression.volume_of_distribution.ac04ee8833a1281e	Vd	regression	volume_of_distribution	L/kg	identity			"{""assay_family"":""noncompartmental_analysis"",""binary_evidence_lane"":""not_binary"",""condition"":{""analyte"":""parent_or_named_active_moiety"",""dose"":""3_2_mg_kg"",""formulation"":""unspecified"",""matrix"":""plasma"",""method"":""noncompartmental_analysis"",""route"":""intravenous"",""species"":""human"",""timepoint"":""cycle_6_day_1"",""volume_subtype"":""vz""},""endpoint_family"":""Vd"",""normalized_unit"":""L/kg"",""parameter_basis"":""absolute"",""parameter_semantics"":""volume_of_distribution"",""target_kind"":""regression"",""target_transform"":""identity""}"	1	1	0	0	0	1	1	false	false	below_current_per_task_size_gate
mlv1.vd.regression.volume_of_distribution.e942ce3e777cb996	Vd	regression	volume_of_distribution	L/kg	identity			"{""assay_family"":""source_reported_pk"",""binary_evidence_lane"":""not_binary"",""condition"":{""analyte"":""parent_or_named_active_moiety"",""dose"":""not_reported"",""formulation"":""unspecified"",""matrix"":""plasma"",""method"":""source_reported_pk"",""route"":""intravenous"",""species"":""dog"",""timepoint"":""not_reported"",""volume_subtype"":""vd_unspecified""},""endpoint_family"":""Vd"",""normalized_unit"":""L/kg"",""parameter_basis"":""absolute"",""parameter_semantics"":""volume_of_distribution"",""target_kind"":""regression"",""target_transform"":""identity""}"	1	1	0	0	0	1	1	false	false	below_current_per_task_size_gate
mlv1.vd.regression.volume_of_distribution.f253ccbefb02be83	Vd	regression	volume_of_distribution	L/kg	identity			"{""assay_family"":""source_reported_pk"",""binary_evidence_lane"":""not_binary"",""condition"":{""analyte"":""parent_or_named_active_moiety"",""dose"":""not_reported"",""formulation"":""unspecified"",""matrix"":""plasma"",""method"":""source_reported_pk"",""route"":""intravenous"",""species"":""pig"",""timepoint"":""not_reported"",""volume_subtype"":""vd_unspecified""},""endpoint_family"":""Vd"",""normalized_unit"":""L/kg"",""parameter_basis"":""absolute"",""parameter_semantics"":""volume_of_distribution"",""target_kind"":""regression"",""target_transform"":""identity""}"	1	1	0	0	0	1	1	false	false	below_current_per_task_size_gate
mlv1.vd.regression.volume_of_distribution.f4d3297d2e9433a1	Vd	regression	volume_of_distribution	L/kg	identity			"{""assay_family"":""noncompartmental_analysis"",""binary_evidence_lane"":""not_binary"",""condition"":{""analyte"":""parent_or_named_active_moiety"",""dose"":""1_5_mg_kg"",""formulation"":""unspecified"",""matrix"":""plasma"",""method"":""noncompartmental_analysis"",""route"":""intravenous"",""species"":""mouse"",""timepoint"":""single_dose"",""volume_subtype"":""vd_unspecified""},""endpoint_family"":""Vd"",""normalized_unit"":""L/kg"",""parameter_basis"":""absolute"",""parameter_semantics"":""volume_of_distribution"",""target_kind"":""regression"",""target_transform"":""identity""}"	1	1	0	0	0	1	1	false	false	below_current_per_task_size_gate
mlv1.vd.regression.volume_of_distribution.f87d19d5aa977095	Vd	regression	volume_of_distribution	L/kg	identity			"{""assay_family"":""noncompartmental_analysis"",""binary_evidence_lane"":""not_binary"",""condition"":{""analyte"":""parent_or_named_active_moiety"",""dose"":""1_mg_kg"",""formulation"":""unspecified"",""matrix"":""plasma"",""method"":""noncompartmental_analysis"",""route"":""intravenous"",""species"":""dog"",""timepoint"":""single_dose"",""volume_subtype"":""vd_unspecified""},""endpoint_family"":""Vd"",""normalized_unit"":""L/kg"",""parameter_basis"":""absolute"",""parameter_semantics"":""volume_of_distribution"",""target_kind"":""regression"",""target_transform"":""identity""}"	2	0	0	0	0	1	1	false	false	below_current_per_task_size_gate
mlv1.vd.regression.volume_of_distribution.fa9ac2083e0524b0	Vd	regression	volume_of_distribution	L/kg	identity			"{""assay_family"":""noncompartmental_analysis"",""binary_evidence_lane"":""not_binary"",""condition"":{""analyte"":""parent_or_named_active_moiety"",""dose"":""75_mg_kg"",""formulation"":""unspecified"",""matrix"":""plasma"",""method"":""noncompartmental_analysis"",""route"":""intravenous"",""species"":""dog"",""timepoint"":""single_dose"",""volume_subtype"":""vd_unspecified""},""endpoint_family"":""Vd"",""normalized_unit"":""L/kg"",""parameter_basis"":""absolute"",""parameter_semantics"":""volume_of_distribution"",""target_kind"":""regression"",""target_transform"":""identity""}"	2	0	0	0	0	1	1	false	false	below_current_per_task_size_gate
