data_layer	endpoint	partition	length_metric	length	representative_rows	member_rows
ml_clean_partitions	BBB	binary_evidence_catalog	raw_standard_20aa_residue_count	5	42	42
ml_clean_partitions	BBB	binary_evidence_catalog	raw_standard_20aa_residue_count	6	34	34
ml_clean_partitions	BBB	binary_evidence_catalog	raw_standard_20aa_residue_count	7	54	54
ml_clean_partitions	BBB	binary_evidence_catalog	raw_standard_20aa_residue_count	8	55	55
ml_clean_partitions	BBB	binary_evidence_catalog	raw_standard_20aa_residue_count	9	77	77
ml_clean_partitions	BBB	binary_evidence_catalog	raw_standard_20aa_residue_count	10	60	60
ml_clean_partitions	BBB	binary_evidence_catalog	raw_standard_20aa_residue_count	11	37	37
ml_clean_partitions	BBB	binary_evidence_catalog	raw_standard_20aa_residue_count	12	58	58
ml_clean_partitions	BBB	binary_evidence_catalog	raw_standard_20aa_residue_count	13	31	31
ml_clean_partitions	BBB	binary_evidence_catalog	raw_standard_20aa_residue_count	14	21	21
ml_clean_partitions	BBB	binary_evidence_catalog	raw_standard_20aa_residue_count	15	19	19
ml_clean_partitions	BBB	binary_evidence_catalog	raw_standard_20aa_residue_count	16	22	22
ml_clean_partitions	BBB	binary_evidence_catalog	raw_standard_20aa_residue_count	17	31	31
ml_clean_partitions	BBB	binary_evidence_catalog	raw_standard_20aa_residue_count	18	24	24
ml_clean_partitions	BBB	binary_evidence_catalog	raw_standard_20aa_residue_count	19	30	30
ml_clean_partitions	BBB	binary_evidence_catalog	raw_standard_20aa_residue_count	20	10	10
ml_clean_partitions	BBB	binary_evidence_catalog	raw_standard_20aa_residue_count	21	19	19
ml_clean_partitions	BBB	binary_evidence_catalog	raw_standard_20aa_residue_count	22	14	14
ml_clean_partitions	BBB	binary_evidence_catalog	raw_standard_20aa_residue_count	23	17	17
ml_clean_partitions	BBB	binary_evidence_catalog	raw_standard_20aa_residue_count	24	22	22
ml_clean_partitions	BBB	binary_evidence_catalog	raw_standard_20aa_residue_count	25	16	16
ml_clean_partitions	BBB	binary_evidence_catalog	raw_standard_20aa_residue_count	26	8	8
ml_clean_partitions	BBB	binary_evidence_catalog	raw_standard_20aa_residue_count	27	11	11
ml_clean_partitions	BBB	binary_evidence_catalog	raw_standard_20aa_residue_count	28	11	11
ml_clean_partitions	BBB	binary_evidence_catalog	raw_standard_20aa_residue_count	29	10	10
ml_clean_partitions	BBB	binary_evidence_catalog	raw_standard_20aa_residue_count	30	23	23
ml_clean_partitions	BBB	binary_evidence_catalog	raw_standard_20aa_residue_count	31	7	7
ml_clean_partitions	BBB	binary_evidence_catalog	raw_standard_20aa_residue_count	32	3	3
ml_clean_partitions	BBB	binary_evidence_catalog	raw_standard_20aa_residue_count	33	7	7
ml_clean_partitions	BBB	binary_evidence_catalog	raw_standard_20aa_residue_count	34	4	4
ml_clean_partitions	BBB	binary_evidence_catalog	raw_standard_20aa_residue_count	35	2	2
ml_clean_partitions	BBB	binary_evidence_catalog	raw_standard_20aa_residue_count	36	16	16
ml_clean_partitions	BBB	binary_evidence_catalog	raw_standard_20aa_residue_count	37	7	7
ml_clean_partitions	BBB	binary_evidence_catalog	raw_standard_20aa_residue_count	38	7	7
ml_clean_partitions	BBB	binary_evidence_catalog	raw_standard_20aa_residue_count	39	10	10
ml_clean_partitions	BBB	binary_evidence_catalog	raw_standard_20aa_residue_count	40	2	2
ml_clean_partitions	BBB	binary_evidence_catalog	raw_standard_20aa_residue_count	41	7	7
ml_clean_partitions	BBB	binary_evidence_catalog	raw_standard_20aa_residue_count	42	4	4
ml_clean_partitions	BBB	binary_evidence_catalog	raw_standard_20aa_residue_count	43	2	2
ml_clean_partitions	BBB	binary_evidence_catalog	raw_standard_20aa_residue_count	44	4	4
ml_clean_partitions	BBB	binary_evidence_catalog	raw_standard_20aa_residue_count	46	2	2
ml_clean_partitions	BBB	binary_evidence_catalog	raw_standard_20aa_residue_count	49	2	2
ml_clean_partitions	BBB	binary_evidence_catalog	raw_standard_20aa_residue_count	50	2	2
ml_clean_partitions	BBB	binary_evidence_catalog	selected_model_residue_count_sequence_or_helm	5	42	42
ml_clean_partitions	BBB	binary_evidence_catalog	selected_model_residue_count_sequence_or_helm	6	34	34
ml_clean_partitions	BBB	binary_evidence_catalog	selected_model_residue_count_sequence_or_helm	7	54	54
ml_clean_partitions	BBB	binary_evidence_catalog	selected_model_residue_count_sequence_or_helm	8	55	55
ml_clean_partitions	BBB	binary_evidence_catalog	selected_model_residue_count_sequence_or_helm	9	77	77
ml_clean_partitions	BBB	binary_evidence_catalog	selected_model_residue_count_sequence_or_helm	10	60	60
ml_clean_partitions	BBB	binary_evidence_catalog	selected_model_residue_count_sequence_or_helm	11	37	37
ml_clean_partitions	BBB	binary_evidence_catalog	selected_model_residue_count_sequence_or_helm	12	58	58
ml_clean_partitions	BBB	binary_evidence_catalog	selected_model_residue_count_sequence_or_helm	13	31	31
ml_clean_partitions	BBB	binary_evidence_catalog	selected_model_residue_count_sequence_or_helm	14	21	21
ml_clean_partitions	BBB	binary_evidence_catalog	selected_model_residue_count_sequence_or_helm	15	19	19
ml_clean_partitions	BBB	binary_evidence_catalog	selected_model_residue_count_sequence_or_helm	16	22	22
ml_clean_partitions	BBB	binary_evidence_catalog	selected_model_residue_count_sequence_or_helm	17	31	31
ml_clean_partitions	BBB	binary_evidence_catalog	selected_model_residue_count_sequence_or_helm	18	24	24
ml_clean_partitions	BBB	binary_evidence_catalog	selected_model_residue_count_sequence_or_helm	19	30	30
ml_clean_partitions	BBB	binary_evidence_catalog	selected_model_residue_count_sequence_or_helm	20	10	10
ml_clean_partitions	BBB	binary_evidence_catalog	selected_model_residue_count_sequence_or_helm	21	19	19
ml_clean_partitions	BBB	binary_evidence_catalog	selected_model_residue_count_sequence_or_helm	22	14	14
ml_clean_partitions	BBB	binary_evidence_catalog	selected_model_residue_count_sequence_or_helm	23	17	17
ml_clean_partitions	BBB	binary_evidence_catalog	selected_model_residue_count_sequence_or_helm	24	22	22
ml_clean_partitions	BBB	binary_evidence_catalog	selected_model_residue_count_sequence_or_helm	25	16	16
ml_clean_partitions	BBB	binary_evidence_catalog	selected_model_residue_count_sequence_or_helm	26	8	8
ml_clean_partitions	BBB	binary_evidence_catalog	selected_model_residue_count_sequence_or_helm	27	11	11
ml_clean_partitions	BBB	binary_evidence_catalog	selected_model_residue_count_sequence_or_helm	28	11	11
ml_clean_partitions	BBB	binary_evidence_catalog	selected_model_residue_count_sequence_or_helm	29	10	10
ml_clean_partitions	BBB	binary_evidence_catalog	selected_model_residue_count_sequence_or_helm	30	23	23
ml_clean_partitions	BBB	binary_evidence_catalog	selected_model_residue_count_sequence_or_helm	31	7	7
ml_clean_partitions	BBB	binary_evidence_catalog	selected_model_residue_count_sequence_or_helm	32	3	3
ml_clean_partitions	BBB	binary_evidence_catalog	selected_model_residue_count_sequence_or_helm	33	7	7
ml_clean_partitions	BBB	binary_evidence_catalog	selected_model_residue_count_sequence_or_helm	34	4	4
ml_clean_partitions	BBB	binary_evidence_catalog	selected_model_residue_count_sequence_or_helm	35	2	2
ml_clean_partitions	BBB	binary_evidence_catalog	selected_model_residue_count_sequence_or_helm	36	16	16
ml_clean_partitions	BBB	binary_evidence_catalog	selected_model_residue_count_sequence_or_helm	37	7	7
ml_clean_partitions	BBB	binary_evidence_catalog	selected_model_residue_count_sequence_or_helm	38	7	7
ml_clean_partitions	BBB	binary_evidence_catalog	selected_model_residue_count_sequence_or_helm	39	10	10
ml_clean_partitions	BBB	binary_evidence_catalog	selected_model_residue_count_sequence_or_helm	40	2	2
ml_clean_partitions	BBB	binary_evidence_catalog	selected_model_residue_count_sequence_or_helm	41	7	7
ml_clean_partitions	BBB	binary_evidence_catalog	selected_model_residue_count_sequence_or_helm	42	4	4
ml_clean_partitions	BBB	binary_evidence_catalog	selected_model_residue_count_sequence_or_helm	43	2	2
ml_clean_partitions	BBB	binary_evidence_catalog	selected_model_residue_count_sequence_or_helm	44	4	4
ml_clean_partitions	BBB	binary_evidence_catalog	selected_model_residue_count_sequence_or_helm	46	2	2
ml_clean_partitions	BBB	binary_evidence_catalog	selected_model_residue_count_sequence_or_helm	49	2	2
ml_clean_partitions	BBB	binary_evidence_catalog	selected_model_residue_count_sequence_or_helm	50	2	2
ml_clean_partitions	BBB	positive_unlabeled	raw_standard_20aa_residue_count	2	2	2
ml_clean_partitions	BBB	positive_unlabeled	raw_standard_20aa_residue_count	3	3	3
ml_clean_partitions	BBB	positive_unlabeled	raw_standard_20aa_residue_count	4	4	4
ml_clean_partitions	BBB	positive_unlabeled	raw_standard_20aa_residue_count	5	4	4
ml_clean_partitions	BBB	positive_unlabeled	raw_standard_20aa_residue_count	6	1	1
ml_clean_partitions	BBB	positive_unlabeled	raw_standard_20aa_residue_count	7	1	1
ml_clean_partitions	BBB	positive_unlabeled	raw_standard_20aa_residue_count	8	3	3
ml_clean_partitions	BBB	positive_unlabeled	raw_standard_20aa_residue_count	9	3	3
ml_clean_partitions	BBB	positive_unlabeled	raw_standard_20aa_residue_count	10	3	3
ml_clean_partitions	BBB	positive_unlabeled	raw_standard_20aa_residue_count	11	2	2
ml_clean_partitions	BBB	positive_unlabeled	raw_standard_20aa_residue_count	12	1	1
ml_clean_partitions	BBB	positive_unlabeled	raw_standard_20aa_residue_count	13	2	2
ml_clean_partitions	BBB	positive_unlabeled	raw_standard_20aa_residue_count	14	1	1
ml_clean_partitions	BBB	positive_unlabeled	raw_standard_20aa_residue_count	19	7	7
ml_clean_partitions	BBB	positive_unlabeled	raw_standard_20aa_residue_count	21	2	2
ml_clean_partitions	BBB	positive_unlabeled	raw_standard_20aa_residue_count	23	2	2
ml_clean_partitions	BBB	positive_unlabeled	raw_standard_20aa_residue_count	27	2	2
ml_clean_partitions	BBB	positive_unlabeled	raw_standard_20aa_residue_count	28	4	4
ml_clean_partitions	BBB	positive_unlabeled	raw_standard_20aa_residue_count	31	1	1
ml_clean_partitions	BBB	positive_unlabeled	raw_standard_20aa_residue_count	34	1	1
ml_clean_partitions	BBB	positive_unlabeled	raw_standard_20aa_residue_count	36	3	3
ml_clean_partitions	BBB	positive_unlabeled	raw_standard_20aa_residue_count	37	1	1
ml_clean_partitions	BBB	positive_unlabeled	raw_standard_20aa_residue_count	38	4	4
ml_clean_partitions	BBB	positive_unlabeled	raw_standard_20aa_residue_count	39	3	3
ml_clean_partitions	BBB	positive_unlabeled	raw_standard_20aa_residue_count	40	2	2
ml_clean_partitions	BBB	positive_unlabeled	raw_standard_20aa_residue_count	41	3	3
ml_clean_partitions	BBB	positive_unlabeled	raw_standard_20aa_residue_count	50	2	2
ml_clean_partitions	BBB	positive_unlabeled	selected_model_residue_count_sequence_or_helm	2	1	1
ml_clean_partitions	BBB	positive_unlabeled	selected_model_residue_count_sequence_or_helm	3	4	4
ml_clean_partitions	BBB	positive_unlabeled	selected_model_residue_count_sequence_or_helm	4	5	5
ml_clean_partitions	BBB	positive_unlabeled	selected_model_residue_count_sequence_or_helm	5	15	15
ml_clean_partitions	BBB	positive_unlabeled	selected_model_residue_count_sequence_or_helm	6	9	9
ml_clean_partitions	BBB	positive_unlabeled	selected_model_residue_count_sequence_or_helm	7	7	7
ml_clean_partitions	BBB	positive_unlabeled	selected_model_residue_count_sequence_or_helm	8	13	13
ml_clean_partitions	BBB	positive_unlabeled	selected_model_residue_count_sequence_or_helm	9	10	10
ml_clean_partitions	BBB	positive_unlabeled	selected_model_residue_count_sequence_or_helm	10	10	10
ml_clean_partitions	BBB	positive_unlabeled	selected_model_residue_count_sequence_or_helm	11	5	5
ml_clean_partitions	BBB	positive_unlabeled	selected_model_residue_count_sequence_or_helm	12	3	3
ml_clean_partitions	BBB	positive_unlabeled	selected_model_residue_count_sequence_or_helm	13	3	3
ml_clean_partitions	BBB	positive_unlabeled	selected_model_residue_count_sequence_or_helm	14	1	1
ml_clean_partitions	BBB	positive_unlabeled	selected_model_residue_count_sequence_or_helm	15	2	2
ml_clean_partitions	BBB	positive_unlabeled	selected_model_residue_count_sequence_or_helm	16	2	2
ml_clean_partitions	BBB	positive_unlabeled	selected_model_residue_count_sequence_or_helm	18	2	2
ml_clean_partitions	BBB	positive_unlabeled	selected_model_residue_count_sequence_or_helm	19	3	3
ml_clean_partitions	BBB	positive_unlabeled	selected_model_residue_count_sequence_or_helm	21	7	7
ml_clean_partitions	BBB	positive_unlabeled	selected_model_residue_count_sequence_or_helm	23	2	2
ml_clean_partitions	BBB	positive_unlabeled	selected_model_residue_count_sequence_or_helm	25	2	2
ml_clean_partitions	BBB	positive_unlabeled	selected_model_residue_count_sequence_or_helm	27	1	1
ml_clean_partitions	BBB	positive_unlabeled	selected_model_residue_count_sequence_or_helm	28	2	2
ml_clean_partitions	BBB	positive_unlabeled	selected_model_residue_count_sequence_or_helm	29	2	2
ml_clean_partitions	BBB	positive_unlabeled	selected_model_residue_count_sequence_or_helm	30	4	4
ml_clean_partitions	BBB	positive_unlabeled	selected_model_residue_count_sequence_or_helm	33	1	1
ml_clean_partitions	BBB	positive_unlabeled	selected_model_residue_count_sequence_or_helm	34	1	1
ml_clean_partitions	BBB	positive_unlabeled	selected_model_residue_count_sequence_or_helm	36	1	1
ml_clean_partitions	BBB	positive_unlabeled	selected_model_residue_count_sequence_or_helm	38	3	3
ml_clean_partitions	BBB	positive_unlabeled	selected_model_residue_count_sequence_or_helm	39	1	1
ml_clean_partitions	BBB	positive_unlabeled	selected_model_residue_count_sequence_or_helm	40	4	4
ml_clean_partitions	BBB	positive_unlabeled	selected_model_residue_count_sequence_or_helm	41	3	3
ml_clean_partitions	BBB	positive_unlabeled	selected_model_residue_count_sequence_or_helm	42	2	2
ml_clean_partitions	BBB	positive_unlabeled	selected_model_residue_count_sequence_or_helm	43	3	3
ml_clean_partitions	BBB	positive_unlabeled	selected_model_residue_count_sequence_or_helm	52	2	2
ml_clean_partitions	CL	identity_review	raw_standard_20aa_residue_count	6	17	17
ml_clean_partitions	CL	normalization_review	raw_standard_20aa_residue_count	6	1	1
ml_clean_partitions	CL	normalization_review	selected_model_residue_count_sequence_or_helm	7	1	1
ml_clean_partitions	CL	normalization_review	selected_model_residue_count_sequence_or_helm	11	1	1
ml_clean_partitions	CL	semantic_review	raw_standard_20aa_residue_count	9	12	12
ml_clean_partitions	CL	semantic_review	selected_model_residue_count_sequence_or_helm	9	12	12
ml_clean_partitions	CL	strict_numeric	raw_standard_20aa_residue_count	9	10	10
ml_clean_partitions	CL	strict_numeric	raw_standard_20aa_residue_count	12	2	2
ml_clean_partitions	CL	strict_numeric	raw_standard_20aa_residue_count	17	6	6
ml_clean_partitions	CL	strict_numeric	raw_standard_20aa_residue_count	18	4	4
ml_clean_partitions	CL	strict_numeric	raw_standard_20aa_residue_count	30	5	5
ml_clean_partitions	CL	strict_numeric	raw_standard_20aa_residue_count	39	5	5
ml_clean_partitions	CL	strict_numeric	selected_model_residue_count_sequence_or_helm	9	5	5
ml_clean_partitions	CL	strict_numeric	selected_model_residue_count_sequence_or_helm	12	2	2
ml_clean_partitions	CL	strict_numeric	selected_model_residue_count_sequence_or_helm	18	4	4
ml_clean_partitions	CL	strict_numeric	selected_model_residue_count_sequence_or_helm	19	6	6
ml_clean_partitions	CL	strict_numeric	selected_model_residue_count_sequence_or_helm	30	5	5
ml_clean_partitions	CL	strict_numeric	selected_model_residue_count_sequence_or_helm	39	5	5
ml_clean_partitions	F	identity_review	raw_standard_20aa_residue_count	6	6	6
ml_clean_partitions	F	semantic_review	raw_standard_20aa_residue_count	33	1	1
ml_clean_partitions	F	semantic_review	raw_standard_20aa_residue_count	34	1	1
ml_clean_partitions	F	strict_numeric	raw_standard_20aa_residue_count	18	3	3
ml_clean_partitions	F	strict_numeric	raw_standard_20aa_residue_count	34	3	3
ml_clean_partitions	F	strict_numeric	selected_model_residue_count_sequence_or_helm	18	3	3
ml_clean_partitions	LogD	identity_review	raw_standard_20aa_residue_count	2	21	21
ml_clean_partitions	LogD	identity_review	raw_standard_20aa_residue_count	5	5	5
ml_clean_partitions	LogD	identity_review	raw_standard_20aa_residue_count	6	26	26
ml_clean_partitions	LogD	identity_review	raw_standard_20aa_residue_count	7	8	8
ml_clean_partitions	LogD	identity_review	raw_standard_20aa_residue_count	8	9	9
ml_clean_partitions	LogD	normalization_review	selected_model_residue_count_sequence_or_helm	4	2	2
ml_clean_partitions	LogD	normalization_review	selected_model_residue_count_sequence_or_helm	11	1	1
ml_clean_partitions	LogD	strict_numeric	raw_standard_20aa_residue_count	10	9	9
ml_clean_partitions	LogD	strict_numeric	raw_standard_20aa_residue_count	13	2	2
ml_clean_partitions	LogD	strict_numeric	raw_standard_20aa_residue_count	14	2	2
ml_clean_partitions	PPB	identity_review	raw_standard_20aa_residue_count	6	19	19
ml_clean_partitions	PPB	normalization_review	raw_standard_20aa_residue_count	6	2	2
ml_clean_partitions	PPB	normalization_review	raw_standard_20aa_residue_count	7	1	1
ml_clean_partitions	PPB	normalization_review	selected_model_residue_count_sequence_or_helm	4	1	1
ml_clean_partitions	PPB	normalization_review	selected_model_residue_count_sequence_or_helm	7	3	3
ml_clean_partitions	PPB	normalization_review	selected_model_residue_count_sequence_or_helm	8	1	1
ml_clean_partitions	PPB	normalization_review	selected_model_residue_count_sequence_or_helm	9	1	1
ml_clean_partitions	PPB	normalization_review	selected_model_residue_count_sequence_or_helm	11	1	1
ml_clean_partitions	PPB	strict_numeric	raw_standard_20aa_residue_count	7	3	3
ml_clean_partitions	PPB	strict_numeric	raw_standard_20aa_residue_count	8	4	4
ml_clean_partitions	PPB	strict_numeric	raw_standard_20aa_residue_count	9	9	9
ml_clean_partitions	PPB	strict_numeric	selected_model_residue_count_sequence_or_helm	7	3	3
ml_clean_partitions	PPB	strict_numeric	selected_model_residue_count_sequence_or_helm	8	4	4
ml_clean_partitions	PPB	strict_numeric	selected_model_residue_count_sequence_or_helm	9	9	9
ml_clean_partitions	PPB	strict_numeric	selected_model_residue_count_sequence_or_helm	16	8	8
ml_clean_partitions	PPB	strict_numeric	selected_model_residue_count_sequence_or_helm	19	2	2
ml_clean_partitions	PPB	strict_numeric	selected_model_residue_count_sequence_or_helm	21	2	2
ml_clean_partitions	T1/2	binary_evidence_catalog	raw_standard_20aa_residue_count	2	12	12
ml_clean_partitions	T1/2	binary_evidence_catalog	raw_standard_20aa_residue_count	3	8	8
ml_clean_partitions	T1/2	binary_evidence_catalog	raw_standard_20aa_residue_count	4	9	9
ml_clean_partitions	T1/2	binary_evidence_catalog	raw_standard_20aa_residue_count	5	18	18
ml_clean_partitions	T1/2	binary_evidence_catalog	raw_standard_20aa_residue_count	6	13	13
ml_clean_partitions	T1/2	binary_evidence_catalog	raw_standard_20aa_residue_count	7	17	17
ml_clean_partitions	T1/2	binary_evidence_catalog	raw_standard_20aa_residue_count	8	22	22
ml_clean_partitions	T1/2	binary_evidence_catalog	raw_standard_20aa_residue_count	9	16	16
ml_clean_partitions	T1/2	binary_evidence_catalog	raw_standard_20aa_residue_count	10	207	207
ml_clean_partitions	T1/2	binary_evidence_catalog	raw_standard_20aa_residue_count	11	9	9
ml_clean_partitions	T1/2	binary_evidence_catalog	raw_standard_20aa_residue_count	12	19	19
ml_clean_partitions	T1/2	binary_evidence_catalog	raw_standard_20aa_residue_count	13	22	22
ml_clean_partitions	T1/2	binary_evidence_catalog	raw_standard_20aa_residue_count	14	4	4
ml_clean_partitions	T1/2	binary_evidence_catalog	raw_standard_20aa_residue_count	15	12	12
ml_clean_partitions	T1/2	binary_evidence_catalog	raw_standard_20aa_residue_count	16	190	190
ml_clean_partitions	T1/2	binary_evidence_catalog	raw_standard_20aa_residue_count	17	6	6
ml_clean_partitions	T1/2	binary_evidence_catalog	raw_standard_20aa_residue_count	18	14	14
ml_clean_partitions	T1/2	binary_evidence_catalog	raw_standard_20aa_residue_count	19	9	9
ml_clean_partitions	T1/2	binary_evidence_catalog	raw_standard_20aa_residue_count	20	6	6
ml_clean_partitions	T1/2	binary_evidence_catalog	raw_standard_20aa_residue_count	21	8	8
ml_clean_partitions	T1/2	binary_evidence_catalog	raw_standard_20aa_residue_count	22	6	6
ml_clean_partitions	T1/2	binary_evidence_catalog	raw_standard_20aa_residue_count	23	6	6
ml_clean_partitions	T1/2	binary_evidence_catalog	raw_standard_20aa_residue_count	24	8	8
ml_clean_partitions	T1/2	binary_evidence_catalog	raw_standard_20aa_residue_count	25	10	10
ml_clean_partitions	T1/2	binary_evidence_catalog	raw_standard_20aa_residue_count	26	11	11
ml_clean_partitions	T1/2	binary_evidence_catalog	raw_standard_20aa_residue_count	27	11	11
ml_clean_partitions	T1/2	binary_evidence_catalog	raw_standard_20aa_residue_count	28	10	10
ml_clean_partitions	T1/2	binary_evidence_catalog	raw_standard_20aa_residue_count	29	21	21
ml_clean_partitions	T1/2	binary_evidence_catalog	raw_standard_20aa_residue_count	30	9	9
ml_clean_partitions	T1/2	binary_evidence_catalog	raw_standard_20aa_residue_count	31	16	16
ml_clean_partitions	T1/2	binary_evidence_catalog	raw_standard_20aa_residue_count	32	7	7
ml_clean_partitions	T1/2	binary_evidence_catalog	raw_standard_20aa_residue_count	33	13	13
ml_clean_partitions	T1/2	binary_evidence_catalog	raw_standard_20aa_residue_count	34	16	16
ml_clean_partitions	T1/2	binary_evidence_catalog	raw_standard_20aa_residue_count	35	10	10
ml_clean_partitions	T1/2	binary_evidence_catalog	raw_standard_20aa_residue_count	36	6	6
ml_clean_partitions	T1/2	binary_evidence_catalog	raw_standard_20aa_residue_count	37	10	10
ml_clean_partitions	T1/2	binary_evidence_catalog	raw_standard_20aa_residue_count	38	25	25
ml_clean_partitions	T1/2	binary_evidence_catalog	raw_standard_20aa_residue_count	39	17	17
ml_clean_partitions	T1/2	binary_evidence_catalog	raw_standard_20aa_residue_count	40	10	10
ml_clean_partitions	T1/2	binary_evidence_catalog	raw_standard_20aa_residue_count	41	8	8
ml_clean_partitions	T1/2	binary_evidence_catalog	raw_standard_20aa_residue_count	42	8	8
ml_clean_partitions	T1/2	binary_evidence_catalog	raw_standard_20aa_residue_count	43	7	7
ml_clean_partitions	T1/2	binary_evidence_catalog	raw_standard_20aa_residue_count	44	2	2
ml_clean_partitions	T1/2	binary_evidence_catalog	raw_standard_20aa_residue_count	45	4	4
ml_clean_partitions	T1/2	binary_evidence_catalog	raw_standard_20aa_residue_count	46	6	6
ml_clean_partitions	T1/2	binary_evidence_catalog	raw_standard_20aa_residue_count	47	4	4
ml_clean_partitions	T1/2	binary_evidence_catalog	raw_standard_20aa_residue_count	48	2	2
ml_clean_partitions	T1/2	binary_evidence_catalog	raw_standard_20aa_residue_count	49	2	2
ml_clean_partitions	T1/2	binary_evidence_catalog	raw_standard_20aa_residue_count	50	2	2
ml_clean_partitions	T1/2	binary_evidence_catalog	raw_standard_20aa_residue_count	51	2	2
ml_clean_partitions	T1/2	binary_evidence_catalog	raw_standard_20aa_residue_count	52	1	1
ml_clean_partitions	T1/2	binary_evidence_catalog	raw_standard_20aa_residue_count	53	1	1
ml_clean_partitions	T1/2	binary_evidence_catalog	raw_standard_20aa_residue_count	54	1	1
ml_clean_partitions	T1/2	binary_evidence_catalog	raw_standard_20aa_residue_count	56	1	1
ml_clean_partitions	T1/2	binary_evidence_catalog	raw_standard_20aa_residue_count	58	1	1
ml_clean_partitions	T1/2	binary_evidence_catalog	raw_standard_20aa_residue_count	62	2	2
ml_clean_partitions	T1/2	binary_evidence_catalog	raw_standard_20aa_residue_count	65	1	1
ml_clean_partitions	T1/2	binary_evidence_catalog	raw_standard_20aa_residue_count	66	1	1
ml_clean_partitions	T1/2	binary_evidence_catalog	raw_standard_20aa_residue_count	70	4	4
ml_clean_partitions	T1/2	binary_evidence_catalog	raw_standard_20aa_residue_count	75	1	1
ml_clean_partitions	T1/2	binary_evidence_catalog	raw_standard_20aa_residue_count	76	1	1
ml_clean_partitions	T1/2	binary_evidence_catalog	raw_standard_20aa_residue_count	80	1	1
ml_clean_partitions	T1/2	binary_evidence_catalog	raw_standard_20aa_residue_count	82	1	1
ml_clean_partitions	T1/2	binary_evidence_catalog	raw_standard_20aa_residue_count	84	2	2
ml_clean_partitions	T1/2	binary_evidence_catalog	raw_standard_20aa_residue_count	85	1	1
ml_clean_partitions	T1/2	binary_evidence_catalog	raw_standard_20aa_residue_count	90	1	1
ml_clean_partitions	T1/2	binary_evidence_catalog	raw_standard_20aa_residue_count	93	2	2
ml_clean_partitions	T1/2	binary_evidence_catalog	raw_standard_20aa_residue_count	94	1	1
ml_clean_partitions	T1/2	binary_evidence_catalog	raw_standard_20aa_residue_count	95	1	1
ml_clean_partitions	T1/2	binary_evidence_catalog	raw_standard_20aa_residue_count	98	2	2
ml_clean_partitions	T1/2	binary_evidence_catalog	raw_standard_20aa_residue_count	100	1	1
ml_clean_partitions	T1/2	binary_evidence_catalog	selected_model_residue_count_sequence_or_helm	2	12	12
ml_clean_partitions	T1/2	binary_evidence_catalog	selected_model_residue_count_sequence_or_helm	3	8	8
ml_clean_partitions	T1/2	binary_evidence_catalog	selected_model_residue_count_sequence_or_helm	4	9	9
ml_clean_partitions	T1/2	binary_evidence_catalog	selected_model_residue_count_sequence_or_helm	5	18	18
ml_clean_partitions	T1/2	binary_evidence_catalog	selected_model_residue_count_sequence_or_helm	6	13	13
ml_clean_partitions	T1/2	binary_evidence_catalog	selected_model_residue_count_sequence_or_helm	7	17	17
ml_clean_partitions	T1/2	binary_evidence_catalog	selected_model_residue_count_sequence_or_helm	8	22	22
ml_clean_partitions	T1/2	binary_evidence_catalog	selected_model_residue_count_sequence_or_helm	9	16	16
ml_clean_partitions	T1/2	binary_evidence_catalog	selected_model_residue_count_sequence_or_helm	10	207	207
ml_clean_partitions	T1/2	binary_evidence_catalog	selected_model_residue_count_sequence_or_helm	11	9	9
ml_clean_partitions	T1/2	binary_evidence_catalog	selected_model_residue_count_sequence_or_helm	12	19	19
ml_clean_partitions	T1/2	binary_evidence_catalog	selected_model_residue_count_sequence_or_helm	13	22	22
ml_clean_partitions	T1/2	binary_evidence_catalog	selected_model_residue_count_sequence_or_helm	14	4	4
ml_clean_partitions	T1/2	binary_evidence_catalog	selected_model_residue_count_sequence_or_helm	15	12	12
ml_clean_partitions	T1/2	binary_evidence_catalog	selected_model_residue_count_sequence_or_helm	16	190	190
ml_clean_partitions	T1/2	binary_evidence_catalog	selected_model_residue_count_sequence_or_helm	17	6	6
ml_clean_partitions	T1/2	binary_evidence_catalog	selected_model_residue_count_sequence_or_helm	18	14	14
ml_clean_partitions	T1/2	binary_evidence_catalog	selected_model_residue_count_sequence_or_helm	19	9	9
ml_clean_partitions	T1/2	binary_evidence_catalog	selected_model_residue_count_sequence_or_helm	20	6	6
ml_clean_partitions	T1/2	binary_evidence_catalog	selected_model_residue_count_sequence_or_helm	21	8	8
ml_clean_partitions	T1/2	binary_evidence_catalog	selected_model_residue_count_sequence_or_helm	22	6	6
ml_clean_partitions	T1/2	binary_evidence_catalog	selected_model_residue_count_sequence_or_helm	23	6	6
ml_clean_partitions	T1/2	binary_evidence_catalog	selected_model_residue_count_sequence_or_helm	24	8	8
ml_clean_partitions	T1/2	binary_evidence_catalog	selected_model_residue_count_sequence_or_helm	25	10	10
ml_clean_partitions	T1/2	binary_evidence_catalog	selected_model_residue_count_sequence_or_helm	26	11	11
ml_clean_partitions	T1/2	binary_evidence_catalog	selected_model_residue_count_sequence_or_helm	27	11	11
ml_clean_partitions	T1/2	binary_evidence_catalog	selected_model_residue_count_sequence_or_helm	28	10	10
ml_clean_partitions	T1/2	binary_evidence_catalog	selected_model_residue_count_sequence_or_helm	29	21	21
ml_clean_partitions	T1/2	binary_evidence_catalog	selected_model_residue_count_sequence_or_helm	30	9	9
ml_clean_partitions	T1/2	binary_evidence_catalog	selected_model_residue_count_sequence_or_helm	31	16	16
ml_clean_partitions	T1/2	binary_evidence_catalog	selected_model_residue_count_sequence_or_helm	32	7	7
ml_clean_partitions	T1/2	binary_evidence_catalog	selected_model_residue_count_sequence_or_helm	33	13	13
ml_clean_partitions	T1/2	binary_evidence_catalog	selected_model_residue_count_sequence_or_helm	34	16	16
ml_clean_partitions	T1/2	binary_evidence_catalog	selected_model_residue_count_sequence_or_helm	35	10	10
ml_clean_partitions	T1/2	binary_evidence_catalog	selected_model_residue_count_sequence_or_helm	36	6	6
ml_clean_partitions	T1/2	binary_evidence_catalog	selected_model_residue_count_sequence_or_helm	37	10	10
ml_clean_partitions	T1/2	binary_evidence_catalog	selected_model_residue_count_sequence_or_helm	38	25	25
ml_clean_partitions	T1/2	binary_evidence_catalog	selected_model_residue_count_sequence_or_helm	39	17	17
ml_clean_partitions	T1/2	binary_evidence_catalog	selected_model_residue_count_sequence_or_helm	40	10	10
ml_clean_partitions	T1/2	binary_evidence_catalog	selected_model_residue_count_sequence_or_helm	41	8	8
ml_clean_partitions	T1/2	binary_evidence_catalog	selected_model_residue_count_sequence_or_helm	42	8	8
ml_clean_partitions	T1/2	binary_evidence_catalog	selected_model_residue_count_sequence_or_helm	43	7	7
ml_clean_partitions	T1/2	binary_evidence_catalog	selected_model_residue_count_sequence_or_helm	44	2	2
ml_clean_partitions	T1/2	binary_evidence_catalog	selected_model_residue_count_sequence_or_helm	45	4	4
ml_clean_partitions	T1/2	binary_evidence_catalog	selected_model_residue_count_sequence_or_helm	46	6	6
ml_clean_partitions	T1/2	binary_evidence_catalog	selected_model_residue_count_sequence_or_helm	47	4	4
ml_clean_partitions	T1/2	binary_evidence_catalog	selected_model_residue_count_sequence_or_helm	48	2	2
ml_clean_partitions	T1/2	binary_evidence_catalog	selected_model_residue_count_sequence_or_helm	49	2	2
ml_clean_partitions	T1/2	binary_evidence_catalog	selected_model_residue_count_sequence_or_helm	50	2	2
ml_clean_partitions	T1/2	binary_evidence_catalog	selected_model_residue_count_sequence_or_helm	51	2	2
ml_clean_partitions	T1/2	binary_evidence_catalog	selected_model_residue_count_sequence_or_helm	52	1	1
ml_clean_partitions	T1/2	binary_evidence_catalog	selected_model_residue_count_sequence_or_helm	53	1	1
ml_clean_partitions	T1/2	binary_evidence_catalog	selected_model_residue_count_sequence_or_helm	54	1	1
ml_clean_partitions	T1/2	binary_evidence_catalog	selected_model_residue_count_sequence_or_helm	56	1	1
ml_clean_partitions	T1/2	binary_evidence_catalog	selected_model_residue_count_sequence_or_helm	58	1	1
ml_clean_partitions	T1/2	binary_evidence_catalog	selected_model_residue_count_sequence_or_helm	62	2	2
ml_clean_partitions	T1/2	binary_evidence_catalog	selected_model_residue_count_sequence_or_helm	65	1	1
ml_clean_partitions	T1/2	binary_evidence_catalog	selected_model_residue_count_sequence_or_helm	66	1	1
ml_clean_partitions	T1/2	binary_evidence_catalog	selected_model_residue_count_sequence_or_helm	70	4	4
ml_clean_partitions	T1/2	binary_evidence_catalog	selected_model_residue_count_sequence_or_helm	75	1	1
ml_clean_partitions	T1/2	binary_evidence_catalog	selected_model_residue_count_sequence_or_helm	76	1	1
ml_clean_partitions	T1/2	binary_evidence_catalog	selected_model_residue_count_sequence_or_helm	80	1	1
ml_clean_partitions	T1/2	binary_evidence_catalog	selected_model_residue_count_sequence_or_helm	82	1	1
ml_clean_partitions	T1/2	binary_evidence_catalog	selected_model_residue_count_sequence_or_helm	84	2	2
ml_clean_partitions	T1/2	binary_evidence_catalog	selected_model_residue_count_sequence_or_helm	85	1	1
ml_clean_partitions	T1/2	binary_evidence_catalog	selected_model_residue_count_sequence_or_helm	90	1	1
ml_clean_partitions	T1/2	binary_evidence_catalog	selected_model_residue_count_sequence_or_helm	93	2	2
ml_clean_partitions	T1/2	binary_evidence_catalog	selected_model_residue_count_sequence_or_helm	94	1	1
ml_clean_partitions	T1/2	binary_evidence_catalog	selected_model_residue_count_sequence_or_helm	95	1	1
ml_clean_partitions	T1/2	binary_evidence_catalog	selected_model_residue_count_sequence_or_helm	98	2	2
ml_clean_partitions	T1/2	binary_evidence_catalog	selected_model_residue_count_sequence_or_helm	100	1	1
ml_clean_partitions	T1/2	censored_numeric	raw_standard_20aa_residue_count	3	4	4
ml_clean_partitions	T1/2	censored_numeric	raw_standard_20aa_residue_count	4	1	1
ml_clean_partitions	T1/2	censored_numeric	raw_standard_20aa_residue_count	5	8	8
ml_clean_partitions	T1/2	censored_numeric	raw_standard_20aa_residue_count	6	11	11
ml_clean_partitions	T1/2	censored_numeric	raw_standard_20aa_residue_count	7	9	10
ml_clean_partitions	T1/2	censored_numeric	raw_standard_20aa_residue_count	8	5	5
ml_clean_partitions	T1/2	censored_numeric	raw_standard_20aa_residue_count	9	4	4
ml_clean_partitions	T1/2	censored_numeric	raw_standard_20aa_residue_count	11	6	6
ml_clean_partitions	T1/2	censored_numeric	raw_standard_20aa_residue_count	12	3	3
ml_clean_partitions	T1/2	censored_numeric	raw_standard_20aa_residue_count	13	6	6
ml_clean_partitions	T1/2	censored_numeric	raw_standard_20aa_residue_count	14	5	5
ml_clean_partitions	T1/2	censored_numeric	raw_standard_20aa_residue_count	15	9	9
ml_clean_partitions	T1/2	censored_numeric	raw_standard_20aa_residue_count	16	1	1
ml_clean_partitions	T1/2	censored_numeric	raw_standard_20aa_residue_count	17	2	2
ml_clean_partitions	T1/2	censored_numeric	raw_standard_20aa_residue_count	18	1	1
ml_clean_partitions	T1/2	censored_numeric	raw_standard_20aa_residue_count	19	4	4
ml_clean_partitions	T1/2	censored_numeric	raw_standard_20aa_residue_count	20	7	7
ml_clean_partitions	T1/2	censored_numeric	raw_standard_20aa_residue_count	21	1	1
ml_clean_partitions	T1/2	censored_numeric	raw_standard_20aa_residue_count	22	3	3
ml_clean_partitions	T1/2	censored_numeric	raw_standard_20aa_residue_count	24	1	1
ml_clean_partitions	T1/2	censored_numeric	raw_standard_20aa_residue_count	25	4	4
ml_clean_partitions	T1/2	censored_numeric	raw_standard_20aa_residue_count	27	2	2
ml_clean_partitions	T1/2	censored_numeric	raw_standard_20aa_residue_count	28	5	5
ml_clean_partitions	T1/2	censored_numeric	raw_standard_20aa_residue_count	29	2	2
ml_clean_partitions	T1/2	censored_numeric	raw_standard_20aa_residue_count	30	14	15
ml_clean_partitions	T1/2	censored_numeric	raw_standard_20aa_residue_count	31	9	9
ml_clean_partitions	T1/2	censored_numeric	raw_standard_20aa_residue_count	32	1	1
ml_clean_partitions	T1/2	censored_numeric	raw_standard_20aa_residue_count	33	2	2
ml_clean_partitions	T1/2	censored_numeric	raw_standard_20aa_residue_count	34	1	1
ml_clean_partitions	T1/2	censored_numeric	raw_standard_20aa_residue_count	36	2	2
ml_clean_partitions	T1/2	censored_numeric	raw_standard_20aa_residue_count	37	8	8
ml_clean_partitions	T1/2	censored_numeric	raw_standard_20aa_residue_count	38	3	3
ml_clean_partitions	T1/2	censored_numeric	raw_standard_20aa_residue_count	39	6	6
ml_clean_partitions	T1/2	censored_numeric	raw_standard_20aa_residue_count	41	1	1
ml_clean_partitions	T1/2	censored_numeric	raw_standard_20aa_residue_count	42	1	1
ml_clean_partitions	T1/2	censored_numeric	raw_standard_20aa_residue_count	44	3	3
ml_clean_partitions	T1/2	censored_numeric	raw_standard_20aa_residue_count	45	1	1
ml_clean_partitions	T1/2	censored_numeric	raw_standard_20aa_residue_count	46	4	4
ml_clean_partitions	T1/2	censored_numeric	raw_standard_20aa_residue_count	59	2	2
ml_clean_partitions	T1/2	censored_numeric	raw_standard_20aa_residue_count	70	1	1
ml_clean_partitions	T1/2	censored_numeric	raw_standard_20aa_residue_count	76	2	2
ml_clean_partitions	T1/2	censored_numeric	raw_standard_20aa_residue_count	83	1	1
ml_clean_partitions	T1/2	censored_numeric	raw_standard_20aa_residue_count	87	2	2
ml_clean_partitions	T1/2	censored_numeric	raw_standard_20aa_residue_count	116	1	1
ml_clean_partitions	T1/2	censored_numeric	raw_standard_20aa_residue_count	165	1	1
ml_clean_partitions	T1/2	censored_numeric	raw_standard_20aa_residue_count	255	1	1
ml_clean_partitions	T1/2	censored_numeric	raw_standard_20aa_residue_count	284	1	1
ml_clean_partitions	T1/2	censored_numeric	raw_standard_20aa_residue_count	365	1	1
ml_clean_partitions	T1/2	censored_numeric	raw_standard_20aa_residue_count	393	1	1
ml_clean_partitions	T1/2	censored_numeric	raw_standard_20aa_residue_count	407	1	1
ml_clean_partitions	T1/2	censored_numeric	selected_model_residue_count_sequence_or_helm	3	4	4
ml_clean_partitions	T1/2	censored_numeric	selected_model_residue_count_sequence_or_helm	4	1	1
ml_clean_partitions	T1/2	censored_numeric	selected_model_residue_count_sequence_or_helm	5	8	8
ml_clean_partitions	T1/2	censored_numeric	selected_model_residue_count_sequence_or_helm	6	11	11
ml_clean_partitions	T1/2	censored_numeric	selected_model_residue_count_sequence_or_helm	7	9	10
ml_clean_partitions	T1/2	censored_numeric	selected_model_residue_count_sequence_or_helm	8	4	4
ml_clean_partitions	T1/2	censored_numeric	selected_model_residue_count_sequence_or_helm	9	4	4
ml_clean_partitions	T1/2	censored_numeric	selected_model_residue_count_sequence_or_helm	11	6	6
ml_clean_partitions	T1/2	censored_numeric	selected_model_residue_count_sequence_or_helm	12	3	3
ml_clean_partitions	T1/2	censored_numeric	selected_model_residue_count_sequence_or_helm	13	6	6
ml_clean_partitions	T1/2	censored_numeric	selected_model_residue_count_sequence_or_helm	14	5	5
ml_clean_partitions	T1/2	censored_numeric	selected_model_residue_count_sequence_or_helm	15	9	9
ml_clean_partitions	T1/2	censored_numeric	selected_model_residue_count_sequence_or_helm	16	1	1
ml_clean_partitions	T1/2	censored_numeric	selected_model_residue_count_sequence_or_helm	17	2	2
ml_clean_partitions	T1/2	censored_numeric	selected_model_residue_count_sequence_or_helm	18	1	1
ml_clean_partitions	T1/2	censored_numeric	selected_model_residue_count_sequence_or_helm	19	4	4
ml_clean_partitions	T1/2	censored_numeric	selected_model_residue_count_sequence_or_helm	20	7	7
ml_clean_partitions	T1/2	censored_numeric	selected_model_residue_count_sequence_or_helm	21	1	1
ml_clean_partitions	T1/2	censored_numeric	selected_model_residue_count_sequence_or_helm	22	3	3
ml_clean_partitions	T1/2	censored_numeric	selected_model_residue_count_sequence_or_helm	24	1	1
ml_clean_partitions	T1/2	censored_numeric	selected_model_residue_count_sequence_or_helm	25	4	4
ml_clean_partitions	T1/2	censored_numeric	selected_model_residue_count_sequence_or_helm	27	2	2
ml_clean_partitions	T1/2	censored_numeric	selected_model_residue_count_sequence_or_helm	28	5	5
ml_clean_partitions	T1/2	censored_numeric	selected_model_residue_count_sequence_or_helm	29	2	2
ml_clean_partitions	T1/2	censored_numeric	selected_model_residue_count_sequence_or_helm	30	14	15
ml_clean_partitions	T1/2	censored_numeric	selected_model_residue_count_sequence_or_helm	31	9	9
ml_clean_partitions	T1/2	censored_numeric	selected_model_residue_count_sequence_or_helm	32	1	1
ml_clean_partitions	T1/2	censored_numeric	selected_model_residue_count_sequence_or_helm	33	2	2
ml_clean_partitions	T1/2	censored_numeric	selected_model_residue_count_sequence_or_helm	34	1	1
ml_clean_partitions	T1/2	censored_numeric	selected_model_residue_count_sequence_or_helm	36	2	2
ml_clean_partitions	T1/2	censored_numeric	selected_model_residue_count_sequence_or_helm	37	8	8
ml_clean_partitions	T1/2	censored_numeric	selected_model_residue_count_sequence_or_helm	38	3	3
ml_clean_partitions	T1/2	censored_numeric	selected_model_residue_count_sequence_or_helm	39	6	6
ml_clean_partitions	T1/2	censored_numeric	selected_model_residue_count_sequence_or_helm	41	1	1
ml_clean_partitions	T1/2	censored_numeric	selected_model_residue_count_sequence_or_helm	42	1	1
ml_clean_partitions	T1/2	censored_numeric	selected_model_residue_count_sequence_or_helm	44	3	3
ml_clean_partitions	T1/2	censored_numeric	selected_model_residue_count_sequence_or_helm	45	1	1
ml_clean_partitions	T1/2	censored_numeric	selected_model_residue_count_sequence_or_helm	46	4	4
ml_clean_partitions	T1/2	censored_numeric	selected_model_residue_count_sequence_or_helm	59	2	2
ml_clean_partitions	T1/2	censored_numeric	selected_model_residue_count_sequence_or_helm	70	1	1
ml_clean_partitions	T1/2	censored_numeric	selected_model_residue_count_sequence_or_helm	76	2	2
ml_clean_partitions	T1/2	censored_numeric	selected_model_residue_count_sequence_or_helm	83	1	1
ml_clean_partitions	T1/2	censored_numeric	selected_model_residue_count_sequence_or_helm	87	2	2
ml_clean_partitions	T1/2	censored_numeric	selected_model_residue_count_sequence_or_helm	116	1	1
ml_clean_partitions	T1/2	censored_numeric	selected_model_residue_count_sequence_or_helm	165	1	1
ml_clean_partitions	T1/2	censored_numeric	selected_model_residue_count_sequence_or_helm	255	1	1
ml_clean_partitions	T1/2	censored_numeric	selected_model_residue_count_sequence_or_helm	284	1	1
ml_clean_partitions	T1/2	censored_numeric	selected_model_residue_count_sequence_or_helm	365	1	1
ml_clean_partitions	T1/2	censored_numeric	selected_model_residue_count_sequence_or_helm	393	1	1
ml_clean_partitions	T1/2	censored_numeric	selected_model_residue_count_sequence_or_helm	407	1	1
ml_clean_partitions	T1/2	identity_review	raw_standard_20aa_residue_count	6	66	66
ml_clean_partitions	T1/2	normalization_review	raw_standard_20aa_residue_count	5	1	1
ml_clean_partitions	T1/2	normalization_review	raw_standard_20aa_residue_count	8	4	4
ml_clean_partitions	T1/2	normalization_review	raw_standard_20aa_residue_count	9	5	5
ml_clean_partitions	T1/2	normalization_review	raw_standard_20aa_residue_count	10	6	6
ml_clean_partitions	T1/2	normalization_review	raw_standard_20aa_residue_count	11	9	9
ml_clean_partitions	T1/2	normalization_review	raw_standard_20aa_residue_count	12	8	8
ml_clean_partitions	T1/2	normalization_review	raw_standard_20aa_residue_count	13	2	2
ml_clean_partitions	T1/2	normalization_review	raw_standard_20aa_residue_count	14	2	2
ml_clean_partitions	T1/2	normalization_review	raw_standard_20aa_residue_count	16	9	9
ml_clean_partitions	T1/2	normalization_review	raw_standard_20aa_residue_count	17	1	1
ml_clean_partitions	T1/2	normalization_review	raw_standard_20aa_residue_count	23	15	16
ml_clean_partitions	T1/2	normalization_review	raw_standard_20aa_residue_count	35	1	1
ml_clean_partitions	T1/2	normalization_review	raw_standard_20aa_residue_count	39	1	1
ml_clean_partitions	T1/2	normalization_review	selected_model_residue_count_sequence_or_helm	5	1	1
ml_clean_partitions	T1/2	normalization_review	selected_model_residue_count_sequence_or_helm	8	4	4
ml_clean_partitions	T1/2	normalization_review	selected_model_residue_count_sequence_or_helm	9	5	5
ml_clean_partitions	T1/2	normalization_review	selected_model_residue_count_sequence_or_helm	10	6	6
ml_clean_partitions	T1/2	normalization_review	selected_model_residue_count_sequence_or_helm	11	11	11
ml_clean_partitions	T1/2	normalization_review	selected_model_residue_count_sequence_or_helm	12	9	9
ml_clean_partitions	T1/2	normalization_review	selected_model_residue_count_sequence_or_helm	13	2	2
ml_clean_partitions	T1/2	normalization_review	selected_model_residue_count_sequence_or_helm	14	2	2
ml_clean_partitions	T1/2	normalization_review	selected_model_residue_count_sequence_or_helm	16	9	9
ml_clean_partitions	T1/2	normalization_review	selected_model_residue_count_sequence_or_helm	17	1	1
ml_clean_partitions	T1/2	normalization_review	selected_model_residue_count_sequence_or_helm	23	15	16
ml_clean_partitions	T1/2	normalization_review	selected_model_residue_count_sequence_or_helm	35	1	1
ml_clean_partitions	T1/2	normalization_review	selected_model_residue_count_sequence_or_helm	39	1	1
ml_clean_partitions	T1/2	semantic_review	raw_standard_20aa_residue_count	1	9	9
ml_clean_partitions	T1/2	semantic_review	raw_standard_20aa_residue_count	2	2	2
ml_clean_partitions	T1/2	semantic_review	raw_standard_20aa_residue_count	3	26	26
ml_clean_partitions	T1/2	semantic_review	raw_standard_20aa_residue_count	4	23	23
ml_clean_partitions	T1/2	semantic_review	raw_standard_20aa_residue_count	5	69	74
ml_clean_partitions	T1/2	semantic_review	raw_standard_20aa_residue_count	6	24	24
ml_clean_partitions	T1/2	semantic_review	raw_standard_20aa_residue_count	7	64	65
ml_clean_partitions	T1/2	semantic_review	raw_standard_20aa_residue_count	8	29	29
ml_clean_partitions	T1/2	semantic_review	raw_standard_20aa_residue_count	9	49	49
ml_clean_partitions	T1/2	semantic_review	raw_standard_20aa_residue_count	10	24	25
ml_clean_partitions	T1/2	semantic_review	raw_standard_20aa_residue_count	11	10	10
ml_clean_partitions	T1/2	semantic_review	raw_standard_20aa_residue_count	12	17	18
ml_clean_partitions	T1/2	semantic_review	raw_standard_20aa_residue_count	13	6	6
ml_clean_partitions	T1/2	semantic_review	raw_standard_20aa_residue_count	14	13	13
ml_clean_partitions	T1/2	semantic_review	raw_standard_20aa_residue_count	15	8	8
ml_clean_partitions	T1/2	semantic_review	raw_standard_20aa_residue_count	16	22	27
ml_clean_partitions	T1/2	semantic_review	raw_standard_20aa_residue_count	17	7	7
ml_clean_partitions	T1/2	semantic_review	raw_standard_20aa_residue_count	18	26	26
ml_clean_partitions	T1/2	semantic_review	raw_standard_20aa_residue_count	19	8	8
ml_clean_partitions	T1/2	semantic_review	raw_standard_20aa_residue_count	20	20	20
ml_clean_partitions	T1/2	semantic_review	raw_standard_20aa_residue_count	21	12	12
ml_clean_partitions	T1/2	semantic_review	raw_standard_20aa_residue_count	22	25	25
ml_clean_partitions	T1/2	semantic_review	raw_standard_20aa_residue_count	23	11	11
ml_clean_partitions	T1/2	semantic_review	raw_standard_20aa_residue_count	24	22	22
ml_clean_partitions	T1/2	semantic_review	raw_standard_20aa_residue_count	26	10	10
ml_clean_partitions	T1/2	semantic_review	raw_standard_20aa_residue_count	27	3	3
ml_clean_partitions	T1/2	semantic_review	raw_standard_20aa_residue_count	28	38	38
ml_clean_partitions	T1/2	semantic_review	raw_standard_20aa_residue_count	29	25	25
ml_clean_partitions	T1/2	semantic_review	raw_standard_20aa_residue_count	30	57	57
ml_clean_partitions	T1/2	semantic_review	raw_standard_20aa_residue_count	31	58	63
ml_clean_partitions	T1/2	semantic_review	raw_standard_20aa_residue_count	32	27	27
ml_clean_partitions	T1/2	semantic_review	raw_standard_20aa_residue_count	33	21	21
ml_clean_partitions	T1/2	semantic_review	raw_standard_20aa_residue_count	34	42	45
ml_clean_partitions	T1/2	semantic_review	raw_standard_20aa_residue_count	35	11	11
ml_clean_partitions	T1/2	semantic_review	raw_standard_20aa_residue_count	36	26	26
ml_clean_partitions	T1/2	semantic_review	raw_standard_20aa_residue_count	37	12	12
ml_clean_partitions	T1/2	semantic_review	raw_standard_20aa_residue_count	38	22	22
ml_clean_partitions	T1/2	semantic_review	raw_standard_20aa_residue_count	39	87	92
ml_clean_partitions	T1/2	semantic_review	raw_standard_20aa_residue_count	40	26	26
ml_clean_partitions	T1/2	semantic_review	raw_standard_20aa_residue_count	41	63	63
ml_clean_partitions	T1/2	semantic_review	raw_standard_20aa_residue_count	42	9	9
ml_clean_partitions	T1/2	semantic_review	raw_standard_20aa_residue_count	43	15	15
ml_clean_partitions	T1/2	semantic_review	raw_standard_20aa_residue_count	45	5	5
ml_clean_partitions	T1/2	semantic_review	raw_standard_20aa_residue_count	46	3	3
ml_clean_partitions	T1/2	semantic_review	raw_standard_20aa_residue_count	47	41	41
ml_clean_partitions	T1/2	semantic_review	raw_standard_20aa_residue_count	49	10	10
ml_clean_partitions	T1/2	semantic_review	raw_standard_20aa_residue_count	50	13	13
ml_clean_partitions	T1/2	semantic_review	raw_standard_20aa_residue_count	52	6	6
ml_clean_partitions	T1/2	semantic_review	raw_standard_20aa_residue_count	56	4	4
ml_clean_partitions	T1/2	semantic_review	raw_standard_20aa_residue_count	59	2	2
ml_clean_partitions	T1/2	semantic_review	raw_standard_20aa_residue_count	62	7	7
ml_clean_partitions	T1/2	semantic_review	raw_standard_20aa_residue_count	70	15	15
ml_clean_partitions	T1/2	semantic_review	raw_standard_20aa_residue_count	73	3	3
ml_clean_partitions	T1/2	semantic_review	raw_standard_20aa_residue_count	83	4	4
ml_clean_partitions	T1/2	semantic_review	raw_standard_20aa_residue_count	84	2	2
ml_clean_partitions	T1/2	semantic_review	raw_standard_20aa_residue_count	85	8	8
ml_clean_partitions	T1/2	semantic_review	raw_standard_20aa_residue_count	87	4	4
ml_clean_partitions	T1/2	semantic_review	raw_standard_20aa_residue_count	98	2	2
ml_clean_partitions	T1/2	semantic_review	raw_standard_20aa_residue_count	100	2	2
ml_clean_partitions	T1/2	semantic_review	raw_standard_20aa_residue_count	114	5	5
ml_clean_partitions	T1/2	semantic_review	raw_standard_20aa_residue_count	116	1	1
ml_clean_partitions	T1/2	semantic_review	raw_standard_20aa_residue_count	118	11	11
ml_clean_partitions	T1/2	semantic_review	raw_standard_20aa_residue_count	124	2	2
ml_clean_partitions	T1/2	semantic_review	raw_standard_20aa_residue_count	132	2	2
ml_clean_partitions	T1/2	semantic_review	raw_standard_20aa_residue_count	140	4	4
ml_clean_partitions	T1/2	semantic_review	raw_standard_20aa_residue_count	165	3	3
ml_clean_partitions	T1/2	semantic_review	raw_standard_20aa_residue_count	166	2	2
ml_clean_partitions	T1/2	semantic_review	raw_standard_20aa_residue_count	178	2	2
ml_clean_partitions	T1/2	semantic_review	raw_standard_20aa_residue_count	187	3	3
ml_clean_partitions	T1/2	semantic_review	raw_standard_20aa_residue_count	191	5	5
ml_clean_partitions	T1/2	semantic_review	raw_standard_20aa_residue_count	214	4	4
ml_clean_partitions	T1/2	semantic_review	raw_standard_20aa_residue_count	216	3	3
ml_clean_partitions	T1/2	semantic_review	raw_standard_20aa_residue_count	275	5	5
ml_clean_partitions	T1/2	semantic_review	raw_standard_20aa_residue_count	291	6	6
ml_clean_partitions	T1/2	semantic_review	raw_standard_20aa_residue_count	296	3	3
ml_clean_partitions	T1/2	semantic_review	raw_standard_20aa_residue_count	309	4	4
ml_clean_partitions	T1/2	semantic_review	raw_standard_20aa_residue_count	335	2	2
ml_clean_partitions	T1/2	semantic_review	raw_standard_20aa_residue_count	341	6	6
ml_clean_partitions	T1/2	semantic_review	raw_standard_20aa_residue_count	361	6	6
ml_clean_partitions	T1/2	semantic_review	raw_standard_20aa_residue_count	365	2	2
ml_clean_partitions	T1/2	semantic_review	raw_standard_20aa_residue_count	387	2	2
ml_clean_partitions	T1/2	semantic_review	raw_standard_20aa_residue_count	585	2	2
ml_clean_partitions	T1/2	semantic_review	raw_standard_20aa_residue_count	654	3	3
ml_clean_partitions	T1/2	semantic_review	raw_standard_20aa_residue_count	806	3	3
ml_clean_partitions	T1/2	semantic_review	raw_standard_20aa_residue_count	865	3	3
ml_clean_partitions	T1/2	semantic_review	selected_model_residue_count_sequence_or_helm	1	9	9
ml_clean_partitions	T1/2	semantic_review	selected_model_residue_count_sequence_or_helm	2	2	2
ml_clean_partitions	T1/2	semantic_review	selected_model_residue_count_sequence_or_helm	3	26	26
ml_clean_partitions	T1/2	semantic_review	selected_model_residue_count_sequence_or_helm	4	23	23
ml_clean_partitions	T1/2	semantic_review	selected_model_residue_count_sequence_or_helm	5	69	74
ml_clean_partitions	T1/2	semantic_review	selected_model_residue_count_sequence_or_helm	6	24	24
ml_clean_partitions	T1/2	semantic_review	selected_model_residue_count_sequence_or_helm	7	64	65
ml_clean_partitions	T1/2	semantic_review	selected_model_residue_count_sequence_or_helm	8	29	29
ml_clean_partitions	T1/2	semantic_review	selected_model_residue_count_sequence_or_helm	9	49	49
ml_clean_partitions	T1/2	semantic_review	selected_model_residue_count_sequence_or_helm	10	24	25
ml_clean_partitions	T1/2	semantic_review	selected_model_residue_count_sequence_or_helm	11	10	10
ml_clean_partitions	T1/2	semantic_review	selected_model_residue_count_sequence_or_helm	12	17	18
ml_clean_partitions	T1/2	semantic_review	selected_model_residue_count_sequence_or_helm	13	6	6
ml_clean_partitions	T1/2	semantic_review	selected_model_residue_count_sequence_or_helm	14	13	13
ml_clean_partitions	T1/2	semantic_review	selected_model_residue_count_sequence_or_helm	15	8	8
ml_clean_partitions	T1/2	semantic_review	selected_model_residue_count_sequence_or_helm	16	22	27
ml_clean_partitions	T1/2	semantic_review	selected_model_residue_count_sequence_or_helm	17	7	7
ml_clean_partitions	T1/2	semantic_review	selected_model_residue_count_sequence_or_helm	18	26	26
ml_clean_partitions	T1/2	semantic_review	selected_model_residue_count_sequence_or_helm	19	8	8
ml_clean_partitions	T1/2	semantic_review	selected_model_residue_count_sequence_or_helm	20	20	20
ml_clean_partitions	T1/2	semantic_review	selected_model_residue_count_sequence_or_helm	21	12	12
ml_clean_partitions	T1/2	semantic_review	selected_model_residue_count_sequence_or_helm	22	25	25
ml_clean_partitions	T1/2	semantic_review	selected_model_residue_count_sequence_or_helm	23	11	11
ml_clean_partitions	T1/2	semantic_review	selected_model_residue_count_sequence_or_helm	24	22	22
ml_clean_partitions	T1/2	semantic_review	selected_model_residue_count_sequence_or_helm	26	10	10
ml_clean_partitions	T1/2	semantic_review	selected_model_residue_count_sequence_or_helm	27	3	3
ml_clean_partitions	T1/2	semantic_review	selected_model_residue_count_sequence_or_helm	28	38	38
ml_clean_partitions	T1/2	semantic_review	selected_model_residue_count_sequence_or_helm	29	25	25
ml_clean_partitions	T1/2	semantic_review	selected_model_residue_count_sequence_or_helm	30	57	57
ml_clean_partitions	T1/2	semantic_review	selected_model_residue_count_sequence_or_helm	31	58	63
ml_clean_partitions	T1/2	semantic_review	selected_model_residue_count_sequence_or_helm	32	27	27
ml_clean_partitions	T1/2	semantic_review	selected_model_residue_count_sequence_or_helm	33	21	21
ml_clean_partitions	T1/2	semantic_review	selected_model_residue_count_sequence_or_helm	34	42	45
ml_clean_partitions	T1/2	semantic_review	selected_model_residue_count_sequence_or_helm	35	11	11
ml_clean_partitions	T1/2	semantic_review	selected_model_residue_count_sequence_or_helm	36	26	26
ml_clean_partitions	T1/2	semantic_review	selected_model_residue_count_sequence_or_helm	37	12	12
ml_clean_partitions	T1/2	semantic_review	selected_model_residue_count_sequence_or_helm	38	22	22
ml_clean_partitions	T1/2	semantic_review	selected_model_residue_count_sequence_or_helm	39	87	92
ml_clean_partitions	T1/2	semantic_review	selected_model_residue_count_sequence_or_helm	40	26	26
ml_clean_partitions	T1/2	semantic_review	selected_model_residue_count_sequence_or_helm	41	63	63
ml_clean_partitions	T1/2	semantic_review	selected_model_residue_count_sequence_or_helm	42	9	9
ml_clean_partitions	T1/2	semantic_review	selected_model_residue_count_sequence_or_helm	43	15	15
ml_clean_partitions	T1/2	semantic_review	selected_model_residue_count_sequence_or_helm	45	5	5
ml_clean_partitions	T1/2	semantic_review	selected_model_residue_count_sequence_or_helm	46	3	3
ml_clean_partitions	T1/2	semantic_review	selected_model_residue_count_sequence_or_helm	47	41	41
ml_clean_partitions	T1/2	semantic_review	selected_model_residue_count_sequence_or_helm	49	10	10
ml_clean_partitions	T1/2	semantic_review	selected_model_residue_count_sequence_or_helm	50	13	13
ml_clean_partitions	T1/2	semantic_review	selected_model_residue_count_sequence_or_helm	52	6	6
ml_clean_partitions	T1/2	semantic_review	selected_model_residue_count_sequence_or_helm	56	4	4
ml_clean_partitions	T1/2	semantic_review	selected_model_residue_count_sequence_or_helm	59	2	2
ml_clean_partitions	T1/2	semantic_review	selected_model_residue_count_sequence_or_helm	62	7	7
ml_clean_partitions	T1/2	semantic_review	selected_model_residue_count_sequence_or_helm	70	15	15
ml_clean_partitions	T1/2	semantic_review	selected_model_residue_count_sequence_or_helm	73	3	3
ml_clean_partitions	T1/2	semantic_review	selected_model_residue_count_sequence_or_helm	83	4	4
ml_clean_partitions	T1/2	semantic_review	selected_model_residue_count_sequence_or_helm	84	2	2
ml_clean_partitions	T1/2	semantic_review	selected_model_residue_count_sequence_or_helm	85	8	8
ml_clean_partitions	T1/2	semantic_review	selected_model_residue_count_sequence_or_helm	87	4	4
ml_clean_partitions	T1/2	semantic_review	selected_model_residue_count_sequence_or_helm	98	2	2
ml_clean_partitions	T1/2	semantic_review	selected_model_residue_count_sequence_or_helm	100	2	2
ml_clean_partitions	T1/2	semantic_review	selected_model_residue_count_sequence_or_helm	114	5	5
ml_clean_partitions	T1/2	semantic_review	selected_model_residue_count_sequence_or_helm	116	1	1
ml_clean_partitions	T1/2	semantic_review	selected_model_residue_count_sequence_or_helm	118	11	11
ml_clean_partitions	T1/2	semantic_review	selected_model_residue_count_sequence_or_helm	124	2	2
ml_clean_partitions	T1/2	semantic_review	selected_model_residue_count_sequence_or_helm	132	2	2
ml_clean_partitions	T1/2	semantic_review	selected_model_residue_count_sequence_or_helm	140	4	4
ml_clean_partitions	T1/2	semantic_review	selected_model_residue_count_sequence_or_helm	165	3	3
ml_clean_partitions	T1/2	semantic_review	selected_model_residue_count_sequence_or_helm	166	2	2
ml_clean_partitions	T1/2	semantic_review	selected_model_residue_count_sequence_or_helm	178	2	2
ml_clean_partitions	T1/2	semantic_review	selected_model_residue_count_sequence_or_helm	187	3	3
ml_clean_partitions	T1/2	semantic_review	selected_model_residue_count_sequence_or_helm	191	5	5
ml_clean_partitions	T1/2	semantic_review	selected_model_residue_count_sequence_or_helm	214	4	4
ml_clean_partitions	T1/2	semantic_review	selected_model_residue_count_sequence_or_helm	216	3	3
ml_clean_partitions	T1/2	semantic_review	selected_model_residue_count_sequence_or_helm	275	5	5
ml_clean_partitions	T1/2	semantic_review	selected_model_residue_count_sequence_or_helm	291	6	6
ml_clean_partitions	T1/2	semantic_review	selected_model_residue_count_sequence_or_helm	296	3	3
ml_clean_partitions	T1/2	semantic_review	selected_model_residue_count_sequence_or_helm	309	4	4
ml_clean_partitions	T1/2	semantic_review	selected_model_residue_count_sequence_or_helm	335	2	2
ml_clean_partitions	T1/2	semantic_review	selected_model_residue_count_sequence_or_helm	341	6	6
ml_clean_partitions	T1/2	semantic_review	selected_model_residue_count_sequence_or_helm	361	6	6
ml_clean_partitions	T1/2	semantic_review	selected_model_residue_count_sequence_or_helm	365	2	2
ml_clean_partitions	T1/2	semantic_review	selected_model_residue_count_sequence_or_helm	387	2	2
ml_clean_partitions	T1/2	semantic_review	selected_model_residue_count_sequence_or_helm	585	2	2
ml_clean_partitions	T1/2	semantic_review	selected_model_residue_count_sequence_or_helm	654	3	3
ml_clean_partitions	T1/2	semantic_review	selected_model_residue_count_sequence_or_helm	806	3	3
ml_clean_partitions	T1/2	semantic_review	selected_model_residue_count_sequence_or_helm	865	3	3
ml_clean_partitions	T1/2	strict_numeric	raw_standard_20aa_residue_count	2	13	13
ml_clean_partitions	T1/2	strict_numeric	raw_standard_20aa_residue_count	3	11	11
ml_clean_partitions	T1/2	strict_numeric	raw_standard_20aa_residue_count	4	12	12
ml_clean_partitions	T1/2	strict_numeric	raw_standard_20aa_residue_count	5	28	28
ml_clean_partitions	T1/2	strict_numeric	raw_standard_20aa_residue_count	6	11	11
ml_clean_partitions	T1/2	strict_numeric	raw_standard_20aa_residue_count	7	28	28
ml_clean_partitions	T1/2	strict_numeric	raw_standard_20aa_residue_count	8	37	37
ml_clean_partitions	T1/2	strict_numeric	raw_standard_20aa_residue_count	9	25	25
ml_clean_partitions	T1/2	strict_numeric	raw_standard_20aa_residue_count	10	206	206
ml_clean_partitions	T1/2	strict_numeric	raw_standard_20aa_residue_count	11	13	13
ml_clean_partitions	T1/2	strict_numeric	raw_standard_20aa_residue_count	12	37	37
ml_clean_partitions	T1/2	strict_numeric	raw_standard_20aa_residue_count	13	26	26
ml_clean_partitions	T1/2	strict_numeric	raw_standard_20aa_residue_count	14	16	16
ml_clean_partitions	T1/2	strict_numeric	raw_standard_20aa_residue_count	15	11	11
ml_clean_partitions	T1/2	strict_numeric	raw_standard_20aa_residue_count	16	194	194
ml_clean_partitions	T1/2	strict_numeric	raw_standard_20aa_residue_count	17	15	15
ml_clean_partitions	T1/2	strict_numeric	raw_standard_20aa_residue_count	18	13	13
ml_clean_partitions	T1/2	strict_numeric	raw_standard_20aa_residue_count	19	7	7
ml_clean_partitions	T1/2	strict_numeric	raw_standard_20aa_residue_count	20	27	27
ml_clean_partitions	T1/2	strict_numeric	raw_standard_20aa_residue_count	21	7	7
ml_clean_partitions	T1/2	strict_numeric	raw_standard_20aa_residue_count	22	9	9
ml_clean_partitions	T1/2	strict_numeric	raw_standard_20aa_residue_count	23	11	11
ml_clean_partitions	T1/2	strict_numeric	raw_standard_20aa_residue_count	24	6	6
ml_clean_partitions	T1/2	strict_numeric	raw_standard_20aa_residue_count	25	10	10
ml_clean_partitions	T1/2	strict_numeric	raw_standard_20aa_residue_count	26	14	14
ml_clean_partitions	T1/2	strict_numeric	raw_standard_20aa_residue_count	27	13	13
ml_clean_partitions	T1/2	strict_numeric	raw_standard_20aa_residue_count	28	37	37
ml_clean_partitions	T1/2	strict_numeric	raw_standard_20aa_residue_count	29	25	25
ml_clean_partitions	T1/2	strict_numeric	raw_standard_20aa_residue_count	30	21	22
ml_clean_partitions	T1/2	strict_numeric	raw_standard_20aa_residue_count	31	29	29
ml_clean_partitions	T1/2	strict_numeric	raw_standard_20aa_residue_count	32	11	11
ml_clean_partitions	T1/2	strict_numeric	raw_standard_20aa_residue_count	33	24	24
ml_clean_partitions	T1/2	strict_numeric	raw_standard_20aa_residue_count	34	18	18
ml_clean_partitions	T1/2	strict_numeric	raw_standard_20aa_residue_count	35	10	10
ml_clean_partitions	T1/2	strict_numeric	raw_standard_20aa_residue_count	36	14	14
ml_clean_partitions	T1/2	strict_numeric	raw_standard_20aa_residue_count	37	13	13
ml_clean_partitions	T1/2	strict_numeric	raw_standard_20aa_residue_count	38	38	38
ml_clean_partitions	T1/2	strict_numeric	raw_standard_20aa_residue_count	39	61	61
ml_clean_partitions	T1/2	strict_numeric	raw_standard_20aa_residue_count	40	14	14
ml_clean_partitions	T1/2	strict_numeric	raw_standard_20aa_residue_count	41	8	8
ml_clean_partitions	T1/2	strict_numeric	raw_standard_20aa_residue_count	42	6	6
ml_clean_partitions	T1/2	strict_numeric	raw_standard_20aa_residue_count	43	2	2
ml_clean_partitions	T1/2	strict_numeric	raw_standard_20aa_residue_count	44	3	3
ml_clean_partitions	T1/2	strict_numeric	raw_standard_20aa_residue_count	45	6	6
ml_clean_partitions	T1/2	strict_numeric	raw_standard_20aa_residue_count	46	4	4
ml_clean_partitions	T1/2	strict_numeric	raw_standard_20aa_residue_count	47	2	2
ml_clean_partitions	T1/2	strict_numeric	raw_standard_20aa_residue_count	48	2	2
ml_clean_partitions	T1/2	strict_numeric	raw_standard_20aa_residue_count	51	2	3
ml_clean_partitions	T1/2	strict_numeric	raw_standard_20aa_residue_count	53	1	1
ml_clean_partitions	T1/2	strict_numeric	raw_standard_20aa_residue_count	54	1	1
ml_clean_partitions	T1/2	strict_numeric	raw_standard_20aa_residue_count	58	5	5
ml_clean_partitions	T1/2	strict_numeric	raw_standard_20aa_residue_count	66	2	2
ml_clean_partitions	T1/2	strict_numeric	raw_standard_20aa_residue_count	70	16	16
ml_clean_partitions	T1/2	strict_numeric	raw_standard_20aa_residue_count	75	1	1
ml_clean_partitions	T1/2	strict_numeric	raw_standard_20aa_residue_count	76	2	2
ml_clean_partitions	T1/2	strict_numeric	raw_standard_20aa_residue_count	80	2	2
ml_clean_partitions	T1/2	strict_numeric	raw_standard_20aa_residue_count	82	1	1
ml_clean_partitions	T1/2	strict_numeric	raw_standard_20aa_residue_count	83	4	4
ml_clean_partitions	T1/2	strict_numeric	raw_standard_20aa_residue_count	84	1	1
ml_clean_partitions	T1/2	strict_numeric	raw_standard_20aa_residue_count	90	1	1
ml_clean_partitions	T1/2	strict_numeric	raw_standard_20aa_residue_count	93	2	2
ml_clean_partitions	T1/2	strict_numeric	raw_standard_20aa_residue_count	94	1	1
ml_clean_partitions	T1/2	strict_numeric	raw_standard_20aa_residue_count	95	1	1
ml_clean_partitions	T1/2	strict_numeric	raw_standard_20aa_residue_count	98	1	1
ml_clean_partitions	T1/2	strict_numeric	raw_standard_20aa_residue_count	108	2	2
ml_clean_partitions	T1/2	strict_numeric	raw_standard_20aa_residue_count	110	1	1
ml_clean_partitions	T1/2	strict_numeric	raw_standard_20aa_residue_count	111	1	1
ml_clean_partitions	T1/2	strict_numeric	raw_standard_20aa_residue_count	112	1	1
ml_clean_partitions	T1/2	strict_numeric	raw_standard_20aa_residue_count	114	1	1
ml_clean_partitions	T1/2	strict_numeric	raw_standard_20aa_residue_count	118	3	3
ml_clean_partitions	T1/2	strict_numeric	raw_standard_20aa_residue_count	120	1	1
ml_clean_partitions	T1/2	strict_numeric	raw_standard_20aa_residue_count	130	1	1
ml_clean_partitions	T1/2	strict_numeric	raw_standard_20aa_residue_count	139	1	1
ml_clean_partitions	T1/2	strict_numeric	raw_standard_20aa_residue_count	142	2	2
ml_clean_partitions	T1/2	strict_numeric	raw_standard_20aa_residue_count	152	1	1
ml_clean_partitions	T1/2	strict_numeric	raw_standard_20aa_residue_count	153	2	2
ml_clean_partitions	T1/2	strict_numeric	raw_standard_20aa_residue_count	158	1	1
ml_clean_partitions	T1/2	strict_numeric	raw_standard_20aa_residue_count	162	1	1
ml_clean_partitions	T1/2	strict_numeric	raw_standard_20aa_residue_count	163	1	1
ml_clean_partitions	T1/2	strict_numeric	raw_standard_20aa_residue_count	165	4	4
ml_clean_partitions	T1/2	strict_numeric	raw_standard_20aa_residue_count	168	2	2
ml_clean_partitions	T1/2	strict_numeric	raw_standard_20aa_residue_count	172	1	1
ml_clean_partitions	T1/2	strict_numeric	raw_standard_20aa_residue_count	178	4	4
ml_clean_partitions	T1/2	strict_numeric	raw_standard_20aa_residue_count	179	1	1
ml_clean_partitions	T1/2	strict_numeric	raw_standard_20aa_residue_count	181	1	1
ml_clean_partitions	T1/2	strict_numeric	raw_standard_20aa_residue_count	183	2	2
ml_clean_partitions	T1/2	strict_numeric	raw_standard_20aa_residue_count	189	2	2
ml_clean_partitions	T1/2	strict_numeric	raw_standard_20aa_residue_count	191	3	3
ml_clean_partitions	T1/2	strict_numeric	raw_standard_20aa_residue_count	193	2	2
ml_clean_partitions	T1/2	strict_numeric	raw_standard_20aa_residue_count	194	2	2
ml_clean_partitions	T1/2	strict_numeric	raw_standard_20aa_residue_count	203	1	1
ml_clean_partitions	T1/2	strict_numeric	raw_standard_20aa_residue_count	204	1	1
ml_clean_partitions	T1/2	strict_numeric	raw_standard_20aa_residue_count	210	1	1
ml_clean_partitions	T1/2	strict_numeric	raw_standard_20aa_residue_count	216	1	1
ml_clean_partitions	T1/2	strict_numeric	raw_standard_20aa_residue_count	217	1	1
ml_clean_partitions	T1/2	strict_numeric	raw_standard_20aa_residue_count	218	1	1
ml_clean_partitions	T1/2	strict_numeric	raw_standard_20aa_residue_count	239	1	1
ml_clean_partitions	T1/2	strict_numeric	raw_standard_20aa_residue_count	240	1	1
ml_clean_partitions	T1/2	strict_numeric	raw_standard_20aa_residue_count	244	1	1
ml_clean_partitions	T1/2	strict_numeric	raw_standard_20aa_residue_count	255	1	1
ml_clean_partitions	T1/2	strict_numeric	raw_standard_20aa_residue_count	265	2	2
ml_clean_partitions	T1/2	strict_numeric	raw_standard_20aa_residue_count	273	1	1
ml_clean_partitions	T1/2	strict_numeric	raw_standard_20aa_residue_count	278	1	1
ml_clean_partitions	T1/2	strict_numeric	raw_standard_20aa_residue_count	284	1	1
ml_clean_partitions	T1/2	strict_numeric	raw_standard_20aa_residue_count	287	1	1
ml_clean_partitions	T1/2	strict_numeric	raw_standard_20aa_residue_count	288	4	4
ml_clean_partitions	T1/2	strict_numeric	raw_standard_20aa_residue_count	293	1	1
ml_clean_partitions	T1/2	strict_numeric	raw_standard_20aa_residue_count	308	1	1
ml_clean_partitions	T1/2	strict_numeric	raw_standard_20aa_residue_count	318	1	1
ml_clean_partitions	T1/2	strict_numeric	raw_standard_20aa_residue_count	319	1	1
ml_clean_partitions	T1/2	strict_numeric	raw_standard_20aa_residue_count	320	1	1
ml_clean_partitions	T1/2	strict_numeric	raw_standard_20aa_residue_count	330	1	1
ml_clean_partitions	T1/2	strict_numeric	raw_standard_20aa_residue_count	347	2	2
ml_clean_partitions	T1/2	strict_numeric	raw_standard_20aa_residue_count	379	1	1
ml_clean_partitions	T1/2	strict_numeric	raw_standard_20aa_residue_count	399	1	1
ml_clean_partitions	T1/2	strict_numeric	raw_standard_20aa_residue_count	431	1	1
ml_clean_partitions	T1/2	strict_numeric	raw_standard_20aa_residue_count	462	1	1
ml_clean_partitions	T1/2	strict_numeric	raw_standard_20aa_residue_count	467	1	1
ml_clean_partitions	T1/2	strict_numeric	raw_standard_20aa_residue_count	486	1	1
ml_clean_partitions	T1/2	strict_numeric	raw_standard_20aa_residue_count	520	1	1
ml_clean_partitions	T1/2	strict_numeric	raw_standard_20aa_residue_count	568	1	1
ml_clean_partitions	T1/2	strict_numeric	raw_standard_20aa_residue_count	571	1	1
ml_clean_partitions	T1/2	strict_numeric	raw_standard_20aa_residue_count	572	1	1
ml_clean_partitions	T1/2	strict_numeric	raw_standard_20aa_residue_count	585	1	1
ml_clean_partitions	T1/2	strict_numeric	raw_standard_20aa_residue_count	590	1	1
ml_clean_partitions	T1/2	strict_numeric	raw_standard_20aa_residue_count	591	1	1
ml_clean_partitions	T1/2	strict_numeric	raw_standard_20aa_residue_count	615	3	3
ml_clean_partitions	T1/2	strict_numeric	raw_standard_20aa_residue_count	616	2	2
ml_clean_partitions	T1/2	strict_numeric	raw_standard_20aa_residue_count	697	1	1
ml_clean_partitions	T1/2	strict_numeric	raw_standard_20aa_residue_count	781	2	2
ml_clean_partitions	T1/2	strict_numeric	raw_standard_20aa_residue_count	997	1	1
ml_clean_partitions	T1/2	strict_numeric	selected_model_residue_count_sequence_or_helm	2	13	13
ml_clean_partitions	T1/2	strict_numeric	selected_model_residue_count_sequence_or_helm	3	11	11
ml_clean_partitions	T1/2	strict_numeric	selected_model_residue_count_sequence_or_helm	4	12	12
ml_clean_partitions	T1/2	strict_numeric	selected_model_residue_count_sequence_or_helm	5	28	28
ml_clean_partitions	T1/2	strict_numeric	selected_model_residue_count_sequence_or_helm	6	11	11
ml_clean_partitions	T1/2	strict_numeric	selected_model_residue_count_sequence_or_helm	7	28	28
ml_clean_partitions	T1/2	strict_numeric	selected_model_residue_count_sequence_or_helm	8	37	37
ml_clean_partitions	T1/2	strict_numeric	selected_model_residue_count_sequence_or_helm	9	25	25
ml_clean_partitions	T1/2	strict_numeric	selected_model_residue_count_sequence_or_helm	10	206	206
ml_clean_partitions	T1/2	strict_numeric	selected_model_residue_count_sequence_or_helm	11	13	13
ml_clean_partitions	T1/2	strict_numeric	selected_model_residue_count_sequence_or_helm	12	37	37
ml_clean_partitions	T1/2	strict_numeric	selected_model_residue_count_sequence_or_helm	13	26	26
ml_clean_partitions	T1/2	strict_numeric	selected_model_residue_count_sequence_or_helm	14	16	16
ml_clean_partitions	T1/2	strict_numeric	selected_model_residue_count_sequence_or_helm	15	11	11
ml_clean_partitions	T1/2	strict_numeric	selected_model_residue_count_sequence_or_helm	16	194	194
ml_clean_partitions	T1/2	strict_numeric	selected_model_residue_count_sequence_or_helm	17	15	15
ml_clean_partitions	T1/2	strict_numeric	selected_model_residue_count_sequence_or_helm	18	13	13
ml_clean_partitions	T1/2	strict_numeric	selected_model_residue_count_sequence_or_helm	19	7	7
ml_clean_partitions	T1/2	strict_numeric	selected_model_residue_count_sequence_or_helm	20	27	27
ml_clean_partitions	T1/2	strict_numeric	selected_model_residue_count_sequence_or_helm	21	7	7
ml_clean_partitions	T1/2	strict_numeric	selected_model_residue_count_sequence_or_helm	22	9	9
ml_clean_partitions	T1/2	strict_numeric	selected_model_residue_count_sequence_or_helm	23	11	11
ml_clean_partitions	T1/2	strict_numeric	selected_model_residue_count_sequence_or_helm	24	5	5
ml_clean_partitions	T1/2	strict_numeric	selected_model_residue_count_sequence_or_helm	25	10	10
ml_clean_partitions	T1/2	strict_numeric	selected_model_residue_count_sequence_or_helm	26	14	14
ml_clean_partitions	T1/2	strict_numeric	selected_model_residue_count_sequence_or_helm	27	13	13
ml_clean_partitions	T1/2	strict_numeric	selected_model_residue_count_sequence_or_helm	28	35	35
ml_clean_partitions	T1/2	strict_numeric	selected_model_residue_count_sequence_or_helm	29	25	25
ml_clean_partitions	T1/2	strict_numeric	selected_model_residue_count_sequence_or_helm	30	21	22
ml_clean_partitions	T1/2	strict_numeric	selected_model_residue_count_sequence_or_helm	31	29	29
ml_clean_partitions	T1/2	strict_numeric	selected_model_residue_count_sequence_or_helm	32	10	10
ml_clean_partitions	T1/2	strict_numeric	selected_model_residue_count_sequence_or_helm	33	24	24
ml_clean_partitions	T1/2	strict_numeric	selected_model_residue_count_sequence_or_helm	34	18	18
ml_clean_partitions	T1/2	strict_numeric	selected_model_residue_count_sequence_or_helm	35	10	10
ml_clean_partitions	T1/2	strict_numeric	selected_model_residue_count_sequence_or_helm	36	14	14
ml_clean_partitions	T1/2	strict_numeric	selected_model_residue_count_sequence_or_helm	37	13	13
ml_clean_partitions	T1/2	strict_numeric	selected_model_residue_count_sequence_or_helm	38	38	38
ml_clean_partitions	T1/2	strict_numeric	selected_model_residue_count_sequence_or_helm	39	60	60
ml_clean_partitions	T1/2	strict_numeric	selected_model_residue_count_sequence_or_helm	40	14	14
ml_clean_partitions	T1/2	strict_numeric	selected_model_residue_count_sequence_or_helm	41	8	8
ml_clean_partitions	T1/2	strict_numeric	selected_model_residue_count_sequence_or_helm	42	6	6
ml_clean_partitions	T1/2	strict_numeric	selected_model_residue_count_sequence_or_helm	43	2	2
ml_clean_partitions	T1/2	strict_numeric	selected_model_residue_count_sequence_or_helm	44	3	3
ml_clean_partitions	T1/2	strict_numeric	selected_model_residue_count_sequence_or_helm	45	6	6
ml_clean_partitions	T1/2	strict_numeric	selected_model_residue_count_sequence_or_helm	46	4	4
ml_clean_partitions	T1/2	strict_numeric	selected_model_residue_count_sequence_or_helm	47	2	2
ml_clean_partitions	T1/2	strict_numeric	selected_model_residue_count_sequence_or_helm	48	2	2
ml_clean_partitions	T1/2	strict_numeric	selected_model_residue_count_sequence_or_helm	51	2	3
ml_clean_partitions	T1/2	strict_numeric	selected_model_residue_count_sequence_or_helm	53	1	1
ml_clean_partitions	T1/2	strict_numeric	selected_model_residue_count_sequence_or_helm	54	1	1
ml_clean_partitions	T1/2	strict_numeric	selected_model_residue_count_sequence_or_helm	58	5	5
ml_clean_partitions	T1/2	strict_numeric	selected_model_residue_count_sequence_or_helm	66	2	2
ml_clean_partitions	T1/2	strict_numeric	selected_model_residue_count_sequence_or_helm	70	16	16
ml_clean_partitions	T1/2	strict_numeric	selected_model_residue_count_sequence_or_helm	75	1	1
ml_clean_partitions	T1/2	strict_numeric	selected_model_residue_count_sequence_or_helm	76	2	2
ml_clean_partitions	T1/2	strict_numeric	selected_model_residue_count_sequence_or_helm	80	2	2
ml_clean_partitions	T1/2	strict_numeric	selected_model_residue_count_sequence_or_helm	82	1	1
ml_clean_partitions	T1/2	strict_numeric	selected_model_residue_count_sequence_or_helm	83	4	4
ml_clean_partitions	T1/2	strict_numeric	selected_model_residue_count_sequence_or_helm	84	1	1
ml_clean_partitions	T1/2	strict_numeric	selected_model_residue_count_sequence_or_helm	90	1	1
ml_clean_partitions	T1/2	strict_numeric	selected_model_residue_count_sequence_or_helm	93	2	2
ml_clean_partitions	T1/2	strict_numeric	selected_model_residue_count_sequence_or_helm	94	1	1
ml_clean_partitions	T1/2	strict_numeric	selected_model_residue_count_sequence_or_helm	95	1	1
ml_clean_partitions	T1/2	strict_numeric	selected_model_residue_count_sequence_or_helm	98	1	1
ml_clean_partitions	T1/2	strict_numeric	selected_model_residue_count_sequence_or_helm	108	2	2
ml_clean_partitions	T1/2	strict_numeric	selected_model_residue_count_sequence_or_helm	110	1	1
ml_clean_partitions	T1/2	strict_numeric	selected_model_residue_count_sequence_or_helm	111	1	1
ml_clean_partitions	T1/2	strict_numeric	selected_model_residue_count_sequence_or_helm	112	1	1
ml_clean_partitions	T1/2	strict_numeric	selected_model_residue_count_sequence_or_helm	114	1	1
ml_clean_partitions	T1/2	strict_numeric	selected_model_residue_count_sequence_or_helm	118	3	3
ml_clean_partitions	T1/2	strict_numeric	selected_model_residue_count_sequence_or_helm	120	1	1
ml_clean_partitions	T1/2	strict_numeric	selected_model_residue_count_sequence_or_helm	130	1	1
ml_clean_partitions	T1/2	strict_numeric	selected_model_residue_count_sequence_or_helm	139	1	1
ml_clean_partitions	T1/2	strict_numeric	selected_model_residue_count_sequence_or_helm	142	2	2
ml_clean_partitions	T1/2	strict_numeric	selected_model_residue_count_sequence_or_helm	152	1	1
ml_clean_partitions	T1/2	strict_numeric	selected_model_residue_count_sequence_or_helm	153	2	2
ml_clean_partitions	T1/2	strict_numeric	selected_model_residue_count_sequence_or_helm	158	1	1
ml_clean_partitions	T1/2	strict_numeric	selected_model_residue_count_sequence_or_helm	162	1	1
ml_clean_partitions	T1/2	strict_numeric	selected_model_residue_count_sequence_or_helm	163	1	1
ml_clean_partitions	T1/2	strict_numeric	selected_model_residue_count_sequence_or_helm	165	4	4
ml_clean_partitions	T1/2	strict_numeric	selected_model_residue_count_sequence_or_helm	168	2	2
ml_clean_partitions	T1/2	strict_numeric	selected_model_residue_count_sequence_or_helm	172	1	1
ml_clean_partitions	T1/2	strict_numeric	selected_model_residue_count_sequence_or_helm	178	4	4
ml_clean_partitions	T1/2	strict_numeric	selected_model_residue_count_sequence_or_helm	179	1	1
ml_clean_partitions	T1/2	strict_numeric	selected_model_residue_count_sequence_or_helm	181	1	1
ml_clean_partitions	T1/2	strict_numeric	selected_model_residue_count_sequence_or_helm	183	2	2
ml_clean_partitions	T1/2	strict_numeric	selected_model_residue_count_sequence_or_helm	189	2	2
ml_clean_partitions	T1/2	strict_numeric	selected_model_residue_count_sequence_or_helm	191	3	3
ml_clean_partitions	T1/2	strict_numeric	selected_model_residue_count_sequence_or_helm	193	2	2
ml_clean_partitions	T1/2	strict_numeric	selected_model_residue_count_sequence_or_helm	194	2	2
ml_clean_partitions	T1/2	strict_numeric	selected_model_residue_count_sequence_or_helm	203	1	1
ml_clean_partitions	T1/2	strict_numeric	selected_model_residue_count_sequence_or_helm	204	1	1
ml_clean_partitions	T1/2	strict_numeric	selected_model_residue_count_sequence_or_helm	210	1	1
ml_clean_partitions	T1/2	strict_numeric	selected_model_residue_count_sequence_or_helm	216	1	1
ml_clean_partitions	T1/2	strict_numeric	selected_model_residue_count_sequence_or_helm	217	1	1
ml_clean_partitions	T1/2	strict_numeric	selected_model_residue_count_sequence_or_helm	218	1	1
ml_clean_partitions	T1/2	strict_numeric	selected_model_residue_count_sequence_or_helm	239	1	1
ml_clean_partitions	T1/2	strict_numeric	selected_model_residue_count_sequence_or_helm	240	1	1
ml_clean_partitions	T1/2	strict_numeric	selected_model_residue_count_sequence_or_helm	244	1	1
ml_clean_partitions	T1/2	strict_numeric	selected_model_residue_count_sequence_or_helm	255	1	1
ml_clean_partitions	T1/2	strict_numeric	selected_model_residue_count_sequence_or_helm	265	2	2
ml_clean_partitions	T1/2	strict_numeric	selected_model_residue_count_sequence_or_helm	273	1	1
ml_clean_partitions	T1/2	strict_numeric	selected_model_residue_count_sequence_or_helm	278	1	1
ml_clean_partitions	T1/2	strict_numeric	selected_model_residue_count_sequence_or_helm	284	1	1
ml_clean_partitions	T1/2	strict_numeric	selected_model_residue_count_sequence_or_helm	287	1	1
ml_clean_partitions	T1/2	strict_numeric	selected_model_residue_count_sequence_or_helm	288	4	4
ml_clean_partitions	T1/2	strict_numeric	selected_model_residue_count_sequence_or_helm	293	1	1
ml_clean_partitions	T1/2	strict_numeric	selected_model_residue_count_sequence_or_helm	308	1	1
ml_clean_partitions	T1/2	strict_numeric	selected_model_residue_count_sequence_or_helm	318	1	1
ml_clean_partitions	T1/2	strict_numeric	selected_model_residue_count_sequence_or_helm	319	1	1
ml_clean_partitions	T1/2	strict_numeric	selected_model_residue_count_sequence_or_helm	320	1	1
ml_clean_partitions	T1/2	strict_numeric	selected_model_residue_count_sequence_or_helm	330	1	1
ml_clean_partitions	T1/2	strict_numeric	selected_model_residue_count_sequence_or_helm	347	2	2
ml_clean_partitions	T1/2	strict_numeric	selected_model_residue_count_sequence_or_helm	379	1	1
ml_clean_partitions	T1/2	strict_numeric	selected_model_residue_count_sequence_or_helm	399	1	1
ml_clean_partitions	T1/2	strict_numeric	selected_model_residue_count_sequence_or_helm	431	1	1
ml_clean_partitions	T1/2	strict_numeric	selected_model_residue_count_sequence_or_helm	462	1	1
ml_clean_partitions	T1/2	strict_numeric	selected_model_residue_count_sequence_or_helm	467	1	1
ml_clean_partitions	T1/2	strict_numeric	selected_model_residue_count_sequence_or_helm	486	1	1
ml_clean_partitions	T1/2	strict_numeric	selected_model_residue_count_sequence_or_helm	520	1	1
ml_clean_partitions	T1/2	strict_numeric	selected_model_residue_count_sequence_or_helm	568	1	1
ml_clean_partitions	T1/2	strict_numeric	selected_model_residue_count_sequence_or_helm	571	1	1
ml_clean_partitions	T1/2	strict_numeric	selected_model_residue_count_sequence_or_helm	572	1	1
ml_clean_partitions	T1/2	strict_numeric	selected_model_residue_count_sequence_or_helm	585	1	1
ml_clean_partitions	T1/2	strict_numeric	selected_model_residue_count_sequence_or_helm	590	1	1
ml_clean_partitions	T1/2	strict_numeric	selected_model_residue_count_sequence_or_helm	591	1	1
ml_clean_partitions	T1/2	strict_numeric	selected_model_residue_count_sequence_or_helm	615	3	3
ml_clean_partitions	T1/2	strict_numeric	selected_model_residue_count_sequence_or_helm	616	2	2
ml_clean_partitions	T1/2	strict_numeric	selected_model_residue_count_sequence_or_helm	697	1	1
ml_clean_partitions	T1/2	strict_numeric	selected_model_residue_count_sequence_or_helm	781	2	2
ml_clean_partitions	T1/2	strict_numeric	selected_model_residue_count_sequence_or_helm	997	1	1
ml_clean_partitions	Vd	identity_review	raw_standard_20aa_residue_count	6	6	6
ml_clean_partitions	Vd	semantic_review	raw_standard_20aa_residue_count	9	10	10
ml_clean_partitions	Vd	semantic_review	selected_model_residue_count_sequence_or_helm	9	10	10
ml_clean_partitions	Vd	strict_numeric	raw_standard_20aa_residue_count	9	11	11
ml_clean_partitions	Vd	strict_numeric	raw_standard_20aa_residue_count	12	2	2
ml_clean_partitions	Vd	strict_numeric	raw_standard_20aa_residue_count	17	6	6
ml_clean_partitions	Vd	strict_numeric	raw_standard_20aa_residue_count	18	4	4
ml_clean_partitions	Vd	strict_numeric	raw_standard_20aa_residue_count	30	5	5
ml_clean_partitions	Vd	strict_numeric	raw_standard_20aa_residue_count	39	5	5
ml_clean_partitions	Vd	strict_numeric	selected_model_residue_count_sequence_or_helm	9	6	6
ml_clean_partitions	Vd	strict_numeric	selected_model_residue_count_sequence_or_helm	12	2	2
ml_clean_partitions	Vd	strict_numeric	selected_model_residue_count_sequence_or_helm	18	4	4
ml_clean_partitions	Vd	strict_numeric	selected_model_residue_count_sequence_or_helm	19	6	6
ml_clean_partitions	Vd	strict_numeric	selected_model_residue_count_sequence_or_helm	30	5	5
ml_clean_partitions	Vd	strict_numeric	selected_model_residue_count_sequence_or_helm	39	5	5
ml_clean_partitions	cell_penetration	positive_unlabeled	raw_standard_20aa_residue_count	3	1	1
ml_clean_partitions	cell_penetration	positive_unlabeled	raw_standard_20aa_residue_count	4	2	2
ml_clean_partitions	cell_penetration	positive_unlabeled	raw_standard_20aa_residue_count	5	23	23
ml_clean_partitions	cell_penetration	positive_unlabeled	raw_standard_20aa_residue_count	6	10	10
ml_clean_partitions	cell_penetration	positive_unlabeled	raw_standard_20aa_residue_count	7	8	8
ml_clean_partitions	cell_penetration	positive_unlabeled	raw_standard_20aa_residue_count	8	17	17
ml_clean_partitions	cell_penetration	positive_unlabeled	raw_standard_20aa_residue_count	9	30	30
ml_clean_partitions	cell_penetration	positive_unlabeled	raw_standard_20aa_residue_count	10	45	45
ml_clean_partitions	cell_penetration	positive_unlabeled	raw_standard_20aa_residue_count	11	36	36
ml_clean_partitions	cell_penetration	positive_unlabeled	raw_standard_20aa_residue_count	12	108	108
ml_clean_partitions	cell_penetration	positive_unlabeled	raw_standard_20aa_residue_count	13	37	37
ml_clean_partitions	cell_penetration	positive_unlabeled	raw_standard_20aa_residue_count	14	22	22
ml_clean_partitions	cell_penetration	positive_unlabeled	raw_standard_20aa_residue_count	15	53	53
ml_clean_partitions	cell_penetration	positive_unlabeled	raw_standard_20aa_residue_count	16	80	80
ml_clean_partitions	cell_penetration	positive_unlabeled	raw_standard_20aa_residue_count	17	19	19
ml_clean_partitions	cell_penetration	positive_unlabeled	raw_standard_20aa_residue_count	18	63	63
ml_clean_partitions	cell_penetration	positive_unlabeled	raw_standard_20aa_residue_count	19	14	14
ml_clean_partitions	cell_penetration	positive_unlabeled	raw_standard_20aa_residue_count	20	28	28
ml_clean_partitions	cell_penetration	positive_unlabeled	raw_standard_20aa_residue_count	21	15	15
ml_clean_partitions	cell_penetration	positive_unlabeled	raw_standard_20aa_residue_count	22	23	23
ml_clean_partitions	cell_penetration	positive_unlabeled	raw_standard_20aa_residue_count	23	12	12
ml_clean_partitions	cell_penetration	positive_unlabeled	raw_standard_20aa_residue_count	24	6	6
ml_clean_partitions	cell_penetration	positive_unlabeled	raw_standard_20aa_residue_count	25	6	6
ml_clean_partitions	cell_penetration	positive_unlabeled	raw_standard_20aa_residue_count	26	11	11
ml_clean_partitions	cell_penetration	positive_unlabeled	raw_standard_20aa_residue_count	27	18	18
ml_clean_partitions	cell_penetration	positive_unlabeled	raw_standard_20aa_residue_count	28	9	9
ml_clean_partitions	cell_penetration	positive_unlabeled	raw_standard_20aa_residue_count	29	6	6
ml_clean_partitions	cell_penetration	positive_unlabeled	raw_standard_20aa_residue_count	30	8	8
ml_clean_partitions	cell_penetration	positive_unlabeled	raw_standard_20aa_residue_count	32	1	1
ml_clean_partitions	cell_penetration	positive_unlabeled	raw_standard_20aa_residue_count	33	2	2
ml_clean_partitions	cell_penetration	positive_unlabeled	raw_standard_20aa_residue_count	34	9	9
ml_clean_partitions	cell_penetration	positive_unlabeled	raw_standard_20aa_residue_count	35	2	2
ml_clean_partitions	cell_penetration	positive_unlabeled	raw_standard_20aa_residue_count	36	2	2
ml_clean_partitions	cell_penetration	positive_unlabeled	raw_standard_20aa_residue_count	37	4	4
ml_clean_partitions	cell_penetration	positive_unlabeled	raw_standard_20aa_residue_count	38	3	3
ml_clean_partitions	cell_penetration	positive_unlabeled	raw_standard_20aa_residue_count	39	1	1
ml_clean_partitions	cell_penetration	positive_unlabeled	raw_standard_20aa_residue_count	41	1	1
ml_clean_partitions	cell_penetration	positive_unlabeled	raw_standard_20aa_residue_count	42	1	1
ml_clean_partitions	cell_penetration	positive_unlabeled	raw_standard_20aa_residue_count	43	1	1
ml_clean_partitions	cell_penetration	positive_unlabeled	selected_model_residue_count_sequence_or_helm	5	3	3
ml_clean_partitions	cell_penetration	positive_unlabeled	selected_model_residue_count_sequence_or_helm	6	3	3
ml_clean_partitions	cell_penetration	positive_unlabeled	selected_model_residue_count_sequence_or_helm	7	24	24
ml_clean_partitions	cell_penetration	positive_unlabeled	selected_model_residue_count_sequence_or_helm	8	11	11
ml_clean_partitions	cell_penetration	positive_unlabeled	selected_model_residue_count_sequence_or_helm	9	11	11
ml_clean_partitions	cell_penetration	positive_unlabeled	selected_model_residue_count_sequence_or_helm	10	30	30
ml_clean_partitions	cell_penetration	positive_unlabeled	selected_model_residue_count_sequence_or_helm	11	34	34
ml_clean_partitions	cell_penetration	positive_unlabeled	selected_model_residue_count_sequence_or_helm	12	46	46
ml_clean_partitions	cell_penetration	positive_unlabeled	selected_model_residue_count_sequence_or_helm	13	36	36
ml_clean_partitions	cell_penetration	positive_unlabeled	selected_model_residue_count_sequence_or_helm	14	109	109
ml_clean_partitions	cell_penetration	positive_unlabeled	selected_model_residue_count_sequence_or_helm	15	37	37
ml_clean_partitions	cell_penetration	positive_unlabeled	selected_model_residue_count_sequence_or_helm	16	23	23
ml_clean_partitions	cell_penetration	positive_unlabeled	selected_model_residue_count_sequence_or_helm	17	61	61
ml_clean_partitions	cell_penetration	positive_unlabeled	selected_model_residue_count_sequence_or_helm	18	83	83
ml_clean_partitions	cell_penetration	positive_unlabeled	selected_model_residue_count_sequence_or_helm	19	23	23
ml_clean_partitions	cell_penetration	positive_unlabeled	selected_model_residue_count_sequence_or_helm	20	64	64
ml_clean_partitions	cell_penetration	positive_unlabeled	selected_model_residue_count_sequence_or_helm	21	15	15
ml_clean_partitions	cell_penetration	positive_unlabeled	selected_model_residue_count_sequence_or_helm	22	28	28
ml_clean_partitions	cell_penetration	positive_unlabeled	selected_model_residue_count_sequence_or_helm	23	16	16
ml_clean_partitions	cell_penetration	positive_unlabeled	selected_model_residue_count_sequence_or_helm	24	23	23
ml_clean_partitions	cell_penetration	positive_unlabeled	selected_model_residue_count_sequence_or_helm	25	12	12
ml_clean_partitions	cell_penetration	positive_unlabeled	selected_model_residue_count_sequence_or_helm	26	6	6
ml_clean_partitions	cell_penetration	positive_unlabeled	selected_model_residue_count_sequence_or_helm	27	6	6
ml_clean_partitions	cell_penetration	positive_unlabeled	selected_model_residue_count_sequence_or_helm	28	11	11
ml_clean_partitions	cell_penetration	positive_unlabeled	selected_model_residue_count_sequence_or_helm	29	18	18
ml_clean_partitions	cell_penetration	positive_unlabeled	selected_model_residue_count_sequence_or_helm	30	9	9
ml_clean_partitions	cell_penetration	positive_unlabeled	selected_model_residue_count_sequence_or_helm	31	6	6
ml_clean_partitions	cell_penetration	positive_unlabeled	selected_model_residue_count_sequence_or_helm	32	8	8
ml_clean_partitions	cell_penetration	positive_unlabeled	selected_model_residue_count_sequence_or_helm	34	1	1
ml_clean_partitions	cell_penetration	positive_unlabeled	selected_model_residue_count_sequence_or_helm	35	3	3
ml_clean_partitions	cell_penetration	positive_unlabeled	selected_model_residue_count_sequence_or_helm	36	9	9
ml_clean_partitions	cell_penetration	positive_unlabeled	selected_model_residue_count_sequence_or_helm	37	2	2
ml_clean_partitions	cell_penetration	positive_unlabeled	selected_model_residue_count_sequence_or_helm	38	2	2
ml_clean_partitions	cell_penetration	positive_unlabeled	selected_model_residue_count_sequence_or_helm	39	4	4
ml_clean_partitions	cell_penetration	positive_unlabeled	selected_model_residue_count_sequence_or_helm	40	3	3
ml_clean_partitions	cell_penetration	positive_unlabeled	selected_model_residue_count_sequence_or_helm	41	1	1
ml_clean_partitions	cell_penetration	positive_unlabeled	selected_model_residue_count_sequence_or_helm	43	1	1
ml_clean_partitions	cell_penetration	positive_unlabeled	selected_model_residue_count_sequence_or_helm	44	1	1
ml_clean_partitions	cell_penetration	positive_unlabeled	selected_model_residue_count_sequence_or_helm	45	1	1
ml_clean_partitions	permeability	semantic_review	selected_model_residue_count_sequence_or_helm	4	2	2
ml_clean_partitions	permeability	semantic_review	selected_model_residue_count_sequence_or_helm	5	2	2
ml_clean_partitions	permeability	semantic_review	selected_model_residue_count_sequence_or_helm	6	82	85
ml_clean_partitions	permeability	semantic_review	selected_model_residue_count_sequence_or_helm	9	20	20
ml_clean_partitions	permeability	semantic_review	selected_model_residue_count_sequence_or_helm	10	2	2
ml_clean_partitions	permeability	semantic_review	selected_model_residue_count_sequence_or_helm	11	31	32
ml_clean_partitions	permeability	semantic_review	selected_model_residue_count_sequence_or_helm	12	10	11
ml_clean_partitions	permeability	strict_numeric	selected_model_residue_count_sequence_or_helm	2	4	4
ml_clean_partitions	permeability	strict_numeric	selected_model_residue_count_sequence_or_helm	3	114	114
ml_clean_partitions	permeability	strict_numeric	selected_model_residue_count_sequence_or_helm	4	88	88
ml_clean_partitions	permeability	strict_numeric	selected_model_residue_count_sequence_or_helm	5	77	77
ml_clean_partitions	permeability	strict_numeric	selected_model_residue_count_sequence_or_helm	6	2155	2155
ml_clean_partitions	permeability	strict_numeric	selected_model_residue_count_sequence_or_helm	7	1914	1914
ml_clean_partitions	permeability	strict_numeric	selected_model_residue_count_sequence_or_helm	8	129	129
ml_clean_partitions	permeability	strict_numeric	selected_model_residue_count_sequence_or_helm	9	404	406
ml_clean_partitions	permeability	strict_numeric	selected_model_residue_count_sequence_or_helm	10	1790	1791
ml_clean_partitions	permeability	strict_numeric	selected_model_residue_count_sequence_or_helm	11	630	653
ml_clean_partitions	permeability	strict_numeric	selected_model_residue_count_sequence_or_helm	12	606	616
ml_clean_partitions	permeability	strict_numeric	selected_model_residue_count_sequence_or_helm	13	226	226
ml_clean_partitions	permeability	strict_numeric	selected_model_residue_count_sequence_or_helm	14	113	113
ml_clean_partitions	permeability	strict_numeric	selected_model_residue_count_sequence_or_helm	15	15	15
ml_clean_partitions	solubility	binary_evidence_catalog	raw_standard_20aa_residue_count	7	2	2
ml_clean_partitions	solubility	binary_evidence_catalog	raw_standard_20aa_residue_count	8	47	47
ml_clean_partitions	solubility	binary_evidence_catalog	raw_standard_20aa_residue_count	9	93	93
ml_clean_partitions	solubility	binary_evidence_catalog	raw_standard_20aa_residue_count	10	29	29
ml_clean_partitions	solubility	binary_evidence_catalog	raw_standard_20aa_residue_count	11	16	16
ml_clean_partitions	solubility	binary_evidence_catalog	raw_standard_20aa_residue_count	13	2	2
ml_clean_partitions	solubility	binary_evidence_catalog	raw_standard_20aa_residue_count	14	2	2
ml_clean_partitions	solubility	binary_evidence_catalog	raw_standard_20aa_residue_count	15	158	158
ml_clean_partitions	solubility	binary_evidence_catalog	raw_standard_20aa_residue_count	16	3	3
ml_clean_partitions	solubility	binary_evidence_catalog	raw_standard_20aa_residue_count	17	241	241
ml_clean_partitions	solubility	binary_evidence_catalog	raw_standard_20aa_residue_count	18	7	7
ml_clean_partitions	solubility	binary_evidence_catalog	raw_standard_20aa_residue_count	19	2	2
ml_clean_partitions	solubility	binary_evidence_catalog	raw_standard_20aa_residue_count	20	7	7
ml_clean_partitions	solubility	binary_evidence_catalog	raw_standard_20aa_residue_count	21	2	2
ml_clean_partitions	solubility	binary_evidence_catalog	raw_standard_20aa_residue_count	22	7	7
ml_clean_partitions	solubility	binary_evidence_catalog	raw_standard_20aa_residue_count	23	1	1
ml_clean_partitions	solubility	binary_evidence_catalog	raw_standard_20aa_residue_count	24	12	12
ml_clean_partitions	solubility	binary_evidence_catalog	raw_standard_20aa_residue_count	25	887	887
ml_clean_partitions	solubility	binary_evidence_catalog	raw_standard_20aa_residue_count	26	3	3
ml_clean_partitions	solubility	binary_evidence_catalog	raw_standard_20aa_residue_count	27	545	545
ml_clean_partitions	solubility	binary_evidence_catalog	raw_standard_20aa_residue_count	28	66	66
ml_clean_partitions	solubility	binary_evidence_catalog	raw_standard_20aa_residue_count	31	29	29
ml_clean_partitions	solubility	binary_evidence_catalog	raw_standard_20aa_residue_count	34	5	5
ml_clean_partitions	solubility	binary_evidence_catalog	raw_standard_20aa_residue_count	38	1	1
ml_clean_partitions	solubility	binary_evidence_catalog	raw_standard_20aa_residue_count	43	1	1
ml_clean_partitions	solubility	binary_evidence_catalog	selected_model_residue_count_sequence_or_helm	7	2	2
ml_clean_partitions	solubility	binary_evidence_catalog	selected_model_residue_count_sequence_or_helm	8	47	47
ml_clean_partitions	solubility	binary_evidence_catalog	selected_model_residue_count_sequence_or_helm	9	93	93
ml_clean_partitions	solubility	binary_evidence_catalog	selected_model_residue_count_sequence_or_helm	10	29	29
ml_clean_partitions	solubility	binary_evidence_catalog	selected_model_residue_count_sequence_or_helm	11	16	16
ml_clean_partitions	solubility	binary_evidence_catalog	selected_model_residue_count_sequence_or_helm	13	2	2
ml_clean_partitions	solubility	binary_evidence_catalog	selected_model_residue_count_sequence_or_helm	14	2	2
ml_clean_partitions	solubility	binary_evidence_catalog	selected_model_residue_count_sequence_or_helm	15	158	158
ml_clean_partitions	solubility	binary_evidence_catalog	selected_model_residue_count_sequence_or_helm	16	3	3
ml_clean_partitions	solubility	binary_evidence_catalog	selected_model_residue_count_sequence_or_helm	17	241	241
ml_clean_partitions	solubility	binary_evidence_catalog	selected_model_residue_count_sequence_or_helm	18	7	7
ml_clean_partitions	solubility	binary_evidence_catalog	selected_model_residue_count_sequence_or_helm	19	2	2
ml_clean_partitions	solubility	binary_evidence_catalog	selected_model_residue_count_sequence_or_helm	20	7	7
ml_clean_partitions	solubility	binary_evidence_catalog	selected_model_residue_count_sequence_or_helm	21	2	2
ml_clean_partitions	solubility	binary_evidence_catalog	selected_model_residue_count_sequence_or_helm	22	7	7
ml_clean_partitions	solubility	binary_evidence_catalog	selected_model_residue_count_sequence_or_helm	23	1	1
ml_clean_partitions	solubility	binary_evidence_catalog	selected_model_residue_count_sequence_or_helm	24	12	12
ml_clean_partitions	solubility	binary_evidence_catalog	selected_model_residue_count_sequence_or_helm	25	887	887
ml_clean_partitions	solubility	binary_evidence_catalog	selected_model_residue_count_sequence_or_helm	26	3	3
ml_clean_partitions	solubility	binary_evidence_catalog	selected_model_residue_count_sequence_or_helm	27	545	545
ml_clean_partitions	solubility	binary_evidence_catalog	selected_model_residue_count_sequence_or_helm	28	66	66
ml_clean_partitions	solubility	binary_evidence_catalog	selected_model_residue_count_sequence_or_helm	31	29	29
ml_clean_partitions	solubility	binary_evidence_catalog	selected_model_residue_count_sequence_or_helm	34	5	5
ml_clean_partitions	solubility	binary_evidence_catalog	selected_model_residue_count_sequence_or_helm	38	1	1
ml_clean_partitions	solubility	binary_evidence_catalog	selected_model_residue_count_sequence_or_helm	43	1	1
ml_clean_partitions	solubility	semantic_review	raw_standard_20aa_residue_count	2	177	177
ml_clean_partitions	solubility	semantic_review	raw_standard_20aa_residue_count	3	20	20
ml_clean_partitions	solubility	semantic_review	raw_standard_20aa_residue_count	4	20	20
ml_clean_partitions	solubility	semantic_review	raw_standard_20aa_residue_count	5	7	7
ml_clean_partitions	solubility	semantic_review	raw_standard_20aa_residue_count	6	7	7
ml_clean_partitions	solubility	semantic_review	selected_model_residue_count_sequence_or_helm	2	177	177
ml_clean_partitions	solubility	semantic_review	selected_model_residue_count_sequence_or_helm	3	20	20
ml_clean_partitions	solubility	semantic_review	selected_model_residue_count_sequence_or_helm	4	20	20
ml_clean_partitions	solubility	semantic_review	selected_model_residue_count_sequence_or_helm	5	7	7
ml_clean_partitions	solubility	semantic_review	selected_model_residue_count_sequence_or_helm	6	7	7
ml_clean_partitions	solubility	strict_numeric	raw_standard_20aa_residue_count	2	40	40
ml_clean_partitions	solubility	strict_numeric	raw_standard_20aa_residue_count	3	3	3
ml_clean_partitions	solubility	strict_numeric	raw_standard_20aa_residue_count	4	3	3
ml_clean_partitions	solubility	strict_numeric	raw_standard_20aa_residue_count	5	1	1
ml_clean_partitions	solubility	strict_numeric	raw_standard_20aa_residue_count	6	1	1
ml_clean_partitions	solubility	strict_numeric	selected_model_residue_count_sequence_or_helm	2	40	40
ml_clean_partitions	solubility	strict_numeric	selected_model_residue_count_sequence_or_helm	3	3	3
ml_clean_partitions	solubility	strict_numeric	selected_model_residue_count_sequence_or_helm	4	3	3
ml_clean_partitions	solubility	strict_numeric	selected_model_residue_count_sequence_or_helm	5	1	1
ml_clean_partitions	solubility	strict_numeric	selected_model_residue_count_sequence_or_helm	6	1	1
ml_clean_representatives	BBB	all	raw_standard_20aa_residue_count	2	2	2
ml_clean_representatives	BBB	all	raw_standard_20aa_residue_count	3	3	3
ml_clean_representatives	BBB	all	raw_standard_20aa_residue_count	4	4	4
ml_clean_representatives	BBB	all	raw_standard_20aa_residue_count	5	46	46
ml_clean_representatives	BBB	all	raw_standard_20aa_residue_count	6	35	35
ml_clean_representatives	BBB	all	raw_standard_20aa_residue_count	7	55	55
ml_clean_representatives	BBB	all	raw_standard_20aa_residue_count	8	58	58
ml_clean_representatives	BBB	all	raw_standard_20aa_residue_count	9	80	80
ml_clean_representatives	BBB	all	raw_standard_20aa_residue_count	10	63	63
ml_clean_representatives	BBB	all	raw_standard_20aa_residue_count	11	39	39
ml_clean_representatives	BBB	all	raw_standard_20aa_residue_count	12	59	59
ml_clean_representatives	BBB	all	raw_standard_20aa_residue_count	13	33	33
ml_clean_representatives	BBB	all	raw_standard_20aa_residue_count	14	22	22
ml_clean_representatives	BBB	all	raw_standard_20aa_residue_count	15	19	19
ml_clean_representatives	BBB	all	raw_standard_20aa_residue_count	16	22	22
ml_clean_representatives	BBB	all	raw_standard_20aa_residue_count	17	31	31
ml_clean_representatives	BBB	all	raw_standard_20aa_residue_count	18	24	24
ml_clean_representatives	BBB	all	raw_standard_20aa_residue_count	19	37	37
ml_clean_representatives	BBB	all	raw_standard_20aa_residue_count	20	10	10
ml_clean_representatives	BBB	all	raw_standard_20aa_residue_count	21	21	21
ml_clean_representatives	BBB	all	raw_standard_20aa_residue_count	22	14	14
ml_clean_representatives	BBB	all	raw_standard_20aa_residue_count	23	19	19
ml_clean_representatives	BBB	all	raw_standard_20aa_residue_count	24	22	22
ml_clean_representatives	BBB	all	raw_standard_20aa_residue_count	25	16	16
ml_clean_representatives	BBB	all	raw_standard_20aa_residue_count	26	8	8
ml_clean_representatives	BBB	all	raw_standard_20aa_residue_count	27	13	13
ml_clean_representatives	BBB	all	raw_standard_20aa_residue_count	28	15	15
ml_clean_representatives	BBB	all	raw_standard_20aa_residue_count	29	10	10
ml_clean_representatives	BBB	all	raw_standard_20aa_residue_count	30	23	23
ml_clean_representatives	BBB	all	raw_standard_20aa_residue_count	31	8	8
ml_clean_representatives	BBB	all	raw_standard_20aa_residue_count	32	3	3
ml_clean_representatives	BBB	all	raw_standard_20aa_residue_count	33	7	7
ml_clean_representatives	BBB	all	raw_standard_20aa_residue_count	34	5	5
ml_clean_representatives	BBB	all	raw_standard_20aa_residue_count	35	2	2
ml_clean_representatives	BBB	all	raw_standard_20aa_residue_count	36	19	19
ml_clean_representatives	BBB	all	raw_standard_20aa_residue_count	37	8	8
ml_clean_representatives	BBB	all	raw_standard_20aa_residue_count	38	11	11
ml_clean_representatives	BBB	all	raw_standard_20aa_residue_count	39	13	13
ml_clean_representatives	BBB	all	raw_standard_20aa_residue_count	40	4	4
ml_clean_representatives	BBB	all	raw_standard_20aa_residue_count	41	10	10
ml_clean_representatives	BBB	all	raw_standard_20aa_residue_count	42	4	4
ml_clean_representatives	BBB	all	raw_standard_20aa_residue_count	43	2	2
ml_clean_representatives	BBB	all	raw_standard_20aa_residue_count	44	4	4
ml_clean_representatives	BBB	all	raw_standard_20aa_residue_count	46	2	2
ml_clean_representatives	BBB	all	raw_standard_20aa_residue_count	49	2	2
ml_clean_representatives	BBB	all	raw_standard_20aa_residue_count	50	4	4
ml_clean_representatives	BBB	all	selected_model_residue_count_sequence_or_helm	2	1	1
ml_clean_representatives	BBB	all	selected_model_residue_count_sequence_or_helm	3	4	4
ml_clean_representatives	BBB	all	selected_model_residue_count_sequence_or_helm	4	5	5
ml_clean_representatives	BBB	all	selected_model_residue_count_sequence_or_helm	5	57	57
ml_clean_representatives	BBB	all	selected_model_residue_count_sequence_or_helm	6	43	43
ml_clean_representatives	BBB	all	selected_model_residue_count_sequence_or_helm	7	61	61
ml_clean_representatives	BBB	all	selected_model_residue_count_sequence_or_helm	8	68	68
ml_clean_representatives	BBB	all	selected_model_residue_count_sequence_or_helm	9	87	87
ml_clean_representatives	BBB	all	selected_model_residue_count_sequence_or_helm	10	70	70
ml_clean_representatives	BBB	all	selected_model_residue_count_sequence_or_helm	11	42	42
ml_clean_representatives	BBB	all	selected_model_residue_count_sequence_or_helm	12	61	61
ml_clean_representatives	BBB	all	selected_model_residue_count_sequence_or_helm	13	34	34
ml_clean_representatives	BBB	all	selected_model_residue_count_sequence_or_helm	14	22	22
ml_clean_representatives	BBB	all	selected_model_residue_count_sequence_or_helm	15	21	21
ml_clean_representatives	BBB	all	selected_model_residue_count_sequence_or_helm	16	24	24
ml_clean_representatives	BBB	all	selected_model_residue_count_sequence_or_helm	17	31	31
ml_clean_representatives	BBB	all	selected_model_residue_count_sequence_or_helm	18	26	26
ml_clean_representatives	BBB	all	selected_model_residue_count_sequence_or_helm	19	33	33
ml_clean_representatives	BBB	all	selected_model_residue_count_sequence_or_helm	20	10	10
ml_clean_representatives	BBB	all	selected_model_residue_count_sequence_or_helm	21	26	26
ml_clean_representatives	BBB	all	selected_model_residue_count_sequence_or_helm	22	14	14
ml_clean_representatives	BBB	all	selected_model_residue_count_sequence_or_helm	23	19	19
ml_clean_representatives	BBB	all	selected_model_residue_count_sequence_or_helm	24	22	22
ml_clean_representatives	BBB	all	selected_model_residue_count_sequence_or_helm	25	18	18
ml_clean_representatives	BBB	all	selected_model_residue_count_sequence_or_helm	26	8	8
ml_clean_representatives	BBB	all	selected_model_residue_count_sequence_or_helm	27	12	12
ml_clean_representatives	BBB	all	selected_model_residue_count_sequence_or_helm	28	13	13
ml_clean_representatives	BBB	all	selected_model_residue_count_sequence_or_helm	29	12	12
ml_clean_representatives	BBB	all	selected_model_residue_count_sequence_or_helm	30	27	27
ml_clean_representatives	BBB	all	selected_model_residue_count_sequence_or_helm	31	7	7
ml_clean_representatives	BBB	all	selected_model_residue_count_sequence_or_helm	32	3	3
ml_clean_representatives	BBB	all	selected_model_residue_count_sequence_or_helm	33	8	8
ml_clean_representatives	BBB	all	selected_model_residue_count_sequence_or_helm	34	5	5
ml_clean_representatives	BBB	all	selected_model_residue_count_sequence_or_helm	35	2	2
ml_clean_representatives	BBB	all	selected_model_residue_count_sequence_or_helm	36	17	17
ml_clean_representatives	BBB	all	selected_model_residue_count_sequence_or_helm	37	7	7
ml_clean_representatives	BBB	all	selected_model_residue_count_sequence_or_helm	38	10	10
ml_clean_representatives	BBB	all	selected_model_residue_count_sequence_or_helm	39	11	11
ml_clean_representatives	BBB	all	selected_model_residue_count_sequence_or_helm	40	6	6
ml_clean_representatives	BBB	all	selected_model_residue_count_sequence_or_helm	41	10	10
ml_clean_representatives	BBB	all	selected_model_residue_count_sequence_or_helm	42	6	6
ml_clean_representatives	BBB	all	selected_model_residue_count_sequence_or_helm	43	5	5
ml_clean_representatives	BBB	all	selected_model_residue_count_sequence_or_helm	44	4	4
ml_clean_representatives	BBB	all	selected_model_residue_count_sequence_or_helm	46	2	2
ml_clean_representatives	BBB	all	selected_model_residue_count_sequence_or_helm	49	2	2
ml_clean_representatives	BBB	all	selected_model_residue_count_sequence_or_helm	50	2	2
ml_clean_representatives	BBB	all	selected_model_residue_count_sequence_or_helm	52	2	2
ml_clean_representatives	CL	all	raw_standard_20aa_residue_count	6	18	18
ml_clean_representatives	CL	all	raw_standard_20aa_residue_count	9	22	22
ml_clean_representatives	CL	all	raw_standard_20aa_residue_count	12	2	2
ml_clean_representatives	CL	all	raw_standard_20aa_residue_count	17	6	6
ml_clean_representatives	CL	all	raw_standard_20aa_residue_count	18	4	4
ml_clean_representatives	CL	all	raw_standard_20aa_residue_count	30	5	5
ml_clean_representatives	CL	all	raw_standard_20aa_residue_count	39	5	5
ml_clean_representatives	CL	all	selected_model_residue_count_sequence_or_helm	7	1	1
ml_clean_representatives	CL	all	selected_model_residue_count_sequence_or_helm	9	17	17
ml_clean_representatives	CL	all	selected_model_residue_count_sequence_or_helm	11	1	1
ml_clean_representatives	CL	all	selected_model_residue_count_sequence_or_helm	12	2	2
ml_clean_representatives	CL	all	selected_model_residue_count_sequence_or_helm	18	4	4
ml_clean_representatives	CL	all	selected_model_residue_count_sequence_or_helm	19	6	6
ml_clean_representatives	CL	all	selected_model_residue_count_sequence_or_helm	30	5	5
ml_clean_representatives	CL	all	selected_model_residue_count_sequence_or_helm	39	5	5
ml_clean_representatives	F	all	raw_standard_20aa_residue_count	6	6	6
ml_clean_representatives	F	all	raw_standard_20aa_residue_count	18	3	3
ml_clean_representatives	F	all	raw_standard_20aa_residue_count	33	1	1
ml_clean_representatives	F	all	raw_standard_20aa_residue_count	34	4	4
ml_clean_representatives	F	all	selected_model_residue_count_sequence_or_helm	18	3	3
ml_clean_representatives	LogD	all	raw_standard_20aa_residue_count	2	21	21
ml_clean_representatives	LogD	all	raw_standard_20aa_residue_count	5	5	5
ml_clean_representatives	LogD	all	raw_standard_20aa_residue_count	6	26	26
ml_clean_representatives	LogD	all	raw_standard_20aa_residue_count	7	8	8
ml_clean_representatives	LogD	all	raw_standard_20aa_residue_count	8	9	9
ml_clean_representatives	LogD	all	raw_standard_20aa_residue_count	10	9	9
ml_clean_representatives	LogD	all	raw_standard_20aa_residue_count	13	2	2
ml_clean_representatives	LogD	all	raw_standard_20aa_residue_count	14	2	2
ml_clean_representatives	LogD	all	selected_model_residue_count_sequence_or_helm	4	2	2
ml_clean_representatives	LogD	all	selected_model_residue_count_sequence_or_helm	11	1	1
ml_clean_representatives	PPB	all	raw_standard_20aa_residue_count	6	21	21
ml_clean_representatives	PPB	all	raw_standard_20aa_residue_count	7	4	4
ml_clean_representatives	PPB	all	raw_standard_20aa_residue_count	8	4	4
ml_clean_representatives	PPB	all	raw_standard_20aa_residue_count	9	9	9
ml_clean_representatives	PPB	all	selected_model_residue_count_sequence_or_helm	4	1	1
ml_clean_representatives	PPB	all	selected_model_residue_count_sequence_or_helm	7	6	6
ml_clean_representatives	PPB	all	selected_model_residue_count_sequence_or_helm	8	5	5
ml_clean_representatives	PPB	all	selected_model_residue_count_sequence_or_helm	9	10	10
ml_clean_representatives	PPB	all	selected_model_residue_count_sequence_or_helm	11	1	1
ml_clean_representatives	PPB	all	selected_model_residue_count_sequence_or_helm	16	8	8
ml_clean_representatives	PPB	all	selected_model_residue_count_sequence_or_helm	19	2	2
ml_clean_representatives	PPB	all	selected_model_residue_count_sequence_or_helm	21	2	2
ml_clean_representatives	T1/2	all	raw_standard_20aa_residue_count	1	9	9
ml_clean_representatives	T1/2	all	raw_standard_20aa_residue_count	2	27	27
ml_clean_representatives	T1/2	all	raw_standard_20aa_residue_count	3	49	49
ml_clean_representatives	T1/2	all	raw_standard_20aa_residue_count	4	45	45
ml_clean_representatives	T1/2	all	raw_standard_20aa_residue_count	5	124	129
ml_clean_representatives	T1/2	all	raw_standard_20aa_residue_count	6	125	125
ml_clean_representatives	T1/2	all	raw_standard_20aa_residue_count	7	118	120
ml_clean_representatives	T1/2	all	raw_standard_20aa_residue_count	8	97	97
ml_clean_representatives	T1/2	all	raw_standard_20aa_residue_count	9	99	99
ml_clean_representatives	T1/2	all	raw_standard_20aa_residue_count	10	443	444
ml_clean_representatives	T1/2	all	raw_standard_20aa_residue_count	11	47	47
ml_clean_representatives	T1/2	all	raw_standard_20aa_residue_count	12	84	85
ml_clean_representatives	T1/2	all	raw_standard_20aa_residue_count	13	62	62
ml_clean_representatives	T1/2	all	raw_standard_20aa_residue_count	14	40	40
ml_clean_representatives	T1/2	all	raw_standard_20aa_residue_count	15	40	40
ml_clean_representatives	T1/2	all	raw_standard_20aa_residue_count	16	416	421
ml_clean_representatives	T1/2	all	raw_standard_20aa_residue_count	17	31	31
ml_clean_representatives	T1/2	all	raw_standard_20aa_residue_count	18	54	54
ml_clean_representatives	T1/2	all	raw_standard_20aa_residue_count	19	28	28
ml_clean_representatives	T1/2	all	raw_standard_20aa_residue_count	20	60	60
ml_clean_representatives	T1/2	all	raw_standard_20aa_residue_count	21	28	28
ml_clean_representatives	T1/2	all	raw_standard_20aa_residue_count	22	43	43
ml_clean_representatives	T1/2	all	raw_standard_20aa_residue_count	23	43	44
ml_clean_representatives	T1/2	all	raw_standard_20aa_residue_count	24	37	37
ml_clean_representatives	T1/2	all	raw_standard_20aa_residue_count	25	24	24
ml_clean_representatives	T1/2	all	raw_standard_20aa_residue_count	26	35	35
ml_clean_representatives	T1/2	all	raw_standard_20aa_residue_count	27	29	29
ml_clean_representatives	T1/2	all	raw_standard_20aa_residue_count	28	90	90
ml_clean_representatives	T1/2	all	raw_standard_20aa_residue_count	29	73	73
ml_clean_representatives	T1/2	all	raw_standard_20aa_residue_count	30	101	103
ml_clean_representatives	T1/2	all	raw_standard_20aa_residue_count	31	112	117
ml_clean_representatives	T1/2	all	raw_standard_20aa_residue_count	32	46	46
ml_clean_representatives	T1/2	all	raw_standard_20aa_residue_count	33	60	60
ml_clean_representatives	T1/2	all	raw_standard_20aa_residue_count	34	77	80
ml_clean_representatives	T1/2	all	raw_standard_20aa_residue_count	35	32	32
ml_clean_representatives	T1/2	all	raw_standard_20aa_residue_count	36	48	48
ml_clean_representatives	T1/2	all	raw_standard_20aa_residue_count	37	43	43
ml_clean_representatives	T1/2	all	raw_standard_20aa_residue_count	38	88	88
ml_clean_representatives	T1/2	all	raw_standard_20aa_residue_count	39	172	177
ml_clean_representatives	T1/2	all	raw_standard_20aa_residue_count	40	50	50
ml_clean_representatives	T1/2	all	raw_standard_20aa_residue_count	41	80	80
ml_clean_representatives	T1/2	all	raw_standard_20aa_residue_count	42	24	24
ml_clean_representatives	T1/2	all	raw_standard_20aa_residue_count	43	24	24
ml_clean_representatives	T1/2	all	raw_standard_20aa_residue_count	44	8	8
ml_clean_representatives	T1/2	all	raw_standard_20aa_residue_count	45	16	16
ml_clean_representatives	T1/2	all	raw_standard_20aa_residue_count	46	17	17
ml_clean_representatives	T1/2	all	raw_standard_20aa_residue_count	47	47	47
ml_clean_representatives	T1/2	all	raw_standard_20aa_residue_count	48	4	4
ml_clean_representatives	T1/2	all	raw_standard_20aa_residue_count	49	12	12
ml_clean_representatives	T1/2	all	raw_standard_20aa_residue_count	50	15	15
ml_clean_representatives	T1/2	all	raw_standard_20aa_residue_count	51	4	5
ml_clean_representatives	T1/2	all	raw_standard_20aa_residue_count	52	7	7
ml_clean_representatives	T1/2	all	raw_standard_20aa_residue_count	53	2	2
ml_clean_representatives	T1/2	all	raw_standard_20aa_residue_count	54	2	2
ml_clean_representatives	T1/2	all	raw_standard_20aa_residue_count	56	5	5
ml_clean_representatives	T1/2	all	raw_standard_20aa_residue_count	58	6	6
ml_clean_representatives	T1/2	all	raw_standard_20aa_residue_count	59	4	4
ml_clean_representatives	T1/2	all	raw_standard_20aa_residue_count	62	9	9
ml_clean_representatives	T1/2	all	raw_standard_20aa_residue_count	65	1	1
ml_clean_representatives	T1/2	all	raw_standard_20aa_residue_count	66	3	3
ml_clean_representatives	T1/2	all	raw_standard_20aa_residue_count	70	36	36
ml_clean_representatives	T1/2	all	raw_standard_20aa_residue_count	73	3	3
ml_clean_representatives	T1/2	all	raw_standard_20aa_residue_count	75	2	2
ml_clean_representatives	T1/2	all	raw_standard_20aa_residue_count	76	5	5
ml_clean_representatives	T1/2	all	raw_standard_20aa_residue_count	80	3	3
ml_clean_representatives	T1/2	all	raw_standard_20aa_residue_count	82	2	2
ml_clean_representatives	T1/2	all	raw_standard_20aa_residue_count	83	9	9
ml_clean_representatives	T1/2	all	raw_standard_20aa_residue_count	84	5	5
ml_clean_representatives	T1/2	all	raw_standard_20aa_residue_count	85	9	9
ml_clean_representatives	T1/2	all	raw_standard_20aa_residue_count	87	6	6
ml_clean_representatives	T1/2	all	raw_standard_20aa_residue_count	90	2	2
ml_clean_representatives	T1/2	all	raw_standard_20aa_residue_count	93	4	4
ml_clean_representatives	T1/2	all	raw_standard_20aa_residue_count	94	2	2
ml_clean_representatives	T1/2	all	raw_standard_20aa_residue_count	95	2	2
ml_clean_representatives	T1/2	all	raw_standard_20aa_residue_count	98	5	5
ml_clean_representatives	T1/2	all	raw_standard_20aa_residue_count	100	3	3
ml_clean_representatives	T1/2	all	raw_standard_20aa_residue_count	108	2	2
ml_clean_representatives	T1/2	all	raw_standard_20aa_residue_count	110	1	1
ml_clean_representatives	T1/2	all	raw_standard_20aa_residue_count	111	1	1
ml_clean_representatives	T1/2	all	raw_standard_20aa_residue_count	112	1	1
ml_clean_representatives	T1/2	all	raw_standard_20aa_residue_count	114	6	6
ml_clean_representatives	T1/2	all	raw_standard_20aa_residue_count	116	2	2
ml_clean_representatives	T1/2	all	raw_standard_20aa_residue_count	118	14	14
ml_clean_representatives	T1/2	all	raw_standard_20aa_residue_count	120	1	1
ml_clean_representatives	T1/2	all	raw_standard_20aa_residue_count	124	2	2
ml_clean_representatives	T1/2	all	raw_standard_20aa_residue_count	130	1	1
ml_clean_representatives	T1/2	all	raw_standard_20aa_residue_count	132	2	2
ml_clean_representatives	T1/2	all	raw_standard_20aa_residue_count	139	1	1
ml_clean_representatives	T1/2	all	raw_standard_20aa_residue_count	140	4	4
ml_clean_representatives	T1/2	all	raw_standard_20aa_residue_count	142	2	2
ml_clean_representatives	T1/2	all	raw_standard_20aa_residue_count	152	1	1
ml_clean_representatives	T1/2	all	raw_standard_20aa_residue_count	153	2	2
ml_clean_representatives	T1/2	all	raw_standard_20aa_residue_count	158	1	1
ml_clean_representatives	T1/2	all	raw_standard_20aa_residue_count	162	1	1
ml_clean_representatives	T1/2	all	raw_standard_20aa_residue_count	163	1	1
ml_clean_representatives	T1/2	all	raw_standard_20aa_residue_count	165	8	8
ml_clean_representatives	T1/2	all	raw_standard_20aa_residue_count	166	2	2
ml_clean_representatives	T1/2	all	raw_standard_20aa_residue_count	168	2	2
ml_clean_representatives	T1/2	all	raw_standard_20aa_residue_count	172	1	1
ml_clean_representatives	T1/2	all	raw_standard_20aa_residue_count	178	6	6
ml_clean_representatives	T1/2	all	raw_standard_20aa_residue_count	179	1	1
ml_clean_representatives	T1/2	all	raw_standard_20aa_residue_count	181	1	1
ml_clean_representatives	T1/2	all	raw_standard_20aa_residue_count	183	2	2
ml_clean_representatives	T1/2	all	raw_standard_20aa_residue_count	187	3	3
ml_clean_representatives	T1/2	all	raw_standard_20aa_residue_count	189	2	2
ml_clean_representatives	T1/2	all	raw_standard_20aa_residue_count	191	8	8
ml_clean_representatives	T1/2	all	raw_standard_20aa_residue_count	193	2	2
ml_clean_representatives	T1/2	all	raw_standard_20aa_residue_count	194	2	2
ml_clean_representatives	T1/2	all	raw_standard_20aa_residue_count	203	1	1
ml_clean_representatives	T1/2	all	raw_standard_20aa_residue_count	204	1	1
ml_clean_representatives	T1/2	all	raw_standard_20aa_residue_count	210	1	1
ml_clean_representatives	T1/2	all	raw_standard_20aa_residue_count	214	4	4
ml_clean_representatives	T1/2	all	raw_standard_20aa_residue_count	216	4	4
ml_clean_representatives	T1/2	all	raw_standard_20aa_residue_count	217	1	1
ml_clean_representatives	T1/2	all	raw_standard_20aa_residue_count	218	1	1
ml_clean_representatives	T1/2	all	raw_standard_20aa_residue_count	239	1	1
ml_clean_representatives	T1/2	all	raw_standard_20aa_residue_count	240	1	1
ml_clean_representatives	T1/2	all	raw_standard_20aa_residue_count	244	1	1
ml_clean_representatives	T1/2	all	raw_standard_20aa_residue_count	255	2	2
ml_clean_representatives	T1/2	all	raw_standard_20aa_residue_count	265	2	2
ml_clean_representatives	T1/2	all	raw_standard_20aa_residue_count	273	1	1
ml_clean_representatives	T1/2	all	raw_standard_20aa_residue_count	275	5	5
ml_clean_representatives	T1/2	all	raw_standard_20aa_residue_count	278	1	1
ml_clean_representatives	T1/2	all	raw_standard_20aa_residue_count	284	2	2
ml_clean_representatives	T1/2	all	raw_standard_20aa_residue_count	287	1	1
ml_clean_representatives	T1/2	all	raw_standard_20aa_residue_count	288	4	4
ml_clean_representatives	T1/2	all	raw_standard_20aa_residue_count	291	6	6
ml_clean_representatives	T1/2	all	raw_standard_20aa_residue_count	293	1	1
ml_clean_representatives	T1/2	all	raw_standard_20aa_residue_count	296	3	3
ml_clean_representatives	T1/2	all	raw_standard_20aa_residue_count	308	1	1
ml_clean_representatives	T1/2	all	raw_standard_20aa_residue_count	309	4	4
ml_clean_representatives	T1/2	all	raw_standard_20aa_residue_count	318	1	1
ml_clean_representatives	T1/2	all	raw_standard_20aa_residue_count	319	1	1
ml_clean_representatives	T1/2	all	raw_standard_20aa_residue_count	320	1	1
ml_clean_representatives	T1/2	all	raw_standard_20aa_residue_count	330	1	1
ml_clean_representatives	T1/2	all	raw_standard_20aa_residue_count	335	2	2
ml_clean_representatives	T1/2	all	raw_standard_20aa_residue_count	341	6	6
ml_clean_representatives	T1/2	all	raw_standard_20aa_residue_count	347	2	2
ml_clean_representatives	T1/2	all	raw_standard_20aa_residue_count	361	6	6
ml_clean_representatives	T1/2	all	raw_standard_20aa_residue_count	365	3	3
ml_clean_representatives	T1/2	all	raw_standard_20aa_residue_count	379	1	1
ml_clean_representatives	T1/2	all	raw_standard_20aa_residue_count	387	2	2
ml_clean_representatives	T1/2	all	raw_standard_20aa_residue_count	393	1	1
ml_clean_representatives	T1/2	all	raw_standard_20aa_residue_count	399	1	1
ml_clean_representatives	T1/2	all	raw_standard_20aa_residue_count	407	1	1
ml_clean_representatives	T1/2	all	raw_standard_20aa_residue_count	431	1	1
ml_clean_representatives	T1/2	all	raw_standard_20aa_residue_count	462	1	1
ml_clean_representatives	T1/2	all	raw_standard_20aa_residue_count	467	1	1
ml_clean_representatives	T1/2	all	raw_standard_20aa_residue_count	486	1	1
ml_clean_representatives	T1/2	all	raw_standard_20aa_residue_count	520	1	1
ml_clean_representatives	T1/2	all	raw_standard_20aa_residue_count	568	1	1
ml_clean_representatives	T1/2	all	raw_standard_20aa_residue_count	571	1	1
ml_clean_representatives	T1/2	all	raw_standard_20aa_residue_count	572	1	1
ml_clean_representatives	T1/2	all	raw_standard_20aa_residue_count	585	3	3
ml_clean_representatives	T1/2	all	raw_standard_20aa_residue_count	590	1	1
ml_clean_representatives	T1/2	all	raw_standard_20aa_residue_count	591	1	1
ml_clean_representatives	T1/2	all	raw_standard_20aa_residue_count	615	3	3
ml_clean_representatives	T1/2	all	raw_standard_20aa_residue_count	616	2	2
ml_clean_representatives	T1/2	all	raw_standard_20aa_residue_count	654	3	3
ml_clean_representatives	T1/2	all	raw_standard_20aa_residue_count	697	1	1
ml_clean_representatives	T1/2	all	raw_standard_20aa_residue_count	781	2	2
ml_clean_representatives	T1/2	all	raw_standard_20aa_residue_count	806	3	3
ml_clean_representatives	T1/2	all	raw_standard_20aa_residue_count	865	3	3
ml_clean_representatives	T1/2	all	raw_standard_20aa_residue_count	997	1	1
ml_clean_representatives	T1/2	all	selected_model_residue_count_sequence_or_helm	1	9	9
ml_clean_representatives	T1/2	all	selected_model_residue_count_sequence_or_helm	2	27	27
ml_clean_representatives	T1/2	all	selected_model_residue_count_sequence_or_helm	3	49	49
ml_clean_representatives	T1/2	all	selected_model_residue_count_sequence_or_helm	4	45	45
ml_clean_representatives	T1/2	all	selected_model_residue_count_sequence_or_helm	5	124	129
ml_clean_representatives	T1/2	all	selected_model_residue_count_sequence_or_helm	6	59	59
ml_clean_representatives	T1/2	all	selected_model_residue_count_sequence_or_helm	7	118	120
ml_clean_representatives	T1/2	all	selected_model_residue_count_sequence_or_helm	8	96	96
ml_clean_representatives	T1/2	all	selected_model_residue_count_sequence_or_helm	9	99	99
ml_clean_representatives	T1/2	all	selected_model_residue_count_sequence_or_helm	10	443	444
ml_clean_representatives	T1/2	all	selected_model_residue_count_sequence_or_helm	11	49	49
ml_clean_representatives	T1/2	all	selected_model_residue_count_sequence_or_helm	12	85	86
ml_clean_representatives	T1/2	all	selected_model_residue_count_sequence_or_helm	13	62	62
ml_clean_representatives	T1/2	all	selected_model_residue_count_sequence_or_helm	14	40	40
ml_clean_representatives	T1/2	all	selected_model_residue_count_sequence_or_helm	15	40	40
ml_clean_representatives	T1/2	all	selected_model_residue_count_sequence_or_helm	16	416	421
ml_clean_representatives	T1/2	all	selected_model_residue_count_sequence_or_helm	17	31	31
ml_clean_representatives	T1/2	all	selected_model_residue_count_sequence_or_helm	18	54	54
ml_clean_representatives	T1/2	all	selected_model_residue_count_sequence_or_helm	19	28	28
ml_clean_representatives	T1/2	all	selected_model_residue_count_sequence_or_helm	20	60	60
ml_clean_representatives	T1/2	all	selected_model_residue_count_sequence_or_helm	21	28	28
ml_clean_representatives	T1/2	all	selected_model_residue_count_sequence_or_helm	22	43	43
ml_clean_representatives	T1/2	all	selected_model_residue_count_sequence_or_helm	23	43	44
ml_clean_representatives	T1/2	all	selected_model_residue_count_sequence_or_helm	24	36	36
ml_clean_representatives	T1/2	all	selected_model_residue_count_sequence_or_helm	25	24	24
ml_clean_representatives	T1/2	all	selected_model_residue_count_sequence_or_helm	26	35	35
ml_clean_representatives	T1/2	all	selected_model_residue_count_sequence_or_helm	27	29	29
ml_clean_representatives	T1/2	all	selected_model_residue_count_sequence_or_helm	28	88	88
ml_clean_representatives	T1/2	all	selected_model_residue_count_sequence_or_helm	29	73	73
ml_clean_representatives	T1/2	all	selected_model_residue_count_sequence_or_helm	30	101	103
ml_clean_representatives	T1/2	all	selected_model_residue_count_sequence_or_helm	31	112	117
ml_clean_representatives	T1/2	all	selected_model_residue_count_sequence_or_helm	32	45	45
ml_clean_representatives	T1/2	all	selected_model_residue_count_sequence_or_helm	33	60	60
ml_clean_representatives	T1/2	all	selected_model_residue_count_sequence_or_helm	34	77	80
ml_clean_representatives	T1/2	all	selected_model_residue_count_sequence_or_helm	35	32	32
ml_clean_representatives	T1/2	all	selected_model_residue_count_sequence_or_helm	36	48	48
ml_clean_representatives	T1/2	all	selected_model_residue_count_sequence_or_helm	37	43	43
ml_clean_representatives	T1/2	all	selected_model_residue_count_sequence_or_helm	38	88	88
ml_clean_representatives	T1/2	all	selected_model_residue_count_sequence_or_helm	39	171	176
ml_clean_representatives	T1/2	all	selected_model_residue_count_sequence_or_helm	40	50	50
ml_clean_representatives	T1/2	all	selected_model_residue_count_sequence_or_helm	41	80	80
ml_clean_representatives	T1/2	all	selected_model_residue_count_sequence_or_helm	42	24	24
ml_clean_representatives	T1/2	all	selected_model_residue_count_sequence_or_helm	43	24	24
ml_clean_representatives	T1/2	all	selected_model_residue_count_sequence_or_helm	44	8	8
ml_clean_representatives	T1/2	all	selected_model_residue_count_sequence_or_helm	45	16	16
ml_clean_representatives	T1/2	all	selected_model_residue_count_sequence_or_helm	46	17	17
ml_clean_representatives	T1/2	all	selected_model_residue_count_sequence_or_helm	47	47	47
ml_clean_representatives	T1/2	all	selected_model_residue_count_sequence_or_helm	48	4	4
ml_clean_representatives	T1/2	all	selected_model_residue_count_sequence_or_helm	49	12	12
ml_clean_representatives	T1/2	all	selected_model_residue_count_sequence_or_helm	50	15	15
ml_clean_representatives	T1/2	all	selected_model_residue_count_sequence_or_helm	51	4	5
ml_clean_representatives	T1/2	all	selected_model_residue_count_sequence_or_helm	52	7	7
ml_clean_representatives	T1/2	all	selected_model_residue_count_sequence_or_helm	53	2	2
ml_clean_representatives	T1/2	all	selected_model_residue_count_sequence_or_helm	54	2	2
ml_clean_representatives	T1/2	all	selected_model_residue_count_sequence_or_helm	56	5	5
ml_clean_representatives	T1/2	all	selected_model_residue_count_sequence_or_helm	58	6	6
ml_clean_representatives	T1/2	all	selected_model_residue_count_sequence_or_helm	59	4	4
ml_clean_representatives	T1/2	all	selected_model_residue_count_sequence_or_helm	62	9	9
ml_clean_representatives	T1/2	all	selected_model_residue_count_sequence_or_helm	65	1	1
ml_clean_representatives	T1/2	all	selected_model_residue_count_sequence_or_helm	66	3	3
ml_clean_representatives	T1/2	all	selected_model_residue_count_sequence_or_helm	70	36	36
ml_clean_representatives	T1/2	all	selected_model_residue_count_sequence_or_helm	73	3	3
ml_clean_representatives	T1/2	all	selected_model_residue_count_sequence_or_helm	75	2	2
ml_clean_representatives	T1/2	all	selected_model_residue_count_sequence_or_helm	76	5	5
ml_clean_representatives	T1/2	all	selected_model_residue_count_sequence_or_helm	80	3	3
ml_clean_representatives	T1/2	all	selected_model_residue_count_sequence_or_helm	82	2	2
ml_clean_representatives	T1/2	all	selected_model_residue_count_sequence_or_helm	83	9	9
ml_clean_representatives	T1/2	all	selected_model_residue_count_sequence_or_helm	84	5	5
ml_clean_representatives	T1/2	all	selected_model_residue_count_sequence_or_helm	85	9	9
ml_clean_representatives	T1/2	all	selected_model_residue_count_sequence_or_helm	87	6	6
ml_clean_representatives	T1/2	all	selected_model_residue_count_sequence_or_helm	90	2	2
ml_clean_representatives	T1/2	all	selected_model_residue_count_sequence_or_helm	93	4	4
ml_clean_representatives	T1/2	all	selected_model_residue_count_sequence_or_helm	94	2	2
ml_clean_representatives	T1/2	all	selected_model_residue_count_sequence_or_helm	95	2	2
ml_clean_representatives	T1/2	all	selected_model_residue_count_sequence_or_helm	98	5	5
ml_clean_representatives	T1/2	all	selected_model_residue_count_sequence_or_helm	100	3	3
ml_clean_representatives	T1/2	all	selected_model_residue_count_sequence_or_helm	108	2	2
ml_clean_representatives	T1/2	all	selected_model_residue_count_sequence_or_helm	110	1	1
ml_clean_representatives	T1/2	all	selected_model_residue_count_sequence_or_helm	111	1	1
ml_clean_representatives	T1/2	all	selected_model_residue_count_sequence_or_helm	112	1	1
ml_clean_representatives	T1/2	all	selected_model_residue_count_sequence_or_helm	114	6	6
ml_clean_representatives	T1/2	all	selected_model_residue_count_sequence_or_helm	116	2	2
ml_clean_representatives	T1/2	all	selected_model_residue_count_sequence_or_helm	118	14	14
ml_clean_representatives	T1/2	all	selected_model_residue_count_sequence_or_helm	120	1	1
ml_clean_representatives	T1/2	all	selected_model_residue_count_sequence_or_helm	124	2	2
ml_clean_representatives	T1/2	all	selected_model_residue_count_sequence_or_helm	130	1	1
ml_clean_representatives	T1/2	all	selected_model_residue_count_sequence_or_helm	132	2	2
ml_clean_representatives	T1/2	all	selected_model_residue_count_sequence_or_helm	139	1	1
ml_clean_representatives	T1/2	all	selected_model_residue_count_sequence_or_helm	140	4	4
ml_clean_representatives	T1/2	all	selected_model_residue_count_sequence_or_helm	142	2	2
ml_clean_representatives	T1/2	all	selected_model_residue_count_sequence_or_helm	152	1	1
ml_clean_representatives	T1/2	all	selected_model_residue_count_sequence_or_helm	153	2	2
ml_clean_representatives	T1/2	all	selected_model_residue_count_sequence_or_helm	158	1	1
ml_clean_representatives	T1/2	all	selected_model_residue_count_sequence_or_helm	162	1	1
ml_clean_representatives	T1/2	all	selected_model_residue_count_sequence_or_helm	163	1	1
ml_clean_representatives	T1/2	all	selected_model_residue_count_sequence_or_helm	165	8	8
ml_clean_representatives	T1/2	all	selected_model_residue_count_sequence_or_helm	166	2	2
ml_clean_representatives	T1/2	all	selected_model_residue_count_sequence_or_helm	168	2	2
ml_clean_representatives	T1/2	all	selected_model_residue_count_sequence_or_helm	172	1	1
ml_clean_representatives	T1/2	all	selected_model_residue_count_sequence_or_helm	178	6	6
ml_clean_representatives	T1/2	all	selected_model_residue_count_sequence_or_helm	179	1	1
ml_clean_representatives	T1/2	all	selected_model_residue_count_sequence_or_helm	181	1	1
ml_clean_representatives	T1/2	all	selected_model_residue_count_sequence_or_helm	183	2	2
ml_clean_representatives	T1/2	all	selected_model_residue_count_sequence_or_helm	187	3	3
ml_clean_representatives	T1/2	all	selected_model_residue_count_sequence_or_helm	189	2	2
ml_clean_representatives	T1/2	all	selected_model_residue_count_sequence_or_helm	191	8	8
ml_clean_representatives	T1/2	all	selected_model_residue_count_sequence_or_helm	193	2	2
ml_clean_representatives	T1/2	all	selected_model_residue_count_sequence_or_helm	194	2	2
ml_clean_representatives	T1/2	all	selected_model_residue_count_sequence_or_helm	203	1	1
ml_clean_representatives	T1/2	all	selected_model_residue_count_sequence_or_helm	204	1	1
ml_clean_representatives	T1/2	all	selected_model_residue_count_sequence_or_helm	210	1	1
ml_clean_representatives	T1/2	all	selected_model_residue_count_sequence_or_helm	214	4	4
ml_clean_representatives	T1/2	all	selected_model_residue_count_sequence_or_helm	216	4	4
ml_clean_representatives	T1/2	all	selected_model_residue_count_sequence_or_helm	217	1	1
ml_clean_representatives	T1/2	all	selected_model_residue_count_sequence_or_helm	218	1	1
ml_clean_representatives	T1/2	all	selected_model_residue_count_sequence_or_helm	239	1	1
ml_clean_representatives	T1/2	all	selected_model_residue_count_sequence_or_helm	240	1	1
ml_clean_representatives	T1/2	all	selected_model_residue_count_sequence_or_helm	244	1	1
ml_clean_representatives	T1/2	all	selected_model_residue_count_sequence_or_helm	255	2	2
ml_clean_representatives	T1/2	all	selected_model_residue_count_sequence_or_helm	265	2	2
ml_clean_representatives	T1/2	all	selected_model_residue_count_sequence_or_helm	273	1	1
ml_clean_representatives	T1/2	all	selected_model_residue_count_sequence_or_helm	275	5	5
ml_clean_representatives	T1/2	all	selected_model_residue_count_sequence_or_helm	278	1	1
ml_clean_representatives	T1/2	all	selected_model_residue_count_sequence_or_helm	284	2	2
ml_clean_representatives	T1/2	all	selected_model_residue_count_sequence_or_helm	287	1	1
ml_clean_representatives	T1/2	all	selected_model_residue_count_sequence_or_helm	288	4	4
ml_clean_representatives	T1/2	all	selected_model_residue_count_sequence_or_helm	291	6	6
ml_clean_representatives	T1/2	all	selected_model_residue_count_sequence_or_helm	293	1	1
ml_clean_representatives	T1/2	all	selected_model_residue_count_sequence_or_helm	296	3	3
ml_clean_representatives	T1/2	all	selected_model_residue_count_sequence_or_helm	308	1	1
ml_clean_representatives	T1/2	all	selected_model_residue_count_sequence_or_helm	309	4	4
ml_clean_representatives	T1/2	all	selected_model_residue_count_sequence_or_helm	318	1	1
ml_clean_representatives	T1/2	all	selected_model_residue_count_sequence_or_helm	319	1	1
ml_clean_representatives	T1/2	all	selected_model_residue_count_sequence_or_helm	320	1	1
ml_clean_representatives	T1/2	all	selected_model_residue_count_sequence_or_helm	330	1	1
ml_clean_representatives	T1/2	all	selected_model_residue_count_sequence_or_helm	335	2	2
ml_clean_representatives	T1/2	all	selected_model_residue_count_sequence_or_helm	341	6	6
ml_clean_representatives	T1/2	all	selected_model_residue_count_sequence_or_helm	347	2	2
ml_clean_representatives	T1/2	all	selected_model_residue_count_sequence_or_helm	361	6	6
ml_clean_representatives	T1/2	all	selected_model_residue_count_sequence_or_helm	365	3	3
ml_clean_representatives	T1/2	all	selected_model_residue_count_sequence_or_helm	379	1	1
ml_clean_representatives	T1/2	all	selected_model_residue_count_sequence_or_helm	387	2	2
ml_clean_representatives	T1/2	all	selected_model_residue_count_sequence_or_helm	393	1	1
ml_clean_representatives	T1/2	all	selected_model_residue_count_sequence_or_helm	399	1	1
ml_clean_representatives	T1/2	all	selected_model_residue_count_sequence_or_helm	407	1	1
ml_clean_representatives	T1/2	all	selected_model_residue_count_sequence_or_helm	431	1	1
ml_clean_representatives	T1/2	all	selected_model_residue_count_sequence_or_helm	462	1	1
ml_clean_representatives	T1/2	all	selected_model_residue_count_sequence_or_helm	467	1	1
ml_clean_representatives	T1/2	all	selected_model_residue_count_sequence_or_helm	486	1	1
ml_clean_representatives	T1/2	all	selected_model_residue_count_sequence_or_helm	520	1	1
ml_clean_representatives	T1/2	all	selected_model_residue_count_sequence_or_helm	568	1	1
ml_clean_representatives	T1/2	all	selected_model_residue_count_sequence_or_helm	571	1	1
ml_clean_representatives	T1/2	all	selected_model_residue_count_sequence_or_helm	572	1	1
ml_clean_representatives	T1/2	all	selected_model_residue_count_sequence_or_helm	585	3	3
ml_clean_representatives	T1/2	all	selected_model_residue_count_sequence_or_helm	590	1	1
ml_clean_representatives	T1/2	all	selected_model_residue_count_sequence_or_helm	591	1	1
ml_clean_representatives	T1/2	all	selected_model_residue_count_sequence_or_helm	615	3	3
ml_clean_representatives	T1/2	all	selected_model_residue_count_sequence_or_helm	616	2	2
ml_clean_representatives	T1/2	all	selected_model_residue_count_sequence_or_helm	654	3	3
ml_clean_representatives	T1/2	all	selected_model_residue_count_sequence_or_helm	697	1	1
ml_clean_representatives	T1/2	all	selected_model_residue_count_sequence_or_helm	781	2	2
ml_clean_representatives	T1/2	all	selected_model_residue_count_sequence_or_helm	806	3	3
ml_clean_representatives	T1/2	all	selected_model_residue_count_sequence_or_helm	865	3	3
ml_clean_representatives	T1/2	all	selected_model_residue_count_sequence_or_helm	997	1	1
ml_clean_representatives	Vd	all	raw_standard_20aa_residue_count	6	6	6
ml_clean_representatives	Vd	all	raw_standard_20aa_residue_count	9	21	21
ml_clean_representatives	Vd	all	raw_standard_20aa_residue_count	12	2	2
ml_clean_representatives	Vd	all	raw_standard_20aa_residue_count	17	6	6
ml_clean_representatives	Vd	all	raw_standard_20aa_residue_count	18	4	4
ml_clean_representatives	Vd	all	raw_standard_20aa_residue_count	30	5	5
ml_clean_representatives	Vd	all	raw_standard_20aa_residue_count	39	5	5
ml_clean_representatives	Vd	all	selected_model_residue_count_sequence_or_helm	9	16	16
ml_clean_representatives	Vd	all	selected_model_residue_count_sequence_or_helm	12	2	2
ml_clean_representatives	Vd	all	selected_model_residue_count_sequence_or_helm	18	4	4
ml_clean_representatives	Vd	all	selected_model_residue_count_sequence_or_helm	19	6	6
ml_clean_representatives	Vd	all	selected_model_residue_count_sequence_or_helm	30	5	5
ml_clean_representatives	Vd	all	selected_model_residue_count_sequence_or_helm	39	5	5
ml_clean_representatives	__ALL__	all	raw_standard_20aa_residue_count	1	9	9
ml_clean_representatives	__ALL__	all	raw_standard_20aa_residue_count	2	267	267
ml_clean_representatives	__ALL__	all	raw_standard_20aa_residue_count	3	76	76
ml_clean_representatives	__ALL__	all	raw_standard_20aa_residue_count	4	74	74
ml_clean_representatives	__ALL__	all	raw_standard_20aa_residue_count	5	206	211
ml_clean_representatives	__ALL__	all	raw_standard_20aa_residue_count	6	255	255
ml_clean_representatives	__ALL__	all	raw_standard_20aa_residue_count	7	195	197
ml_clean_representatives	__ALL__	all	raw_standard_20aa_residue_count	8	232	232
ml_clean_representatives	__ALL__	all	raw_standard_20aa_residue_count	9	354	354
ml_clean_representatives	__ALL__	all	raw_standard_20aa_residue_count	10	589	590
ml_clean_representatives	__ALL__	all	raw_standard_20aa_residue_count	11	138	138
ml_clean_representatives	__ALL__	all	raw_standard_20aa_residue_count	12	255	256
ml_clean_representatives	__ALL__	all	raw_standard_20aa_residue_count	13	136	136
ml_clean_representatives	__ALL__	all	raw_standard_20aa_residue_count	14	88	88
ml_clean_representatives	__ALL__	all	raw_standard_20aa_residue_count	15	270	270
ml_clean_representatives	__ALL__	all	raw_standard_20aa_residue_count	16	521	526
ml_clean_representatives	__ALL__	all	raw_standard_20aa_residue_count	17	334	334
ml_clean_representatives	__ALL__	all	raw_standard_20aa_residue_count	18	159	159
ml_clean_representatives	__ALL__	all	raw_standard_20aa_residue_count	19	81	81
ml_clean_representatives	__ALL__	all	raw_standard_20aa_residue_count	20	105	105
ml_clean_representatives	__ALL__	all	raw_standard_20aa_residue_count	21	66	66
ml_clean_representatives	__ALL__	all	raw_standard_20aa_residue_count	22	87	87
ml_clean_representatives	__ALL__	all	raw_standard_20aa_residue_count	23	75	76
ml_clean_representatives	__ALL__	all	raw_standard_20aa_residue_count	24	77	77
ml_clean_representatives	__ALL__	all	raw_standard_20aa_residue_count	25	933	933
ml_clean_representatives	__ALL__	all	raw_standard_20aa_residue_count	26	57	57
ml_clean_representatives	__ALL__	all	raw_standard_20aa_residue_count	27	605	605
ml_clean_representatives	__ALL__	all	raw_standard_20aa_residue_count	28	180	180
ml_clean_representatives	__ALL__	all	raw_standard_20aa_residue_count	29	89	89
ml_clean_representatives	__ALL__	all	raw_standard_20aa_residue_count	30	142	144
ml_clean_representatives	__ALL__	all	raw_standard_20aa_residue_count	31	149	154
ml_clean_representatives	__ALL__	all	raw_standard_20aa_residue_count	32	50	50
ml_clean_representatives	__ALL__	all	raw_standard_20aa_residue_count	33	70	70
ml_clean_representatives	__ALL__	all	raw_standard_20aa_residue_count	34	100	103
ml_clean_representatives	__ALL__	all	raw_standard_20aa_residue_count	35	36	36
ml_clean_representatives	__ALL__	all	raw_standard_20aa_residue_count	36	69	69
ml_clean_representatives	__ALL__	all	raw_standard_20aa_residue_count	37	55	55
ml_clean_representatives	__ALL__	all	raw_standard_20aa_residue_count	38	103	103
ml_clean_representatives	__ALL__	all	raw_standard_20aa_residue_count	39	196	201
ml_clean_representatives	__ALL__	all	raw_standard_20aa_residue_count	40	54	54
ml_clean_representatives	__ALL__	all	raw_standard_20aa_residue_count	41	91	91
ml_clean_representatives	__ALL__	all	raw_standard_20aa_residue_count	42	29	29
ml_clean_representatives	__ALL__	all	raw_standard_20aa_residue_count	43	28	28
ml_clean_representatives	__ALL__	all	raw_standard_20aa_residue_count	44	12	12
ml_clean_representatives	__ALL__	all	raw_standard_20aa_residue_count	45	16	16
ml_clean_representatives	__ALL__	all	raw_standard_20aa_residue_count	46	19	19
ml_clean_representatives	__ALL__	all	raw_standard_20aa_residue_count	47	47	47
ml_clean_representatives	__ALL__	all	raw_standard_20aa_residue_count	48	4	4
ml_clean_representatives	__ALL__	all	raw_standard_20aa_residue_count	49	14	14
ml_clean_representatives	__ALL__	all	raw_standard_20aa_residue_count	50	19	19
ml_clean_representatives	__ALL__	all	raw_standard_20aa_residue_count	51	4	5
ml_clean_representatives	__ALL__	all	raw_standard_20aa_residue_count	52	7	7
ml_clean_representatives	__ALL__	all	raw_standard_20aa_residue_count	53	2	2
ml_clean_representatives	__ALL__	all	raw_standard_20aa_residue_count	54	2	2
ml_clean_representatives	__ALL__	all	raw_standard_20aa_residue_count	56	5	5
ml_clean_representatives	__ALL__	all	raw_standard_20aa_residue_count	58	6	6
ml_clean_representatives	__ALL__	all	raw_standard_20aa_residue_count	59	4	4
ml_clean_representatives	__ALL__	all	raw_standard_20aa_residue_count	62	9	9
ml_clean_representatives	__ALL__	all	raw_standard_20aa_residue_count	65	1	1
ml_clean_representatives	__ALL__	all	raw_standard_20aa_residue_count	66	3	3
ml_clean_representatives	__ALL__	all	raw_standard_20aa_residue_count	70	36	36
ml_clean_representatives	__ALL__	all	raw_standard_20aa_residue_count	73	3	3
ml_clean_representatives	__ALL__	all	raw_standard_20aa_residue_count	75	2	2
ml_clean_representatives	__ALL__	all	raw_standard_20aa_residue_count	76	5	5
ml_clean_representatives	__ALL__	all	raw_standard_20aa_residue_count	80	3	3
ml_clean_representatives	__ALL__	all	raw_standard_20aa_residue_count	82	2	2
ml_clean_representatives	__ALL__	all	raw_standard_20aa_residue_count	83	9	9
ml_clean_representatives	__ALL__	all	raw_standard_20aa_residue_count	84	5	5
ml_clean_representatives	__ALL__	all	raw_standard_20aa_residue_count	85	9	9
ml_clean_representatives	__ALL__	all	raw_standard_20aa_residue_count	87	6	6
ml_clean_representatives	__ALL__	all	raw_standard_20aa_residue_count	90	2	2
ml_clean_representatives	__ALL__	all	raw_standard_20aa_residue_count	93	4	4
ml_clean_representatives	__ALL__	all	raw_standard_20aa_residue_count	94	2	2
ml_clean_representatives	__ALL__	all	raw_standard_20aa_residue_count	95	2	2
ml_clean_representatives	__ALL__	all	raw_standard_20aa_residue_count	98	5	5
ml_clean_representatives	__ALL__	all	raw_standard_20aa_residue_count	100	3	3
ml_clean_representatives	__ALL__	all	raw_standard_20aa_residue_count	108	2	2
ml_clean_representatives	__ALL__	all	raw_standard_20aa_residue_count	110	1	1
ml_clean_representatives	__ALL__	all	raw_standard_20aa_residue_count	111	1	1
ml_clean_representatives	__ALL__	all	raw_standard_20aa_residue_count	112	1	1
ml_clean_representatives	__ALL__	all	raw_standard_20aa_residue_count	114	6	6
ml_clean_representatives	__ALL__	all	raw_standard_20aa_residue_count	116	2	2
ml_clean_representatives	__ALL__	all	raw_standard_20aa_residue_count	118	14	14
ml_clean_representatives	__ALL__	all	raw_standard_20aa_residue_count	120	1	1
ml_clean_representatives	__ALL__	all	raw_standard_20aa_residue_count	124	2	2
ml_clean_representatives	__ALL__	all	raw_standard_20aa_residue_count	130	1	1
ml_clean_representatives	__ALL__	all	raw_standard_20aa_residue_count	132	2	2
ml_clean_representatives	__ALL__	all	raw_standard_20aa_residue_count	139	1	1
ml_clean_representatives	__ALL__	all	raw_standard_20aa_residue_count	140	4	4
ml_clean_representatives	__ALL__	all	raw_standard_20aa_residue_count	142	2	2
ml_clean_representatives	__ALL__	all	raw_standard_20aa_residue_count	152	1	1
ml_clean_representatives	__ALL__	all	raw_standard_20aa_residue_count	153	2	2
ml_clean_representatives	__ALL__	all	raw_standard_20aa_residue_count	158	1	1
ml_clean_representatives	__ALL__	all	raw_standard_20aa_residue_count	162	1	1
ml_clean_representatives	__ALL__	all	raw_standard_20aa_residue_count	163	1	1
ml_clean_representatives	__ALL__	all	raw_standard_20aa_residue_count	165	8	8
ml_clean_representatives	__ALL__	all	raw_standard_20aa_residue_count	166	2	2
ml_clean_representatives	__ALL__	all	raw_standard_20aa_residue_count	168	2	2
ml_clean_representatives	__ALL__	all	raw_standard_20aa_residue_count	172	1	1
ml_clean_representatives	__ALL__	all	raw_standard_20aa_residue_count	178	6	6
ml_clean_representatives	__ALL__	all	raw_standard_20aa_residue_count	179	1	1
ml_clean_representatives	__ALL__	all	raw_standard_20aa_residue_count	181	1	1
ml_clean_representatives	__ALL__	all	raw_standard_20aa_residue_count	183	2	2
ml_clean_representatives	__ALL__	all	raw_standard_20aa_residue_count	187	3	3
ml_clean_representatives	__ALL__	all	raw_standard_20aa_residue_count	189	2	2
ml_clean_representatives	__ALL__	all	raw_standard_20aa_residue_count	191	8	8
ml_clean_representatives	__ALL__	all	raw_standard_20aa_residue_count	193	2	2
ml_clean_representatives	__ALL__	all	raw_standard_20aa_residue_count	194	2	2
ml_clean_representatives	__ALL__	all	raw_standard_20aa_residue_count	203	1	1
ml_clean_representatives	__ALL__	all	raw_standard_20aa_residue_count	204	1	1
ml_clean_representatives	__ALL__	all	raw_standard_20aa_residue_count	210	1	1
ml_clean_representatives	__ALL__	all	raw_standard_20aa_residue_count	214	4	4
ml_clean_representatives	__ALL__	all	raw_standard_20aa_residue_count	216	4	4
ml_clean_representatives	__ALL__	all	raw_standard_20aa_residue_count	217	1	1
ml_clean_representatives	__ALL__	all	raw_standard_20aa_residue_count	218	1	1
ml_clean_representatives	__ALL__	all	raw_standard_20aa_residue_count	239	1	1
ml_clean_representatives	__ALL__	all	raw_standard_20aa_residue_count	240	1	1
ml_clean_representatives	__ALL__	all	raw_standard_20aa_residue_count	244	1	1
ml_clean_representatives	__ALL__	all	raw_standard_20aa_residue_count	255	2	2
ml_clean_representatives	__ALL__	all	raw_standard_20aa_residue_count	265	2	2
ml_clean_representatives	__ALL__	all	raw_standard_20aa_residue_count	273	1	1
ml_clean_representatives	__ALL__	all	raw_standard_20aa_residue_count	275	5	5
ml_clean_representatives	__ALL__	all	raw_standard_20aa_residue_count	278	1	1
ml_clean_representatives	__ALL__	all	raw_standard_20aa_residue_count	284	2	2
ml_clean_representatives	__ALL__	all	raw_standard_20aa_residue_count	287	1	1
ml_clean_representatives	__ALL__	all	raw_standard_20aa_residue_count	288	4	4
ml_clean_representatives	__ALL__	all	raw_standard_20aa_residue_count	291	6	6
ml_clean_representatives	__ALL__	all	raw_standard_20aa_residue_count	293	1	1
ml_clean_representatives	__ALL__	all	raw_standard_20aa_residue_count	296	3	3
ml_clean_representatives	__ALL__	all	raw_standard_20aa_residue_count	308	1	1
ml_clean_representatives	__ALL__	all	raw_standard_20aa_residue_count	309	4	4
ml_clean_representatives	__ALL__	all	raw_standard_20aa_residue_count	318	1	1
ml_clean_representatives	__ALL__	all	raw_standard_20aa_residue_count	319	1	1
ml_clean_representatives	__ALL__	all	raw_standard_20aa_residue_count	320	1	1
ml_clean_representatives	__ALL__	all	raw_standard_20aa_residue_count	330	1	1
ml_clean_representatives	__ALL__	all	raw_standard_20aa_residue_count	335	2	2
ml_clean_representatives	__ALL__	all	raw_standard_20aa_residue_count	341	6	6
ml_clean_representatives	__ALL__	all	raw_standard_20aa_residue_count	347	2	2
ml_clean_representatives	__ALL__	all	raw_standard_20aa_residue_count	361	6	6
ml_clean_representatives	__ALL__	all	raw_standard_20aa_residue_count	365	3	3
ml_clean_representatives	__ALL__	all	raw_standard_20aa_residue_count	379	1	1
ml_clean_representatives	__ALL__	all	raw_standard_20aa_residue_count	387	2	2
ml_clean_representatives	__ALL__	all	raw_standard_20aa_residue_count	393	1	1
ml_clean_representatives	__ALL__	all	raw_standard_20aa_residue_count	399	1	1
ml_clean_representatives	__ALL__	all	raw_standard_20aa_residue_count	407	1	1
ml_clean_representatives	__ALL__	all	raw_standard_20aa_residue_count	431	1	1
ml_clean_representatives	__ALL__	all	raw_standard_20aa_residue_count	462	1	1
ml_clean_representatives	__ALL__	all	raw_standard_20aa_residue_count	467	1	1
ml_clean_representatives	__ALL__	all	raw_standard_20aa_residue_count	486	1	1
ml_clean_representatives	__ALL__	all	raw_standard_20aa_residue_count	520	1	1
ml_clean_representatives	__ALL__	all	raw_standard_20aa_residue_count	568	1	1
ml_clean_representatives	__ALL__	all	raw_standard_20aa_residue_count	571	1	1
ml_clean_representatives	__ALL__	all	raw_standard_20aa_residue_count	572	1	1
ml_clean_representatives	__ALL__	all	raw_standard_20aa_residue_count	585	3	3
ml_clean_representatives	__ALL__	all	raw_standard_20aa_residue_count	590	1	1
ml_clean_representatives	__ALL__	all	raw_standard_20aa_residue_count	591	1	1
ml_clean_representatives	__ALL__	all	raw_standard_20aa_residue_count	615	3	3
ml_clean_representatives	__ALL__	all	raw_standard_20aa_residue_count	616	2	2
ml_clean_representatives	__ALL__	all	raw_standard_20aa_residue_count	654	3	3
ml_clean_representatives	__ALL__	all	raw_standard_20aa_residue_count	697	1	1
ml_clean_representatives	__ALL__	all	raw_standard_20aa_residue_count	781	2	2
ml_clean_representatives	__ALL__	all	raw_standard_20aa_residue_count	806	3	3
ml_clean_representatives	__ALL__	all	raw_standard_20aa_residue_count	865	3	3
ml_clean_representatives	__ALL__	all	raw_standard_20aa_residue_count	997	1	1
ml_clean_representatives	__ALL__	all	selected_model_residue_count_sequence_or_helm	1	9	9
ml_clean_representatives	__ALL__	all	selected_model_residue_count_sequence_or_helm	2	249	249
ml_clean_representatives	__ALL__	all	selected_model_residue_count_sequence_or_helm	3	190	190
ml_clean_representatives	__ALL__	all	selected_model_residue_count_sequence_or_helm	4	166	166
ml_clean_representatives	__ALL__	all	selected_model_residue_count_sequence_or_helm	5	271	276
ml_clean_representatives	__ALL__	all	selected_model_residue_count_sequence_or_helm	6	2350	2353
ml_clean_representatives	__ALL__	all	selected_model_residue_count_sequence_or_helm	7	2126	2128
ml_clean_representatives	__ALL__	all	selected_model_residue_count_sequence_or_helm	8	356	356
ml_clean_representatives	__ALL__	all	selected_model_residue_count_sequence_or_helm	9	757	759
ml_clean_representatives	__ALL__	all	selected_model_residue_count_sequence_or_helm	10	2364	2366
ml_clean_representatives	__ALL__	all	selected_model_residue_count_sequence_or_helm	11	805	829
ml_clean_representatives	__ALL__	all	selected_model_residue_count_sequence_or_helm	12	812	824
ml_clean_representatives	__ALL__	all	selected_model_residue_count_sequence_or_helm	13	360	360
ml_clean_representatives	__ALL__	all	selected_model_residue_count_sequence_or_helm	14	286	286
ml_clean_representatives	__ALL__	all	selected_model_residue_count_sequence_or_helm	15	271	271
ml_clean_representatives	__ALL__	all	selected_model_residue_count_sequence_or_helm	16	474	479
ml_clean_representatives	__ALL__	all	selected_model_residue_count_sequence_or_helm	17	364	364
ml_clean_representatives	__ALL__	all	selected_model_residue_count_sequence_or_helm	18	181	181
ml_clean_representatives	__ALL__	all	selected_model_residue_count_sequence_or_helm	19	100	100
ml_clean_representatives	__ALL__	all	selected_model_residue_count_sequence_or_helm	20	141	141
ml_clean_representatives	__ALL__	all	selected_model_residue_count_sequence_or_helm	21	73	73
ml_clean_representatives	__ALL__	all	selected_model_residue_count_sequence_or_helm	22	92	92
ml_clean_representatives	__ALL__	all	selected_model_residue_count_sequence_or_helm	23	79	80
ml_clean_representatives	__ALL__	all	selected_model_residue_count_sequence_or_helm	24	93	93
ml_clean_representatives	__ALL__	all	selected_model_residue_count_sequence_or_helm	25	941	941
ml_clean_representatives	__ALL__	all	selected_model_residue_count_sequence_or_helm	26	52	52
ml_clean_representatives	__ALL__	all	selected_model_residue_count_sequence_or_helm	27	592	592
ml_clean_representatives	__ALL__	all	selected_model_residue_count_sequence_or_helm	28	178	178
ml_clean_representatives	__ALL__	all	selected_model_residue_count_sequence_or_helm	29	103	103
ml_clean_representatives	__ALL__	all	selected_model_residue_count_sequence_or_helm	30	147	149
ml_clean_representatives	__ALL__	all	selected_model_residue_count_sequence_or_helm	31	154	159
ml_clean_representatives	__ALL__	all	selected_model_residue_count_sequence_or_helm	32	56	56
ml_clean_representatives	__ALL__	all	selected_model_residue_count_sequence_or_helm	33	68	68
ml_clean_representatives	__ALL__	all	selected_model_residue_count_sequence_or_helm	34	88	91
ml_clean_representatives	__ALL__	all	selected_model_residue_count_sequence_or_helm	35	37	37
ml_clean_representatives	__ALL__	all	selected_model_residue_count_sequence_or_helm	36	74	74
ml_clean_representatives	__ALL__	all	selected_model_residue_count_sequence_or_helm	37	52	52
ml_clean_representatives	__ALL__	all	selected_model_residue_count_sequence_or_helm	38	101	101
ml_clean_representatives	__ALL__	all	selected_model_residue_count_sequence_or_helm	39	196	201
ml_clean_representatives	__ALL__	all	selected_model_residue_count_sequence_or_helm	40	59	59
ml_clean_representatives	__ALL__	all	selected_model_residue_count_sequence_or_helm	41	91	91
ml_clean_representatives	__ALL__	all	selected_model_residue_count_sequence_or_helm	42	30	30
ml_clean_representatives	__ALL__	all	selected_model_residue_count_sequence_or_helm	43	31	31
ml_clean_representatives	__ALL__	all	selected_model_residue_count_sequence_or_helm	44	13	13
ml_clean_representatives	__ALL__	all	selected_model_residue_count_sequence_or_helm	45	17	17
ml_clean_representatives	__ALL__	all	selected_model_residue_count_sequence_or_helm	46	19	19
ml_clean_representatives	__ALL__	all	selected_model_residue_count_sequence_or_helm	47	47	47
ml_clean_representatives	__ALL__	all	selected_model_residue_count_sequence_or_helm	48	4	4
ml_clean_representatives	__ALL__	all	selected_model_residue_count_sequence_or_helm	49	14	14
ml_clean_representatives	__ALL__	all	selected_model_residue_count_sequence_or_helm	50	17	17
ml_clean_representatives	__ALL__	all	selected_model_residue_count_sequence_or_helm	51	4	5
ml_clean_representatives	__ALL__	all	selected_model_residue_count_sequence_or_helm	52	9	9
ml_clean_representatives	__ALL__	all	selected_model_residue_count_sequence_or_helm	53	2	2
ml_clean_representatives	__ALL__	all	selected_model_residue_count_sequence_or_helm	54	2	2
ml_clean_representatives	__ALL__	all	selected_model_residue_count_sequence_or_helm	56	5	5
ml_clean_representatives	__ALL__	all	selected_model_residue_count_sequence_or_helm	58	6	6
ml_clean_representatives	__ALL__	all	selected_model_residue_count_sequence_or_helm	59	4	4
ml_clean_representatives	__ALL__	all	selected_model_residue_count_sequence_or_helm	62	9	9
ml_clean_representatives	__ALL__	all	selected_model_residue_count_sequence_or_helm	65	1	1
ml_clean_representatives	__ALL__	all	selected_model_residue_count_sequence_or_helm	66	3	3
ml_clean_representatives	__ALL__	all	selected_model_residue_count_sequence_or_helm	70	36	36
ml_clean_representatives	__ALL__	all	selected_model_residue_count_sequence_or_helm	73	3	3
ml_clean_representatives	__ALL__	all	selected_model_residue_count_sequence_or_helm	75	2	2
ml_clean_representatives	__ALL__	all	selected_model_residue_count_sequence_or_helm	76	5	5
ml_clean_representatives	__ALL__	all	selected_model_residue_count_sequence_or_helm	80	3	3
ml_clean_representatives	__ALL__	all	selected_model_residue_count_sequence_or_helm	82	2	2
ml_clean_representatives	__ALL__	all	selected_model_residue_count_sequence_or_helm	83	9	9
ml_clean_representatives	__ALL__	all	selected_model_residue_count_sequence_or_helm	84	5	5
ml_clean_representatives	__ALL__	all	selected_model_residue_count_sequence_or_helm	85	9	9
ml_clean_representatives	__ALL__	all	selected_model_residue_count_sequence_or_helm	87	6	6
ml_clean_representatives	__ALL__	all	selected_model_residue_count_sequence_or_helm	90	2	2
ml_clean_representatives	__ALL__	all	selected_model_residue_count_sequence_or_helm	93	4	4
ml_clean_representatives	__ALL__	all	selected_model_residue_count_sequence_or_helm	94	2	2
ml_clean_representatives	__ALL__	all	selected_model_residue_count_sequence_or_helm	95	2	2
ml_clean_representatives	__ALL__	all	selected_model_residue_count_sequence_or_helm	98	5	5
ml_clean_representatives	__ALL__	all	selected_model_residue_count_sequence_or_helm	100	3	3
ml_clean_representatives	__ALL__	all	selected_model_residue_count_sequence_or_helm	108	2	2
ml_clean_representatives	__ALL__	all	selected_model_residue_count_sequence_or_helm	110	1	1
ml_clean_representatives	__ALL__	all	selected_model_residue_count_sequence_or_helm	111	1	1
ml_clean_representatives	__ALL__	all	selected_model_residue_count_sequence_or_helm	112	1	1
ml_clean_representatives	__ALL__	all	selected_model_residue_count_sequence_or_helm	114	6	6
ml_clean_representatives	__ALL__	all	selected_model_residue_count_sequence_or_helm	116	2	2
ml_clean_representatives	__ALL__	all	selected_model_residue_count_sequence_or_helm	118	14	14
ml_clean_representatives	__ALL__	all	selected_model_residue_count_sequence_or_helm	120	1	1
ml_clean_representatives	__ALL__	all	selected_model_residue_count_sequence_or_helm	124	2	2
ml_clean_representatives	__ALL__	all	selected_model_residue_count_sequence_or_helm	130	1	1
ml_clean_representatives	__ALL__	all	selected_model_residue_count_sequence_or_helm	132	2	2
ml_clean_representatives	__ALL__	all	selected_model_residue_count_sequence_or_helm	139	1	1
ml_clean_representatives	__ALL__	all	selected_model_residue_count_sequence_or_helm	140	4	4
ml_clean_representatives	__ALL__	all	selected_model_residue_count_sequence_or_helm	142	2	2
ml_clean_representatives	__ALL__	all	selected_model_residue_count_sequence_or_helm	152	1	1
ml_clean_representatives	__ALL__	all	selected_model_residue_count_sequence_or_helm	153	2	2
ml_clean_representatives	__ALL__	all	selected_model_residue_count_sequence_or_helm	158	1	1
ml_clean_representatives	__ALL__	all	selected_model_residue_count_sequence_or_helm	162	1	1
ml_clean_representatives	__ALL__	all	selected_model_residue_count_sequence_or_helm	163	1	1
ml_clean_representatives	__ALL__	all	selected_model_residue_count_sequence_or_helm	165	8	8
ml_clean_representatives	__ALL__	all	selected_model_residue_count_sequence_or_helm	166	2	2
ml_clean_representatives	__ALL__	all	selected_model_residue_count_sequence_or_helm	168	2	2
ml_clean_representatives	__ALL__	all	selected_model_residue_count_sequence_or_helm	172	1	1
ml_clean_representatives	__ALL__	all	selected_model_residue_count_sequence_or_helm	178	6	6
ml_clean_representatives	__ALL__	all	selected_model_residue_count_sequence_or_helm	179	1	1
ml_clean_representatives	__ALL__	all	selected_model_residue_count_sequence_or_helm	181	1	1
ml_clean_representatives	__ALL__	all	selected_model_residue_count_sequence_or_helm	183	2	2
ml_clean_representatives	__ALL__	all	selected_model_residue_count_sequence_or_helm	187	3	3
ml_clean_representatives	__ALL__	all	selected_model_residue_count_sequence_or_helm	189	2	2
ml_clean_representatives	__ALL__	all	selected_model_residue_count_sequence_or_helm	191	8	8
ml_clean_representatives	__ALL__	all	selected_model_residue_count_sequence_or_helm	193	2	2
ml_clean_representatives	__ALL__	all	selected_model_residue_count_sequence_or_helm	194	2	2
ml_clean_representatives	__ALL__	all	selected_model_residue_count_sequence_or_helm	203	1	1
ml_clean_representatives	__ALL__	all	selected_model_residue_count_sequence_or_helm	204	1	1
ml_clean_representatives	__ALL__	all	selected_model_residue_count_sequence_or_helm	210	1	1
ml_clean_representatives	__ALL__	all	selected_model_residue_count_sequence_or_helm	214	4	4
ml_clean_representatives	__ALL__	all	selected_model_residue_count_sequence_or_helm	216	4	4
ml_clean_representatives	__ALL__	all	selected_model_residue_count_sequence_or_helm	217	1	1
ml_clean_representatives	__ALL__	all	selected_model_residue_count_sequence_or_helm	218	1	1
ml_clean_representatives	__ALL__	all	selected_model_residue_count_sequence_or_helm	239	1	1
ml_clean_representatives	__ALL__	all	selected_model_residue_count_sequence_or_helm	240	1	1
ml_clean_representatives	__ALL__	all	selected_model_residue_count_sequence_or_helm	244	1	1
ml_clean_representatives	__ALL__	all	selected_model_residue_count_sequence_or_helm	255	2	2
ml_clean_representatives	__ALL__	all	selected_model_residue_count_sequence_or_helm	265	2	2
ml_clean_representatives	__ALL__	all	selected_model_residue_count_sequence_or_helm	273	1	1
ml_clean_representatives	__ALL__	all	selected_model_residue_count_sequence_or_helm	275	5	5
ml_clean_representatives	__ALL__	all	selected_model_residue_count_sequence_or_helm	278	1	1
ml_clean_representatives	__ALL__	all	selected_model_residue_count_sequence_or_helm	284	2	2
ml_clean_representatives	__ALL__	all	selected_model_residue_count_sequence_or_helm	287	1	1
ml_clean_representatives	__ALL__	all	selected_model_residue_count_sequence_or_helm	288	4	4
ml_clean_representatives	__ALL__	all	selected_model_residue_count_sequence_or_helm	291	6	6
ml_clean_representatives	__ALL__	all	selected_model_residue_count_sequence_or_helm	293	1	1
ml_clean_representatives	__ALL__	all	selected_model_residue_count_sequence_or_helm	296	3	3
ml_clean_representatives	__ALL__	all	selected_model_residue_count_sequence_or_helm	308	1	1
ml_clean_representatives	__ALL__	all	selected_model_residue_count_sequence_or_helm	309	4	4
ml_clean_representatives	__ALL__	all	selected_model_residue_count_sequence_or_helm	318	1	1
ml_clean_representatives	__ALL__	all	selected_model_residue_count_sequence_or_helm	319	1	1
ml_clean_representatives	__ALL__	all	selected_model_residue_count_sequence_or_helm	320	1	1
ml_clean_representatives	__ALL__	all	selected_model_residue_count_sequence_or_helm	330	1	1
ml_clean_representatives	__ALL__	all	selected_model_residue_count_sequence_or_helm	335	2	2
ml_clean_representatives	__ALL__	all	selected_model_residue_count_sequence_or_helm	341	6	6
ml_clean_representatives	__ALL__	all	selected_model_residue_count_sequence_or_helm	347	2	2
ml_clean_representatives	__ALL__	all	selected_model_residue_count_sequence_or_helm	361	6	6
ml_clean_representatives	__ALL__	all	selected_model_residue_count_sequence_or_helm	365	3	3
ml_clean_representatives	__ALL__	all	selected_model_residue_count_sequence_or_helm	379	1	1
ml_clean_representatives	__ALL__	all	selected_model_residue_count_sequence_or_helm	387	2	2
ml_clean_representatives	__ALL__	all	selected_model_residue_count_sequence_or_helm	393	1	1
ml_clean_representatives	__ALL__	all	selected_model_residue_count_sequence_or_helm	399	1	1
ml_clean_representatives	__ALL__	all	selected_model_residue_count_sequence_or_helm	407	1	1
ml_clean_representatives	__ALL__	all	selected_model_residue_count_sequence_or_helm	431	1	1
ml_clean_representatives	__ALL__	all	selected_model_residue_count_sequence_or_helm	462	1	1
ml_clean_representatives	__ALL__	all	selected_model_residue_count_sequence_or_helm	467	1	1
ml_clean_representatives	__ALL__	all	selected_model_residue_count_sequence_or_helm	486	1	1
ml_clean_representatives	__ALL__	all	selected_model_residue_count_sequence_or_helm	520	1	1
ml_clean_representatives	__ALL__	all	selected_model_residue_count_sequence_or_helm	568	1	1
ml_clean_representatives	__ALL__	all	selected_model_residue_count_sequence_or_helm	571	1	1
ml_clean_representatives	__ALL__	all	selected_model_residue_count_sequence_or_helm	572	1	1
ml_clean_representatives	__ALL__	all	selected_model_residue_count_sequence_or_helm	585	3	3
ml_clean_representatives	__ALL__	all	selected_model_residue_count_sequence_or_helm	590	1	1
ml_clean_representatives	__ALL__	all	selected_model_residue_count_sequence_or_helm	591	1	1
ml_clean_representatives	__ALL__	all	selected_model_residue_count_sequence_or_helm	615	3	3
ml_clean_representatives	__ALL__	all	selected_model_residue_count_sequence_or_helm	616	2	2
ml_clean_representatives	__ALL__	all	selected_model_residue_count_sequence_or_helm	654	3	3
ml_clean_representatives	__ALL__	all	selected_model_residue_count_sequence_or_helm	697	1	1
ml_clean_representatives	__ALL__	all	selected_model_residue_count_sequence_or_helm	781	2	2
ml_clean_representatives	__ALL__	all	selected_model_residue_count_sequence_or_helm	806	3	3
ml_clean_representatives	__ALL__	all	selected_model_residue_count_sequence_or_helm	865	3	3
ml_clean_representatives	__ALL__	all	selected_model_residue_count_sequence_or_helm	997	1	1
ml_clean_representatives	cell_penetration	all	raw_standard_20aa_residue_count	3	1	1
ml_clean_representatives	cell_penetration	all	raw_standard_20aa_residue_count	4	2	2
ml_clean_representatives	cell_penetration	all	raw_standard_20aa_residue_count	5	23	23
ml_clean_representatives	cell_penetration	all	raw_standard_20aa_residue_count	6	10	10
ml_clean_representatives	cell_penetration	all	raw_standard_20aa_residue_count	7	8	8
ml_clean_representatives	cell_penetration	all	raw_standard_20aa_residue_count	8	17	17
ml_clean_representatives	cell_penetration	all	raw_standard_20aa_residue_count	9	30	30
ml_clean_representatives	cell_penetration	all	raw_standard_20aa_residue_count	10	45	45
ml_clean_representatives	cell_penetration	all	raw_standard_20aa_residue_count	11	36	36
ml_clean_representatives	cell_penetration	all	raw_standard_20aa_residue_count	12	108	108
ml_clean_representatives	cell_penetration	all	raw_standard_20aa_residue_count	13	37	37
ml_clean_representatives	cell_penetration	all	raw_standard_20aa_residue_count	14	22	22
ml_clean_representatives	cell_penetration	all	raw_standard_20aa_residue_count	15	53	53
ml_clean_representatives	cell_penetration	all	raw_standard_20aa_residue_count	16	80	80
ml_clean_representatives	cell_penetration	all	raw_standard_20aa_residue_count	17	19	19
ml_clean_representatives	cell_penetration	all	raw_standard_20aa_residue_count	18	63	63
ml_clean_representatives	cell_penetration	all	raw_standard_20aa_residue_count	19	14	14
ml_clean_representatives	cell_penetration	all	raw_standard_20aa_residue_count	20	28	28
ml_clean_representatives	cell_penetration	all	raw_standard_20aa_residue_count	21	15	15
ml_clean_representatives	cell_penetration	all	raw_standard_20aa_residue_count	22	23	23
ml_clean_representatives	cell_penetration	all	raw_standard_20aa_residue_count	23	12	12
ml_clean_representatives	cell_penetration	all	raw_standard_20aa_residue_count	24	6	6
ml_clean_representatives	cell_penetration	all	raw_standard_20aa_residue_count	25	6	6
ml_clean_representatives	cell_penetration	all	raw_standard_20aa_residue_count	26	11	11
ml_clean_representatives	cell_penetration	all	raw_standard_20aa_residue_count	27	18	18
ml_clean_representatives	cell_penetration	all	raw_standard_20aa_residue_count	28	9	9
ml_clean_representatives	cell_penetration	all	raw_standard_20aa_residue_count	29	6	6
ml_clean_representatives	cell_penetration	all	raw_standard_20aa_residue_count	30	8	8
ml_clean_representatives	cell_penetration	all	raw_standard_20aa_residue_count	32	1	1
ml_clean_representatives	cell_penetration	all	raw_standard_20aa_residue_count	33	2	2
ml_clean_representatives	cell_penetration	all	raw_standard_20aa_residue_count	34	9	9
ml_clean_representatives	cell_penetration	all	raw_standard_20aa_residue_count	35	2	2
ml_clean_representatives	cell_penetration	all	raw_standard_20aa_residue_count	36	2	2
ml_clean_representatives	cell_penetration	all	raw_standard_20aa_residue_count	37	4	4
ml_clean_representatives	cell_penetration	all	raw_standard_20aa_residue_count	38	3	3
ml_clean_representatives	cell_penetration	all	raw_standard_20aa_residue_count	39	1	1
ml_clean_representatives	cell_penetration	all	raw_standard_20aa_residue_count	41	1	1
ml_clean_representatives	cell_penetration	all	raw_standard_20aa_residue_count	42	1	1
ml_clean_representatives	cell_penetration	all	raw_standard_20aa_residue_count	43	1	1
ml_clean_representatives	cell_penetration	all	selected_model_residue_count_sequence_or_helm	5	3	3
ml_clean_representatives	cell_penetration	all	selected_model_residue_count_sequence_or_helm	6	3	3
ml_clean_representatives	cell_penetration	all	selected_model_residue_count_sequence_or_helm	7	24	24
ml_clean_representatives	cell_penetration	all	selected_model_residue_count_sequence_or_helm	8	11	11
ml_clean_representatives	cell_penetration	all	selected_model_residue_count_sequence_or_helm	9	11	11
ml_clean_representatives	cell_penetration	all	selected_model_residue_count_sequence_or_helm	10	30	30
ml_clean_representatives	cell_penetration	all	selected_model_residue_count_sequence_or_helm	11	34	34
ml_clean_representatives	cell_penetration	all	selected_model_residue_count_sequence_or_helm	12	46	46
ml_clean_representatives	cell_penetration	all	selected_model_residue_count_sequence_or_helm	13	36	36
ml_clean_representatives	cell_penetration	all	selected_model_residue_count_sequence_or_helm	14	109	109
ml_clean_representatives	cell_penetration	all	selected_model_residue_count_sequence_or_helm	15	37	37
ml_clean_representatives	cell_penetration	all	selected_model_residue_count_sequence_or_helm	16	23	23
ml_clean_representatives	cell_penetration	all	selected_model_residue_count_sequence_or_helm	17	61	61
ml_clean_representatives	cell_penetration	all	selected_model_residue_count_sequence_or_helm	18	83	83
ml_clean_representatives	cell_penetration	all	selected_model_residue_count_sequence_or_helm	19	23	23
ml_clean_representatives	cell_penetration	all	selected_model_residue_count_sequence_or_helm	20	64	64
ml_clean_representatives	cell_penetration	all	selected_model_residue_count_sequence_or_helm	21	15	15
ml_clean_representatives	cell_penetration	all	selected_model_residue_count_sequence_or_helm	22	28	28
ml_clean_representatives	cell_penetration	all	selected_model_residue_count_sequence_or_helm	23	16	16
ml_clean_representatives	cell_penetration	all	selected_model_residue_count_sequence_or_helm	24	23	23
ml_clean_representatives	cell_penetration	all	selected_model_residue_count_sequence_or_helm	25	12	12
ml_clean_representatives	cell_penetration	all	selected_model_residue_count_sequence_or_helm	26	6	6
ml_clean_representatives	cell_penetration	all	selected_model_residue_count_sequence_or_helm	27	6	6
ml_clean_representatives	cell_penetration	all	selected_model_residue_count_sequence_or_helm	28	11	11
ml_clean_representatives	cell_penetration	all	selected_model_residue_count_sequence_or_helm	29	18	18
ml_clean_representatives	cell_penetration	all	selected_model_residue_count_sequence_or_helm	30	9	9
ml_clean_representatives	cell_penetration	all	selected_model_residue_count_sequence_or_helm	31	6	6
ml_clean_representatives	cell_penetration	all	selected_model_residue_count_sequence_or_helm	32	8	8
ml_clean_representatives	cell_penetration	all	selected_model_residue_count_sequence_or_helm	34	1	1
ml_clean_representatives	cell_penetration	all	selected_model_residue_count_sequence_or_helm	35	3	3
ml_clean_representatives	cell_penetration	all	selected_model_residue_count_sequence_or_helm	36	9	9
ml_clean_representatives	cell_penetration	all	selected_model_residue_count_sequence_or_helm	37	2	2
ml_clean_representatives	cell_penetration	all	selected_model_residue_count_sequence_or_helm	38	2	2
ml_clean_representatives	cell_penetration	all	selected_model_residue_count_sequence_or_helm	39	4	4
ml_clean_representatives	cell_penetration	all	selected_model_residue_count_sequence_or_helm	40	3	3
ml_clean_representatives	cell_penetration	all	selected_model_residue_count_sequence_or_helm	41	1	1
ml_clean_representatives	cell_penetration	all	selected_model_residue_count_sequence_or_helm	43	1	1
ml_clean_representatives	cell_penetration	all	selected_model_residue_count_sequence_or_helm	44	1	1
ml_clean_representatives	cell_penetration	all	selected_model_residue_count_sequence_or_helm	45	1	1
ml_clean_representatives	permeability	all	selected_model_residue_count_sequence_or_helm	2	4	4
ml_clean_representatives	permeability	all	selected_model_residue_count_sequence_or_helm	3	114	114
ml_clean_representatives	permeability	all	selected_model_residue_count_sequence_or_helm	4	90	90
ml_clean_representatives	permeability	all	selected_model_residue_count_sequence_or_helm	5	79	79
ml_clean_representatives	permeability	all	selected_model_residue_count_sequence_or_helm	6	2237	2240
ml_clean_representatives	permeability	all	selected_model_residue_count_sequence_or_helm	7	1914	1914
ml_clean_representatives	permeability	all	selected_model_residue_count_sequence_or_helm	8	129	129
ml_clean_representatives	permeability	all	selected_model_residue_count_sequence_or_helm	9	424	426
ml_clean_representatives	permeability	all	selected_model_residue_count_sequence_or_helm	10	1792	1793
ml_clean_representatives	permeability	all	selected_model_residue_count_sequence_or_helm	11	661	685
ml_clean_representatives	permeability	all	selected_model_residue_count_sequence_or_helm	12	616	627
ml_clean_representatives	permeability	all	selected_model_residue_count_sequence_or_helm	13	226	226
ml_clean_representatives	permeability	all	selected_model_residue_count_sequence_or_helm	14	113	113
ml_clean_representatives	permeability	all	selected_model_residue_count_sequence_or_helm	15	15	15
ml_clean_representatives	solubility	all	raw_standard_20aa_residue_count	2	217	217
ml_clean_representatives	solubility	all	raw_standard_20aa_residue_count	3	23	23
ml_clean_representatives	solubility	all	raw_standard_20aa_residue_count	4	23	23
ml_clean_representatives	solubility	all	raw_standard_20aa_residue_count	5	8	8
ml_clean_representatives	solubility	all	raw_standard_20aa_residue_count	6	8	8
ml_clean_representatives	solubility	all	raw_standard_20aa_residue_count	7	2	2
ml_clean_representatives	solubility	all	raw_standard_20aa_residue_count	8	47	47
ml_clean_representatives	solubility	all	raw_standard_20aa_residue_count	9	93	93
ml_clean_representatives	solubility	all	raw_standard_20aa_residue_count	10	29	29
ml_clean_representatives	solubility	all	raw_standard_20aa_residue_count	11	16	16
ml_clean_representatives	solubility	all	raw_standard_20aa_residue_count	13	2	2
ml_clean_representatives	solubility	all	raw_standard_20aa_residue_count	14	2	2
ml_clean_representatives	solubility	all	raw_standard_20aa_residue_count	15	158	158
ml_clean_representatives	solubility	all	raw_standard_20aa_residue_count	16	3	3
ml_clean_representatives	solubility	all	raw_standard_20aa_residue_count	17	241	241
ml_clean_representatives	solubility	all	raw_standard_20aa_residue_count	18	7	7
ml_clean_representatives	solubility	all	raw_standard_20aa_residue_count	19	2	2
ml_clean_representatives	solubility	all	raw_standard_20aa_residue_count	20	7	7
ml_clean_representatives	solubility	all	raw_standard_20aa_residue_count	21	2	2
ml_clean_representatives	solubility	all	raw_standard_20aa_residue_count	22	7	7
ml_clean_representatives	solubility	all	raw_standard_20aa_residue_count	23	1	1
ml_clean_representatives	solubility	all	raw_standard_20aa_residue_count	24	12	12
ml_clean_representatives	solubility	all	raw_standard_20aa_residue_count	25	887	887
ml_clean_representatives	solubility	all	raw_standard_20aa_residue_count	26	3	3
ml_clean_representatives	solubility	all	raw_standard_20aa_residue_count	27	545	545
ml_clean_representatives	solubility	all	raw_standard_20aa_residue_count	28	66	66
ml_clean_representatives	solubility	all	raw_standard_20aa_residue_count	31	29	29
ml_clean_representatives	solubility	all	raw_standard_20aa_residue_count	34	5	5
ml_clean_representatives	solubility	all	raw_standard_20aa_residue_count	38	1	1
ml_clean_representatives	solubility	all	raw_standard_20aa_residue_count	43	1	1
ml_clean_representatives	solubility	all	selected_model_residue_count_sequence_or_helm	2	217	217
ml_clean_representatives	solubility	all	selected_model_residue_count_sequence_or_helm	3	23	23
ml_clean_representatives	solubility	all	selected_model_residue_count_sequence_or_helm	4	23	23
ml_clean_representatives	solubility	all	selected_model_residue_count_sequence_or_helm	5	8	8
ml_clean_representatives	solubility	all	selected_model_residue_count_sequence_or_helm	6	8	8
ml_clean_representatives	solubility	all	selected_model_residue_count_sequence_or_helm	7	2	2
ml_clean_representatives	solubility	all	selected_model_residue_count_sequence_or_helm	8	47	47
ml_clean_representatives	solubility	all	selected_model_residue_count_sequence_or_helm	9	93	93
ml_clean_representatives	solubility	all	selected_model_residue_count_sequence_or_helm	10	29	29
ml_clean_representatives	solubility	all	selected_model_residue_count_sequence_or_helm	11	16	16
ml_clean_representatives	solubility	all	selected_model_residue_count_sequence_or_helm	13	2	2
ml_clean_representatives	solubility	all	selected_model_residue_count_sequence_or_helm	14	2	2
ml_clean_representatives	solubility	all	selected_model_residue_count_sequence_or_helm	15	158	158
ml_clean_representatives	solubility	all	selected_model_residue_count_sequence_or_helm	16	3	3
ml_clean_representatives	solubility	all	selected_model_residue_count_sequence_or_helm	17	241	241
ml_clean_representatives	solubility	all	selected_model_residue_count_sequence_or_helm	18	7	7
ml_clean_representatives	solubility	all	selected_model_residue_count_sequence_or_helm	19	2	2
ml_clean_representatives	solubility	all	selected_model_residue_count_sequence_or_helm	20	7	7
ml_clean_representatives	solubility	all	selected_model_residue_count_sequence_or_helm	21	2	2
ml_clean_representatives	solubility	all	selected_model_residue_count_sequence_or_helm	22	7	7
ml_clean_representatives	solubility	all	selected_model_residue_count_sequence_or_helm	23	1	1
ml_clean_representatives	solubility	all	selected_model_residue_count_sequence_or_helm	24	12	12
ml_clean_representatives	solubility	all	selected_model_residue_count_sequence_or_helm	25	887	887
ml_clean_representatives	solubility	all	selected_model_residue_count_sequence_or_helm	26	3	3
ml_clean_representatives	solubility	all	selected_model_residue_count_sequence_or_helm	27	545	545
ml_clean_representatives	solubility	all	selected_model_residue_count_sequence_or_helm	28	66	66
ml_clean_representatives	solubility	all	selected_model_residue_count_sequence_or_helm	31	29	29
ml_clean_representatives	solubility	all	selected_model_residue_count_sequence_or_helm	34	5	5
ml_clean_representatives	solubility	all	selected_model_residue_count_sequence_or_helm	38	1	1
ml_clean_representatives	solubility	all	selected_model_residue_count_sequence_or_helm	43	1	1
v15_training_deduplicated	BBB	all	raw_standard_20aa_residue_count	5	42	42
v15_training_deduplicated	BBB	all	raw_standard_20aa_residue_count	6	34	34
v15_training_deduplicated	BBB	all	raw_standard_20aa_residue_count	7	54	54
v15_training_deduplicated	BBB	all	raw_standard_20aa_residue_count	8	55	55
v15_training_deduplicated	BBB	all	raw_standard_20aa_residue_count	9	77	77
v15_training_deduplicated	BBB	all	raw_standard_20aa_residue_count	10	60	60
v15_training_deduplicated	BBB	all	raw_standard_20aa_residue_count	11	37	37
v15_training_deduplicated	BBB	all	raw_standard_20aa_residue_count	12	58	58
v15_training_deduplicated	BBB	all	raw_standard_20aa_residue_count	13	31	31
v15_training_deduplicated	BBB	all	raw_standard_20aa_residue_count	14	21	21
v15_training_deduplicated	BBB	all	raw_standard_20aa_residue_count	15	19	19
v15_training_deduplicated	BBB	all	raw_standard_20aa_residue_count	16	22	22
v15_training_deduplicated	BBB	all	raw_standard_20aa_residue_count	17	31	31
v15_training_deduplicated	BBB	all	raw_standard_20aa_residue_count	18	24	24
v15_training_deduplicated	BBB	all	raw_standard_20aa_residue_count	19	30	30
v15_training_deduplicated	BBB	all	raw_standard_20aa_residue_count	20	10	10
v15_training_deduplicated	BBB	all	raw_standard_20aa_residue_count	21	19	19
v15_training_deduplicated	BBB	all	raw_standard_20aa_residue_count	22	14	14
v15_training_deduplicated	BBB	all	raw_standard_20aa_residue_count	23	17	17
v15_training_deduplicated	BBB	all	raw_standard_20aa_residue_count	24	22	22
v15_training_deduplicated	BBB	all	raw_standard_20aa_residue_count	25	16	16
v15_training_deduplicated	BBB	all	raw_standard_20aa_residue_count	26	8	8
v15_training_deduplicated	BBB	all	raw_standard_20aa_residue_count	27	11	11
v15_training_deduplicated	BBB	all	raw_standard_20aa_residue_count	28	11	11
v15_training_deduplicated	BBB	all	raw_standard_20aa_residue_count	29	10	10
v15_training_deduplicated	BBB	all	raw_standard_20aa_residue_count	30	23	23
v15_training_deduplicated	BBB	all	raw_standard_20aa_residue_count	31	7	7
v15_training_deduplicated	BBB	all	raw_standard_20aa_residue_count	32	3	3
v15_training_deduplicated	BBB	all	raw_standard_20aa_residue_count	33	7	7
v15_training_deduplicated	BBB	all	raw_standard_20aa_residue_count	34	4	4
v15_training_deduplicated	BBB	all	raw_standard_20aa_residue_count	35	2	2
v15_training_deduplicated	BBB	all	raw_standard_20aa_residue_count	36	16	16
v15_training_deduplicated	BBB	all	raw_standard_20aa_residue_count	37	7	7
v15_training_deduplicated	BBB	all	raw_standard_20aa_residue_count	38	7	7
v15_training_deduplicated	BBB	all	raw_standard_20aa_residue_count	39	10	10
v15_training_deduplicated	BBB	all	raw_standard_20aa_residue_count	40	2	2
v15_training_deduplicated	BBB	all	raw_standard_20aa_residue_count	41	7	7
v15_training_deduplicated	BBB	all	raw_standard_20aa_residue_count	42	4	4
v15_training_deduplicated	BBB	all	raw_standard_20aa_residue_count	43	2	2
v15_training_deduplicated	BBB	all	raw_standard_20aa_residue_count	44	4	4
v15_training_deduplicated	BBB	all	raw_standard_20aa_residue_count	46	2	2
v15_training_deduplicated	BBB	all	raw_standard_20aa_residue_count	49	2	2
v15_training_deduplicated	BBB	all	raw_standard_20aa_residue_count	50	2	2
v15_training_deduplicated	CL	all	raw_standard_20aa_residue_count	6	18	18
v15_training_deduplicated	CL	all	raw_standard_20aa_residue_count	9	22	22
v15_training_deduplicated	CL	all	raw_standard_20aa_residue_count	12	2	2
v15_training_deduplicated	CL	all	raw_standard_20aa_residue_count	17	6	6
v15_training_deduplicated	CL	all	raw_standard_20aa_residue_count	18	4	4
v15_training_deduplicated	CL	all	raw_standard_20aa_residue_count	30	5	5
v15_training_deduplicated	CL	all	raw_standard_20aa_residue_count	39	5	5
v15_training_deduplicated	F	all	raw_standard_20aa_residue_count	6	6	6
v15_training_deduplicated	F	all	raw_standard_20aa_residue_count	18	3	3
v15_training_deduplicated	F	all	raw_standard_20aa_residue_count	33	1	1
v15_training_deduplicated	F	all	raw_standard_20aa_residue_count	34	4	4
v15_training_deduplicated	LogD7.4	all	raw_standard_20aa_residue_count	2	21	21
v15_training_deduplicated	LogD7.4	all	raw_standard_20aa_residue_count	5	5	5
v15_training_deduplicated	LogD7.4	all	raw_standard_20aa_residue_count	6	26	26
v15_training_deduplicated	LogD7.4	all	raw_standard_20aa_residue_count	7	8	8
v15_training_deduplicated	LogD7.4	all	raw_standard_20aa_residue_count	8	9	9
v15_training_deduplicated	LogD7.4	all	raw_standard_20aa_residue_count	10	9	9
v15_training_deduplicated	LogD7.4	all	raw_standard_20aa_residue_count	13	2	2
v15_training_deduplicated	LogD7.4	all	raw_standard_20aa_residue_count	14	2	2
v15_training_deduplicated	PPB	all	raw_standard_20aa_residue_count	6	21	21
v15_training_deduplicated	PPB	all	raw_standard_20aa_residue_count	7	4	4
v15_training_deduplicated	PPB	all	raw_standard_20aa_residue_count	8	4	4
v15_training_deduplicated	PPB	all	raw_standard_20aa_residue_count	9	9	9
v15_training_deduplicated	T1/2	all	raw_standard_20aa_residue_count	1	9	9
v15_training_deduplicated	T1/2	all	raw_standard_20aa_residue_count	2	27	27
v15_training_deduplicated	T1/2	all	raw_standard_20aa_residue_count	3	49	49
v15_training_deduplicated	T1/2	all	raw_standard_20aa_residue_count	4	45	45
v15_training_deduplicated	T1/2	all	raw_standard_20aa_residue_count	5	129	129
v15_training_deduplicated	T1/2	all	raw_standard_20aa_residue_count	6	124	124
v15_training_deduplicated	T1/2	all	raw_standard_20aa_residue_count	7	120	120
v15_training_deduplicated	T1/2	all	raw_standard_20aa_residue_count	8	97	97
v15_training_deduplicated	T1/2	all	raw_standard_20aa_residue_count	9	98	98
v15_training_deduplicated	T1/2	all	raw_standard_20aa_residue_count	10	444	444
v15_training_deduplicated	T1/2	all	raw_standard_20aa_residue_count	11	47	47
v15_training_deduplicated	T1/2	all	raw_standard_20aa_residue_count	12	85	85
v15_training_deduplicated	T1/2	all	raw_standard_20aa_residue_count	13	62	62
v15_training_deduplicated	T1/2	all	raw_standard_20aa_residue_count	14	40	40
v15_training_deduplicated	T1/2	all	raw_standard_20aa_residue_count	15	40	40
v15_training_deduplicated	T1/2	all	raw_standard_20aa_residue_count	16	421	421
v15_training_deduplicated	T1/2	all	raw_standard_20aa_residue_count	17	31	31
v15_training_deduplicated	T1/2	all	raw_standard_20aa_residue_count	18	53	53
v15_training_deduplicated	T1/2	all	raw_standard_20aa_residue_count	19	28	28
v15_training_deduplicated	T1/2	all	raw_standard_20aa_residue_count	20	59	59
v15_training_deduplicated	T1/2	all	raw_standard_20aa_residue_count	21	28	28
v15_training_deduplicated	T1/2	all	raw_standard_20aa_residue_count	22	43	43
v15_training_deduplicated	T1/2	all	raw_standard_20aa_residue_count	23	44	44
v15_training_deduplicated	T1/2	all	raw_standard_20aa_residue_count	24	37	37
v15_training_deduplicated	T1/2	all	raw_standard_20aa_residue_count	25	24	24
v15_training_deduplicated	T1/2	all	raw_standard_20aa_residue_count	26	35	35
v15_training_deduplicated	T1/2	all	raw_standard_20aa_residue_count	27	29	29
v15_training_deduplicated	T1/2	all	raw_standard_20aa_residue_count	28	90	90
v15_training_deduplicated	T1/2	all	raw_standard_20aa_residue_count	29	73	73
v15_training_deduplicated	T1/2	all	raw_standard_20aa_residue_count	30	103	103
v15_training_deduplicated	T1/2	all	raw_standard_20aa_residue_count	31	117	117
v15_training_deduplicated	T1/2	all	raw_standard_20aa_residue_count	32	45	45
v15_training_deduplicated	T1/2	all	raw_standard_20aa_residue_count	33	60	60
v15_training_deduplicated	T1/2	all	raw_standard_20aa_residue_count	34	80	80
v15_training_deduplicated	T1/2	all	raw_standard_20aa_residue_count	35	32	32
v15_training_deduplicated	T1/2	all	raw_standard_20aa_residue_count	36	47	47
v15_training_deduplicated	T1/2	all	raw_standard_20aa_residue_count	37	43	43
v15_training_deduplicated	T1/2	all	raw_standard_20aa_residue_count	38	74	74
v15_training_deduplicated	T1/2	all	raw_standard_20aa_residue_count	39	176	176
v15_training_deduplicated	T1/2	all	raw_standard_20aa_residue_count	40	50	50
v15_training_deduplicated	T1/2	all	raw_standard_20aa_residue_count	41	80	80
v15_training_deduplicated	T1/2	all	raw_standard_20aa_residue_count	42	24	24
v15_training_deduplicated	T1/2	all	raw_standard_20aa_residue_count	43	24	24
v15_training_deduplicated	T1/2	all	raw_standard_20aa_residue_count	44	8	8
v15_training_deduplicated	T1/2	all	raw_standard_20aa_residue_count	45	16	16
v15_training_deduplicated	T1/2	all	raw_standard_20aa_residue_count	46	17	17
v15_training_deduplicated	T1/2	all	raw_standard_20aa_residue_count	47	47	47
v15_training_deduplicated	T1/2	all	raw_standard_20aa_residue_count	48	4	4
v15_training_deduplicated	T1/2	all	raw_standard_20aa_residue_count	49	12	12
v15_training_deduplicated	T1/2	all	raw_standard_20aa_residue_count	50	15	15
v15_training_deduplicated	T1/2	all	raw_standard_20aa_residue_count	51	5	5
v15_training_deduplicated	T1/2	all	raw_standard_20aa_residue_count	52	7	7
v15_training_deduplicated	T1/2	all	raw_standard_20aa_residue_count	53	2	2
v15_training_deduplicated	T1/2	all	raw_standard_20aa_residue_count	54	2	2
v15_training_deduplicated	T1/2	all	raw_standard_20aa_residue_count	56	5	5
v15_training_deduplicated	T1/2	all	raw_standard_20aa_residue_count	58	6	6
v15_training_deduplicated	T1/2	all	raw_standard_20aa_residue_count	59	4	4
v15_training_deduplicated	T1/2	all	raw_standard_20aa_residue_count	62	9	9
v15_training_deduplicated	T1/2	all	raw_standard_20aa_residue_count	65	1	1
v15_training_deduplicated	T1/2	all	raw_standard_20aa_residue_count	66	3	3
v15_training_deduplicated	T1/2	all	raw_standard_20aa_residue_count	70	36	36
v15_training_deduplicated	T1/2	all	raw_standard_20aa_residue_count	73	3	3
v15_training_deduplicated	T1/2	all	raw_standard_20aa_residue_count	75	2	2
v15_training_deduplicated	T1/2	all	raw_standard_20aa_residue_count	76	5	5
v15_training_deduplicated	T1/2	all	raw_standard_20aa_residue_count	80	3	3
v15_training_deduplicated	T1/2	all	raw_standard_20aa_residue_count	82	2	2
v15_training_deduplicated	T1/2	all	raw_standard_20aa_residue_count	83	9	9
v15_training_deduplicated	T1/2	all	raw_standard_20aa_residue_count	84	5	5
v15_training_deduplicated	T1/2	all	raw_standard_20aa_residue_count	85	9	9
v15_training_deduplicated	T1/2	all	raw_standard_20aa_residue_count	87	6	6
v15_training_deduplicated	T1/2	all	raw_standard_20aa_residue_count	90	2	2
v15_training_deduplicated	T1/2	all	raw_standard_20aa_residue_count	93	4	4
v15_training_deduplicated	T1/2	all	raw_standard_20aa_residue_count	94	2	2
v15_training_deduplicated	T1/2	all	raw_standard_20aa_residue_count	95	2	2
v15_training_deduplicated	T1/2	all	raw_standard_20aa_residue_count	98	5	5
v15_training_deduplicated	T1/2	all	raw_standard_20aa_residue_count	100	3	3
v15_training_deduplicated	T1/2	all	raw_standard_20aa_residue_count	108	2	2
v15_training_deduplicated	T1/2	all	raw_standard_20aa_residue_count	110	1	1
v15_training_deduplicated	T1/2	all	raw_standard_20aa_residue_count	111	1	1
v15_training_deduplicated	T1/2	all	raw_standard_20aa_residue_count	112	1	1
v15_training_deduplicated	T1/2	all	raw_standard_20aa_residue_count	114	6	6
v15_training_deduplicated	T1/2	all	raw_standard_20aa_residue_count	116	2	2
v15_training_deduplicated	T1/2	all	raw_standard_20aa_residue_count	118	14	14
v15_training_deduplicated	T1/2	all	raw_standard_20aa_residue_count	120	1	1
v15_training_deduplicated	T1/2	all	raw_standard_20aa_residue_count	124	2	2
v15_training_deduplicated	T1/2	all	raw_standard_20aa_residue_count	130	1	1
v15_training_deduplicated	T1/2	all	raw_standard_20aa_residue_count	132	2	2
v15_training_deduplicated	T1/2	all	raw_standard_20aa_residue_count	139	1	1
v15_training_deduplicated	T1/2	all	raw_standard_20aa_residue_count	140	4	4
v15_training_deduplicated	T1/2	all	raw_standard_20aa_residue_count	142	2	2
v15_training_deduplicated	T1/2	all	raw_standard_20aa_residue_count	152	1	1
v15_training_deduplicated	T1/2	all	raw_standard_20aa_residue_count	153	2	2
v15_training_deduplicated	T1/2	all	raw_standard_20aa_residue_count	158	1	1
v15_training_deduplicated	T1/2	all	raw_standard_20aa_residue_count	162	1	1
v15_training_deduplicated	T1/2	all	raw_standard_20aa_residue_count	163	1	1
v15_training_deduplicated	T1/2	all	raw_standard_20aa_residue_count	165	8	8
v15_training_deduplicated	T1/2	all	raw_standard_20aa_residue_count	166	2	2
v15_training_deduplicated	T1/2	all	raw_standard_20aa_residue_count	168	2	2
v15_training_deduplicated	T1/2	all	raw_standard_20aa_residue_count	172	1	1
v15_training_deduplicated	T1/2	all	raw_standard_20aa_residue_count	178	6	6
v15_training_deduplicated	T1/2	all	raw_standard_20aa_residue_count	179	1	1
v15_training_deduplicated	T1/2	all	raw_standard_20aa_residue_count	181	1	1
v15_training_deduplicated	T1/2	all	raw_standard_20aa_residue_count	183	2	2
v15_training_deduplicated	T1/2	all	raw_standard_20aa_residue_count	187	3	3
v15_training_deduplicated	T1/2	all	raw_standard_20aa_residue_count	189	2	2
v15_training_deduplicated	T1/2	all	raw_standard_20aa_residue_count	191	8	8
v15_training_deduplicated	T1/2	all	raw_standard_20aa_residue_count	193	2	2
v15_training_deduplicated	T1/2	all	raw_standard_20aa_residue_count	194	2	2
v15_training_deduplicated	T1/2	all	raw_standard_20aa_residue_count	203	1	1
v15_training_deduplicated	T1/2	all	raw_standard_20aa_residue_count	204	1	1
v15_training_deduplicated	T1/2	all	raw_standard_20aa_residue_count	210	1	1
v15_training_deduplicated	T1/2	all	raw_standard_20aa_residue_count	214	4	4
v15_training_deduplicated	T1/2	all	raw_standard_20aa_residue_count	216	4	4
v15_training_deduplicated	T1/2	all	raw_standard_20aa_residue_count	217	1	1
v15_training_deduplicated	T1/2	all	raw_standard_20aa_residue_count	218	1	1
v15_training_deduplicated	T1/2	all	raw_standard_20aa_residue_count	239	1	1
v15_training_deduplicated	T1/2	all	raw_standard_20aa_residue_count	240	1	1
v15_training_deduplicated	T1/2	all	raw_standard_20aa_residue_count	244	1	1
v15_training_deduplicated	T1/2	all	raw_standard_20aa_residue_count	255	2	2
v15_training_deduplicated	T1/2	all	raw_standard_20aa_residue_count	265	2	2
v15_training_deduplicated	T1/2	all	raw_standard_20aa_residue_count	273	1	1
v15_training_deduplicated	T1/2	all	raw_standard_20aa_residue_count	275	5	5
v15_training_deduplicated	T1/2	all	raw_standard_20aa_residue_count	278	1	1
v15_training_deduplicated	T1/2	all	raw_standard_20aa_residue_count	284	2	2
v15_training_deduplicated	T1/2	all	raw_standard_20aa_residue_count	287	1	1
v15_training_deduplicated	T1/2	all	raw_standard_20aa_residue_count	288	4	4
v15_training_deduplicated	T1/2	all	raw_standard_20aa_residue_count	291	6	6
v15_training_deduplicated	T1/2	all	raw_standard_20aa_residue_count	293	1	1
v15_training_deduplicated	T1/2	all	raw_standard_20aa_residue_count	296	3	3
v15_training_deduplicated	T1/2	all	raw_standard_20aa_residue_count	308	1	1
v15_training_deduplicated	T1/2	all	raw_standard_20aa_residue_count	309	4	4
v15_training_deduplicated	T1/2	all	raw_standard_20aa_residue_count	318	1	1
v15_training_deduplicated	T1/2	all	raw_standard_20aa_residue_count	319	1	1
v15_training_deduplicated	T1/2	all	raw_standard_20aa_residue_count	320	1	1
v15_training_deduplicated	T1/2	all	raw_standard_20aa_residue_count	330	1	1
v15_training_deduplicated	T1/2	all	raw_standard_20aa_residue_count	335	2	2
v15_training_deduplicated	T1/2	all	raw_standard_20aa_residue_count	341	6	6
v15_training_deduplicated	T1/2	all	raw_standard_20aa_residue_count	347	2	2
v15_training_deduplicated	T1/2	all	raw_standard_20aa_residue_count	361	6	6
v15_training_deduplicated	T1/2	all	raw_standard_20aa_residue_count	365	3	3
v15_training_deduplicated	T1/2	all	raw_standard_20aa_residue_count	379	1	1
v15_training_deduplicated	T1/2	all	raw_standard_20aa_residue_count	387	2	2
v15_training_deduplicated	T1/2	all	raw_standard_20aa_residue_count	393	1	1
v15_training_deduplicated	T1/2	all	raw_standard_20aa_residue_count	399	1	1
v15_training_deduplicated	T1/2	all	raw_standard_20aa_residue_count	407	1	1
v15_training_deduplicated	T1/2	all	raw_standard_20aa_residue_count	431	1	1
v15_training_deduplicated	T1/2	all	raw_standard_20aa_residue_count	462	1	1
v15_training_deduplicated	T1/2	all	raw_standard_20aa_residue_count	467	1	1
v15_training_deduplicated	T1/2	all	raw_standard_20aa_residue_count	486	1	1
v15_training_deduplicated	T1/2	all	raw_standard_20aa_residue_count	520	1	1
v15_training_deduplicated	T1/2	all	raw_standard_20aa_residue_count	568	1	1
v15_training_deduplicated	T1/2	all	raw_standard_20aa_residue_count	571	1	1
v15_training_deduplicated	T1/2	all	raw_standard_20aa_residue_count	572	1	1
v15_training_deduplicated	T1/2	all	raw_standard_20aa_residue_count	585	3	3
v15_training_deduplicated	T1/2	all	raw_standard_20aa_residue_count	590	1	1
v15_training_deduplicated	T1/2	all	raw_standard_20aa_residue_count	591	1	1
v15_training_deduplicated	T1/2	all	raw_standard_20aa_residue_count	615	3	3
v15_training_deduplicated	T1/2	all	raw_standard_20aa_residue_count	616	2	2
v15_training_deduplicated	T1/2	all	raw_standard_20aa_residue_count	654	3	3
v15_training_deduplicated	T1/2	all	raw_standard_20aa_residue_count	697	1	1
v15_training_deduplicated	T1/2	all	raw_standard_20aa_residue_count	781	2	2
v15_training_deduplicated	T1/2	all	raw_standard_20aa_residue_count	806	3	3
v15_training_deduplicated	T1/2	all	raw_standard_20aa_residue_count	865	3	3
v15_training_deduplicated	T1/2	all	raw_standard_20aa_residue_count	997	1	1
v15_training_deduplicated	Vd	all	raw_standard_20aa_residue_count	6	6	6
v15_training_deduplicated	Vd	all	raw_standard_20aa_residue_count	9	21	21
v15_training_deduplicated	Vd	all	raw_standard_20aa_residue_count	12	2	2
v15_training_deduplicated	Vd	all	raw_standard_20aa_residue_count	17	6	6
v15_training_deduplicated	Vd	all	raw_standard_20aa_residue_count	18	4	4
v15_training_deduplicated	Vd	all	raw_standard_20aa_residue_count	30	5	5
v15_training_deduplicated	Vd	all	raw_standard_20aa_residue_count	39	5	5
v15_training_deduplicated	__ALL__	all	raw_standard_20aa_residue_count	1	10	10
v15_training_deduplicated	__ALL__	all	raw_standard_20aa_residue_count	2	1364	1364
v15_training_deduplicated	__ALL__	all	raw_standard_20aa_residue_count	3	1774	1774
v15_training_deduplicated	__ALL__	all	raw_standard_20aa_residue_count	4	1711	1711
v15_training_deduplicated	__ALL__	all	raw_standard_20aa_residue_count	5	2719	2719
v15_training_deduplicated	__ALL__	all	raw_standard_20aa_residue_count	6	3557	3557
v15_training_deduplicated	__ALL__	all	raw_standard_20aa_residue_count	7	4511	4511
v15_training_deduplicated	__ALL__	all	raw_standard_20aa_residue_count	8	4410	4410
v15_training_deduplicated	__ALL__	all	raw_standard_20aa_residue_count	9	10282	10282
v15_training_deduplicated	__ALL__	all	raw_standard_20aa_residue_count	10	6978	6978
v15_training_deduplicated	__ALL__	all	raw_standard_20aa_residue_count	11	5545	5545
v15_training_deduplicated	__ALL__	all	raw_standard_20aa_residue_count	12	10538	10538
v15_training_deduplicated	__ALL__	all	raw_standard_20aa_residue_count	13	10096	10096
v15_training_deduplicated	__ALL__	all	raw_standard_20aa_residue_count	14	5748	5748
v15_training_deduplicated	__ALL__	all	raw_standard_20aa_residue_count	15	7334	7334
v15_training_deduplicated	__ALL__	all	raw_standard_20aa_residue_count	16	5955	5955
v15_training_deduplicated	__ALL__	all	raw_standard_20aa_residue_count	17	5719	5719
v15_training_deduplicated	__ALL__	all	raw_standard_20aa_residue_count	18	7309	7309
v15_training_deduplicated	__ALL__	all	raw_standard_20aa_residue_count	19	5297	5297
v15_training_deduplicated	__ALL__	all	raw_standard_20aa_residue_count	20	7268	7268
v15_training_deduplicated	__ALL__	all	raw_standard_20aa_residue_count	21	5082	5082
v15_training_deduplicated	__ALL__	all	raw_standard_20aa_residue_count	22	3293	3293
v15_training_deduplicated	__ALL__	all	raw_standard_20aa_residue_count	23	3566	3566
v15_training_deduplicated	__ALL__	all	raw_standard_20aa_residue_count	24	4251	4251
v15_training_deduplicated	__ALL__	all	raw_standard_20aa_residue_count	25	5229	5229
v15_training_deduplicated	__ALL__	all	raw_standard_20aa_residue_count	26	2995	2995
v15_training_deduplicated	__ALL__	all	raw_standard_20aa_residue_count	27	3393	3393
v15_training_deduplicated	__ALL__	all	raw_standard_20aa_residue_count	28	3069	3069
v15_training_deduplicated	__ALL__	all	raw_standard_20aa_residue_count	29	3080	3080
v15_training_deduplicated	__ALL__	all	raw_standard_20aa_residue_count	30	3217	3217
v15_training_deduplicated	__ALL__	all	raw_standard_20aa_residue_count	31	2354	2354
v15_training_deduplicated	__ALL__	all	raw_standard_20aa_residue_count	32	2045	2045
v15_training_deduplicated	__ALL__	all	raw_standard_20aa_residue_count	33	2556	2556
v15_training_deduplicated	__ALL__	all	raw_standard_20aa_residue_count	34	2251	2251
v15_training_deduplicated	__ALL__	all	raw_standard_20aa_residue_count	35	2026	2026
v15_training_deduplicated	__ALL__	all	raw_standard_20aa_residue_count	36	1831	1831
v15_training_deduplicated	__ALL__	all	raw_standard_20aa_residue_count	37	2231	2231
v15_training_deduplicated	__ALL__	all	raw_standard_20aa_residue_count	38	1362	1362
v15_training_deduplicated	__ALL__	all	raw_standard_20aa_residue_count	39	1185	1185
v15_training_deduplicated	__ALL__	all	raw_standard_20aa_residue_count	40	1172	1172
v15_training_deduplicated	__ALL__	all	raw_standard_20aa_residue_count	41	853	853
v15_training_deduplicated	__ALL__	all	raw_standard_20aa_residue_count	42	767	767
v15_training_deduplicated	__ALL__	all	raw_standard_20aa_residue_count	43	868	868
v15_training_deduplicated	__ALL__	all	raw_standard_20aa_residue_count	44	921	921
v15_training_deduplicated	__ALL__	all	raw_standard_20aa_residue_count	45	824	824
v15_training_deduplicated	__ALL__	all	raw_standard_20aa_residue_count	46	981	981
v15_training_deduplicated	__ALL__	all	raw_standard_20aa_residue_count	47	773	773
v15_training_deduplicated	__ALL__	all	raw_standard_20aa_residue_count	48	523	523
v15_training_deduplicated	__ALL__	all	raw_standard_20aa_residue_count	49	497	497
v15_training_deduplicated	__ALL__	all	raw_standard_20aa_residue_count	50	924	924
v15_training_deduplicated	__ALL__	all	raw_standard_20aa_residue_count	51	8	8
v15_training_deduplicated	__ALL__	all	raw_standard_20aa_residue_count	52	22	22
v15_training_deduplicated	__ALL__	all	raw_standard_20aa_residue_count	53	7	7
v15_training_deduplicated	__ALL__	all	raw_standard_20aa_residue_count	54	12	12
v15_training_deduplicated	__ALL__	all	raw_standard_20aa_residue_count	55	6	6
v15_training_deduplicated	__ALL__	all	raw_standard_20aa_residue_count	56	13	13
v15_training_deduplicated	__ALL__	all	raw_standard_20aa_residue_count	57	6	6
v15_training_deduplicated	__ALL__	all	raw_standard_20aa_residue_count	58	10	10
v15_training_deduplicated	__ALL__	all	raw_standard_20aa_residue_count	59	9	9
v15_training_deduplicated	__ALL__	all	raw_standard_20aa_residue_count	60	8	8
v15_training_deduplicated	__ALL__	all	raw_standard_20aa_residue_count	61	20	20
v15_training_deduplicated	__ALL__	all	raw_standard_20aa_residue_count	62	28	28
v15_training_deduplicated	__ALL__	all	raw_standard_20aa_residue_count	63	7	7
v15_training_deduplicated	__ALL__	all	raw_standard_20aa_residue_count	64	5	5
v15_training_deduplicated	__ALL__	all	raw_standard_20aa_residue_count	65	9	9
v15_training_deduplicated	__ALL__	all	raw_standard_20aa_residue_count	66	4	4
v15_training_deduplicated	__ALL__	all	raw_standard_20aa_residue_count	67	8	8
v15_training_deduplicated	__ALL__	all	raw_standard_20aa_residue_count	69	5	5
v15_training_deduplicated	__ALL__	all	raw_standard_20aa_residue_count	70	37	37
v15_training_deduplicated	__ALL__	all	raw_standard_20aa_residue_count	71	2	2
v15_training_deduplicated	__ALL__	all	raw_standard_20aa_residue_count	72	14	14
v15_training_deduplicated	__ALL__	all	raw_standard_20aa_residue_count	73	5	5
v15_training_deduplicated	__ALL__	all	raw_standard_20aa_residue_count	74	7	7
v15_training_deduplicated	__ALL__	all	raw_standard_20aa_residue_count	75	7	7
v15_training_deduplicated	__ALL__	all	raw_standard_20aa_residue_count	76	10	10
v15_training_deduplicated	__ALL__	all	raw_standard_20aa_residue_count	77	1	1
v15_training_deduplicated	__ALL__	all	raw_standard_20aa_residue_count	79	1	1
v15_training_deduplicated	__ALL__	all	raw_standard_20aa_residue_count	80	15	15
v15_training_deduplicated	__ALL__	all	raw_standard_20aa_residue_count	81	2	2
v15_training_deduplicated	__ALL__	all	raw_standard_20aa_residue_count	82	2	2
v15_training_deduplicated	__ALL__	all	raw_standard_20aa_residue_count	83	11	11
v15_training_deduplicated	__ALL__	all	raw_standard_20aa_residue_count	84	16	16
v15_training_deduplicated	__ALL__	all	raw_standard_20aa_residue_count	85	9	9
v15_training_deduplicated	__ALL__	all	raw_standard_20aa_residue_count	87	6	6
v15_training_deduplicated	__ALL__	all	raw_standard_20aa_residue_count	88	2	2
v15_training_deduplicated	__ALL__	all	raw_standard_20aa_residue_count	90	2	2
v15_training_deduplicated	__ALL__	all	raw_standard_20aa_residue_count	91	1	1
v15_training_deduplicated	__ALL__	all	raw_standard_20aa_residue_count	93	5	5
v15_training_deduplicated	__ALL__	all	raw_standard_20aa_residue_count	94	3	3
v15_training_deduplicated	__ALL__	all	raw_standard_20aa_residue_count	95	2	2
v15_training_deduplicated	__ALL__	all	raw_standard_20aa_residue_count	98	11	11
v15_training_deduplicated	__ALL__	all	raw_standard_20aa_residue_count	100	4	4
v15_training_deduplicated	__ALL__	all	raw_standard_20aa_residue_count	107	1	1
v15_training_deduplicated	__ALL__	all	raw_standard_20aa_residue_count	108	2	2
v15_training_deduplicated	__ALL__	all	raw_standard_20aa_residue_count	110	1	1
v15_training_deduplicated	__ALL__	all	raw_standard_20aa_residue_count	111	1	1
v15_training_deduplicated	__ALL__	all	raw_standard_20aa_residue_count	112	2	2
v15_training_deduplicated	__ALL__	all	raw_standard_20aa_residue_count	114	6	6
v15_training_deduplicated	__ALL__	all	raw_standard_20aa_residue_count	115	5	5
v15_training_deduplicated	__ALL__	all	raw_standard_20aa_residue_count	116	2	2
v15_training_deduplicated	__ALL__	all	raw_standard_20aa_residue_count	118	14	14
v15_training_deduplicated	__ALL__	all	raw_standard_20aa_residue_count	120	1	1
v15_training_deduplicated	__ALL__	all	raw_standard_20aa_residue_count	121	7	7
v15_training_deduplicated	__ALL__	all	raw_standard_20aa_residue_count	123	2	2
v15_training_deduplicated	__ALL__	all	raw_standard_20aa_residue_count	124	2	2
v15_training_deduplicated	__ALL__	all	raw_standard_20aa_residue_count	127	1	1
v15_training_deduplicated	__ALL__	all	raw_standard_20aa_residue_count	130	1	1
v15_training_deduplicated	__ALL__	all	raw_standard_20aa_residue_count	132	2	2
v15_training_deduplicated	__ALL__	all	raw_standard_20aa_residue_count	138	2	2
v15_training_deduplicated	__ALL__	all	raw_standard_20aa_residue_count	139	1	1
v15_training_deduplicated	__ALL__	all	raw_standard_20aa_residue_count	140	4	4
v15_training_deduplicated	__ALL__	all	raw_standard_20aa_residue_count	142	2	2
v15_training_deduplicated	__ALL__	all	raw_standard_20aa_residue_count	144	1	1
v15_training_deduplicated	__ALL__	all	raw_standard_20aa_residue_count	152	1	1
v15_training_deduplicated	__ALL__	all	raw_standard_20aa_residue_count	153	2	2
v15_training_deduplicated	__ALL__	all	raw_standard_20aa_residue_count	158	1	1
v15_training_deduplicated	__ALL__	all	raw_standard_20aa_residue_count	162	1	1
v15_training_deduplicated	__ALL__	all	raw_standard_20aa_residue_count	163	1	1
v15_training_deduplicated	__ALL__	all	raw_standard_20aa_residue_count	164	2	2
v15_training_deduplicated	__ALL__	all	raw_standard_20aa_residue_count	165	8	8
v15_training_deduplicated	__ALL__	all	raw_standard_20aa_residue_count	166	2	2
v15_training_deduplicated	__ALL__	all	raw_standard_20aa_residue_count	168	2	2
v15_training_deduplicated	__ALL__	all	raw_standard_20aa_residue_count	172	1	1
v15_training_deduplicated	__ALL__	all	raw_standard_20aa_residue_count	173	2	2
v15_training_deduplicated	__ALL__	all	raw_standard_20aa_residue_count	178	6	6
v15_training_deduplicated	__ALL__	all	raw_standard_20aa_residue_count	179	1	1
v15_training_deduplicated	__ALL__	all	raw_standard_20aa_residue_count	181	1	1
v15_training_deduplicated	__ALL__	all	raw_standard_20aa_residue_count	183	2	2
v15_training_deduplicated	__ALL__	all	raw_standard_20aa_residue_count	187	3	3
v15_training_deduplicated	__ALL__	all	raw_standard_20aa_residue_count	189	2	2
v15_training_deduplicated	__ALL__	all	raw_standard_20aa_residue_count	190	11	11
v15_training_deduplicated	__ALL__	all	raw_standard_20aa_residue_count	191	10	10
v15_training_deduplicated	__ALL__	all	raw_standard_20aa_residue_count	193	2	2
v15_training_deduplicated	__ALL__	all	raw_standard_20aa_residue_count	194	2	2
v15_training_deduplicated	__ALL__	all	raw_standard_20aa_residue_count	203	1	1
v15_training_deduplicated	__ALL__	all	raw_standard_20aa_residue_count	204	1	1
v15_training_deduplicated	__ALL__	all	raw_standard_20aa_residue_count	210	1	1
v15_training_deduplicated	__ALL__	all	raw_standard_20aa_residue_count	214	5	5
v15_training_deduplicated	__ALL__	all	raw_standard_20aa_residue_count	216	4	4
v15_training_deduplicated	__ALL__	all	raw_standard_20aa_residue_count	217	1	1
v15_training_deduplicated	__ALL__	all	raw_standard_20aa_residue_count	218	1	1
v15_training_deduplicated	__ALL__	all	raw_standard_20aa_residue_count	220	1	1
v15_training_deduplicated	__ALL__	all	raw_standard_20aa_residue_count	221	1	1
v15_training_deduplicated	__ALL__	all	raw_standard_20aa_residue_count	232	1	1
v15_training_deduplicated	__ALL__	all	raw_standard_20aa_residue_count	239	1	1
v15_training_deduplicated	__ALL__	all	raw_standard_20aa_residue_count	240	1	1
v15_training_deduplicated	__ALL__	all	raw_standard_20aa_residue_count	244	1	1
v15_training_deduplicated	__ALL__	all	raw_standard_20aa_residue_count	255	2	2
v15_training_deduplicated	__ALL__	all	raw_standard_20aa_residue_count	260	1	1
v15_training_deduplicated	__ALL__	all	raw_standard_20aa_residue_count	265	2	2
v15_training_deduplicated	__ALL__	all	raw_standard_20aa_residue_count	271	1	1
v15_training_deduplicated	__ALL__	all	raw_standard_20aa_residue_count	273	1	1
v15_training_deduplicated	__ALL__	all	raw_standard_20aa_residue_count	275	5	5
v15_training_deduplicated	__ALL__	all	raw_standard_20aa_residue_count	278	1	1
v15_training_deduplicated	__ALL__	all	raw_standard_20aa_residue_count	280	4	4
v15_training_deduplicated	__ALL__	all	raw_standard_20aa_residue_count	284	2	2
v15_training_deduplicated	__ALL__	all	raw_standard_20aa_residue_count	286	2	2
v15_training_deduplicated	__ALL__	all	raw_standard_20aa_residue_count	287	1	1
v15_training_deduplicated	__ALL__	all	raw_standard_20aa_residue_count	288	4	4
v15_training_deduplicated	__ALL__	all	raw_standard_20aa_residue_count	291	6	6
v15_training_deduplicated	__ALL__	all	raw_standard_20aa_residue_count	293	1	1
v15_training_deduplicated	__ALL__	all	raw_standard_20aa_residue_count	296	3	3
v15_training_deduplicated	__ALL__	all	raw_standard_20aa_residue_count	299	1	1
v15_training_deduplicated	__ALL__	all	raw_standard_20aa_residue_count	300	2	2
v15_training_deduplicated	__ALL__	all	raw_standard_20aa_residue_count	305	4	4
v15_training_deduplicated	__ALL__	all	raw_standard_20aa_residue_count	307	1	1
v15_training_deduplicated	__ALL__	all	raw_standard_20aa_residue_count	308	1	1
v15_training_deduplicated	__ALL__	all	raw_standard_20aa_residue_count	309	4	4
v15_training_deduplicated	__ALL__	all	raw_standard_20aa_residue_count	311	1	1
v15_training_deduplicated	__ALL__	all	raw_standard_20aa_residue_count	318	1	1
v15_training_deduplicated	__ALL__	all	raw_standard_20aa_residue_count	319	3	3
v15_training_deduplicated	__ALL__	all	raw_standard_20aa_residue_count	320	1	1
v15_training_deduplicated	__ALL__	all	raw_standard_20aa_residue_count	322	1	1
v15_training_deduplicated	__ALL__	all	raw_standard_20aa_residue_count	324	1	1
v15_training_deduplicated	__ALL__	all	raw_standard_20aa_residue_count	330	1	1
v15_training_deduplicated	__ALL__	all	raw_standard_20aa_residue_count	334	2	2
v15_training_deduplicated	__ALL__	all	raw_standard_20aa_residue_count	335	2	2
v15_training_deduplicated	__ALL__	all	raw_standard_20aa_residue_count	341	6	6
v15_training_deduplicated	__ALL__	all	raw_standard_20aa_residue_count	347	2	2
v15_training_deduplicated	__ALL__	all	raw_standard_20aa_residue_count	352	1	1
v15_training_deduplicated	__ALL__	all	raw_standard_20aa_residue_count	361	6	6
v15_training_deduplicated	__ALL__	all	raw_standard_20aa_residue_count	365	3	3
v15_training_deduplicated	__ALL__	all	raw_standard_20aa_residue_count	379	1	1
v15_training_deduplicated	__ALL__	all	raw_standard_20aa_residue_count	387	2	2
v15_training_deduplicated	__ALL__	all	raw_standard_20aa_residue_count	393	1	1
v15_training_deduplicated	__ALL__	all	raw_standard_20aa_residue_count	399	1	1
v15_training_deduplicated	__ALL__	all	raw_standard_20aa_residue_count	407	1	1
v15_training_deduplicated	__ALL__	all	raw_standard_20aa_residue_count	431	1	1
v15_training_deduplicated	__ALL__	all	raw_standard_20aa_residue_count	462	1	1
v15_training_deduplicated	__ALL__	all	raw_standard_20aa_residue_count	467	1	1
v15_training_deduplicated	__ALL__	all	raw_standard_20aa_residue_count	486	1	1
v15_training_deduplicated	__ALL__	all	raw_standard_20aa_residue_count	501	1	1
v15_training_deduplicated	__ALL__	all	raw_standard_20aa_residue_count	516	1	1
v15_training_deduplicated	__ALL__	all	raw_standard_20aa_residue_count	517	5	5
v15_training_deduplicated	__ALL__	all	raw_standard_20aa_residue_count	520	5	5
v15_training_deduplicated	__ALL__	all	raw_standard_20aa_residue_count	521	4	4
v15_training_deduplicated	__ALL__	all	raw_standard_20aa_residue_count	565	2	2
v15_training_deduplicated	__ALL__	all	raw_standard_20aa_residue_count	568	1	1
v15_training_deduplicated	__ALL__	all	raw_standard_20aa_residue_count	571	1	1
v15_training_deduplicated	__ALL__	all	raw_standard_20aa_residue_count	572	1	1
v15_training_deduplicated	__ALL__	all	raw_standard_20aa_residue_count	585	3	3
v15_training_deduplicated	__ALL__	all	raw_standard_20aa_residue_count	590	1	1
v15_training_deduplicated	__ALL__	all	raw_standard_20aa_residue_count	591	1	1
v15_training_deduplicated	__ALL__	all	raw_standard_20aa_residue_count	615	3	3
v15_training_deduplicated	__ALL__	all	raw_standard_20aa_residue_count	616	2	2
v15_training_deduplicated	__ALL__	all	raw_standard_20aa_residue_count	654	3	3
v15_training_deduplicated	__ALL__	all	raw_standard_20aa_residue_count	697	1	1
v15_training_deduplicated	__ALL__	all	raw_standard_20aa_residue_count	781	2	2
v15_training_deduplicated	__ALL__	all	raw_standard_20aa_residue_count	806	3	3
v15_training_deduplicated	__ALL__	all	raw_standard_20aa_residue_count	865	3	3
v15_training_deduplicated	__ALL__	all	raw_standard_20aa_residue_count	997	1	1
v15_training_deduplicated	__ALL__	all	raw_standard_20aa_residue_count	1706	1	1
v15_training_deduplicated	bbb_penetration	all	raw_standard_20aa_residue_count	2	2	2
v15_training_deduplicated	bbb_penetration	all	raw_standard_20aa_residue_count	3	3	3
v15_training_deduplicated	bbb_penetration	all	raw_standard_20aa_residue_count	4	4	4
v15_training_deduplicated	bbb_penetration	all	raw_standard_20aa_residue_count	5	4	4
v15_training_deduplicated	bbb_penetration	all	raw_standard_20aa_residue_count	6	1	1
v15_training_deduplicated	bbb_penetration	all	raw_standard_20aa_residue_count	7	1	1
v15_training_deduplicated	bbb_penetration	all	raw_standard_20aa_residue_count	8	3	3
v15_training_deduplicated	bbb_penetration	all	raw_standard_20aa_residue_count	9	3	3
v15_training_deduplicated	bbb_penetration	all	raw_standard_20aa_residue_count	10	3	3
v15_training_deduplicated	bbb_penetration	all	raw_standard_20aa_residue_count	11	2	2
v15_training_deduplicated	bbb_penetration	all	raw_standard_20aa_residue_count	12	1	1
v15_training_deduplicated	bbb_penetration	all	raw_standard_20aa_residue_count	13	2	2
v15_training_deduplicated	bbb_penetration	all	raw_standard_20aa_residue_count	14	1	1
v15_training_deduplicated	bbb_penetration	all	raw_standard_20aa_residue_count	19	7	7
v15_training_deduplicated	bbb_penetration	all	raw_standard_20aa_residue_count	21	2	2
v15_training_deduplicated	bbb_penetration	all	raw_standard_20aa_residue_count	23	2	2
v15_training_deduplicated	bbb_penetration	all	raw_standard_20aa_residue_count	27	2	2
v15_training_deduplicated	bbb_penetration	all	raw_standard_20aa_residue_count	28	4	4
v15_training_deduplicated	bbb_penetration	all	raw_standard_20aa_residue_count	31	1	1
v15_training_deduplicated	bbb_penetration	all	raw_standard_20aa_residue_count	34	1	1
v15_training_deduplicated	bbb_penetration	all	raw_standard_20aa_residue_count	36	3	3
v15_training_deduplicated	bbb_penetration	all	raw_standard_20aa_residue_count	37	1	1
v15_training_deduplicated	bbb_penetration	all	raw_standard_20aa_residue_count	38	4	4
v15_training_deduplicated	bbb_penetration	all	raw_standard_20aa_residue_count	39	3	3
v15_training_deduplicated	bbb_penetration	all	raw_standard_20aa_residue_count	40	2	2
v15_training_deduplicated	bbb_penetration	all	raw_standard_20aa_residue_count	41	3	3
v15_training_deduplicated	bbb_penetration	all	raw_standard_20aa_residue_count	50	2	2
v15_training_deduplicated	cell_penetration	all	raw_standard_20aa_residue_count	3	1	1
v15_training_deduplicated	cell_penetration	all	raw_standard_20aa_residue_count	4	2	2
v15_training_deduplicated	cell_penetration	all	raw_standard_20aa_residue_count	5	23	23
v15_training_deduplicated	cell_penetration	all	raw_standard_20aa_residue_count	6	10	10
v15_training_deduplicated	cell_penetration	all	raw_standard_20aa_residue_count	7	8	8
v15_training_deduplicated	cell_penetration	all	raw_standard_20aa_residue_count	8	17	17
v15_training_deduplicated	cell_penetration	all	raw_standard_20aa_residue_count	9	30	30
v15_training_deduplicated	cell_penetration	all	raw_standard_20aa_residue_count	10	45	45
v15_training_deduplicated	cell_penetration	all	raw_standard_20aa_residue_count	11	36	36
v15_training_deduplicated	cell_penetration	all	raw_standard_20aa_residue_count	12	108	108
v15_training_deduplicated	cell_penetration	all	raw_standard_20aa_residue_count	13	37	37
v15_training_deduplicated	cell_penetration	all	raw_standard_20aa_residue_count	14	22	22
v15_training_deduplicated	cell_penetration	all	raw_standard_20aa_residue_count	15	53	53
v15_training_deduplicated	cell_penetration	all	raw_standard_20aa_residue_count	16	80	80
v15_training_deduplicated	cell_penetration	all	raw_standard_20aa_residue_count	17	19	19
v15_training_deduplicated	cell_penetration	all	raw_standard_20aa_residue_count	18	63	63
v15_training_deduplicated	cell_penetration	all	raw_standard_20aa_residue_count	19	14	14
v15_training_deduplicated	cell_penetration	all	raw_standard_20aa_residue_count	20	28	28
v15_training_deduplicated	cell_penetration	all	raw_standard_20aa_residue_count	21	15	15
v15_training_deduplicated	cell_penetration	all	raw_standard_20aa_residue_count	22	23	23
v15_training_deduplicated	cell_penetration	all	raw_standard_20aa_residue_count	23	12	12
v15_training_deduplicated	cell_penetration	all	raw_standard_20aa_residue_count	24	6	6
v15_training_deduplicated	cell_penetration	all	raw_standard_20aa_residue_count	25	6	6
v15_training_deduplicated	cell_penetration	all	raw_standard_20aa_residue_count	26	11	11
v15_training_deduplicated	cell_penetration	all	raw_standard_20aa_residue_count	27	18	18
v15_training_deduplicated	cell_penetration	all	raw_standard_20aa_residue_count	28	9	9
v15_training_deduplicated	cell_penetration	all	raw_standard_20aa_residue_count	29	6	6
v15_training_deduplicated	cell_penetration	all	raw_standard_20aa_residue_count	30	8	8
v15_training_deduplicated	cell_penetration	all	raw_standard_20aa_residue_count	32	1	1
v15_training_deduplicated	cell_penetration	all	raw_standard_20aa_residue_count	33	2	2
v15_training_deduplicated	cell_penetration	all	raw_standard_20aa_residue_count	34	9	9
v15_training_deduplicated	cell_penetration	all	raw_standard_20aa_residue_count	35	2	2
v15_training_deduplicated	cell_penetration	all	raw_standard_20aa_residue_count	36	2	2
v15_training_deduplicated	cell_penetration	all	raw_standard_20aa_residue_count	37	4	4
v15_training_deduplicated	cell_penetration	all	raw_standard_20aa_residue_count	38	3	3
v15_training_deduplicated	cell_penetration	all	raw_standard_20aa_residue_count	39	1	1
v15_training_deduplicated	cell_penetration	all	raw_standard_20aa_residue_count	41	1	1
v15_training_deduplicated	cell_penetration	all	raw_standard_20aa_residue_count	42	1	1
v15_training_deduplicated	cell_penetration	all	raw_standard_20aa_residue_count	43	1	1
v15_training_deduplicated	cell_viability_percent	all	raw_standard_20aa_residue_count	9	1	1
v15_training_deduplicated	cell_viability_percent	all	raw_standard_20aa_residue_count	13	4	4
v15_training_deduplicated	cell_viability_percent	all	raw_standard_20aa_residue_count	14	1	1
v15_training_deduplicated	cell_viability_percent	all	raw_standard_20aa_residue_count	50	1	1
v15_training_deduplicated	cytotoxicity	all	raw_standard_20aa_residue_count	2	1	1
v15_training_deduplicated	cytotoxicity	all	raw_standard_20aa_residue_count	4	7	7
v15_training_deduplicated	cytotoxicity	all	raw_standard_20aa_residue_count	5	27	27
v15_training_deduplicated	cytotoxicity	all	raw_standard_20aa_residue_count	6	5	5
v15_training_deduplicated	cytotoxicity	all	raw_standard_20aa_residue_count	7	9	9
v15_training_deduplicated	cytotoxicity	all	raw_standard_20aa_residue_count	8	21	21
v15_training_deduplicated	cytotoxicity	all	raw_standard_20aa_residue_count	9	30	30
v15_training_deduplicated	cytotoxicity	all	raw_standard_20aa_residue_count	10	64	64
v15_training_deduplicated	cytotoxicity	all	raw_standard_20aa_residue_count	11	21	21
v15_training_deduplicated	cytotoxicity	all	raw_standard_20aa_residue_count	12	63	63
v15_training_deduplicated	cytotoxicity	all	raw_standard_20aa_residue_count	13	101	101
v15_training_deduplicated	cytotoxicity	all	raw_standard_20aa_residue_count	14	74	74
v15_training_deduplicated	cytotoxicity	all	raw_standard_20aa_residue_count	15	117	117
v15_training_deduplicated	cytotoxicity	all	raw_standard_20aa_residue_count	16	49	49
v15_training_deduplicated	cytotoxicity	all	raw_standard_20aa_residue_count	17	59	59
v15_training_deduplicated	cytotoxicity	all	raw_standard_20aa_residue_count	18	95	95
v15_training_deduplicated	cytotoxicity	all	raw_standard_20aa_residue_count	19	55	55
v15_training_deduplicated	cytotoxicity	all	raw_standard_20aa_residue_count	20	108	108
v15_training_deduplicated	cytotoxicity	all	raw_standard_20aa_residue_count	21	55	55
v15_training_deduplicated	cytotoxicity	all	raw_standard_20aa_residue_count	22	59	59
v15_training_deduplicated	cytotoxicity	all	raw_standard_20aa_residue_count	23	67	67
v15_training_deduplicated	cytotoxicity	all	raw_standard_20aa_residue_count	24	56	56
v15_training_deduplicated	cytotoxicity	all	raw_standard_20aa_residue_count	25	66	66
v15_training_deduplicated	cytotoxicity	all	raw_standard_20aa_residue_count	26	31	31
v15_training_deduplicated	cytotoxicity	all	raw_standard_20aa_residue_count	27	38	38
v15_training_deduplicated	cytotoxicity	all	raw_standard_20aa_residue_count	28	44	44
v15_training_deduplicated	cytotoxicity	all	raw_standard_20aa_residue_count	29	52	52
v15_training_deduplicated	cytotoxicity	all	raw_standard_20aa_residue_count	30	25	25
v15_training_deduplicated	cytotoxicity	all	raw_standard_20aa_residue_count	31	29	29
v15_training_deduplicated	cytotoxicity	all	raw_standard_20aa_residue_count	32	29	29
v15_training_deduplicated	cytotoxicity	all	raw_standard_20aa_residue_count	33	18	18
v15_training_deduplicated	cytotoxicity	all	raw_standard_20aa_residue_count	34	35	35
v15_training_deduplicated	cytotoxicity	all	raw_standard_20aa_residue_count	35	12	12
v15_training_deduplicated	cytotoxicity	all	raw_standard_20aa_residue_count	36	21	21
v15_training_deduplicated	cytotoxicity	all	raw_standard_20aa_residue_count	37	28	28
v15_training_deduplicated	cytotoxicity	all	raw_standard_20aa_residue_count	38	16	16
v15_training_deduplicated	cytotoxicity	all	raw_standard_20aa_residue_count	39	16	16
v15_training_deduplicated	cytotoxicity	all	raw_standard_20aa_residue_count	40	9	9
v15_training_deduplicated	cytotoxicity	all	raw_standard_20aa_residue_count	41	6	6
v15_training_deduplicated	cytotoxicity	all	raw_standard_20aa_residue_count	42	3	3
v15_training_deduplicated	cytotoxicity	all	raw_standard_20aa_residue_count	43	4	4
v15_training_deduplicated	cytotoxicity	all	raw_standard_20aa_residue_count	44	1	1
v15_training_deduplicated	cytotoxicity	all	raw_standard_20aa_residue_count	45	2	2
v15_training_deduplicated	cytotoxicity	all	raw_standard_20aa_residue_count	46	6	6
v15_training_deduplicated	cytotoxicity	all	raw_standard_20aa_residue_count	47	1	1
v15_training_deduplicated	cytotoxicity	all	raw_standard_20aa_residue_count	48	5	5
v15_training_deduplicated	cytotoxicity	all	raw_standard_20aa_residue_count	49	2	2
v15_training_deduplicated	cytotoxicity	all	raw_standard_20aa_residue_count	50	3	3
v15_training_deduplicated	cytotoxicity	all	raw_standard_20aa_residue_count	51	1	1
v15_training_deduplicated	cytotoxicity	all	raw_standard_20aa_residue_count	52	1	1
v15_training_deduplicated	cytotoxicity	all	raw_standard_20aa_residue_count	54	1	1
v15_training_deduplicated	cytotoxicity	all	raw_standard_20aa_residue_count	55	1	1
v15_training_deduplicated	cytotoxicity	all	raw_standard_20aa_residue_count	56	1	1
v15_training_deduplicated	cytotoxicity	all	raw_standard_20aa_residue_count	62	1	1
v15_training_deduplicated	cytotoxicity	all	raw_standard_20aa_residue_count	65	1	1
v15_training_deduplicated	cytotoxicity	all	raw_standard_20aa_residue_count	84	2	2
v15_training_deduplicated	cytotoxicity	all	raw_standard_20aa_residue_count	121	6	6
v15_training_deduplicated	cytotoxicity_cc50	all	raw_standard_20aa_residue_count	5	1	1
v15_training_deduplicated	cytotoxicity_cc50	all	raw_standard_20aa_residue_count	8	1	1
v15_training_deduplicated	cytotoxicity_cc50	all	raw_standard_20aa_residue_count	9	2	2
v15_training_deduplicated	cytotoxicity_cc50	all	raw_standard_20aa_residue_count	10	1	1
v15_training_deduplicated	cytotoxicity_cc50	all	raw_standard_20aa_residue_count	11	1	1
v15_training_deduplicated	cytotoxicity_cc50	all	raw_standard_20aa_residue_count	12	10	10
v15_training_deduplicated	cytotoxicity_cc50	all	raw_standard_20aa_residue_count	17	1	1
v15_training_deduplicated	cytotoxicity_cc50	all	raw_standard_20aa_residue_count	18	3	3
v15_training_deduplicated	cytotoxicity_cc50	all	raw_standard_20aa_residue_count	19	1	1
v15_training_deduplicated	cytotoxicity_cc50	all	raw_standard_20aa_residue_count	20	1	1
v15_training_deduplicated	cytotoxicity_cc50	all	raw_standard_20aa_residue_count	21	8	8
v15_training_deduplicated	cytotoxicity_cc50	all	raw_standard_20aa_residue_count	22	1	1
v15_training_deduplicated	cytotoxicity_cc50	all	raw_standard_20aa_residue_count	24	1	1
v15_training_deduplicated	cytotoxicity_cc50	all	raw_standard_20aa_residue_count	28	3	3
v15_training_deduplicated	cytotoxicity_cc50	all	raw_standard_20aa_residue_count	36	1	1
v15_training_deduplicated	cytotoxicity_cc50	all	raw_standard_20aa_residue_count	43	1	1
v15_training_deduplicated	cytotoxicity_cc50	all	raw_standard_20aa_residue_count	50	1	1
v15_training_deduplicated	cytotoxicity_cc50	all	raw_standard_20aa_residue_count	61	1	1
v15_training_deduplicated	cytotoxicity_ec50	all	raw_standard_20aa_residue_count	18	2	2
v15_training_deduplicated	cytotoxicity_ec50	all	raw_standard_20aa_residue_count	20	30	30
v15_training_deduplicated	cytotoxicity_hc50	all	raw_standard_20aa_residue_count	21	1	1
v15_training_deduplicated	cytotoxicity_ic50	all	raw_standard_20aa_residue_count	5	1	1
v15_training_deduplicated	cytotoxicity_ic50	all	raw_standard_20aa_residue_count	6	1	1
v15_training_deduplicated	cytotoxicity_ic50	all	raw_standard_20aa_residue_count	7	1	1
v15_training_deduplicated	cytotoxicity_ic50	all	raw_standard_20aa_residue_count	9	4	4
v15_training_deduplicated	cytotoxicity_ic50	all	raw_standard_20aa_residue_count	10	1	1
v15_training_deduplicated	cytotoxicity_ic50	all	raw_standard_20aa_residue_count	11	3	3
v15_training_deduplicated	cytotoxicity_ic50	all	raw_standard_20aa_residue_count	12	11	11
v15_training_deduplicated	cytotoxicity_ic50	all	raw_standard_20aa_residue_count	13	29	29
v15_training_deduplicated	cytotoxicity_ic50	all	raw_standard_20aa_residue_count	14	3	3
v15_training_deduplicated	cytotoxicity_ic50	all	raw_standard_20aa_residue_count	15	3	3
v15_training_deduplicated	cytotoxicity_ic50	all	raw_standard_20aa_residue_count	16	20	20
v15_training_deduplicated	cytotoxicity_ic50	all	raw_standard_20aa_residue_count	18	29	29
v15_training_deduplicated	cytotoxicity_ic50	all	raw_standard_20aa_residue_count	20	2	2
v15_training_deduplicated	cytotoxicity_ic50	all	raw_standard_20aa_residue_count	22	1	1
v15_training_deduplicated	cytotoxicity_ic50	all	raw_standard_20aa_residue_count	23	1	1
v15_training_deduplicated	cytotoxicity_ic50	all	raw_standard_20aa_residue_count	24	10	10
v15_training_deduplicated	cytotoxicity_ic50	all	raw_standard_20aa_residue_count	26	1	1
v15_training_deduplicated	cytotoxicity_ic50	all	raw_standard_20aa_residue_count	27	3	3
v15_training_deduplicated	cytotoxicity_ic50	all	raw_standard_20aa_residue_count	28	5	5
v15_training_deduplicated	cytotoxicity_ic50	all	raw_standard_20aa_residue_count	29	3	3
v15_training_deduplicated	cytotoxicity_ic50	all	raw_standard_20aa_residue_count	30	4	4
v15_training_deduplicated	cytotoxicity_ic50	all	raw_standard_20aa_residue_count	37	6	6
v15_training_deduplicated	cytotoxicity_ic50	all	raw_standard_20aa_residue_count	47	5	5
v15_training_deduplicated	cytotoxicity_lc50	all	raw_standard_20aa_residue_count	18	3	3
v15_training_deduplicated	cytotoxicity_lc50	all	raw_standard_20aa_residue_count	19	1	1
v15_training_deduplicated	cytotoxicity_lc50	all	raw_standard_20aa_residue_count	20	1	1
v15_training_deduplicated	cytotoxicity_lc50	all	raw_standard_20aa_residue_count	27	1	1
v15_training_deduplicated	cytotoxicity_lc50	all	raw_standard_20aa_residue_count	29	1	1
v15_training_deduplicated	cytotoxicity_lc50	all	raw_standard_20aa_residue_count	32	1	1
v15_training_deduplicated	cytotoxicity_lc50	all	raw_standard_20aa_residue_count	59	1	1
v15_training_deduplicated	cytotoxicity_lc50	all	raw_standard_20aa_residue_count	60	1	1
v15_training_deduplicated	cytotoxicity_percent	all	raw_standard_20aa_residue_count	10	4	4
v15_training_deduplicated	cytotoxicity_percent	all	raw_standard_20aa_residue_count	12	5	5
v15_training_deduplicated	cytotoxicity_percent	all	raw_standard_20aa_residue_count	13	1	1
v15_training_deduplicated	cytotoxicity_percent	all	raw_standard_20aa_residue_count	15	2	2
v15_training_deduplicated	cytotoxicity_percent	all	raw_standard_20aa_residue_count	17	4	4
v15_training_deduplicated	cytotoxicity_percent	all	raw_standard_20aa_residue_count	19	1	1
v15_training_deduplicated	cytotoxicity_percent	all	raw_standard_20aa_residue_count	20	1	1
v15_training_deduplicated	cytotoxicity_percent	all	raw_standard_20aa_residue_count	24	1	1
v15_training_deduplicated	cytotoxicity_percent	all	raw_standard_20aa_residue_count	25	2	2
v15_training_deduplicated	cytotoxicity_percent	all	raw_standard_20aa_residue_count	26	3	3
v15_training_deduplicated	cytotoxicity_percent	all	raw_standard_20aa_residue_count	28	1	1
v15_training_deduplicated	cytotoxicity_percent	all	raw_standard_20aa_residue_count	30	3	3
v15_training_deduplicated	cytotoxicity_percent	all	raw_standard_20aa_residue_count	34	1	1
v15_training_deduplicated	cytotoxicity_percent	all	raw_standard_20aa_residue_count	38	1	1
v15_training_deduplicated	cytotoxicity_percent	all	raw_standard_20aa_residue_count	42	8	8
v15_training_deduplicated	cytotoxicity_source_defined_binary	all	raw_standard_20aa_residue_count	10	1	1
v15_training_deduplicated	cytotoxicity_source_defined_binary	all	raw_standard_20aa_residue_count	12	5	5
v15_training_deduplicated	cytotoxicity_source_defined_binary	all	raw_standard_20aa_residue_count	15	3	3
v15_training_deduplicated	cytotoxicity_source_defined_binary	all	raw_standard_20aa_residue_count	16	1	1
v15_training_deduplicated	cytotoxicity_source_defined_binary	all	raw_standard_20aa_residue_count	17	2	2
v15_training_deduplicated	cytotoxicity_source_defined_binary	all	raw_standard_20aa_residue_count	18	1	1
v15_training_deduplicated	cytotoxicity_source_defined_binary	all	raw_standard_20aa_residue_count	20	2	2
v15_training_deduplicated	cytotoxicity_source_defined_binary	all	raw_standard_20aa_residue_count	25	1	1
v15_training_deduplicated	cytotoxicity_source_defined_binary	all	raw_standard_20aa_residue_count	42	2	2
v15_training_deduplicated	cytotoxicity_source_defined_binary	all	raw_standard_20aa_residue_count	50	1	1
v15_training_deduplicated	cytotoxicity_source_defined_binary	all	raw_standard_20aa_residue_count	63	1	1
v15_training_deduplicated	drug_delivery	all	raw_standard_20aa_residue_count	2	2	2
v15_training_deduplicated	drug_delivery	all	raw_standard_20aa_residue_count	3	4	4
v15_training_deduplicated	drug_delivery	all	raw_standard_20aa_residue_count	4	8	8
v15_training_deduplicated	drug_delivery	all	raw_standard_20aa_residue_count	5	35	35
v15_training_deduplicated	drug_delivery	all	raw_standard_20aa_residue_count	6	67	67
v15_training_deduplicated	drug_delivery	all	raw_standard_20aa_residue_count	7	167	167
v15_training_deduplicated	drug_delivery	all	raw_standard_20aa_residue_count	8	52	52
v15_training_deduplicated	drug_delivery	all	raw_standard_20aa_residue_count	9	179	179
v15_training_deduplicated	drug_delivery	all	raw_standard_20aa_residue_count	10	119	119
v15_training_deduplicated	drug_delivery	all	raw_standard_20aa_residue_count	11	57	57
v15_training_deduplicated	drug_delivery	all	raw_standard_20aa_residue_count	12	187	187
v15_training_deduplicated	drug_delivery	all	raw_standard_20aa_residue_count	13	54	54
v15_training_deduplicated	drug_delivery	all	raw_standard_20aa_residue_count	14	27	27
v15_training_deduplicated	drug_delivery	all	raw_standard_20aa_residue_count	15	78	78
v15_training_deduplicated	drug_delivery	all	raw_standard_20aa_residue_count	16	88	88
v15_training_deduplicated	drug_delivery	all	raw_standard_20aa_residue_count	17	20	20
v15_training_deduplicated	drug_delivery	all	raw_standard_20aa_residue_count	18	63	63
v15_training_deduplicated	drug_delivery	all	raw_standard_20aa_residue_count	19	21	21
v15_training_deduplicated	drug_delivery	all	raw_standard_20aa_residue_count	20	51	51
v15_training_deduplicated	drug_delivery	all	raw_standard_20aa_residue_count	21	17	17
v15_training_deduplicated	drug_delivery	all	raw_standard_20aa_residue_count	22	26	26
v15_training_deduplicated	drug_delivery	all	raw_standard_20aa_residue_count	23	14	14
v15_training_deduplicated	drug_delivery	all	raw_standard_20aa_residue_count	24	11	11
v15_training_deduplicated	drug_delivery	all	raw_standard_20aa_residue_count	25	6	6
v15_training_deduplicated	drug_delivery	all	raw_standard_20aa_residue_count	26	11	11
v15_training_deduplicated	drug_delivery	all	raw_standard_20aa_residue_count	27	21	21
v15_training_deduplicated	drug_delivery	all	raw_standard_20aa_residue_count	28	13	13
v15_training_deduplicated	drug_delivery	all	raw_standard_20aa_residue_count	29	6	6
v15_training_deduplicated	drug_delivery	all	raw_standard_20aa_residue_count	30	8	8
v15_training_deduplicated	drug_delivery	all	raw_standard_20aa_residue_count	31	2	2
v15_training_deduplicated	drug_delivery	all	raw_standard_20aa_residue_count	32	2	2
v15_training_deduplicated	drug_delivery	all	raw_standard_20aa_residue_count	33	2	2
v15_training_deduplicated	drug_delivery	all	raw_standard_20aa_residue_count	34	10	10
v15_training_deduplicated	drug_delivery	all	raw_standard_20aa_residue_count	35	2	2
v15_training_deduplicated	drug_delivery	all	raw_standard_20aa_residue_count	36	5	5
v15_training_deduplicated	drug_delivery	all	raw_standard_20aa_residue_count	37	5	5
v15_training_deduplicated	drug_delivery	all	raw_standard_20aa_residue_count	38	7	7
v15_training_deduplicated	drug_delivery	all	raw_standard_20aa_residue_count	39	4	4
v15_training_deduplicated	drug_delivery	all	raw_standard_20aa_residue_count	40	2	2
v15_training_deduplicated	drug_delivery	all	raw_standard_20aa_residue_count	41	4	4
v15_training_deduplicated	drug_delivery	all	raw_standard_20aa_residue_count	42	1	1
v15_training_deduplicated	drug_delivery	all	raw_standard_20aa_residue_count	43	1	1
v15_training_deduplicated	drug_delivery	all	raw_standard_20aa_residue_count	50	2	2
v15_training_deduplicated	general toxicity	all	raw_standard_20aa_residue_count	4	28	28
v15_training_deduplicated	general toxicity	all	raw_standard_20aa_residue_count	5	22	22
v15_training_deduplicated	general toxicity	all	raw_standard_20aa_residue_count	6	58	58
v15_training_deduplicated	general toxicity	all	raw_standard_20aa_residue_count	7	78	78
v15_training_deduplicated	general toxicity	all	raw_standard_20aa_residue_count	8	132	132
v15_training_deduplicated	general toxicity	all	raw_standard_20aa_residue_count	9	200	200
v15_training_deduplicated	general toxicity	all	raw_standard_20aa_residue_count	10	224	224
v15_training_deduplicated	general toxicity	all	raw_standard_20aa_residue_count	11	302	302
v15_training_deduplicated	general toxicity	all	raw_standard_20aa_residue_count	12	294	294
v15_training_deduplicated	general toxicity	all	raw_standard_20aa_residue_count	13	490	490
v15_training_deduplicated	general toxicity	all	raw_standard_20aa_residue_count	14	440	440
v15_training_deduplicated	general toxicity	all	raw_standard_20aa_residue_count	15	530	530
v15_training_deduplicated	general toxicity	all	raw_standard_20aa_residue_count	16	598	598
v15_training_deduplicated	general toxicity	all	raw_standard_20aa_residue_count	17	520	520
v15_training_deduplicated	general toxicity	all	raw_standard_20aa_residue_count	18	430	430
v15_training_deduplicated	general toxicity	all	raw_standard_20aa_residue_count	19	406	406
v15_training_deduplicated	general toxicity	all	raw_standard_20aa_residue_count	20	376	376
v15_training_deduplicated	general toxicity	all	raw_standard_20aa_residue_count	21	284	284
v15_training_deduplicated	general toxicity	all	raw_standard_20aa_residue_count	22	266	266
v15_training_deduplicated	general toxicity	all	raw_standard_20aa_residue_count	23	290	290
v15_training_deduplicated	general toxicity	all	raw_standard_20aa_residue_count	24	344	344
v15_training_deduplicated	general toxicity	all	raw_standard_20aa_residue_count	25	456	456
v15_training_deduplicated	general toxicity	all	raw_standard_20aa_residue_count	26	320	320
v15_training_deduplicated	general toxicity	all	raw_standard_20aa_residue_count	27	490	490
v15_training_deduplicated	general toxicity	all	raw_standard_20aa_residue_count	28	453	453
v15_training_deduplicated	general toxicity	all	raw_standard_20aa_residue_count	29	420	420
v15_training_deduplicated	general toxicity	all	raw_standard_20aa_residue_count	30	470	470
v15_training_deduplicated	general toxicity	all	raw_standard_20aa_residue_count	31	482	482
v15_training_deduplicated	general toxicity	all	raw_standard_20aa_residue_count	32	460	460
v15_training_deduplicated	general toxicity	all	raw_standard_20aa_residue_count	33	438	438
v15_training_deduplicated	general toxicity	all	raw_standard_20aa_residue_count	34	318	318
v15_training_deduplicated	general toxicity	all	raw_standard_20aa_residue_count	35	417	417
v15_training_deduplicated	hemolysis	all	raw_standard_20aa_residue_count	1	1	1
v15_training_deduplicated	hemolysis	all	raw_standard_20aa_residue_count	2	5	5
v15_training_deduplicated	hemolysis	all	raw_standard_20aa_residue_count	3	11	11
v15_training_deduplicated	hemolysis	all	raw_standard_20aa_residue_count	4	17	17
v15_training_deduplicated	hemolysis	all	raw_standard_20aa_residue_count	5	53	53
v15_training_deduplicated	hemolysis	all	raw_standard_20aa_residue_count	6	95	95
v15_training_deduplicated	hemolysis	all	raw_standard_20aa_residue_count	7	164	164
v15_training_deduplicated	hemolysis	all	raw_standard_20aa_residue_count	8	240	240
v15_training_deduplicated	hemolysis	all	raw_standard_20aa_residue_count	9	233	233
v15_training_deduplicated	hemolysis	all	raw_standard_20aa_residue_count	10	545	545
v15_training_deduplicated	hemolysis	all	raw_standard_20aa_residue_count	11	498	498
v15_training_deduplicated	hemolysis	all	raw_standard_20aa_residue_count	12	889	889
v15_training_deduplicated	hemolysis	all	raw_standard_20aa_residue_count	13	1448	1448
v15_training_deduplicated	hemolysis	all	raw_standard_20aa_residue_count	14	790	790
v15_training_deduplicated	hemolysis	all	raw_standard_20aa_residue_count	15	685	685
v15_training_deduplicated	hemolysis	all	raw_standard_20aa_residue_count	16	790	790
v15_training_deduplicated	hemolysis	all	raw_standard_20aa_residue_count	17	649	649
v15_training_deduplicated	hemolysis	all	raw_standard_20aa_residue_count	18	1022	1022
v15_training_deduplicated	hemolysis	all	raw_standard_20aa_residue_count	19	539	539
v15_training_deduplicated	hemolysis	all	raw_standard_20aa_residue_count	20	724	724
v15_training_deduplicated	hemolysis	all	raw_standard_20aa_residue_count	21	660	660
v15_training_deduplicated	hemolysis	all	raw_standard_20aa_residue_count	22	564	564
v15_training_deduplicated	hemolysis	all	raw_standard_20aa_residue_count	23	604	604
v15_training_deduplicated	hemolysis	all	raw_standard_20aa_residue_count	24	658	658
v15_training_deduplicated	hemolysis	all	raw_standard_20aa_residue_count	25	656	656
v15_training_deduplicated	hemolysis	all	raw_standard_20aa_residue_count	26	545	545
v15_training_deduplicated	hemolysis	all	raw_standard_20aa_residue_count	27	368	368
v15_training_deduplicated	hemolysis	all	raw_standard_20aa_residue_count	28	407	407
v15_training_deduplicated	hemolysis	all	raw_standard_20aa_residue_count	29	390	390
v15_training_deduplicated	hemolysis	all	raw_standard_20aa_residue_count	30	333	333
v15_training_deduplicated	hemolysis	all	raw_standard_20aa_residue_count	31	218	218
v15_training_deduplicated	hemolysis	all	raw_standard_20aa_residue_count	32	212	212
v15_training_deduplicated	hemolysis	all	raw_standard_20aa_residue_count	33	231	231
v15_training_deduplicated	hemolysis	all	raw_standard_20aa_residue_count	34	440	440
v15_training_deduplicated	hemolysis	all	raw_standard_20aa_residue_count	35	163	163
v15_training_deduplicated	hemolysis	all	raw_standard_20aa_residue_count	36	121	121
v15_training_deduplicated	hemolysis	all	raw_standard_20aa_residue_count	37	305	305
v15_training_deduplicated	hemolysis	all	raw_standard_20aa_residue_count	38	77	77
v15_training_deduplicated	hemolysis	all	raw_standard_20aa_residue_count	39	71	71
v15_training_deduplicated	hemolysis	all	raw_standard_20aa_residue_count	40	25	25
v15_training_deduplicated	hemolysis	all	raw_standard_20aa_residue_count	41	30	30
v15_training_deduplicated	hemolysis	all	raw_standard_20aa_residue_count	42	43	43
v15_training_deduplicated	hemolysis	all	raw_standard_20aa_residue_count	43	55	55
v15_training_deduplicated	hemolysis	all	raw_standard_20aa_residue_count	44	35	35
v15_training_deduplicated	hemolysis	all	raw_standard_20aa_residue_count	45	54	54
v15_training_deduplicated	hemolysis	all	raw_standard_20aa_residue_count	46	53	53
v15_training_deduplicated	hemolysis	all	raw_standard_20aa_residue_count	47	36	36
v15_training_deduplicated	hemolysis	all	raw_standard_20aa_residue_count	48	38	38
v15_training_deduplicated	hemolysis	all	raw_standard_20aa_residue_count	49	25	25
v15_training_deduplicated	hemolysis	all	raw_standard_20aa_residue_count	50	13	13
v15_training_deduplicated	hemolysis	all	raw_standard_20aa_residue_count	51	2	2
v15_training_deduplicated	hemolysis	all	raw_standard_20aa_residue_count	52	14	14
v15_training_deduplicated	hemolysis	all	raw_standard_20aa_residue_count	53	4	4
v15_training_deduplicated	hemolysis	all	raw_standard_20aa_residue_count	54	9	9
v15_training_deduplicated	hemolysis	all	raw_standard_20aa_residue_count	55	5	5
v15_training_deduplicated	hemolysis	all	raw_standard_20aa_residue_count	56	7	7
v15_training_deduplicated	hemolysis	all	raw_standard_20aa_residue_count	57	6	6
v15_training_deduplicated	hemolysis	all	raw_standard_20aa_residue_count	58	4	4
v15_training_deduplicated	hemolysis	all	raw_standard_20aa_residue_count	59	3	3
v15_training_deduplicated	hemolysis	all	raw_standard_20aa_residue_count	60	6	6
v15_training_deduplicated	hemolysis	all	raw_standard_20aa_residue_count	61	19	19
v15_training_deduplicated	hemolysis	all	raw_standard_20aa_residue_count	62	17	17
v15_training_deduplicated	hemolysis	all	raw_standard_20aa_residue_count	63	6	6
v15_training_deduplicated	hemolysis	all	raw_standard_20aa_residue_count	64	5	5
v15_training_deduplicated	hemolysis	all	raw_standard_20aa_residue_count	65	7	7
v15_training_deduplicated	hemolysis	all	raw_standard_20aa_residue_count	66	1	1
v15_training_deduplicated	hemolysis	all	raw_standard_20aa_residue_count	67	8	8
v15_training_deduplicated	hemolysis	all	raw_standard_20aa_residue_count	69	4	4
v15_training_deduplicated	hemolysis	all	raw_standard_20aa_residue_count	70	1	1
v15_training_deduplicated	hemolysis	all	raw_standard_20aa_residue_count	71	2	2
v15_training_deduplicated	hemolysis	all	raw_standard_20aa_residue_count	72	14	14
v15_training_deduplicated	hemolysis	all	raw_standard_20aa_residue_count	73	2	2
v15_training_deduplicated	hemolysis	all	raw_standard_20aa_residue_count	74	5	5
v15_training_deduplicated	hemolysis	all	raw_standard_20aa_residue_count	75	5	5
v15_training_deduplicated	hemolysis	all	raw_standard_20aa_residue_count	76	5	5
v15_training_deduplicated	hemolysis	all	raw_standard_20aa_residue_count	77	1	1
v15_training_deduplicated	hemolysis	all	raw_standard_20aa_residue_count	79	1	1
v15_training_deduplicated	hemolysis	all	raw_standard_20aa_residue_count	80	12	12
v15_training_deduplicated	hemolysis	all	raw_standard_20aa_residue_count	81	2	2
v15_training_deduplicated	hemolysis	all	raw_standard_20aa_residue_count	83	2	2
v15_training_deduplicated	hemolysis	all	raw_standard_20aa_residue_count	84	8	8
v15_training_deduplicated	hemolysis	all	raw_standard_20aa_residue_count	88	2	2
v15_training_deduplicated	hemolysis	all	raw_standard_20aa_residue_count	91	1	1
v15_training_deduplicated	hemolysis	all	raw_standard_20aa_residue_count	93	1	1
v15_training_deduplicated	hemolysis	all	raw_standard_20aa_residue_count	94	1	1
v15_training_deduplicated	hemolysis	all	raw_standard_20aa_residue_count	98	6	6
v15_training_deduplicated	hemolysis	all	raw_standard_20aa_residue_count	100	1	1
v15_training_deduplicated	hemolysis	all	raw_standard_20aa_residue_count	107	1	1
v15_training_deduplicated	hemolysis	all	raw_standard_20aa_residue_count	112	1	1
v15_training_deduplicated	hemolysis	all	raw_standard_20aa_residue_count	115	5	5
v15_training_deduplicated	hemolysis	all	raw_standard_20aa_residue_count	121	1	1
v15_training_deduplicated	hemolysis	all	raw_standard_20aa_residue_count	123	2	2
v15_training_deduplicated	hemolysis	all	raw_standard_20aa_residue_count	127	1	1
v15_training_deduplicated	hemolysis	all	raw_standard_20aa_residue_count	138	2	2
v15_training_deduplicated	hemolysis	all	raw_standard_20aa_residue_count	144	1	1
v15_training_deduplicated	hemolysis	all	raw_standard_20aa_residue_count	164	2	2
v15_training_deduplicated	hemolysis	all	raw_standard_20aa_residue_count	173	2	2
v15_training_deduplicated	hemolysis	all	raw_standard_20aa_residue_count	190	11	11
v15_training_deduplicated	hemolysis	all	raw_standard_20aa_residue_count	191	2	2
v15_training_deduplicated	hemolysis	all	raw_standard_20aa_residue_count	214	1	1
v15_training_deduplicated	hemolysis	all	raw_standard_20aa_residue_count	220	1	1
v15_training_deduplicated	hemolysis	all	raw_standard_20aa_residue_count	221	1	1
v15_training_deduplicated	hemolysis	all	raw_standard_20aa_residue_count	232	1	1
v15_training_deduplicated	hemolysis	all	raw_standard_20aa_residue_count	260	1	1
v15_training_deduplicated	hemolysis	all	raw_standard_20aa_residue_count	271	1	1
v15_training_deduplicated	hemolysis	all	raw_standard_20aa_residue_count	280	4	4
v15_training_deduplicated	hemolysis	all	raw_standard_20aa_residue_count	286	2	2
v15_training_deduplicated	hemolysis	all	raw_standard_20aa_residue_count	299	1	1
v15_training_deduplicated	hemolysis	all	raw_standard_20aa_residue_count	300	2	2
v15_training_deduplicated	hemolysis	all	raw_standard_20aa_residue_count	305	4	4
v15_training_deduplicated	hemolysis	all	raw_standard_20aa_residue_count	307	1	1
v15_training_deduplicated	hemolysis	all	raw_standard_20aa_residue_count	311	1	1
v15_training_deduplicated	hemolysis	all	raw_standard_20aa_residue_count	319	2	2
v15_training_deduplicated	hemolysis	all	raw_standard_20aa_residue_count	322	1	1
v15_training_deduplicated	hemolysis	all	raw_standard_20aa_residue_count	324	1	1
v15_training_deduplicated	hemolysis	all	raw_standard_20aa_residue_count	334	2	2
v15_training_deduplicated	hemolysis	all	raw_standard_20aa_residue_count	352	1	1
v15_training_deduplicated	hemolysis	all	raw_standard_20aa_residue_count	501	1	1
v15_training_deduplicated	hemolysis	all	raw_standard_20aa_residue_count	516	1	1
v15_training_deduplicated	hemolysis	all	raw_standard_20aa_residue_count	517	5	5
v15_training_deduplicated	hemolysis	all	raw_standard_20aa_residue_count	520	4	4
v15_training_deduplicated	hemolysis	all	raw_standard_20aa_residue_count	521	4	4
v15_training_deduplicated	hemolysis	all	raw_standard_20aa_residue_count	565	2	2
v15_training_deduplicated	hemolysis	all	raw_standard_20aa_residue_count	1706	1	1
v15_training_deduplicated	hemolysis_concentration_at_50_percent	all	raw_standard_20aa_residue_count	30	1	1
v15_training_deduplicated	hemolysis_concentration_at_5_percent	all	raw_standard_20aa_residue_count	20	1	1
v15_training_deduplicated	hemolysis_ec50	all	raw_standard_20aa_residue_count	18	14	14
v15_training_deduplicated	hemolysis_ec50	all	raw_standard_20aa_residue_count	69	1	1
v15_training_deduplicated	hemolysis_hc50	all	raw_standard_20aa_residue_count	9	4	4
v15_training_deduplicated	hemolysis_hc50	all	raw_standard_20aa_residue_count	10	2	2
v15_training_deduplicated	hemolysis_hc50	all	raw_standard_20aa_residue_count	11	4	4
v15_training_deduplicated	hemolysis_hc50	all	raw_standard_20aa_residue_count	13	1	1
v15_training_deduplicated	hemolysis_hc50	all	raw_standard_20aa_residue_count	16	2	2
v15_training_deduplicated	hemolysis_hc50	all	raw_standard_20aa_residue_count	18	5	5
v15_training_deduplicated	hemolysis_hc50	all	raw_standard_20aa_residue_count	20	31	31
v15_training_deduplicated	hemolysis_hc50	all	raw_standard_20aa_residue_count	22	1	1
v15_training_deduplicated	hemolysis_hc50	all	raw_standard_20aa_residue_count	23	1	1
v15_training_deduplicated	hemolysis_hc50	all	raw_standard_20aa_residue_count	30	1	1
v15_training_deduplicated	hemolysis_hd50	all	raw_standard_20aa_residue_count	16	1	1
v15_training_deduplicated	hemolysis_hd50	all	raw_standard_20aa_residue_count	28	2	2
v15_training_deduplicated	hemolysis_hd50	all	raw_standard_20aa_residue_count	29	1	1
v15_training_deduplicated	hemolysis_ic50	all	raw_standard_20aa_residue_count	24	1	1
v15_training_deduplicated	hemolysis_lc50	all	raw_standard_20aa_residue_count	18	1	1
v15_training_deduplicated	hemolysis_lc50	all	raw_standard_20aa_residue_count	20	1	1
v15_training_deduplicated	hemolysis_lc50	all	raw_standard_20aa_residue_count	27	1	1
v15_training_deduplicated	hemolysis_lc50	all	raw_standard_20aa_residue_count	29	1	1
v15_training_deduplicated	hemolysis_lc50	all	raw_standard_20aa_residue_count	59	1	1
v15_training_deduplicated	hemolysis_lc50	all	raw_standard_20aa_residue_count	60	1	1
v15_training_deduplicated	hemolysis_mhc	all	raw_standard_20aa_residue_count	15	1	1
v15_training_deduplicated	hemolysis_mhc	all	raw_standard_20aa_residue_count	18	14	14
v15_training_deduplicated	hemolysis_mhc	all	raw_standard_20aa_residue_count	20	14	14
v15_training_deduplicated	hemolysis_mhc	all	raw_standard_20aa_residue_count	23	1	1
v15_training_deduplicated	hemolysis_mhc	all	raw_standard_20aa_residue_count	24	1	1
v15_training_deduplicated	hemolysis_mhc	all	raw_standard_20aa_residue_count	26	1	1
v15_training_deduplicated	hemolysis_mhc10	all	raw_standard_20aa_residue_count	13	21	21
v15_training_deduplicated	hemolysis_mhc10	all	raw_standard_20aa_residue_count	16	18	18
v15_training_deduplicated	hemolysis_percent	all	raw_standard_20aa_residue_count	9	2	2
v15_training_deduplicated	hemolysis_percent	all	raw_standard_20aa_residue_count	10	9	9
v15_training_deduplicated	hemolysis_percent	all	raw_standard_20aa_residue_count	11	4	4
v15_training_deduplicated	hemolysis_percent	all	raw_standard_20aa_residue_count	12	30	30
v15_training_deduplicated	hemolysis_percent	all	raw_standard_20aa_residue_count	13	10	10
v15_training_deduplicated	hemolysis_percent	all	raw_standard_20aa_residue_count	14	5	5
v15_training_deduplicated	hemolysis_percent	all	raw_standard_20aa_residue_count	15	12	12
v15_training_deduplicated	hemolysis_percent	all	raw_standard_20aa_residue_count	16	9	9
v15_training_deduplicated	hemolysis_percent	all	raw_standard_20aa_residue_count	17	17	17
v15_training_deduplicated	hemolysis_percent	all	raw_standard_20aa_residue_count	18	46	46
v15_training_deduplicated	hemolysis_percent	all	raw_standard_20aa_residue_count	19	10	10
v15_training_deduplicated	hemolysis_percent	all	raw_standard_20aa_residue_count	20	31	31
v15_training_deduplicated	hemolysis_percent	all	raw_standard_20aa_residue_count	21	27	27
v15_training_deduplicated	hemolysis_percent	all	raw_standard_20aa_residue_count	22	23	23
v15_training_deduplicated	hemolysis_percent	all	raw_standard_20aa_residue_count	23	27	27
v15_training_deduplicated	hemolysis_percent	all	raw_standard_20aa_residue_count	24	6	6
v15_training_deduplicated	hemolysis_percent	all	raw_standard_20aa_residue_count	25	97	97
v15_training_deduplicated	hemolysis_percent	all	raw_standard_20aa_residue_count	26	6	6
v15_training_deduplicated	hemolysis_percent	all	raw_standard_20aa_residue_count	27	15	15
v15_training_deduplicated	hemolysis_percent	all	raw_standard_20aa_residue_count	28	16	16
v15_training_deduplicated	hemolysis_percent	all	raw_standard_20aa_residue_count	29	8	8
v15_training_deduplicated	hemolysis_percent	all	raw_standard_20aa_residue_count	30	8	8
v15_training_deduplicated	hemolysis_percent	all	raw_standard_20aa_residue_count	31	7	7
v15_training_deduplicated	hemolysis_percent	all	raw_standard_20aa_residue_count	32	10	10
v15_training_deduplicated	hemolysis_percent	all	raw_standard_20aa_residue_count	33	3	3
v15_training_deduplicated	hemolysis_percent	all	raw_standard_20aa_residue_count	34	38	38
v15_training_deduplicated	hemolysis_percent	all	raw_standard_20aa_residue_count	36	3	3
v15_training_deduplicated	hemolysis_percent	all	raw_standard_20aa_residue_count	37	9	9
v15_training_deduplicated	hemolysis_percent	all	raw_standard_20aa_residue_count	38	4	4
v15_training_deduplicated	hemolysis_percent	all	raw_standard_20aa_residue_count	40	1	1
v15_training_deduplicated	hemolysis_percent	all	raw_standard_20aa_residue_count	44	2	2
v15_training_deduplicated	hemolysis_percent	all	raw_standard_20aa_residue_count	45	3	3
v15_training_deduplicated	hemolysis_percent	all	raw_standard_20aa_residue_count	47	4	4
v15_training_deduplicated	hemolysis_percent	all	raw_standard_20aa_residue_count	48	1	1
v15_training_deduplicated	hemolysis_percent	all	raw_standard_20aa_residue_count	50	6	6
v15_training_deduplicated	hemolysis_percent	all	raw_standard_20aa_residue_count	53	1	1
v15_training_deduplicated	hemolysis_percent	all	raw_standard_20aa_residue_count	84	1	1
v15_training_deduplicated	hemolysis_source_defined_binary	all	raw_standard_20aa_residue_count	6	2	2
v15_training_deduplicated	hemolysis_source_defined_binary	all	raw_standard_20aa_residue_count	7	1	1
v15_training_deduplicated	hemolysis_source_defined_binary	all	raw_standard_20aa_residue_count	8	1	1
v15_training_deduplicated	hemolysis_source_defined_binary	all	raw_standard_20aa_residue_count	11	1	1
v15_training_deduplicated	hemolysis_source_defined_binary	all	raw_standard_20aa_residue_count	13	2	2
v15_training_deduplicated	hemolysis_source_defined_binary	all	raw_standard_20aa_residue_count	16	2	2
v15_training_deduplicated	hemolysis_source_defined_binary	all	raw_standard_20aa_residue_count	17	1	1
v15_training_deduplicated	hemolysis_source_defined_binary	all	raw_standard_20aa_residue_count	18	3	3
v15_training_deduplicated	hemolysis_source_defined_binary	all	raw_standard_20aa_residue_count	19	2	2
v15_training_deduplicated	hemolysis_source_defined_binary	all	raw_standard_20aa_residue_count	20	1	1
v15_training_deduplicated	hemolysis_source_defined_binary	all	raw_standard_20aa_residue_count	21	3	3
v15_training_deduplicated	hemolysis_source_defined_binary	all	raw_standard_20aa_residue_count	22	2	2
v15_training_deduplicated	hemolysis_source_defined_binary	all	raw_standard_20aa_residue_count	24	1	1
v15_training_deduplicated	hemolysis_source_defined_binary	all	raw_standard_20aa_residue_count	25	1	1
v15_training_deduplicated	hemolysis_source_defined_binary	all	raw_standard_20aa_residue_count	27	2	2
v15_training_deduplicated	hemolysis_source_defined_binary	all	raw_standard_20aa_residue_count	35	3	3
v15_training_deduplicated	hemolysis_source_defined_binary	all	raw_standard_20aa_residue_count	38	1	1
v15_training_deduplicated	hemolysis_source_defined_binary	all	raw_standard_20aa_residue_count	40	1	1
v15_training_deduplicated	hemolysis_source_defined_binary	all	raw_standard_20aa_residue_count	62	1	1
v15_training_deduplicated	hemolysis_source_defined_binary	all	raw_standard_20aa_residue_count	74	1	1
v15_training_deduplicated	solubility	all	raw_standard_20aa_residue_count	2	217	217
v15_training_deduplicated	solubility	all	raw_standard_20aa_residue_count	3	23	23
v15_training_deduplicated	solubility	all	raw_standard_20aa_residue_count	4	23	23
v15_training_deduplicated	solubility	all	raw_standard_20aa_residue_count	5	8	8
v15_training_deduplicated	solubility	all	raw_standard_20aa_residue_count	6	8	8
v15_training_deduplicated	solubility	all	raw_standard_20aa_residue_count	7	2	2
v15_training_deduplicated	solubility	all	raw_standard_20aa_residue_count	8	47	47
v15_training_deduplicated	solubility	all	raw_standard_20aa_residue_count	9	93	93
v15_training_deduplicated	solubility	all	raw_standard_20aa_residue_count	10	29	29
v15_training_deduplicated	solubility	all	raw_standard_20aa_residue_count	11	16	16
v15_training_deduplicated	solubility	all	raw_standard_20aa_residue_count	13	2	2
v15_training_deduplicated	solubility	all	raw_standard_20aa_residue_count	14	2	2
v15_training_deduplicated	solubility	all	raw_standard_20aa_residue_count	15	158	158
v15_training_deduplicated	solubility	all	raw_standard_20aa_residue_count	16	3	3
v15_training_deduplicated	solubility	all	raw_standard_20aa_residue_count	17	241	241
v15_training_deduplicated	solubility	all	raw_standard_20aa_residue_count	18	7	7
v15_training_deduplicated	solubility	all	raw_standard_20aa_residue_count	19	2	2
v15_training_deduplicated	solubility	all	raw_standard_20aa_residue_count	20	7	7
v15_training_deduplicated	solubility	all	raw_standard_20aa_residue_count	21	2	2
v15_training_deduplicated	solubility	all	raw_standard_20aa_residue_count	22	7	7
v15_training_deduplicated	solubility	all	raw_standard_20aa_residue_count	23	1	1
v15_training_deduplicated	solubility	all	raw_standard_20aa_residue_count	24	12	12
v15_training_deduplicated	solubility	all	raw_standard_20aa_residue_count	25	887	887
v15_training_deduplicated	solubility	all	raw_standard_20aa_residue_count	26	3	3
v15_training_deduplicated	solubility	all	raw_standard_20aa_residue_count	27	545	545
v15_training_deduplicated	solubility	all	raw_standard_20aa_residue_count	28	66	66
v15_training_deduplicated	solubility	all	raw_standard_20aa_residue_count	31	29	29
v15_training_deduplicated	solubility	all	raw_standard_20aa_residue_count	34	5	5
v15_training_deduplicated	solubility	all	raw_standard_20aa_residue_count	38	1	1
v15_training_deduplicated	solubility	all	raw_standard_20aa_residue_count	43	1	1
v15_training_deduplicated	stability_half_life	all	raw_standard_20aa_residue_count	6	1	1
v15_training_deduplicated	stability_half_life	all	raw_standard_20aa_residue_count	9	1	1
v15_training_deduplicated	stability_half_life	all	raw_standard_20aa_residue_count	18	1	1
v15_training_deduplicated	stability_half_life	all	raw_standard_20aa_residue_count	20	1	1
v15_training_deduplicated	stability_half_life	all	raw_standard_20aa_residue_count	32	1	1
v15_training_deduplicated	stability_half_life	all	raw_standard_20aa_residue_count	36	1	1
v15_training_deduplicated	stability_half_life	all	raw_standard_20aa_residue_count	38	14	14
v15_training_deduplicated	stability_half_life	all	raw_standard_20aa_residue_count	39	1	1
v15_training_deduplicated	therapeutic_function	all	raw_standard_20aa_residue_count	2	1089	1089
v15_training_deduplicated	therapeutic_function	all	raw_standard_20aa_residue_count	3	1683	1683
v15_training_deduplicated	therapeutic_function	all	raw_standard_20aa_residue_count	4	1575	1575
v15_training_deduplicated	therapeutic_function	all	raw_standard_20aa_residue_count	5	2361	2361
v15_training_deduplicated	therapeutic_function	all	raw_standard_20aa_residue_count	6	3018	3018
v15_training_deduplicated	therapeutic_function	all	raw_standard_20aa_residue_count	7	3736	3736
v15_training_deduplicated	therapeutic_function	all	raw_standard_20aa_residue_count	8	3699	3699
v15_training_deduplicated	therapeutic_function	all	raw_standard_20aa_residue_count	9	9126	9126
v15_training_deduplicated	therapeutic_function	all	raw_standard_20aa_residue_count	10	5347	5347
v15_training_deduplicated	therapeutic_function	all	raw_standard_20aa_residue_count	11	4496	4496
v15_training_deduplicated	therapeutic_function	all	raw_standard_20aa_residue_count	12	8709	8709
v15_training_deduplicated	therapeutic_function	all	raw_standard_20aa_residue_count	13	7785	7785
v15_training_deduplicated	therapeutic_function	all	raw_standard_20aa_residue_count	14	4316	4316
v15_training_deduplicated	therapeutic_function	all	raw_standard_20aa_residue_count	15	5608	5608
v15_training_deduplicated	therapeutic_function	all	raw_standard_20aa_residue_count	16	3843	3843
v15_training_deduplicated	therapeutic_function	all	raw_standard_20aa_residue_count	17	4111	4111
v15_training_deduplicated	therapeutic_function	all	raw_standard_20aa_residue_count	18	5419	5419
v15_training_deduplicated	therapeutic_function	all	raw_standard_20aa_residue_count	19	4180	4180
v15_training_deduplicated	therapeutic_function	all	raw_standard_20aa_residue_count	20	5765	5765
v15_training_deduplicated	therapeutic_function	all	raw_standard_20aa_residue_count	21	3961	3961
v15_training_deduplicated	therapeutic_function	all	raw_standard_20aa_residue_count	22	2260	2260
v15_training_deduplicated	therapeutic_function	all	raw_standard_20aa_residue_count	23	2485	2485
v15_training_deduplicated	therapeutic_function	all	raw_standard_20aa_residue_count	24	3079	3079
v15_training_deduplicated	therapeutic_function	all	raw_standard_20aa_residue_count	25	3011	3011
v15_training_deduplicated	therapeutic_function	all	raw_standard_20aa_residue_count	26	2020	2020
v15_training_deduplicated	therapeutic_function	all	raw_standard_20aa_residue_count	27	1849	1849
v15_training_deduplicated	therapeutic_function	all	raw_standard_20aa_residue_count	28	1945	1945
v15_training_deduplicated	therapeutic_function	all	raw_standard_20aa_residue_count	29	2109	2109
v15_training_deduplicated	therapeutic_function	all	raw_standard_20aa_residue_count	30	2220	2220
v15_training_deduplicated	therapeutic_function	all	raw_standard_20aa_residue_count	31	1461	1461
v15_training_deduplicated	therapeutic_function	all	raw_standard_20aa_residue_count	32	1280	1280
v15_training_deduplicated	therapeutic_function	all	raw_standard_20aa_residue_count	33	1794	1794
v15_training_deduplicated	therapeutic_function	all	raw_standard_20aa_residue_count	34	1306	1306
v15_training_deduplicated	therapeutic_function	all	raw_standard_20aa_residue_count	35	1393	1393
v15_training_deduplicated	therapeutic_function	all	raw_standard_20aa_residue_count	36	1611	1611
v15_training_deduplicated	therapeutic_function	all	raw_standard_20aa_residue_count	37	1823	1823
v15_training_deduplicated	therapeutic_function	all	raw_standard_20aa_residue_count	38	1153	1153
v15_training_deduplicated	therapeutic_function	all	raw_standard_20aa_residue_count	39	893	893
v15_training_deduplicated	therapeutic_function	all	raw_standard_20aa_residue_count	40	1080	1080
v15_training_deduplicated	therapeutic_function	all	raw_standard_20aa_residue_count	41	722	722
v15_training_deduplicated	therapeutic_function	all	raw_standard_20aa_residue_count	42	681	681
v15_training_deduplicated	therapeutic_function	all	raw_standard_20aa_residue_count	43	779	779
v15_training_deduplicated	therapeutic_function	all	raw_standard_20aa_residue_count	44	871	871
v15_training_deduplicated	therapeutic_function	all	raw_standard_20aa_residue_count	45	749	749
v15_training_deduplicated	therapeutic_function	all	raw_standard_20aa_residue_count	46	903	903
v15_training_deduplicated	therapeutic_function	all	raw_standard_20aa_residue_count	47	680	680
v15_training_deduplicated	therapeutic_function	all	raw_standard_20aa_residue_count	48	475	475
v15_training_deduplicated	therapeutic_function	all	raw_standard_20aa_residue_count	49	456	456
v15_training_deduplicated	therapeutic_function	all	raw_standard_20aa_residue_count	50	878	878
v15_training_deduplicated	therapeutic_function	all	raw_standard_20aa_residue_count	74	1	1
v15_training_deduplicated	tumor_homing	all	raw_standard_20aa_residue_count	4	2	2
v15_training_deduplicated	tumor_homing	all	raw_standard_20aa_residue_count	5	8	8
v15_training_deduplicated	tumor_homing	all	raw_standard_20aa_residue_count	6	56	56
v15_training_deduplicated	tumor_homing	all	raw_standard_20aa_residue_count	7	158	158
v15_training_deduplicated	tumor_homing	all	raw_standard_20aa_residue_count	8	32	32
v15_training_deduplicated	tumor_homing	all	raw_standard_20aa_residue_count	9	147	147
v15_training_deduplicated	tumor_homing	all	raw_standard_20aa_residue_count	10	71	71
v15_training_deduplicated	tumor_homing	all	raw_standard_20aa_residue_count	11	20	20
v15_training_deduplicated	tumor_homing	all	raw_standard_20aa_residue_count	12	79	79
v15_training_deduplicated	tumor_homing	all	raw_standard_20aa_residue_count	13	14	14
v15_training_deduplicated	tumor_homing	all	raw_standard_20aa_residue_count	14	4	4
v15_training_deduplicated	tumor_homing	all	raw_standard_20aa_residue_count	15	25	25
v15_training_deduplicated	tumor_homing	all	raw_standard_20aa_residue_count	16	8	8
v15_training_deduplicated	tumor_homing	all	raw_standard_20aa_residue_count	17	1	1
v15_training_deduplicated	tumor_homing	all	raw_standard_20aa_residue_count	20	23	23
v15_training_deduplicated	tumor_homing	all	raw_standard_20aa_residue_count	22	3	3
v15_training_deduplicated	tumor_homing	all	raw_standard_20aa_residue_count	24	5	5
v15_training_deduplicated	tumor_homing	all	raw_standard_20aa_residue_count	31	1	1
v15_training_deduplicated	tumor_homing	all	raw_standard_20aa_residue_count	32	1	1
