task_id	endpoint_family	parameter_semantics	normalized_unit	strict_modelable	size_bin	n	unique_values	min	p01	p05	p25	median	p75	p95	p99	max	mean	sd	iqr	mad	top_value_fraction	zero_count	negative_count	positive_count	tukey_outlier_count	assay_family	hard_conflict_rows	helm_representation_rows	largest_source_fraction	parameter_basis	research_modelable	semantic_signature	sequence_representation_rows	smiles_representation_rows	target_transform	unique_identities	unique_sources
mlv1.cl.regression.apparent_clearance.022f6aa4d069427e	CL	apparent_clearance	mL/min/kg	false	1	1	1	49.2	49.2	49.2	49.2	49.2	49.2	49.2	49.2	49.2	49.2	0	0	0	1	0	0	1	0	noncompartmental_analysis	0	1	1	apparent_over_f	false	"{""assay_family"":""noncompartmental_analysis"",""binary_evidence_lane"":""not_binary"",""condition"":{""analyte"":""parent_or_named_active_moiety"",""dose"":""30_microgram_kg"",""formulation"":""unspecified"",""matrix"":""plasma"",""method"":""noncompartmental_analysis"",""route"":""subcutaneous"",""species"":""human"",""timepoint"":""day_1"",""volume_subtype"":""not_applicable""},""endpoint_family"":""CL"",""normalized_unit"":""mL/min/kg"",""parameter_basis"":""apparent_over_f"",""parameter_semantics"":""apparent_clearance"",""target_kind"":""regression"",""target_transform"":""identity""}"	0	0	identity	1	1
mlv1.cl.regression.apparent_clearance.0a1bd8ca530ec382	CL	apparent_clearance	mL/min/kg	false	1	1	1	104	104	104	104	104	104	104	104	104	104	0	0	0	1	0	0	1	0	noncompartmental_analysis	0	1	1	apparent_over_f	false	"{""assay_family"":""noncompartmental_analysis"",""binary_evidence_lane"":""not_binary"",""condition"":{""analyte"":""parent_or_named_active_moiety"",""dose"":""15_microgram_kg_once_daily"",""formulation"":""unspecified"",""matrix"":""plasma"",""method"":""noncompartmental_analysis"",""route"":""subcutaneous"",""species"":""human"",""timepoint"":""day_1"",""volume_subtype"":""not_applicable""},""endpoint_family"":""CL"",""normalized_unit"":""mL/min/kg"",""parameter_basis"":""apparent_over_f"",""parameter_semantics"":""apparent_clearance"",""target_kind"":""regression"",""target_transform"":""identity""}"	0	0	identity	1	1
mlv1.cl.regression.apparent_clearance.2070038b6b3b5123	CL	apparent_clearance	L/h	false	1	1	1	424.8	424.8	424.8	424.8	424.8	424.8	424.8	424.8	424.8	424.8	0	0	0	1	0	0	1	0	noncompartmental_analysis	0	1	1	apparent_over_f	false	"{""assay_family"":""noncompartmental_analysis"",""binary_evidence_lane"":""not_binary"",""condition"":{""analyte"":""parent_or_named_active_moiety"",""dose"":""0_14_mg_three_times_daily"",""formulation"":""unspecified"",""matrix"":""plasma"",""method"":""noncompartmental_analysis"",""route"":""subcutaneous"",""species"":""human"",""timepoint"":""d11"",""volume_subtype"":""not_applicable""},""endpoint_family"":""CL"",""normalized_unit"":""L/h"",""parameter_basis"":""apparent_over_f"",""parameter_semantics"":""apparent_clearance"",""target_kind"":""regression"",""target_transform"":""identity""}"	0	0	identity	1	1
mlv1.cl.regression.apparent_clearance.207e70294c608080	CL	apparent_clearance	L/h	false	1	1	1	1.16	1.16	1.16	1.16	1.16	1.16	1.16	1.16	1.16	1.16	0	0	0	1	0	0	1	0	noncompartmental_analysis	0	1	1	apparent_over_f	false	"{""assay_family"":""noncompartmental_analysis"",""binary_evidence_lane"":""not_binary"",""condition"":{""analyte"":""parent_or_named_active_moiety"",""dose"":""45_mg"",""formulation"":""lyophilized"",""matrix"":""plasma"",""method"":""noncompartmental_analysis"",""route"":""subcutaneous"",""species"":""human"",""timepoint"":""single_dose"",""volume_subtype"":""not_applicable""},""endpoint_family"":""CL"",""normalized_unit"":""L/h"",""parameter_basis"":""apparent_over_f"",""parameter_semantics"":""apparent_clearance"",""target_kind"":""regression"",""target_transform"":""identity""}"	0	0	identity	1	1
mlv1.cl.regression.apparent_clearance.35a804d586d2163a	CL	apparent_clearance	L/h	false	1	1	1	1.48	1.48	1.48	1.48	1.48	1.48	1.48	1.48	1.48	1.48	0	0	0	1	0	0	1	0	noncompartmental_analysis	0	1	1	apparent_over_f	false	"{""assay_family"":""noncompartmental_analysis"",""binary_evidence_lane"":""not_binary"",""condition"":{""analyte"":""parent_or_named_active_moiety"",""dose"":""60_mg"",""formulation"":""lyophilized"",""matrix"":""plasma"",""method"":""noncompartmental_analysis"",""route"":""subcutaneous"",""species"":""human"",""timepoint"":""single_dose"",""volume_subtype"":""not_applicable""},""endpoint_family"":""CL"",""normalized_unit"":""L/h"",""parameter_basis"":""apparent_over_f"",""parameter_semantics"":""apparent_clearance"",""target_kind"":""regression"",""target_transform"":""identity""}"	0	0	identity	1	1
mlv1.cl.regression.apparent_clearance.61d6fb67f5d89c5f	CL	apparent_clearance	L/h	false	1	1	1	1.54	1.54	1.54	1.54	1.54	1.54	1.54	1.54	1.54	1.54	0	0	0	1	0	0	1	0	noncompartmental_analysis	0	1	1	apparent_over_f	false	"{""assay_family"":""noncompartmental_analysis"",""binary_evidence_lane"":""not_binary"",""condition"":{""analyte"":""parent_or_named_active_moiety"",""dose"":""20_mg"",""formulation"":""aqueous"",""matrix"":""plasma"",""method"":""noncompartmental_analysis"",""route"":""subcutaneous"",""species"":""human"",""timepoint"":""single_dose"",""volume_subtype"":""not_applicable""},""endpoint_family"":""CL"",""normalized_unit"":""L/h"",""parameter_basis"":""apparent_over_f"",""parameter_semantics"":""apparent_clearance"",""target_kind"":""regression"",""target_transform"":""identity""}"	0	0	identity	1	1
mlv1.cl.regression.apparent_clearance.7a97c29e5b0ec42b	CL	apparent_clearance	L/h	false	1	1	1	443.4	443.4	443.4	443.4	443.4	443.4	443.4	443.4	443.4	443.4	0	0	0	1	0	0	1	0	noncompartmental_analysis	0	1	1	apparent_over_f	false	"{""assay_family"":""noncompartmental_analysis"",""binary_evidence_lane"":""not_binary"",""condition"":{""analyte"":""parent_or_named_active_moiety"",""dose"":""0_14_mg_three_times_daily"",""formulation"":""unspecified"",""matrix"":""plasma"",""method"":""noncompartmental_analysis"",""route"":""subcutaneous"",""species"":""human"",""timepoint"":""d7"",""volume_subtype"":""not_applicable""},""endpoint_family"":""CL"",""normalized_unit"":""L/h"",""parameter_basis"":""apparent_over_f"",""parameter_semantics"":""apparent_clearance"",""target_kind"":""regression"",""target_transform"":""identity""}"	0	0	identity	1	1
mlv1.cl.regression.apparent_clearance.891166eba059e5e5	CL	apparent_clearance	mL/min/kg	false	1	1	1	54.3833333333	54.3833333333	54.3833333333	54.3833333333	54.3833333333	54.3833333333	54.3833333333	54.3833333333	54.3833333333	54.3833333333	0	0	0	1	0	0	1	0	noncompartmental_analysis	0	0	1	apparent_over_f	false	"{""assay_family"":""noncompartmental_analysis"",""binary_evidence_lane"":""not_binary"",""condition"":{""analyte"":""parent_or_named_active_moiety"",""dose"":""9_40_mg_kg"",""formulation"":""unspecified"",""matrix"":""plasma"",""method"":""noncompartmental_analysis"",""route"":""intraperitoneal"",""species"":""rat"",""timepoint"":""not_reported"",""volume_subtype"":""not_applicable""},""endpoint_family"":""CL"",""normalized_unit"":""mL/min/kg"",""parameter_basis"":""apparent_over_f"",""parameter_semantics"":""apparent_clearance"",""target_kind"":""regression"",""target_transform"":""identity""}"	1	0	identity	1	1
mlv1.cl.regression.apparent_clearance.9835c63224ea5127	CL	apparent_clearance	L/h	false	1	1	1	459.6	459.6	459.6	459.6	459.6	459.6	459.6	459.6	459.6	459.6	0	0	0	1	0	0	1	0	noncompartmental_analysis	0	1	1	apparent_over_f	false	"{""assay_family"":""noncompartmental_analysis"",""binary_evidence_lane"":""not_binary"",""condition"":{""analyte"":""parent_or_named_active_moiety"",""dose"":""0_1_mg_three_times_daily"",""formulation"":""unspecified"",""matrix"":""plasma"",""method"":""noncompartmental_analysis"",""route"":""subcutaneous"",""species"":""human"",""timepoint"":""d6"",""volume_subtype"":""not_applicable""},""endpoint_family"":""CL"",""normalized_unit"":""L/h"",""parameter_basis"":""apparent_over_f"",""parameter_semantics"":""apparent_clearance"",""target_kind"":""regression"",""target_transform"":""identity""}"	0	0	identity	1	1
mlv1.cl.regression.apparent_clearance.a5d662f76cef1d64	CL	apparent_clearance	mL/min/kg	false	1	1	1	85.2	85.2	85.2	85.2	85.2	85.2	85.2	85.2	85.2	85.2	0	0	0	1	0	0	1	0	noncompartmental_analysis	0	1	1	apparent_over_f	false	"{""assay_family"":""noncompartmental_analysis"",""binary_evidence_lane"":""not_binary"",""condition"":{""analyte"":""parent_or_named_active_moiety"",""dose"":""15_microgram_kg_once_daily"",""formulation"":""unspecified"",""matrix"":""plasma"",""method"":""noncompartmental_analysis"",""route"":""subcutaneous"",""species"":""human"",""timepoint"":""week_26"",""volume_subtype"":""not_applicable""},""endpoint_family"":""CL"",""normalized_unit"":""mL/min/kg"",""parameter_basis"":""apparent_over_f"",""parameter_semantics"":""apparent_clearance"",""target_kind"":""regression"",""target_transform"":""identity""}"	0	0	identity	1	1
mlv1.cl.regression.apparent_clearance.aed8902234b5572c	CL	apparent_clearance	L/h	false	1	1	1	408.6	408.6	408.6	408.6	408.6	408.6	408.6	408.6	408.6	408.6	0	0	0	1	0	0	1	0	noncompartmental_analysis	0	1	1	apparent_over_f	false	"{""assay_family"":""noncompartmental_analysis"",""binary_evidence_lane"":""not_binary"",""condition"":{""analyte"":""parent_or_named_active_moiety"",""dose"":""0_2_mg_three_times_daily"",""formulation"":""unspecified"",""matrix"":""plasma"",""method"":""noncompartmental_analysis"",""route"":""subcutaneous"",""species"":""human"",""timepoint"":""d12"",""volume_subtype"":""not_applicable""},""endpoint_family"":""CL"",""normalized_unit"":""L/h"",""parameter_basis"":""apparent_over_f"",""parameter_semantics"":""apparent_clearance"",""target_kind"":""regression"",""target_transform"":""identity""}"	0	0	identity	1	1
mlv1.cl.regression.apparent_clearance.b4876d6c31855ad1	CL	apparent_clearance	mL/min/kg	false	1	1	1	47.9833333333	47.9833333333	47.9833333333	47.9833333333	47.9833333333	47.9833333333	47.9833333333	47.9833333333	47.9833333333	47.9833333333	0	0	0	1	0	0	1	0	noncompartmental_analysis	0	0	1	apparent_over_f	false	"{""assay_family"":""noncompartmental_analysis"",""binary_evidence_lane"":""not_binary"",""condition"":{""analyte"":""parent_or_named_active_moiety"",""dose"":""2_35_mg_kg"",""formulation"":""unspecified"",""matrix"":""plasma"",""method"":""noncompartmental_analysis"",""route"":""intraperitoneal"",""species"":""rat"",""timepoint"":""not_reported"",""volume_subtype"":""not_applicable""},""endpoint_family"":""CL"",""normalized_unit"":""mL/min/kg"",""parameter_basis"":""apparent_over_f"",""parameter_semantics"":""apparent_clearance"",""target_kind"":""regression"",""target_transform"":""identity""}"	1	0	identity	1	1
mlv1.cl.regression.apparent_clearance.c357a049ef1d0606	CL	apparent_clearance	mL/min/kg	false	1	1	1	79.4	79.4	79.4	79.4	79.4	79.4	79.4	79.4	79.4	79.4	0	0	0	1	0	0	1	0	noncompartmental_analysis	0	1	1	apparent_over_f	false	"{""assay_family"":""noncompartmental_analysis"",""binary_evidence_lane"":""not_binary"",""condition"":{""analyte"":""parent_or_named_active_moiety"",""dose"":""15_microgram_kg_once_daily"",""formulation"":""unspecified"",""matrix"":""plasma"",""method"":""noncompartmental_analysis"",""route"":""subcutaneous"",""species"":""human"",""timepoint"":""week_52"",""volume_subtype"":""not_applicable""},""endpoint_family"":""CL"",""normalized_unit"":""mL/min/kg"",""parameter_basis"":""apparent_over_f"",""parameter_semantics"":""apparent_clearance"",""target_kind"":""regression"",""target_transform"":""identity""}"	0	0	identity	1	1
mlv1.cl.regression.apparent_clearance.c46d39ac32931a4d	CL	apparent_clearance	L/h	false	1	1	1	0.629	0.629	0.629	0.629	0.629	0.629	0.629	0.629	0.629	0.629	0	0	0	1	0	0	1	0	noncompartmental_analysis	0	1	1	apparent_over_f	false	"{""assay_family"":""noncompartmental_analysis"",""binary_evidence_lane"":""not_binary"",""condition"":{""analyte"":""parent_or_named_active_moiety"",""dose"":""10_mg"",""formulation"":""lyophilized"",""matrix"":""plasma"",""method"":""noncompartmental_analysis"",""route"":""subcutaneous"",""species"":""human"",""timepoint"":""single_dose"",""volume_subtype"":""not_applicable""},""endpoint_family"":""CL"",""normalized_unit"":""L/h"",""parameter_basis"":""apparent_over_f"",""parameter_semantics"":""apparent_clearance"",""target_kind"":""regression"",""target_transform"":""identity""}"	0	0	identity	1	1
mlv1.cl.regression.apparent_clearance.c7d9e4698d94b05c	CL	apparent_clearance	L/h	false	1	1	1	1.2	1.2	1.2	1.2	1.2	1.2	1.2	1.2	1.2	1.2	0	0	0	1	0	0	1	0	noncompartmental_analysis	0	1	1	apparent_over_f	false	"{""assay_family"":""noncompartmental_analysis"",""binary_evidence_lane"":""not_binary"",""condition"":{""analyte"":""parent_or_named_active_moiety"",""dose"":""30_mg"",""formulation"":""lyophilized"",""matrix"":""plasma"",""method"":""noncompartmental_analysis"",""route"":""subcutaneous"",""species"":""human"",""timepoint"":""single_dose"",""volume_subtype"":""not_applicable""},""endpoint_family"":""CL"",""normalized_unit"":""L/h"",""parameter_basis"":""apparent_over_f"",""parameter_semantics"":""apparent_clearance"",""target_kind"":""regression"",""target_transform"":""identity""}"	0	0	identity	1	1
mlv1.cl.regression.apparent_clearance.c8b9343ce14243de	CL	apparent_clearance	mL/min/kg	false	1	1	1	50.6	50.6	50.6	50.6	50.6	50.6	50.6	50.6	50.6	50.6	0	0	0	1	0	0	1	0	noncompartmental_analysis	0	0	1	apparent_over_f	false	"{""assay_family"":""noncompartmental_analysis"",""binary_evidence_lane"":""not_binary"",""condition"":{""analyte"":""parent_or_named_active_moiety"",""dose"":""4_70_mg_kg"",""formulation"":""unspecified"",""matrix"":""plasma"",""method"":""noncompartmental_analysis"",""route"":""intraperitoneal"",""species"":""rat"",""timepoint"":""not_reported"",""volume_subtype"":""not_applicable""},""endpoint_family"":""CL"",""normalized_unit"":""mL/min/kg"",""parameter_basis"":""apparent_over_f"",""parameter_semantics"":""apparent_clearance"",""target_kind"":""regression"",""target_transform"":""identity""}"	1	0	identity	1	1
mlv1.cl.regression.apparent_clearance.dd25c869ce7c11f8	CL	apparent_clearance	L/h	false	1	1	1	435	435	435	435	435	435	435	435	435	435	0	0	0	1	0	0	1	0	noncompartmental_analysis	0	1	1	apparent_over_f	false	"{""assay_family"":""noncompartmental_analysis"",""binary_evidence_lane"":""not_binary"",""condition"":{""analyte"":""parent_or_named_active_moiety"",""dose"":""0_2_mg_three_times_daily"",""formulation"":""unspecified"",""matrix"":""plasma"",""method"":""noncompartmental_analysis"",""route"":""subcutaneous"",""species"":""human"",""timepoint"":""d16"",""volume_subtype"":""not_applicable""},""endpoint_family"":""CL"",""normalized_unit"":""L/h"",""parameter_basis"":""apparent_over_f"",""parameter_semantics"":""apparent_clearance"",""target_kind"":""regression"",""target_transform"":""identity""}"	0	0	identity	1	1
mlv1.cl.regression.apparent_clearance.eb3543b1bcfd5e77	CL	apparent_clearance	L/h	false	1	1	1	0.979	0.979	0.979	0.979	0.979	0.979	0.979	0.979	0.979	0.979	0	0	0	1	0	0	1	0	noncompartmental_analysis	0	1	1	apparent_over_f	false	"{""assay_family"":""noncompartmental_analysis"",""binary_evidence_lane"":""not_binary"",""condition"":{""analyte"":""parent_or_named_active_moiety"",""dose"":""20_mg"",""formulation"":""lyophilized"",""matrix"":""plasma"",""method"":""noncompartmental_analysis"",""route"":""subcutaneous"",""species"":""human"",""timepoint"":""single_dose"",""volume_subtype"":""not_applicable""},""endpoint_family"":""CL"",""normalized_unit"":""L/h"",""parameter_basis"":""apparent_over_f"",""parameter_semantics"":""apparent_clearance"",""target_kind"":""regression"",""target_transform"":""identity""}"	0	0	identity	1	1
mlv1.cl.regression.apparent_clearance.f2ec81cd8696d918	CL	apparent_clearance	mL/min/kg	false	1	1	1	83.7	83.7	83.7	83.7	83.7	83.7	83.7	83.7	83.7	83.7	0	0	0	1	0	0	1	0	noncompartmental_analysis	0	1	1	apparent_over_f	false	"{""assay_family"":""noncompartmental_analysis"",""binary_evidence_lane"":""not_binary"",""condition"":{""analyte"":""parent_or_named_active_moiety"",""dose"":""15_microgram_kg"",""formulation"":""unspecified"",""matrix"":""plasma"",""method"":""noncompartmental_analysis"",""route"":""subcutaneous"",""species"":""human"",""timepoint"":""day_1"",""volume_subtype"":""not_applicable""},""endpoint_family"":""CL"",""normalized_unit"":""mL/min/kg"",""parameter_basis"":""apparent_over_f"",""parameter_semantics"":""apparent_clearance"",""target_kind"":""regression"",""target_transform"":""identity""}"	0	0	identity	1	1
mlv1.cl.regression.intrinsic_clearance.7843408768ce91a1	CL	intrinsic_clearance	uL/min/mg protein	false	5-9	7	7	10	11.38	16.9	38	160	192	286.7	315.74	323	136.142857143	113.395221198	154	117	0.142857142857	0	0	7	0	in_vitro_clearance_assay	0	0	1	intrinsic	false	"{""assay_family"":""in_vitro_clearance_assay"",""binary_evidence_lane"":""not_binary"",""condition"":{""analyte"":""parent_or_named_active_moiety"",""dose"":""not_reported"",""formulation"":""unspecified"",""matrix"":""liver_microsomes"",""method"":""in_vitro_clearance_assay"",""route"":""unspecified"",""species"":""unspecified"",""timepoint"":""not_reported"",""volume_subtype"":""not_applicable""},""endpoint_family"":""CL"",""normalized_unit"":""uL/min/mg protein"",""parameter_basis"":""intrinsic"",""parameter_semantics"":""intrinsic_clearance"",""target_kind"":""regression"",""target_transform"":""identity""}"	0	7	identity	7	1
mlv1.cl.regression.nonrenal_clearance.1a8be554af4ee116	CL	nonrenal_clearance	L/h	false	1	1	1	2.56	2.56	2.56	2.56	2.56	2.56	2.56	2.56	2.56	2.56	0	0	0	1	0	0	1	0	population_pk	0	0	1	component	false	"{""assay_family"":""population_pk"",""binary_evidence_lane"":""not_binary"",""condition"":{""analyte"":""parent_or_named_active_moiety"",""dose"":""0_2_0_8_1_6_and_3_2_mg_kg"",""formulation"":""unspecified"",""matrix"":""plasma"",""method"":""population_pk"",""route"":""intravenous"",""species"":""human"",""timepoint"":""all_visits_pooled"",""volume_subtype"":""not_applicable""},""endpoint_family"":""CL"",""normalized_unit"":""L/h"",""parameter_basis"":""component"",""parameter_semantics"":""nonrenal_clearance"",""target_kind"":""regression"",""target_transform"":""identity""}"	0	1	identity	1	1
mlv1.cl.regression.renal_clearance.1bad1a1813e0d9e9	CL	renal_clearance	L/h	false	1	1	1	4.32	4.32	4.32	4.32	4.32	4.32	4.32	4.32	4.32	4.32	0	0	0	1	0	0	1	0	population_pk	0	0	1	component	false	"{""assay_family"":""population_pk"",""binary_evidence_lane"":""not_binary"",""condition"":{""analyte"":""parent_or_named_active_moiety"",""dose"":""0_2_0_8_1_6_and_3_2_mg_kg"",""formulation"":""unspecified"",""matrix"":""plasma"",""method"":""population_pk"",""route"":""intravenous"",""species"":""human"",""timepoint"":""all_visits_pooled"",""volume_subtype"":""not_applicable""},""endpoint_family"":""CL"",""normalized_unit"":""L/h"",""parameter_basis"":""component"",""parameter_semantics"":""renal_clearance"",""target_kind"":""regression"",""target_transform"":""identity""}"	0	1	identity	1	1
mlv1.cl.regression.systemic_clearance.099f1a1478b319eb	CL	systemic_clearance	mL/min/kg	false	1	1	1	93.3	93.3	93.3	93.3	93.3	93.3	93.3	93.3	93.3	93.3	0	0	0	1	0	0	1	0	source_reported_pk	0	0	1	absolute	false	"{""assay_family"":""source_reported_pk"",""binary_evidence_lane"":""not_binary"",""condition"":{""analyte"":""parent_or_named_active_moiety"",""dose"":""1_mg_kg"",""formulation"":""unspecified"",""matrix"":""plasma"",""method"":""source_reported_pk"",""route"":""intravenous"",""species"":""mouse"",""timepoint"":""not_reported"",""volume_subtype"":""not_applicable""},""endpoint_family"":""CL"",""normalized_unit"":""mL/min/kg"",""parameter_basis"":""absolute"",""parameter_semantics"":""systemic_clearance"",""target_kind"":""regression"",""target_transform"":""identity""}"	0	1	identity	1	1
mlv1.cl.regression.systemic_clearance.217d557f6c8dfa97	CL	systemic_clearance	mL/min/kg	false	1	1	1	46	46	46	46	46	46	46	46	46	46	0	0	0	1	0	0	1	0	source_reported_pk	0	0	1	absolute	false	"{""assay_family"":""source_reported_pk"",""binary_evidence_lane"":""not_binary"",""condition"":{""analyte"":""parent_or_named_active_moiety"",""dose"":""not_reported"",""formulation"":""unspecified"",""matrix"":""plasma"",""method"":""source_reported_pk"",""route"":""intravenous"",""species"":""rat"",""timepoint"":""not_reported"",""volume_subtype"":""not_applicable""},""endpoint_family"":""CL"",""normalized_unit"":""mL/min/kg"",""parameter_basis"":""absolute"",""parameter_semantics"":""systemic_clearance"",""target_kind"":""regression"",""target_transform"":""identity""}"	0	1	identity	1	1
mlv1.cl.regression.systemic_clearance.247ac297bb9f57a6	CL	systemic_clearance	mL/min/kg	false	1	1	1	28	28	28	28	28	28	28	28	28	28	0	0	0	1	0	0	1	0	source_reported_pk	0	0	1	absolute	false	"{""assay_family"":""source_reported_pk"",""binary_evidence_lane"":""not_binary"",""condition"":{""analyte"":""parent_or_named_active_moiety"",""dose"":""not_reported"",""formulation"":""unspecified"",""matrix"":""plasma"",""method"":""source_reported_pk"",""route"":""intravenous"",""species"":""pig"",""timepoint"":""not_reported"",""volume_subtype"":""not_applicable""},""endpoint_family"":""CL"",""normalized_unit"":""mL/min/kg"",""parameter_basis"":""absolute"",""parameter_semantics"":""systemic_clearance"",""target_kind"":""regression"",""target_transform"":""identity""}"	0	1	identity	1	1
mlv1.cl.regression.systemic_clearance.365155f071a4ec2c	CL	systemic_clearance	mL/min/kg	false	1	1	1	2.96666666667	2.96666666667	2.96666666667	2.96666666667	2.96666666667	2.96666666667	2.96666666667	2.96666666667	2.96666666667	2.96666666667	0	0	0	1	0	0	1	0	noncompartmental_analysis	0	1	1	absolute	false	"{""assay_family"":""noncompartmental_analysis"",""binary_evidence_lane"":""not_binary"",""condition"":{""analyte"":""parent_or_named_active_moiety"",""dose"":""50_mg_kg"",""formulation"":""unspecified"",""matrix"":""plasma"",""method"":""noncompartmental_analysis"",""route"":""intravenous"",""species"":""nonhuman_primate"",""timepoint"":""single_dose"",""volume_subtype"":""not_applicable""},""endpoint_family"":""CL"",""normalized_unit"":""mL/min/kg"",""parameter_basis"":""absolute"",""parameter_semantics"":""systemic_clearance"",""target_kind"":""regression"",""target_transform"":""identity""}"	0	0	identity	1	1
mlv1.cl.regression.systemic_clearance.3ae7ca102bd174fe	CL	systemic_clearance	mL/min/kg	false	1	1	1	20.0833333333	20.0833333333	20.0833333333	20.0833333333	20.0833333333	20.0833333333	20.0833333333	20.0833333333	20.0833333333	20.0833333333	0	0	0	1	0	0	1	0	noncompartmental_analysis	0	1	1	absolute	false	"{""assay_family"":""noncompartmental_analysis"",""binary_evidence_lane"":""not_binary"",""condition"":{""analyte"":""parent_or_named_active_moiety"",""dose"":""4_5_mg_kg"",""formulation"":""unspecified"",""matrix"":""plasma"",""method"":""noncompartmental_analysis"",""route"":""intravenous"",""species"":""mouse"",""timepoint"":""single_dose"",""volume_subtype"":""not_applicable""},""endpoint_family"":""CL"",""normalized_unit"":""mL/min/kg"",""parameter_basis"":""absolute"",""parameter_semantics"":""systemic_clearance"",""target_kind"":""regression"",""target_transform"":""identity""}"	0	0	identity	1	1
mlv1.cl.regression.systemic_clearance.70b6297c7c1adb15	CL	systemic_clearance	mL/min/kg	false	1	1	1	1.79166666667	1.79166666667	1.79166666667	1.79166666667	1.79166666667	1.79166666667	1.79166666667	1.79166666667	1.79166666667	1.79166666667	0	0	0	1	0	0	1	0	noncompartmental_analysis	0	0	1	absolute	false	"{""assay_family"":""noncompartmental_analysis"",""binary_evidence_lane"":""not_binary"",""condition"":{""analyte"":""parent_or_named_active_moiety"",""dose"":""3_2_mg_kg"",""formulation"":""unspecified"",""matrix"":""plasma"",""method"":""noncompartmental_analysis"",""route"":""intravenous"",""species"":""human"",""timepoint"":""cycle_1_day_1"",""volume_subtype"":""not_applicable""},""endpoint_family"":""CL"",""normalized_unit"":""mL/min/kg"",""parameter_basis"":""absolute"",""parameter_semantics"":""systemic_clearance"",""target_kind"":""regression"",""target_transform"":""identity""}"	0	1	identity	1	1
mlv1.cl.regression.systemic_clearance.70d4e2236be9a865	CL	systemic_clearance	mL/min/kg	false	1	1	1	1.62666666667	1.62666666667	1.62666666667	1.62666666667	1.62666666667	1.62666666667	1.62666666667	1.62666666667	1.62666666667	1.62666666667	0	0	0	1	0	0	1	0	noncompartmental_analysis	0	0	1	absolute	false	"{""assay_family"":""noncompartmental_analysis"",""binary_evidence_lane"":""not_binary"",""condition"":{""analyte"":""parent_or_named_active_moiety"",""dose"":""3_2_mg_kg"",""formulation"":""unspecified"",""matrix"":""plasma"",""method"":""noncompartmental_analysis"",""route"":""intravenous"",""species"":""human"",""timepoint"":""run_in"",""volume_subtype"":""not_applicable""},""endpoint_family"":""CL"",""normalized_unit"":""mL/min/kg"",""parameter_basis"":""absolute"",""parameter_semantics"":""systemic_clearance"",""target_kind"":""regression"",""target_transform"":""identity""}"	0	1	identity	1	1
mlv1.cl.regression.systemic_clearance.8783d5dfadaed60e	CL	systemic_clearance	mL/min/kg	false	1	1	1	21.2833333333	21.2833333333	21.2833333333	21.2833333333	21.2833333333	21.2833333333	21.2833333333	21.2833333333	21.2833333333	21.2833333333	0	0	0	1	0	0	1	0	noncompartmental_analysis	0	1	1	absolute	false	"{""assay_family"":""noncompartmental_analysis"",""binary_evidence_lane"":""not_binary"",""condition"":{""analyte"":""parent_or_named_active_moiety"",""dose"":""13_5_mg_kg"",""formulation"":""unspecified"",""matrix"":""plasma"",""method"":""noncompartmental_analysis"",""route"":""intravenous"",""species"":""mouse"",""timepoint"":""single_dose"",""volume_subtype"":""not_applicable""},""endpoint_family"":""CL"",""normalized_unit"":""mL/min/kg"",""parameter_basis"":""absolute"",""parameter_semantics"":""systemic_clearance"",""target_kind"":""regression"",""target_transform"":""identity""}"	0	0	identity	1	1
mlv1.cl.regression.systemic_clearance.88137a04ce017661	CL	systemic_clearance	mL/min/kg	false	1	1	1	1.59666666667	1.59666666667	1.59666666667	1.59666666667	1.59666666667	1.59666666667	1.59666666667	1.59666666667	1.59666666667	1.59666666667	0	0	0	1	0	0	1	0	noncompartmental_analysis	0	0	1	absolute	false	"{""assay_family"":""noncompartmental_analysis"",""binary_evidence_lane"":""not_binary"",""condition"":{""analyte"":""parent_or_named_active_moiety"",""dose"":""3_2_mg_kg"",""formulation"":""unspecified"",""matrix"":""plasma"",""method"":""noncompartmental_analysis"",""route"":""intravenous"",""species"":""human"",""timepoint"":""cycle_6_day_1"",""volume_subtype"":""not_applicable""},""endpoint_family"":""CL"",""normalized_unit"":""mL/min/kg"",""parameter_basis"":""absolute"",""parameter_semantics"":""systemic_clearance"",""target_kind"":""regression"",""target_transform"":""identity""}"	0	1	identity	1	1
mlv1.cl.regression.systemic_clearance.887ace5b3351df4a	CL	systemic_clearance	L/h	false	1	1	1	1416.5	1416.5	1416.5	1416.5	1416.5	1416.5	1416.5	1416.5	1416.5	1416.5	0	0	0	1	0	0	1	0	noncompartmental_analysis	0	1	1	absolute	false	"{""assay_family"":""noncompartmental_analysis"",""binary_evidence_lane"":""not_binary"",""condition"":{""analyte"":""parent_or_named_active_moiety"",""dose"":""5_mg_kg"",""formulation"":""unspecified"",""matrix"":""plasma"",""method"":""noncompartmental_analysis"",""route"":""intravenous"",""species"":""human"",""timepoint"":""multiple_dose_study"",""volume_subtype"":""not_applicable""},""endpoint_family"":""CL"",""normalized_unit"":""L/h"",""parameter_basis"":""absolute"",""parameter_semantics"":""systemic_clearance"",""target_kind"":""regression"",""target_transform"":""identity""}"	0	0	identity	1	1
mlv1.cl.regression.systemic_clearance.8f39ed42e1b8fdc9	CL	systemic_clearance	mL/min/kg	false	1	1	1	16.9333333333	16.9333333333	16.9333333333	16.9333333333	16.9333333333	16.9333333333	16.9333333333	16.9333333333	16.9333333333	16.9333333333	0	0	0	1	0	0	1	0	noncompartmental_analysis	0	1	1	absolute	false	"{""assay_family"":""noncompartmental_analysis"",""binary_evidence_lane"":""not_binary"",""condition"":{""analyte"":""parent_or_named_active_moiety"",""dose"":""1_5_mg_kg"",""formulation"":""unspecified"",""matrix"":""plasma"",""method"":""noncompartmental_analysis"",""route"":""intravenous"",""species"":""mouse"",""timepoint"":""single_dose"",""volume_subtype"":""not_applicable""},""endpoint_family"":""CL"",""normalized_unit"":""mL/min/kg"",""parameter_basis"":""absolute"",""parameter_semantics"":""systemic_clearance"",""target_kind"":""regression"",""target_transform"":""identity""}"	0	0	identity	1	1
mlv1.cl.regression.systemic_clearance.975234a31e786d01	CL	systemic_clearance	mL/min/kg	false	5-9	6	6	14.81	15.63	18.91	32.4825	36.35	54.1975	66.07	67.654	68.05	41.15	19.6088480029	21.715	13.34	0.166666666667	0	0	6	0	noncompartmental_analysis	0	0	1	absolute	false	"{""assay_family"":""noncompartmental_analysis"",""binary_evidence_lane"":""not_binary"",""condition"":{""analyte"":""parent_or_named_active_moiety"",""dose"":""not_reported"",""formulation"":""unspecified"",""matrix"":""plasma"",""method"":""noncompartmental_analysis"",""route"":""intravenous"",""species"":""mouse"",""timepoint"":""not_reported"",""volume_subtype"":""not_applicable""},""endpoint_family"":""CL"",""normalized_unit"":""mL/min/kg"",""parameter_basis"":""absolute"",""parameter_semantics"":""systemic_clearance"",""target_kind"":""regression"",""target_transform"":""identity""}"	0	6	identity	6	1
mlv1.cl.regression.systemic_clearance.adf1cb1cf63c9509	CL	systemic_clearance	L/h	false	1	1	1	1052.4	1052.4	1052.4	1052.4	1052.4	1052.4	1052.4	1052.4	1052.4	1052.4	0	0	0	1	0	0	1	0	noncompartmental_analysis	0	1	1	absolute	false	"{""assay_family"":""noncompartmental_analysis"",""binary_evidence_lane"":""not_binary"",""condition"":{""analyte"":""parent_or_named_active_moiety"",""dose"":""10_mg_kg"",""formulation"":""unspecified"",""matrix"":""plasma"",""method"":""noncompartmental_analysis"",""route"":""intravenous"",""species"":""human"",""timepoint"":""multiple_dose_study"",""volume_subtype"":""not_applicable""},""endpoint_family"":""CL"",""normalized_unit"":""L/h"",""parameter_basis"":""absolute"",""parameter_semantics"":""systemic_clearance"",""target_kind"":""regression"",""target_transform"":""identity""}"	0	0	identity	1	1
mlv1.cl.regression.systemic_clearance.d3a8bf62450fd086	CL	systemic_clearance	mL/min/kg	false	1	1	1	2.98333333333	2.98333333333	2.98333333333	2.98333333333	2.98333333333	2.98333333333	2.98333333333	2.98333333333	2.98333333333	2.98333333333	0	0	0	1	0	0	1	0	noncompartmental_analysis	0	1	1	absolute	false	"{""assay_family"":""noncompartmental_analysis"",""binary_evidence_lane"":""not_binary"",""condition"":{""analyte"":""parent_or_named_active_moiety"",""dose"":""5_mg_kg"",""formulation"":""unspecified"",""matrix"":""plasma"",""method"":""noncompartmental_analysis"",""route"":""intravenous"",""species"":""nonhuman_primate"",""timepoint"":""single_dose"",""volume_subtype"":""not_applicable""},""endpoint_family"":""CL"",""normalized_unit"":""mL/min/kg"",""parameter_basis"":""absolute"",""parameter_semantics"":""systemic_clearance"",""target_kind"":""regression"",""target_transform"":""identity""}"	0	0	identity	1	1
mlv1.cl.regression.systemic_clearance.e2d3544d27eec73c	CL	systemic_clearance	mL/min/kg	false	1	1	1	22.4	22.4	22.4	22.4	22.4	22.4	22.4	22.4	22.4	22.4	0	0	0	1	0	0	1	0	source_reported_pk	0	0	1	absolute	false	"{""assay_family"":""source_reported_pk"",""binary_evidence_lane"":""not_binary"",""condition"":{""analyte"":""parent_or_named_active_moiety"",""dose"":""not_reported"",""formulation"":""unspecified"",""matrix"":""plasma"",""method"":""source_reported_pk"",""route"":""intravenous"",""species"":""dog"",""timepoint"":""not_reported"",""volume_subtype"":""not_applicable""},""endpoint_family"":""CL"",""normalized_unit"":""mL/min/kg"",""parameter_basis"":""absolute"",""parameter_semantics"":""systemic_clearance"",""target_kind"":""regression"",""target_transform"":""identity""}"	0	1	identity	1	1
mlv1.cl.regression.systemic_clearance.f086e55de011f841	CL	systemic_clearance	mL/min/kg	false	1	1	1	28.3166666667	28.3166666667	28.3166666667	28.3166666667	28.3166666667	28.3166666667	28.3166666667	28.3166666667	28.3166666667	28.3166666667	0	0	0	1	0	0	1	0	noncompartmental_analysis	0	0	1	absolute	false	"{""assay_family"":""noncompartmental_analysis"",""binary_evidence_lane"":""not_binary"",""condition"":{""analyte"":""parent_or_named_active_moiety"",""dose"":""4_70_mg_kg"",""formulation"":""unspecified"",""matrix"":""plasma"",""method"":""noncompartmental_analysis"",""route"":""intravenous"",""species"":""rat"",""timepoint"":""not_reported"",""volume_subtype"":""not_applicable""},""endpoint_family"":""CL"",""normalized_unit"":""mL/min/kg"",""parameter_basis"":""absolute"",""parameter_semantics"":""systemic_clearance"",""target_kind"":""regression"",""target_transform"":""identity""}"	1	0	identity	1	1
mlv1.f.regression.absolute_bioavailability.20712707a8dcaaec	F	absolute_bioavailability	fraction	false	1	1	1	0.062	0.062	0.062	0.062	0.062	0.062	0.062	0.062	0.062	0.062	0	0	0	1	0	0	1	0	source_reported_pk	0	0	1	absolute	false	"{""assay_family"":""source_reported_pk"",""binary_evidence_lane"":""not_binary"",""condition"":{""analyte"":""parent_or_named_active_moiety"",""dose"":""not_reported"",""formulation"":""unspecified"",""matrix"":""plasma"",""method"":""source_reported_pk"",""route"":""oral"",""species"":""pig"",""timepoint"":""not_reported"",""volume_subtype"":""not_applicable""},""endpoint_family"":""F"",""normalized_unit"":""fraction"",""parameter_basis"":""absolute"",""parameter_semantics"":""absolute_bioavailability"",""target_kind"":""regression"",""target_transform"":""identity""}"	0	1	identity	1	1
mlv1.f.regression.absolute_bioavailability.2ec31506318ed793	F	absolute_bioavailability	fraction	false	1	1	1	0.77	0.77	0.77	0.77	0.77	0.77	0.77	0.77	0.77	0.77	0	0	0	1	0	0	1	0	exposure_ratio	0	0	1	absolute	false	"{""assay_family"":""exposure_ratio"",""binary_evidence_lane"":""not_binary"",""condition"":{""analyte"":""parent_or_named_active_moiety"",""dose"":""20_ug"",""formulation"":""solution"",""matrix"":""plasma"",""method"":""exposure_ratio"",""route"":""subcutaneous"",""species"":""sheep"",""timepoint"":""not_reported"",""volume_subtype"":""not_applicable""},""endpoint_family"":""F"",""normalized_unit"":""fraction"",""parameter_basis"":""absolute"",""parameter_semantics"":""absolute_bioavailability"",""target_kind"":""regression"",""target_transform"":""identity""}"	0	1	identity	1	1
mlv1.f.regression.absolute_bioavailability.3495c364f21d71dd	F	absolute_bioavailability	fraction	false	1	1	1	0.5254	0.5254	0.5254	0.5254	0.5254	0.5254	0.5254	0.5254	0.5254	0.5254	0	0	0	1	0	0	1	0	noncompartmental_analysis	0	0	1	absolute	false	"{""assay_family"":""noncompartmental_analysis"",""binary_evidence_lane"":""not_binary"",""condition"":{""analyte"":""parent_or_named_active_moiety"",""dose"":""4_70_mg_kg"",""formulation"":""unspecified"",""matrix"":""plasma"",""method"":""noncompartmental_analysis"",""route"":""intraperitoneal"",""species"":""rat"",""timepoint"":""not_reported"",""volume_subtype"":""not_applicable""},""endpoint_family"":""F"",""normalized_unit"":""fraction"",""parameter_basis"":""absolute"",""parameter_semantics"":""absolute_bioavailability"",""target_kind"":""regression"",""target_transform"":""identity""}"	1	0	identity	1	1
mlv1.f.regression.absolute_bioavailability.5b05b9aecf98535d	F	absolute_bioavailability	fraction	false	1	1	1	0.007	0.007	0.007	0.007	0.007	0.007	0.007	0.007	0.007	0.007	0	0	0	1	0	0	1	0	exposure_ratio	0	0	1	absolute	false	"{""assay_family"":""exposure_ratio"",""binary_evidence_lane"":""not_binary"",""condition"":{""analyte"":""parent_or_named_active_moiety"",""dose"":""200_ug"",""formulation"":""powder"",""matrix"":""plasma"",""method"":""exposure_ratio"",""route"":""intranasal"",""species"":""sheep"",""timepoint"":""not_reported"",""volume_subtype"":""not_applicable""},""endpoint_family"":""F"",""normalized_unit"":""fraction"",""parameter_basis"":""absolute"",""parameter_semantics"":""absolute_bioavailability"",""target_kind"":""regression"",""target_transform"":""identity""}"	0	1	identity	1	1
mlv1.f.regression.absolute_bioavailability.743e75043d67b3ad	F	absolute_bioavailability	fraction	false	1	1	1	0.48807	0.48807	0.48807	0.48807	0.48807	0.48807	0.48807	0.48807	0.48807	0.48807	0	0	0	1	0	0	1	0	noncompartmental_analysis	0	0	1	absolute	false	"{""assay_family"":""noncompartmental_analysis"",""binary_evidence_lane"":""not_binary"",""condition"":{""analyte"":""parent_or_named_active_moiety"",""dose"":""2_35_mg_kg"",""formulation"":""unspecified"",""matrix"":""plasma"",""method"":""noncompartmental_analysis"",""route"":""intraperitoneal"",""species"":""rat"",""timepoint"":""not_reported"",""volume_subtype"":""not_applicable""},""endpoint_family"":""F"",""normalized_unit"":""fraction"",""parameter_basis"":""absolute"",""parameter_semantics"":""absolute_bioavailability"",""target_kind"":""regression"",""target_transform"":""identity""}"	1	0	identity	1	1
mlv1.f.regression.absolute_bioavailability.9340f1b5b7699e82	F	absolute_bioavailability	fraction	false	1	1	1	0.174	0.174	0.174	0.174	0.174	0.174	0.174	0.174	0.174	0.174	0	0	0	1	0	0	1	0	source_reported_pk	0	0	1	absolute	false	"{""assay_family"":""source_reported_pk"",""binary_evidence_lane"":""not_binary"",""condition"":{""analyte"":""parent_or_named_active_moiety"",""dose"":""not_reported"",""formulation"":""unspecified"",""matrix"":""plasma"",""method"":""source_reported_pk"",""route"":""oral"",""species"":""rat"",""timepoint"":""not_reported"",""volume_subtype"":""not_applicable""},""endpoint_family"":""F"",""normalized_unit"":""fraction"",""parameter_basis"":""absolute"",""parameter_semantics"":""absolute_bioavailability"",""target_kind"":""regression"",""target_transform"":""identity""}"	0	1	identity	1	1
mlv1.f.regression.absolute_bioavailability.93ca5bfb5a98998b	F	absolute_bioavailability	fraction	false	1	1	1	0.50635	0.50635	0.50635	0.50635	0.50635	0.50635	0.50635	0.50635	0.50635	0.50635	0	0	0	1	0	0	1	0	noncompartmental_analysis	0	0	1	absolute	false	"{""assay_family"":""noncompartmental_analysis"",""binary_evidence_lane"":""not_binary"",""condition"":{""analyte"":""parent_or_named_active_moiety"",""dose"":""9_40_mg_kg"",""formulation"":""unspecified"",""matrix"":""plasma"",""method"":""noncompartmental_analysis"",""route"":""intraperitoneal"",""species"":""rat"",""timepoint"":""not_reported"",""volume_subtype"":""not_applicable""},""endpoint_family"":""F"",""normalized_unit"":""fraction"",""parameter_basis"":""absolute"",""parameter_semantics"":""absolute_bioavailability"",""target_kind"":""regression"",""target_transform"":""identity""}"	1	0	identity	1	1
mlv1.f.regression.absolute_bioavailability.c66b2b0b2147a2c1	F	absolute_bioavailability	fraction	false	1	1	1	0.011	0.011	0.011	0.011	0.011	0.011	0.011	0.011	0.011	0.011	0	0	0	1	0	0	1	0	exposure_ratio	0	0	1	absolute	false	"{""assay_family"":""exposure_ratio"",""binary_evidence_lane"":""not_binary"",""condition"":{""analyte"":""parent_or_named_active_moiety"",""dose"":""200_ug"",""formulation"":""liquid"",""matrix"":""plasma"",""method"":""exposure_ratio"",""route"":""intranasal"",""species"":""sheep"",""timepoint"":""not_reported"",""volume_subtype"":""not_applicable""},""endpoint_family"":""F"",""normalized_unit"":""fraction"",""parameter_basis"":""absolute"",""parameter_semantics"":""absolute_bioavailability"",""target_kind"":""regression"",""target_transform"":""identity""}"	0	1	identity	1	1
mlv1.f.regression.absolute_bioavailability.d30b91a60fd6b176	F	absolute_bioavailability	fraction	false	2-4	3	3	0.02	0.02088	0.0244	0.042	0.064	0.082	0.0964	0.09928	0.1	0.0613333333333	0.0400666112035	0.04	0.036	0.333333333333	0	0	3	0	exposure_ratio	0	0	1	absolute	false	"{""assay_family"":""exposure_ratio"",""binary_evidence_lane"":""not_binary"",""condition"":{""analyte"":""parent_or_named_active_moiety"",""dose"":""not_reported"",""formulation"":""unspecified"",""matrix"":""plasma"",""method"":""exposure_ratio"",""route"":""oral"",""species"":""mouse"",""timepoint"":""not_reported"",""volume_subtype"":""not_applicable""},""endpoint_family"":""F"",""normalized_unit"":""fraction"",""parameter_basis"":""absolute"",""parameter_semantics"":""absolute_bioavailability"",""target_kind"":""regression"",""target_transform"":""identity""}"	0	3	identity	3	1
mlv1.f.regression.absolute_bioavailability.d8f95cf21b6c9489	F	absolute_bioavailability	fraction	false	1	1	1	0.226	0.226	0.226	0.226	0.226	0.226	0.226	0.226	0.226	0.226	0	0	0	1	0	0	1	0	source_reported_pk	0	0	1	absolute	false	"{""assay_family"":""source_reported_pk"",""binary_evidence_lane"":""not_binary"",""condition"":{""analyte"":""parent_or_named_active_moiety"",""dose"":""not_reported"",""formulation"":""unspecified"",""matrix"":""plasma"",""method"":""source_reported_pk"",""route"":""oral"",""species"":""dog"",""timepoint"":""not_reported"",""volume_subtype"":""not_applicable""},""endpoint_family"":""F"",""normalized_unit"":""fraction"",""parameter_basis"":""absolute"",""parameter_semantics"":""absolute_bioavailability"",""target_kind"":""regression"",""target_transform"":""identity""}"	0	1	identity	1	1
mlv1.logd.regression.distribution_coefficient.1558a57c60fcd2e3	LogD	distribution_coefficient	dimensionless_log10	false	10-29	10	10	-0.3	-0.2523	-0.0615	0.84	1.2	1.415	2.1785	2.4197	2.48	1.124	0.777577434515	0.575	0.32	0.1	0	1	9	2	chi_hplc	0	0	1	pH_7.4	false	"{""assay_family"":""chi_hplc"",""binary_evidence_lane"":""not_binary"",""condition"":{""assay"":""chi_hplc_calibrated_at_ph_7_4_10_mm_dms_df1a4154"",""dose"":""not_reported"",""matrix"":""other_chromlogd7_4_group_logd_ss"",""method"":""chi_hplc"",""pH"":""7.4"",""route"":""not_reported"",""species"":""species_not_reported"",""timepoint"":""not_reported""},""endpoint_family"":""LogD"",""normalized_unit"":""dimensionless_log10"",""parameter_basis"":""pH_7.4"",""parameter_semantics"":""distribution_coefficient"",""target_kind"":""regression"",""target_transform"":""identity""}"	0	10	identity	10	1
mlv1.logd.regression.distribution_coefficient.3678079026003310	LogD	distribution_coefficient	dimensionless_log10	false	5-9	7	7	1.29	1.2978	1.329	1.46	1.88	1.985	2.123	2.1686	2.18	1.74857142857	0.340412914533	0.525	0.3	0.142857142857	0	0	7	0	chi_hplc	0	0	1	pH_7.4	false	"{""assay_family"":""chi_hplc"",""binary_evidence_lane"":""not_binary"",""condition"":{""assay"":""chi_hplc_calibrated_at_ph_7_4_10_mm_dms_df1a4154"",""dose"":""not_reported"",""matrix"":""other_chromlogd7_4_group_logd_te"",""method"":""chi_hplc"",""pH"":""7.4"",""route"":""not_reported"",""species"":""species_not_reported"",""timepoint"":""not_reported""},""endpoint_family"":""LogD"",""normalized_unit"":""dimensionless_log10"",""parameter_basis"":""pH_7.4"",""parameter_semantics"":""distribution_coefficient"",""target_kind"":""regression"",""target_transform"":""identity""}"	0	7	identity	7	1
mlv1.logd.regression.distribution_coefficient.603df9b277220d51	LogD	distribution_coefficient	dimensionless_log10	false	10-29	12	12	0.52	0.5288	0.564	0.9925	1.615	1.8425	2.335	2.379	2.39	1.49083333333	0.626642689741	0.85	0.45	0.0833333333333	0	0	12	0	chi_hplc	0	0	1	pH_7.4	false	"{""assay_family"":""chi_hplc"",""binary_evidence_lane"":""not_binary"",""condition"":{""assay"":""chi_hplc_calibrated_at_ph_7_4_zorbax_xd_d47e25ec"",""dose"":""not_reported"",""matrix"":""other_chromlogd7_4_group_mod_ss"",""method"":""chi_hplc"",""pH"":""7.4"",""route"":""not_reported"",""species"":""species_not_reported"",""timepoint"":""not_reported""},""endpoint_family"":""LogD"",""normalized_unit"":""dimensionless_log10"",""parameter_basis"":""pH_7.4"",""parameter_semantics"":""distribution_coefficient"",""target_kind"":""regression"",""target_transform"":""identity""}"	0	12	identity	12	1
mlv1.logd.regression.distribution_coefficient.836ba5db7277b020	LogD	distribution_coefficient	dimensionless_log10	false	10-29	22	21	-1.7	-1.6538	-1.443	-0.3425	1.71	2.2025	2.5785	2.8249	2.89	1.07772727273	1.4287021477	2.545	0.795	0.0909090909091	0	6	16	0	source_reported_method_unknown	0	0	1	pH_7.4	false	"{""assay_family"":""source_reported_method_unknown"",""binary_evidence_lane"":""not_binary"",""condition"":{""assay"":""source_reported_logd7_4"",""dose"":""not_reported"",""matrix"":""other_reported_logd_ph7_4"",""method"":""source_reported_method_unknown"",""pH"":""7.4"",""route"":""not_reported"",""species"":""species_not_reported"",""timepoint"":""not_reported""},""endpoint_family"":""LogD"",""normalized_unit"":""dimensionless_log10"",""parameter_basis"":""pH_7.4"",""parameter_semantics"":""distribution_coefficient"",""target_kind"":""regression"",""target_transform"":""identity""}"	0	22	identity	22	1
mlv1.logd.regression.distribution_coefficient.bae961b68599f090	LogD	distribution_coefficient	dimensionless_log10	false	5-9	6	5	2.08	2.0835	2.0975	2.1775	2.295	3.485	3.87	3.87	3.87	2.76	0.864129619907	1.3075	0.18	0.333333333333	0	0	6	0	chi_hplc	0	0	1	pH_7.4	false	"{""assay_family"":""chi_hplc"",""binary_evidence_lane"":""not_binary"",""condition"":{""assay"":""chi_hplc_calibrated_at_ph_7_4_zorbax_xd_d47e25ec"",""dose"":""not_reported"",""matrix"":""other_chromlogd7_4_group_dn_te"",""method"":""chi_hplc"",""pH"":""7.4"",""route"":""not_reported"",""species"":""species_not_reported"",""timepoint"":""not_reported""},""endpoint_family"":""LogD"",""normalized_unit"":""dimensionless_log10"",""parameter_basis"":""pH_7.4"",""parameter_semantics"":""distribution_coefficient"",""target_kind"":""regression"",""target_transform"":""identity""}"	0	6	identity	6	1
mlv1.logd.regression.distribution_coefficient.c0c2fec6c0e5aa98	LogD	distribution_coefficient	dimensionless_log10	false	5-9	5	5	4.29	4.3004	4.342	4.55	5.08	5.24	5.256	5.2592	5.26	4.884	0.43901025045	0.69	0.18	0.2	0	0	5	0	chi_hplc	0	0	1	pH_7.4	false	"{""assay_family"":""chi_hplc"",""binary_evidence_lane"":""not_binary"",""condition"":{""assay"":""chi_hplc_calibrated_at_ph_7_4_10_mm_dms_df1a4154"",""dose"":""not_reported"",""matrix"":""other_chromlogd7_4_group_logd_ht"",""method"":""chi_hplc"",""pH"":""7.4"",""route"":""not_reported"",""species"":""species_not_reported"",""timepoint"":""not_reported""},""endpoint_family"":""LogD"",""normalized_unit"":""dimensionless_log10"",""parameter_basis"":""pH_7.4"",""parameter_semantics"":""distribution_coefficient"",""target_kind"":""regression"",""target_transform"":""identity""}"	0	5	identity	5	1
mlv1.logd.regression.distribution_coefficient.cdbf79e0ea00f795	LogD	distribution_coefficient	dimensionless_log10	false	10-29	17	16	2.19	2.1916	2.198	2.73	3.09	3.53	4.074	4.1188	4.13	3.12	0.587973213676	0.8	0.4	0.117647058824	0	0	17	0	chi_hplc	0	0	1	pH_7.4	false	"{""assay_family"":""chi_hplc"",""binary_evidence_lane"":""not_binary"",""condition"":{""assay"":""chi_hplc_calibrated_at_ph_7_4_zorbax_xd_d47e25ec"",""dose"":""not_reported"",""matrix"":""other_chromlogd7_4_group_dn_ht"",""method"":""chi_hplc"",""pH"":""7.4"",""route"":""not_reported"",""species"":""species_not_reported"",""timepoint"":""not_reported""},""endpoint_family"":""LogD"",""normalized_unit"":""dimensionless_log10"",""parameter_basis"":""pH_7.4"",""parameter_semantics"":""distribution_coefficient"",""target_kind"":""regression"",""target_transform"":""identity""}"	0	17	identity	17	1
mlv1.permeability.regression.apparent_permeability.0056fc09d56d25fc	permeability	apparent_permeability	log10(cm/s)	false	2-4	2	2	-6.52287874528	-6.51348355275	-6.47590278265	-6.28799893212	-6.05311911897	-5.81823930582	-5.63033545529	-5.59275468519	-5.58335949266	-6.05311911897	0.664340434583	0.46975962631	0.46975962631	0.5	0	2	0	0	mdck	0	0	1	mdck_mdr1_papp_group_dn_te	false	"{""assay_family"":""mdck"",""binary_evidence_lane"":""not_binary"",""condition"":{""assay"":""pegasus_in_house_mdck_mdr1_apparent_per_b8b89725"",""assay_family"":""mdck"",""dose"":""not_reported"",""matrix"":""other_mdck_mdr1_papp_group_dn_te"",""metric_detail"":""mdck_mdr1_papp_group_dn_te"",""route"":""not_reported"",""species"":""species_not_reported"",""timepoint"":""not_reported""},""endpoint_family"":""permeability"",""normalized_unit"":""log10(cm/s)"",""parameter_basis"":""mdck_mdr1_papp_group_dn_te"",""parameter_semantics"":""apparent_permeability"",""target_kind"":""regression"",""target_transform"":""log10""}"	0	2	log10	2	1
mlv1.permeability.regression.apparent_permeability.149a41dd3a3f8502	permeability	apparent_permeability	log10(cm/s)	false	10-29	25	21	-7.114	-7.06768	-6.8766	-6.301	-5.509	-5.347	-5.0742	-4.8002	-4.721	-5.7998	0.664250078409	0.954	0.342	0.12	0	25	0	0	others_log_papp	0	0	1	others_log_papp	false	"{""assay_family"":""others_log_papp"",""binary_evidence_lane"":""not_binary"",""condition"":{""assay"":""others"",""assay_family"":""others_log_papp"",""dose"":""not_reported"",""matrix"":""other_source_defined_permeability_f43a8877"",""metric_detail"":""others_log_papp"",""route"":""not_reported"",""species"":""species_not_reported"",""timepoint"":""not_reported""},""endpoint_family"":""permeability"",""normalized_unit"":""log10(cm/s)"",""parameter_basis"":""others_log_papp"",""parameter_semantics"":""apparent_permeability"",""target_kind"":""regression"",""target_transform"":""log10""}"	0	25	log10	25	1
mlv1.permeability.regression.apparent_permeability.1e3e8fcc2ac5351b	permeability	apparent_permeability	log10(cm/s)	true	30-99	69	64	-6.77	-6.0764	-5.2982	-4.8540001	-4.485	-4.339	-4.172	-3.94332	-3.91	-4.60906595912	0.439158962205	0.5150001	0.209	0.0434782608696	0	69	0	2	caco2	0	0	1	caco_2_log_papp_ba	true	"{""assay_family"":""caco2"",""binary_evidence_lane"":""not_binary"",""condition"":{""assay"":""caco_2"",""assay_family"":""caco2"",""dose"":""not_reported"",""matrix"":""cellular_matrix"",""metric_detail"":""caco_2_log_papp_ba"",""route"":""not_reported"",""species"":""species_not_reported"",""timepoint"":""not_reported""},""endpoint_family"":""permeability"",""normalized_unit"":""log10(cm/s)"",""parameter_basis"":""caco_2_log_papp_ba"",""parameter_semantics"":""apparent_permeability"",""target_kind"":""regression"",""target_transform"":""log10""}"	0	69	log10	69	1
mlv1.permeability.regression.apparent_permeability.32e6ae274c98b51b	permeability	apparent_permeability	log10(cm/s)	true	100-999	920	281	-8.04	-8	-7.699	-7.21	-6.745	-6.0785	-4.91805	-4.5	-4.2	-6.58786304348	0.819699459736	1.1315	0.489	0.0445652173913	0	920	0	3	pampa	0	0	1	pampa_log_peff	true	"{""assay_family"":""pampa"",""binary_evidence_lane"":""not_binary"",""condition"":{""assay"":""pampa"",""assay_family"":""pampa"",""dose"":""not_reported"",""matrix"":""other_artificial_membrane_pampa_log_peff"",""metric_detail"":""pampa_log_peff"",""route"":""not_reported"",""species"":""species_not_reported"",""timepoint"":""not_reported""},""endpoint_family"":""permeability"",""normalized_unit"":""log10(cm/s)"",""parameter_basis"":""pampa_log_peff"",""parameter_semantics"":""apparent_permeability"",""target_kind"":""regression"",""target_transform"":""log10""}"	0	920	log10	920	1
mlv1.permeability.regression.apparent_permeability.38092365a54b8efb	permeability	apparent_permeability	log10(cm/s)	false	5-9	5	5	-7	-6.98092	-6.9046	-6.523	-6.431798276	-6.222	-6.122	-6.102	-6.097	-6.4547596552	0.348080461664	0.301	0.209798276	0.2	0	5	0	1	mdck	0	0	1	mdck_log_papp_ab	false	"{""assay_family"":""mdck"",""binary_evidence_lane"":""not_binary"",""condition"":{""assay"":""mdck"",""assay_family"":""mdck"",""dose"":""not_reported"",""matrix"":""cellular_matrix"",""metric_detail"":""mdck_log_papp_ab"",""route"":""not_reported"",""species"":""species_not_reported"",""timepoint"":""not_reported""},""endpoint_family"":""permeability"",""normalized_unit"":""log10(cm/s)"",""parameter_basis"":""mdck_log_papp_ab"",""parameter_semantics"":""apparent_permeability"",""target_kind"":""regression"",""target_transform"":""log10""}"	0	5	log10	5	1
mlv1.permeability.regression.apparent_permeability.52d9ab33f01c98e3	permeability	apparent_permeability	log10(cm/s)	true	100-999	113	102	-8.523	-8.49332	-8.356	-6.699	-5.85	-5.051	-4.579	-4.05212	-3.575	-5.97616814159	1.14584052822	1.648	0.849	0.0176991150442	0	113	0	0	pampa	0	0	1	pampa_log_papp	true	"{""assay_family"":""pampa"",""binary_evidence_lane"":""not_binary"",""condition"":{""assay"":""pampa"",""assay_family"":""pampa"",""dose"":""not_reported"",""matrix"":""other_artificial_membrane_pampa_log_papp"",""metric_detail"":""pampa_log_papp"",""route"":""not_reported"",""species"":""species_not_reported"",""timepoint"":""not_reported""},""endpoint_family"":""permeability"",""normalized_unit"":""log10(cm/s)"",""parameter_basis"":""pampa_log_papp"",""parameter_semantics"":""apparent_permeability"",""target_kind"":""regression"",""target_transform"":""log10""}"	0	113	log10	113	1
mlv1.permeability.regression.apparent_permeability.7563bc765976efa8	permeability	apparent_permeability	log10(cm/s)	false	1	1	1	-5.76195389687	-5.76195389687	-5.76195389687	-5.76195389687	-5.76195389687	-5.76195389687	-5.76195389687	-5.76195389687	-5.76195389687	-5.76195389687	0	0	0	1	0	1	0	0	mdck	0	0	1	mdck_mdr1_papp_group_mod_ss	false	"{""assay_family"":""mdck"",""binary_evidence_lane"":""not_binary"",""condition"":{""assay"":""pegasus_in_house_mdck_mdr1_apparent_per_b8b89725"",""assay_family"":""mdck"",""dose"":""not_reported"",""matrix"":""other_mdck_mdr1_papp_group_mod_ss"",""metric_detail"":""mdck_mdr1_papp_group_mod_ss"",""route"":""not_reported"",""species"":""species_not_reported"",""timepoint"":""not_reported""},""endpoint_family"":""permeability"",""normalized_unit"":""log10(cm/s)"",""parameter_basis"":""mdck_mdr1_papp_group_mod_ss"",""parameter_semantics"":""apparent_permeability"",""target_kind"":""regression"",""target_transform"":""log10""}"	0	1	log10	1	1
mlv1.permeability.regression.apparent_permeability.7b0612e1869ff406	permeability	apparent_permeability	log10(cm/s)	false	5-9	8	8	-5.70114692359	-5.69851445757	-5.68798459349	-5.51441447651	-5.37082505374	-5.23487373096	-5.18962732746	-5.17914608216	-5.17652577083	-5.40042163947	0.203277382934	0.279540745545	0.142922969845	0.125	0	8	0	0	pampa	0	0	1	pampa_permeability_25c	false	"{""assay_family"":""pampa"",""binary_evidence_lane"":""not_binary"",""condition"":{""assay"":""pampa"",""assay_family"":""pampa"",""dose"":""not_reported"",""matrix"":""other_artificial_membrane_pampa_p_8bf41d1b"",""metric_detail"":""pampa_permeability_25c"",""route"":""not_reported"",""species"":""species_not_reported"",""timepoint"":""5_h""},""endpoint_family"":""permeability"",""normalized_unit"":""log10(cm/s)"",""parameter_basis"":""pampa_permeability_25c"",""parameter_semantics"":""apparent_permeability"",""target_kind"":""regression"",""target_transform"":""log10""}"	0	8	log10	8	1
mlv1.permeability.regression.apparent_permeability.8478c8510c612f9f	permeability	apparent_permeability	source_log10_permeability	true	>=1000	1229	322	-8.06	-7.7	-7.43	-6.85	-6.05	-5.64	-4.8467983778	-4.2284	-3.46	-6.18316536762	0.801065871154	1.21	0.57	0.0374288039056	0	1229	0	7	caco2	0	1229	1	caco2	true	"{""assay_family"":""caco2"",""binary_evidence_lane"":""not_binary"",""condition"":{""assay"":""not_reported"",""assay_family"":""caco2"",""dose"":""not_reported"",""matrix"":""other_caco2"",""metric_detail"":""caco2"",""route"":""not_reported"",""species"":""species_not_reported"",""timepoint"":""not_reported""},""endpoint_family"":""permeability"",""normalized_unit"":""source_log10_permeability"",""parameter_basis"":""caco2"",""parameter_semantics"":""apparent_permeability"",""target_kind"":""regression"",""target_transform"":""log10""}"	0	0	log10	1229	1
mlv1.permeability.regression.apparent_permeability.913c45147345c9fc	permeability	apparent_permeability	log10(cm/s)	false	5-9	8	8	-5.1739251973	-5.17351954929	-5.17189695725	-5.11881223796	-5.00097936781	-4.93799384672	-4.8542001942	-4.83463066653	-4.82973828461	-5.01581709802	0.126533409849	0.180818391245	0.101371726915	0.125	0	8	0	0	pampa	0	0	1	pampa_permeability_37c	false	"{""assay_family"":""pampa"",""binary_evidence_lane"":""not_binary"",""condition"":{""assay"":""pampa"",""assay_family"":""pampa"",""dose"":""not_reported"",""matrix"":""other_artificial_membrane_pampa_p_b21899cb"",""metric_detail"":""pampa_permeability_37c"",""route"":""not_reported"",""species"":""species_not_reported"",""timepoint"":""not_reported""},""endpoint_family"":""permeability"",""normalized_unit"":""log10(cm/s)"",""parameter_basis"":""pampa_permeability_37c"",""parameter_semantics"":""apparent_permeability"",""target_kind"":""regression"",""target_transform"":""log10""}"	0	8	log10	8	1
mlv1.permeability.regression.apparent_permeability.9bd2697e1daed7d4	permeability	apparent_permeability	log10(cm/s)	false	5-9	5	4	-7	-7	-7	-7	-5.854	-5.602	-5.5508	-5.54056	-5.538	-6.1988	0.740870568993	1.398	0.316	0.4	0	5	0	0	mdck	0	0	1	mdck_log_papp	false	"{""assay_family"":""mdck"",""binary_evidence_lane"":""not_binary"",""condition"":{""assay"":""mdck"",""assay_family"":""mdck"",""dose"":""not_reported"",""matrix"":""cellular_matrix"",""metric_detail"":""mdck_log_papp"",""route"":""not_reported"",""species"":""species_not_reported"",""timepoint"":""not_reported""},""endpoint_family"":""permeability"",""normalized_unit"":""log10(cm/s)"",""parameter_basis"":""mdck_log_papp"",""parameter_semantics"":""apparent_permeability"",""target_kind"":""regression"",""target_transform"":""log10""}"	0	5	log10	5	1
mlv1.permeability.regression.apparent_permeability.a4fc3b865f1b6514	permeability	apparent_permeability	log10(cm/s)	true	30-99	65	58	-7	-6.92704	-6.67	-5.821	-5.272	-4.886	-4.495	-4.44624	-4.42	-5.38903076923	0.67960749171	0.935	0.503	0.0307692307692	0	65	0	0	caco2	0	0	1	caco_2_log_papp	true	"{""assay_family"":""caco2"",""binary_evidence_lane"":""not_binary"",""condition"":{""assay"":""caco_2"",""assay_family"":""caco2"",""dose"":""not_reported"",""matrix"":""cellular_matrix"",""metric_detail"":""caco_2_log_papp"",""route"":""not_reported"",""species"":""species_not_reported"",""timepoint"":""not_reported""},""endpoint_family"":""permeability"",""normalized_unit"":""log10(cm/s)"",""parameter_basis"":""caco_2_log_papp"",""parameter_semantics"":""apparent_permeability"",""target_kind"":""regression"",""target_transform"":""log10""}"	0	65	log10	65	1
mlv1.permeability.regression.apparent_permeability.c027ffe6efc11251	permeability	apparent_permeability	log10(cm/s)	true	100-999	110	97	-8.699	-8.38962	-6.98155	-5.8465	-5.2115	-4.73425	-4.1457	-3.9569	-3.788	-5.38029007855	0.927495346528	1.11225	0.533	0.0272727272727	0	110	0	2	caco2	0	0	1	caco_2_log_papp_ab	true	"{""assay_family"":""caco2"",""binary_evidence_lane"":""not_binary"",""condition"":{""assay"":""caco_2"",""assay_family"":""caco2"",""dose"":""not_reported"",""matrix"":""cellular_matrix"",""metric_detail"":""caco_2_log_papp_ab"",""route"":""not_reported"",""species"":""species_not_reported"",""timepoint"":""not_reported""},""endpoint_family"":""permeability"",""normalized_unit"":""log10(cm/s)"",""parameter_basis"":""caco_2_log_papp_ab"",""parameter_semantics"":""apparent_permeability"",""target_kind"":""regression"",""target_transform"":""log10""}"	0	110	log10	109	1
mlv1.permeability.regression.apparent_permeability.c9ffe4d3ac9e61dc	permeability	apparent_permeability	log10(cm/s)	false	10-29	25	23	-5.578	-5.51248	-5.305	-5.108	-4.851	-4.735	-4.5562	-4.53892	-4.537	-4.91076	0.270255477897	0.373	0.164	0.08	0	25	0	0	caco2	0	0	1	caco_2_log_papp_ba_with_inhibitor	false	"{""assay_family"":""caco2"",""binary_evidence_lane"":""not_binary"",""condition"":{""assay"":""caco_2"",""assay_family"":""caco2"",""dose"":""not_reported"",""matrix"":""cellular_matrix"",""metric_detail"":""caco_2_log_papp_ba_with_inhibitor"",""route"":""not_reported"",""species"":""species_not_reported"",""timepoint"":""not_reported""},""endpoint_family"":""permeability"",""normalized_unit"":""log10(cm/s)"",""parameter_basis"":""caco_2_log_papp_ba_with_inhibitor"",""parameter_semantics"":""apparent_permeability"",""target_kind"":""regression"",""target_transform"":""log10""}"	0	25	log10	25	1
mlv1.permeability.regression.apparent_permeability.d4399de5ff028981	permeability	apparent_permeability	log10(cm/s)	true	30-99	32	32	-6.9	-6.71431	-6.26525	-5.70025	-5.2835	-4.918	-4.32865	-4.29668	-4.288	-5.2910625	0.622483835131	0.78225	0.4005	0.03125	0	32	0	1	caco2	0	0	1	caco_2_log_papp_ab_with_inhibitor	true	"{""assay_family"":""caco2"",""binary_evidence_lane"":""not_binary"",""condition"":{""assay"":""caco_2"",""assay_family"":""caco2"",""dose"":""not_reported"",""matrix"":""cellular_matrix"",""metric_detail"":""caco_2_log_papp_ab_with_inhibitor"",""route"":""not_reported"",""species"":""species_not_reported"",""timepoint"":""not_reported""},""endpoint_family"":""permeability"",""normalized_unit"":""log10(cm/s)"",""parameter_basis"":""caco_2_log_papp_ab_with_inhibitor"",""parameter_semantics"":""apparent_permeability"",""target_kind"":""regression"",""target_transform"":""log10""}"	0	32	log10	32	1
mlv1.permeability.regression.apparent_permeability.d541eeffecfcefce	permeability	apparent_permeability	source_log10_permeability	true	100-999	159	117	-6.96	-6.9068	-6.66	-6.085	-5.53	-5.135	-4.618	-4.5158	-4.49	-5.59742138365	0.611123901167	0.95	0.45	0.0251572327044	0	159	0	0	rrck	0	159	1	rrck	true	"{""assay_family"":""rrck"",""binary_evidence_lane"":""not_binary"",""condition"":{""assay"":""not_reported"",""assay_family"":""rrck"",""dose"":""not_reported"",""matrix"":""other_rrck"",""metric_detail"":""rrck"",""route"":""not_reported"",""species"":""species_not_reported"",""timepoint"":""not_reported""},""endpoint_family"":""permeability"",""normalized_unit"":""source_log10_permeability"",""parameter_basis"":""rrck"",""parameter_semantics"":""apparent_permeability"",""target_kind"":""regression"",""target_transform"":""log10""}"	0	0	log10	159	1
mlv1.permeability.regression.apparent_permeability.d64f3cadc91549b9	permeability	apparent_permeability	log10(cm/s)	false	10-29	12	12	-6.71219827007	-6.70751094529	-6.68876164619	-6.64980454724	-6.1411647485	-4.9374301543	-4.52998750457	-4.51515692771	-4.5114492835	-5.85676585767	0.876123608772	1.71237439294	0.524400118025	0.0833333333333	0	12	0	0	caco2	0	0	1	caco2_papp_ab	false	"{""assay_family"":""caco2"",""binary_evidence_lane"":""not_binary"",""condition"":{""assay"":""caco_2_a_to_b_permeability"",""assay_family"":""caco2"",""dose"":""not_reported"",""matrix"":""cellular_matrix"",""metric_detail"":""caco2_papp_ab"",""route"":""not_reported"",""species"":""human"",""timepoint"":""not_reported""},""endpoint_family"":""permeability"",""normalized_unit"":""log10(cm/s)"",""parameter_basis"":""caco2_papp_ab"",""parameter_semantics"":""apparent_permeability"",""target_kind"":""regression"",""target_transform"":""log10""}"	0	12	log10	12	1
mlv1.permeability.regression.apparent_permeability.e0600a4c8931f34d	permeability	apparent_permeability	log10(cm/s)	false	2-4	2	2	-6.34678748622	-6.34553809885	-6.34054054939	-6.31555280207	-6.28431811792	-6.25308343377	-6.22809568645	-6.22309813699	-6.22184874962	-6.28431811792	0.0883450278827	0.0624693683	0.0624693683	0.5	0	2	0	0	mdck	0	0	1	mdck_mdr1_papp_group_dn_ht	false	"{""assay_family"":""mdck"",""binary_evidence_lane"":""not_binary"",""condition"":{""assay"":""pegasus_in_house_mdck_mdr1_apparent_per_b8b89725"",""assay_family"":""mdck"",""dose"":""not_reported"",""matrix"":""other_mdck_mdr1_papp_group_dn_ht"",""metric_detail"":""mdck_mdr1_papp_group_dn_ht"",""route"":""not_reported"",""species"":""species_not_reported"",""timepoint"":""not_reported""},""endpoint_family"":""permeability"",""normalized_unit"":""log10(cm/s)"",""parameter_basis"":""mdck_mdr1_papp_group_dn_ht"",""parameter_semantics"":""apparent_permeability"",""target_kind"":""regression"",""target_transform"":""log10""}"	0	2	log10	2	1
mlv1.permeability.regression.apparent_permeability.e74490767e77cabe	permeability	apparent_permeability	source_log10_permeability	true	>=1000	6814	648	-9.46	-8.15	-7.1514285264	-6.14790039325	-5.65	-5.22	-4.57	-4.31	-3.9	-5.73539854112	0.779174888205	0.92790039325	0.45	0.00909891400059	0	6814	0	188	pampa	0	6814	1	pampa	true	"{""assay_family"":""pampa"",""binary_evidence_lane"":""not_binary"",""condition"":{""assay"":""not_reported"",""assay_family"":""pampa"",""dose"":""not_reported"",""matrix"":""other_pampa"",""metric_detail"":""pampa"",""route"":""not_reported"",""species"":""species_not_reported"",""timepoint"":""not_reported""},""endpoint_family"":""permeability"",""normalized_unit"":""source_log10_permeability"",""parameter_basis"":""pampa"",""parameter_semantics"":""apparent_permeability"",""target_kind"":""regression"",""target_transform"":""log10""}"	0	0	log10	6814	1
mlv1.permeability.regression.apparent_permeability.f80512c0944f2575	permeability	apparent_permeability	source_log10_permeability	true	30-99	63	55	-7.698970004	-7.61429656246	-6.5085217659	-6.145	-5.402304814	-5.007396731	-4.49	-4.4	-4.4	-5.56707606398	0.763203787529	1.137603269	0.542304814	0.047619047619	0	63	0	0	mdck	0	63	1	mdck	true	"{""assay_family"":""mdck"",""binary_evidence_lane"":""not_binary"",""condition"":{""assay"":""not_reported"",""assay_family"":""mdck"",""dose"":""not_reported"",""matrix"":""other_mdck"",""metric_detail"":""mdck"",""route"":""not_reported"",""species"":""species_not_reported"",""timepoint"":""not_reported""},""endpoint_family"":""permeability"",""normalized_unit"":""source_log10_permeability"",""parameter_basis"":""mdck"",""parameter_semantics"":""apparent_permeability"",""target_kind"":""regression"",""target_transform"":""log10""}"	0	0	log10	63	1
mlv1.permeability.regression.efflux_ratio.526cdaa652237f71	permeability	efflux_ratio	log10(ratio)	true	30-99	94	84	-0.619788758288	-0.529662446191	-0.295439884019	0.131630371935	0.583953905001	0.965347903455	2.46406987431	2.52280281585	2.57978359662	0.715263053377	0.809319331107	0.833717531521	0.40547188189	0.063829787234	4	14	76	11	caco2	0	0	1	caco_2_er	true	"{""assay_family"":""caco2"",""binary_evidence_lane"":""not_binary"",""condition"":{""assay"":""caco_2"",""assay_family"":""caco2"",""dose"":""not_reported"",""matrix"":""cellular_matrix"",""metric_detail"":""caco_2_er"",""route"":""not_reported"",""species"":""species_not_reported"",""timepoint"":""not_reported""},""endpoint_family"":""permeability"",""normalized_unit"":""log10(ratio)"",""parameter_basis"":""caco_2_er"",""parameter_semantics"":""efflux_ratio"",""target_kind"":""regression"",""target_transform"":""log10""}"	0	94	log10	94	1
mlv1.permeability.regression.efflux_ratio.bc5dc9be378d1245	permeability	efflux_ratio	log10(ratio)	false	2-4	2	2	0.9731278536	0.975157487655	0.983276023873	1.02386870496	1.07460955633	1.12535040769	1.16594308879	1.17406162501	1.17609125906	1.07460955633	0.143516800333	0.10148170273	0.10148170273	0.5	0	0	2	0	mdck	0	0	1	mdck_er	false	"{""assay_family"":""mdck"",""binary_evidence_lane"":""not_binary"",""condition"":{""assay"":""mdck"",""assay_family"":""mdck"",""dose"":""not_reported"",""matrix"":""cellular_matrix"",""metric_detail"":""mdck_er"",""route"":""not_reported"",""species"":""species_not_reported"",""timepoint"":""not_reported""},""endpoint_family"":""permeability"",""normalized_unit"":""log10(ratio)"",""parameter_basis"":""mdck_er"",""parameter_semantics"":""efflux_ratio"",""target_kind"":""regression"",""target_transform"":""log10""}"	0	2	log10	2	1
mlv1.permeability.regression.efflux_ratio.c5fda8ad3cf0884c	permeability	efflux_ratio	log10(ratio)	false	10-29	26	25	-0.585026652029	-0.518459679678	-0.303978399595	-0.103807793263	0.22139661297	0.752211640978	1.06819477202	1.12623616445	1.1303337685	0.276326220384	0.499527329083	0.856019434241	0.443486771439	0.0769230769231	0	10	16	0	caco2	0	0	1	caco_2_er_with_inhibitor	false	"{""assay_family"":""caco2"",""binary_evidence_lane"":""not_binary"",""condition"":{""assay"":""caco_2"",""assay_family"":""caco2"",""dose"":""not_reported"",""matrix"":""cellular_matrix"",""metric_detail"":""caco_2_er_with_inhibitor"",""route"":""not_reported"",""species"":""species_not_reported"",""timepoint"":""not_reported""},""endpoint_family"":""permeability"",""normalized_unit"":""log10(ratio)"",""parameter_basis"":""caco_2_er_with_inhibitor"",""parameter_semantics"":""efflux_ratio"",""target_kind"":""regression"",""target_transform"":""log10""}"	0	26	log10	26	1
mlv1.permeability.regression.efflux_ratio.da933ea94e5fd79f	permeability	efflux_ratio	log10(ratio)	false	5-9	7	7	0.146128035678	0.147925829081	0.155117002691	0.428666248216	0.799340549454	1.08489597694	1.38229015779	1.42918529721	1.44090908207	0.773357445358	0.491704059184	0.65622972872	0.446172118356	0.142857142857	0	0	7	0	caco2	0	0	1	caco2_efflux_ratio	false	"{""assay_family"":""caco2"",""binary_evidence_lane"":""not_binary"",""condition"":{""assay"":""caco_2_bidirectional_permeability"",""assay_family"":""caco2"",""dose"":""not_reported"",""matrix"":""cellular_matrix"",""metric_detail"":""caco2_efflux_ratio"",""route"":""not_reported"",""species"":""human"",""timepoint"":""not_reported""},""endpoint_family"":""permeability"",""normalized_unit"":""log10(ratio)"",""parameter_basis"":""caco2_efflux_ratio"",""parameter_semantics"":""efflux_ratio"",""target_kind"":""regression"",""target_transform"":""log10""}"	0	7	log10	7	1
mlv1.permeability.regression.efflux_ratio.ddd098215c693bdf	permeability	efflux_ratio	log10(ratio)	false	10-29	21	7	0	0	0	0	0.301029995664	0.602059991328	1.04139268516	1.19263767414	1.23044892138	0.325149719396	0.382990477993	0.602059991328	0.301029995664	0.47619047619	10	0	11	0	others_er	0	0	1	others_er	false	"{""assay_family"":""others_er"",""binary_evidence_lane"":""not_binary"",""condition"":{""assay"":""others"",""assay_family"":""others_er"",""dose"":""not_reported"",""matrix"":""other_source_defined_permeability_d0f53c64"",""metric_detail"":""others_er"",""route"":""not_reported"",""species"":""species_not_reported"",""timepoint"":""not_reported""},""endpoint_family"":""permeability"",""normalized_unit"":""log10(ratio)"",""parameter_basis"":""others_er"",""parameter_semantics"":""efflux_ratio"",""target_kind"":""regression"",""target_transform"":""log10""}"	0	21	log10	21	1
mlv1.permeability.regression.membrane_retention.fb7e525ae9b37b5a	permeability	membrane_retention	fraction_retained	false	10-29	12	11	0	0	0	0.0575	0.095	0.175	0.583	0.6446	0.66	0.171666666667	0.20796998618	0.1175	0.07	0.166666666667	2	0	10	2	pampa	0	0	1	pampa_membrane_retention	false	"{""assay_family"":""pampa"",""binary_evidence_lane"":""not_binary"",""condition"":{""assay"":""pampa"",""assay_family"":""pampa"",""dose"":""not_reported"",""matrix"":""other_artificial_membrane_pampa_m_5e692065"",""metric_detail"":""pampa_membrane_retention"",""route"":""not_reported"",""species"":""species_not_reported"",""timepoint"":""not_reported""},""endpoint_family"":""permeability"",""normalized_unit"":""fraction_retained"",""parameter_basis"":""pampa_membrane_retention"",""parameter_semantics"":""membrane_retention"",""target_kind"":""regression"",""target_transform"":""identity""}"	0	12	identity	12	1
mlv1.ppb.regression.fraction_bound.02e23129021057f3	PPB	fraction_bound	fraction_bound	false	1	1	1	0.892	0.892	0.892	0.892	0.892	0.892	0.892	0.892	0.892	0.892	0	0	0	1	0	0	1	0	ppb	0	0	1	plasma_or_serum_protein_binding	false	"{""assay_family"":""ppb"",""binary_evidence_lane"":""not_binary"",""condition"":{""assay"":""3_h_equilibrium_dialysis_at_37_c_lc_ms_ms"",""dose"":""6_mg_kg_post_hemodialysis"",""matrix"":""serum"",""route"":""iv"",""species"":""human"",""timepoint"":""1_5_24_and_44_h_after_infusion_aggregate""},""endpoint_family"":""PPB"",""normalized_unit"":""fraction_bound"",""parameter_basis"":""plasma_or_serum_protein_binding"",""parameter_semantics"":""fraction_bound"",""target_kind"":""regression"",""target_transform"":""identity""}"	0	1	identity	1	1
mlv1.ppb.regression.fraction_bound.22f37e2545896efd	PPB	fraction_bound	fraction_bound	false	1	1	1	0.986	0.986	0.986	0.986	0.986	0.986	0.986	0.986	0.986	0.986	0	0	0	1	0	0	1	0	ppb	0	0	1	plasma_or_serum_protein_binding	false	"{""assay_family"":""ppb"",""binary_evidence_lane"":""not_binary"",""condition"":{""assay"":""reiterated_stepwise_equilibrium_dialysi_c5142da5"",""dose"":""in_vitro_assay_concentration_1e6_pm"",""matrix"":""plasma"",""route"":""not_reported"",""species"":""human"",""timepoint"":""4_5_h_incubation_at_37_c""},""endpoint_family"":""PPB"",""normalized_unit"":""fraction_bound"",""parameter_basis"":""plasma_or_serum_protein_binding"",""parameter_semantics"":""fraction_bound"",""target_kind"":""regression"",""target_transform"":""identity""}"	0	1	identity	1	1
mlv1.ppb.regression.fraction_bound.2b866fe5c1ea392a	PPB	fraction_bound	fraction_bound	false	1	1	1	0.88	0.88	0.88	0.88	0.88	0.88	0.88	0.88	0.88	0.88	0	0	0	1	0	0	1	0	ppb	0	0	1	plasma_or_serum_protein_binding	false	"{""assay_family"":""ppb"",""binary_evidence_lane"":""not_binary"",""condition"":{""assay"":""peptherdia_curated_approved_drug_pk_field"",""dose"":""not_reported"",""matrix"":""plasma"",""route"":""sc_im"",""species"":""human"",""timepoint"":""not_reported""},""endpoint_family"":""PPB"",""normalized_unit"":""fraction_bound"",""parameter_basis"":""plasma_or_serum_protein_binding"",""parameter_semantics"":""fraction_bound"",""target_kind"":""regression"",""target_transform"":""identity""}"	0	1	identity	1	1
mlv1.ppb.regression.fraction_bound.2cc64e0661a18b05	PPB	fraction_bound	fraction_bound	false	1	1	1	0.01	0.01	0.01	0.01	0.01	0.01	0.01	0.01	0.01	0.01	0	0	0	1	0	0	1	0	ppb	0	0	1	plasma_or_serum_protein_binding	false	"{""assay_family"":""ppb"",""binary_evidence_lane"":""not_binary"",""condition"":{""assay"":""peptherdia_curated_approved_drug_pk_field"",""dose"":""not_reported"",""matrix"":""plasma"",""route"":""im_iv_sc_ip_ia_ic"",""species"":""human"",""timepoint"":""not_reported""},""endpoint_family"":""PPB"",""normalized_unit"":""fraction_bound"",""parameter_basis"":""plasma_or_serum_protein_binding"",""parameter_semantics"":""fraction_bound"",""target_kind"":""regression"",""target_transform"":""identity""}"	0	1	identity	1	1
mlv1.ppb.regression.fraction_bound.30bd98fd6b3a3589	PPB	fraction_bound	fraction_bound	false	1	1	1	0.15	0.15	0.15	0.15	0.15	0.15	0.15	0.15	0.15	0.15	0	0	0	1	0	0	1	0	ppb	0	0	1	plasma_or_serum_protein_binding	false	"{""assay_family"":""ppb"",""binary_evidence_lane"":""not_binary"",""condition"":{""assay"":""peptherdia_curated_approved_drug_pk_field"",""dose"":""not_reported"",""matrix"":""plasma"",""route"":""nasal_sc"",""species"":""human"",""timepoint"":""not_reported""},""endpoint_family"":""PPB"",""normalized_unit"":""fraction_bound"",""parameter_basis"":""plasma_or_serum_protein_binding"",""parameter_semantics"":""fraction_bound"",""target_kind"":""regression"",""target_transform"":""identity""}"	0	1	identity	1	1
mlv1.ppb.regression.fraction_bound.321cd9c71fae708b	PPB	fraction_bound	fraction_bound	false	1	1	1	0.987	0.987	0.987	0.987	0.987	0.987	0.987	0.987	0.987	0.987	0	0	0	1	0	0	1	0	ppb	0	0	1	plasma_or_serum_protein_binding	false	"{""assay_family"":""ppb"",""binary_evidence_lane"":""not_binary"",""condition"":{""assay"":""reiterated_stepwise_equilibrium_dialysi_ac081f7e"",""dose"":""in_vitro_assay_concentration_1e4_pm"",""matrix"":""plasma"",""route"":""not_reported"",""species"":""human"",""timepoint"":""4_5_h_incubation_at_37_c""},""endpoint_family"":""PPB"",""normalized_unit"":""fraction_bound"",""parameter_basis"":""plasma_or_serum_protein_binding"",""parameter_semantics"":""fraction_bound"",""target_kind"":""regression"",""target_transform"":""identity""}"	0	1	identity	1	1
mlv1.ppb.regression.fraction_bound.34e1652f922332d4	PPB	fraction_bound	fraction_bound	false	1	1	1	0.979	0.979	0.979	0.979	0.979	0.979	0.979	0.979	0.979	0.979	0	0	0	1	0	0	1	0	ppb	0	0	1	plasma_or_serum_protein_binding	false	"{""assay_family"":""ppb"",""binary_evidence_lane"":""not_binary"",""condition"":{""assay"":""reiterated_stepwise_equilibrium_dialysi_1754d379"",""dose"":""in_vitro_assay_concentration_1e2_pm"",""matrix"":""plasma"",""route"":""not_reported"",""species"":""human"",""timepoint"":""4_5_h_incubation_at_37_c""},""endpoint_family"":""PPB"",""normalized_unit"":""fraction_bound"",""parameter_basis"":""plasma_or_serum_protein_binding"",""parameter_semantics"":""fraction_bound"",""target_kind"":""regression"",""target_transform"":""identity""}"	0	1	identity	1	1
mlv1.ppb.regression.fraction_bound.35614f34a1a7a2d4	PPB	fraction_bound	fraction_bound	false	1	1	1	0.976	0.976	0.976	0.976	0.976	0.976	0.976	0.976	0.976	0.976	0	0	0	1	0	0	1	0	ppb	0	0	1	plasma_or_serum_protein_binding	false	"{""assay_family"":""ppb"",""binary_evidence_lane"":""not_binary"",""condition"":{""assay"":""reiterated_stepwise_equilibrium_dialysi_4e4261cd"",""dose"":""in_vitro_assay_concentration_1e6_pm"",""matrix"":""plasma"",""route"":""not_reported"",""species"":""human"",""timepoint"":""4_5_h_incubation_at_37_c""},""endpoint_family"":""PPB"",""normalized_unit"":""fraction_bound"",""parameter_basis"":""plasma_or_serum_protein_binding"",""parameter_semantics"":""fraction_bound"",""target_kind"":""regression"",""target_transform"":""identity""}"	0	1	identity	1	1
mlv1.ppb.regression.fraction_bound.3766fa2d0af61f93	PPB	fraction_bound	fraction_bound	false	1	1	1	0.932	0.932	0.932	0.932	0.932	0.932	0.932	0.932	0.932	0.932	0	0	0	1	0	0	1	0	ppb	0	0	1	plasma_or_serum_protein_binding	false	"{""assay_family"":""ppb"",""binary_evidence_lane"":""not_binary"",""condition"":{""assay"":""30_kda_ultrafiltration_hplc"",""dose"":""6_mg_kg_iv_every_24_h"",""matrix"":""serum"",""route"":""iv"",""species"":""human"",""timepoint"":""8_h_after_end_of_infusion""},""endpoint_family"":""PPB"",""normalized_unit"":""fraction_bound"",""parameter_basis"":""plasma_or_serum_protein_binding"",""parameter_semantics"":""fraction_bound"",""target_kind"":""regression"",""target_transform"":""identity""}"	0	1	identity	1	1
mlv1.ppb.regression.fraction_bound.37f3305cd86e903a	PPB	fraction_bound	fraction_bound	false	1	1	1	0.983	0.983	0.983	0.983	0.983	0.983	0.983	0.983	0.983	0.983	0	0	0	1	0	0	1	0	ppb	0	0	1	plasma_or_serum_protein_binding	false	"{""assay_family"":""ppb"",""binary_evidence_lane"":""not_binary"",""condition"":{""assay"":""reiterated_stepwise_equilibrium_dialysi_ac081f7e"",""dose"":""in_vitro_assay_concentration_1e6_pm"",""matrix"":""plasma"",""route"":""not_reported"",""species"":""human"",""timepoint"":""4_5_h_incubation_at_37_c""},""endpoint_family"":""PPB"",""normalized_unit"":""fraction_bound"",""parameter_basis"":""plasma_or_serum_protein_binding"",""parameter_semantics"":""fraction_bound"",""target_kind"":""regression"",""target_transform"":""identity""}"	0	1	identity	1	1
mlv1.ppb.regression.fraction_bound.482a39e8f7ed774a	PPB	fraction_bound	fraction_bound	false	5-9	6	5	0.86	0.86	0.86	0.8625	0.88	0.8975	0.93	0.938	0.94	0.886666666667	0.0307679486912	0.035	0.02	0.333333333333	0	0	6	0	ppb	0	6	1	plasma_or_serum_protein_binding	false	"{""assay_family"":""ppb"",""binary_evidence_lane"":""not_binary"",""condition"":{""assay"":""30_kda_ultrafiltration_mass_balance_pla_b1c0cb5b"",""dose"":""not_reported"",""matrix"":""plasma"",""route"":""not_reported"",""species"":""species_not_reported"",""timepoint"":""30_min_incubation_at_37_c""},""endpoint_family"":""PPB"",""normalized_unit"":""fraction_bound"",""parameter_basis"":""plasma_or_serum_protein_binding"",""parameter_semantics"":""fraction_bound"",""target_kind"":""regression"",""target_transform"":""identity""}"	0	0	identity	6	1
mlv1.ppb.regression.fraction_bound.51085993acf7d259	PPB	fraction_bound	fraction_bound	false	1	1	1	0.992	0.992	0.992	0.992	0.992	0.992	0.992	0.992	0.992	0.992	0	0	0	1	0	0	1	0	ppb	0	0	1	plasma_or_serum_protein_binding	false	"{""assay_family"":""ppb"",""binary_evidence_lane"":""not_binary"",""condition"":{""assay"":""reiterated_stepwise_equilibrium_dialysi_3a3db96d"",""dose"":""in_vitro_assay_concentration_1e2_pm"",""matrix"":""plasma"",""route"":""not_reported"",""species"":""human"",""timepoint"":""4_5_h_incubation_at_37_c""},""endpoint_family"":""PPB"",""normalized_unit"":""fraction_bound"",""parameter_basis"":""plasma_or_serum_protein_binding"",""parameter_semantics"":""fraction_bound"",""target_kind"":""regression"",""target_transform"":""identity""}"	0	1	identity	1	1
mlv1.ppb.regression.fraction_bound.5322ae609071b6d7	PPB	fraction_bound	fraction_bound	false	1	1	1	0.65	0.65	0.65	0.65	0.65	0.65	0.65	0.65	0.65	0.65	0	0	0	1	0	0	1	0	ppb	0	0	1	plasma_or_serum_protein_binding	false	"{""assay_family"":""ppb"",""binary_evidence_lane"":""not_binary"",""condition"":{""assay"":""peptherdia_curated_approved_drug_pk_field"",""dose"":""not_reported"",""matrix"":""plasma"",""route"":""sc_iv_im"",""species"":""human"",""timepoint"":""not_reported""},""endpoint_family"":""PPB"",""normalized_unit"":""fraction_bound"",""parameter_basis"":""plasma_or_serum_protein_binding"",""parameter_semantics"":""fraction_bound"",""target_kind"":""regression"",""target_transform"":""identity""}"	0	1	identity	1	1
mlv1.ppb.regression.fraction_bound.5549d0fd838223f9	PPB	fraction_bound	fraction_bound	false	1	1	1	0.984	0.984	0.984	0.984	0.984	0.984	0.984	0.984	0.984	0.984	0	0	0	1	0	0	1	0	ppb	0	0	1	plasma_or_serum_protein_binding	false	"{""assay_family"":""ppb"",""binary_evidence_lane"":""not_binary"",""condition"":{""assay"":""reiterated_stepwise_equilibrium_dialysi_3a3db96d"",""dose"":""in_vitro_assay_concentration_1e6_pm"",""matrix"":""plasma"",""route"":""not_reported"",""species"":""human"",""timepoint"":""4_5_h_incubation_at_37_c""},""endpoint_family"":""PPB"",""normalized_unit"":""fraction_bound"",""parameter_basis"":""plasma_or_serum_protein_binding"",""parameter_semantics"":""fraction_bound"",""target_kind"":""regression"",""target_transform"":""identity""}"	0	1	identity	1	1
mlv1.ppb.regression.fraction_bound.5b657b4b214eeae5	PPB	fraction_bound	fraction_bound	false	1	1	1	0.5	0.5	0.5	0.5	0.5	0.5	0.5	0.5	0.5	0.5	0	0	0	1	0	0	1	0	ppb	0	0	1	plasma_or_serum_protein_binding	false	"{""assay_family"":""ppb"",""binary_evidence_lane"":""not_binary"",""condition"":{""assay"":""peptherdia_curated_approved_drug_pk_field"",""dose"":""not_reported"",""matrix"":""plasma"",""route"":""iv_oral"",""species"":""human"",""timepoint"":""not_reported""},""endpoint_family"":""PPB"",""normalized_unit"":""fraction_bound"",""parameter_basis"":""plasma_or_serum_protein_binding"",""parameter_semantics"":""fraction_bound"",""target_kind"":""regression"",""target_transform"":""identity""}"	0	1	identity	1	1
mlv1.ppb.regression.fraction_bound.64dfb6f7cb987a7c	PPB	fraction_bound	fraction_bound	false	1	1	1	0.991	0.991	0.991	0.991	0.991	0.991	0.991	0.991	0.991	0.991	0	0	0	1	0	0	1	0	ppb	0	0	1	plasma_or_serum_protein_binding	false	"{""assay_family"":""ppb"",""binary_evidence_lane"":""not_binary"",""condition"":{""assay"":""reiterated_stepwise_equilibrium_dialysi_4e4261cd"",""dose"":""in_vitro_assay_concentration_1e2_pm"",""matrix"":""plasma"",""route"":""not_reported"",""species"":""human"",""timepoint"":""4_5_h_incubation_at_37_c""},""endpoint_family"":""PPB"",""normalized_unit"":""fraction_bound"",""parameter_basis"":""plasma_or_serum_protein_binding"",""parameter_semantics"":""fraction_bound"",""target_kind"":""regression"",""target_transform"":""identity""}"	0	1	identity	1	1
mlv1.ppb.regression.fraction_bound.6a03c189526674d6	PPB	fraction_bound	fraction_bound	false	1	1	1	0.993	0.993	0.993	0.993	0.993	0.993	0.993	0.993	0.993	0.993	0	0	0	1	0	0	1	0	ppb	0	0	1	plasma_or_serum_protein_binding	false	"{""assay_family"":""ppb"",""binary_evidence_lane"":""not_binary"",""condition"":{""assay"":""reiterated_stepwise_equilibrium_dialysi_b86b102c"",""dose"":""in_vitro_assay_concentration_1e2_pm"",""matrix"":""plasma"",""route"":""not_reported"",""species"":""human"",""timepoint"":""4_5_h_incubation_at_37_c""},""endpoint_family"":""PPB"",""normalized_unit"":""fraction_bound"",""parameter_basis"":""plasma_or_serum_protein_binding"",""parameter_semantics"":""fraction_bound"",""target_kind"":""regression"",""target_transform"":""identity""}"	0	1	identity	1	1
mlv1.ppb.regression.fraction_bound.6f23666192e73269	PPB	fraction_bound	fraction_bound	false	1	1	1	0.992	0.992	0.992	0.992	0.992	0.992	0.992	0.992	0.992	0.992	0	0	0	1	0	0	1	0	ppb	0	0	1	plasma_or_serum_protein_binding	false	"{""assay_family"":""ppb"",""binary_evidence_lane"":""not_binary"",""condition"":{""assay"":""reiterated_stepwise_equilibrium_dialysi_c5142da5"",""dose"":""in_vitro_assay_concentration_1e2_pm"",""matrix"":""plasma"",""route"":""not_reported"",""species"":""human"",""timepoint"":""4_5_h_incubation_at_37_c""},""endpoint_family"":""PPB"",""normalized_unit"":""fraction_bound"",""parameter_basis"":""plasma_or_serum_protein_binding"",""parameter_semantics"":""fraction_bound"",""target_kind"":""regression"",""target_transform"":""identity""}"	0	1	identity	1	1
mlv1.ppb.regression.fraction_bound.72190d9babf76277	PPB	fraction_bound	fraction_bound	false	1	1	1	0.94	0.94	0.94	0.94	0.94	0.94	0.94	0.94	0.94	0.94	0	0	0	1	0	0	1	0	ppb	0	0	1	plasma_or_serum_protein_binding	false	"{""assay_family"":""ppb"",""binary_evidence_lane"":""not_binary"",""condition"":{""assay"":""ultrafiltration_of_spiked_human_serum"",""dose"":""2_5_80_microgram_ml_assay_concentration"",""matrix"":""serum"",""route"":""not_reported"",""species"":""human"",""timepoint"":""not_reported""},""endpoint_family"":""PPB"",""normalized_unit"":""fraction_bound"",""parameter_basis"":""plasma_or_serum_protein_binding"",""parameter_semantics"":""fraction_bound"",""target_kind"":""regression"",""target_transform"":""identity""}"	0	1	identity	1	1
mlv1.ppb.regression.fraction_bound.75474699aa738d58	PPB	fraction_bound	fraction_bound	false	1	1	1	0.3	0.3	0.3	0.3	0.3	0.3	0.3	0.3	0.3	0.3	0	0	0	1	0	0	1	0	ppb	0	0	1	plasma_or_serum_protein_binding	false	"{""assay_family"":""ppb"",""binary_evidence_lane"":""not_binary"",""condition"":{""assay"":""peptherdia_curated_approved_drug_pk_field"",""dose"":""not_reported"",""matrix"":""plasma"",""route"":""iv_im"",""species"":""human"",""timepoint"":""not_reported""},""endpoint_family"":""PPB"",""normalized_unit"":""fraction_bound"",""parameter_basis"":""plasma_or_serum_protein_binding"",""parameter_semantics"":""fraction_bound"",""target_kind"":""regression"",""target_transform"":""identity""}"	0	1	identity	1	1
mlv1.ppb.regression.fraction_bound.7f17cbc742c79dcf	PPB	fraction_bound	fraction_bound	false	1	1	1	0.01	0.01	0.01	0.01	0.01	0.01	0.01	0.01	0.01	0.01	0	0	0	1	0	0	1	0	ppb	0	0	1	plasma_or_serum_protein_binding	false	"{""assay_family"":""ppb"",""binary_evidence_lane"":""not_binary"",""condition"":{""assay"":""peptherdia_curated_approved_drug_pk_field"",""dose"":""not_reported"",""matrix"":""plasma"",""route"":""im_sc_iv_nasal"",""species"":""human"",""timepoint"":""not_reported""},""endpoint_family"":""PPB"",""normalized_unit"":""fraction_bound"",""parameter_basis"":""plasma_or_serum_protein_binding"",""parameter_semantics"":""fraction_bound"",""target_kind"":""regression"",""target_transform"":""identity""}"	0	1	identity	1	1
mlv1.ppb.regression.fraction_bound.82e6fe5522c2eafb	PPB	fraction_bound	fraction_bound	false	2-4	2	2	0.75	0.7524	0.762	0.81	0.87	0.93	0.978	0.9876	0.99	0.87	0.169705627485	0.12	0.12	0.5	0	0	2	0	ppb	0	0	1	plasma_or_serum_protein_binding	false	"{""assay_family"":""ppb"",""binary_evidence_lane"":""not_binary"",""condition"":{""assay"":""peptherdia_curated_approved_drug_pk_field"",""dose"":""not_reported"",""matrix"":""plasma"",""route"":""sc_oral"",""species"":""human"",""timepoint"":""not_reported""},""endpoint_family"":""PPB"",""normalized_unit"":""fraction_bound"",""parameter_basis"":""plasma_or_serum_protein_binding"",""parameter_semantics"":""fraction_bound"",""target_kind"":""regression"",""target_transform"":""identity""}"	0	2	identity	2	1
mlv1.ppb.regression.fraction_bound.8355e556c58889c5	PPB	fraction_bound	fraction_bound	false	10-29	12	11	0.05	0.072	0.16	0.3975	0.845	0.94	0.979	0.9878	0.99	0.6675	0.334640241019	0.5425	0.135	0.166666666667	0	0	12	0	ppb	0	0	1	plasma_or_serum_protein_binding	false	"{""assay_family"":""ppb"",""binary_evidence_lane"":""not_binary"",""condition"":{""assay"":""peptherdia_curated_approved_drug_pk_field"",""dose"":""not_reported"",""matrix"":""plasma"",""route"":""iv"",""species"":""human"",""timepoint"":""not_reported""},""endpoint_family"":""PPB"",""normalized_unit"":""fraction_bound"",""parameter_basis"":""plasma_or_serum_protein_binding"",""parameter_semantics"":""fraction_bound"",""target_kind"":""regression"",""target_transform"":""identity""}"	0	12	identity	12	1
mlv1.ppb.regression.fraction_bound.8ea410296bfbd7a1	PPB	fraction_bound	fraction_bound	false	1	1	1	0.994	0.994	0.994	0.994	0.994	0.994	0.994	0.994	0.994	0.994	0	0	0	1	0	0	1	0	ppb	0	0	1	plasma_or_serum_protein_binding	false	"{""assay_family"":""ppb"",""binary_evidence_lane"":""not_binary"",""condition"":{""assay"":""reiterated_stepwise_equilibrium_dialysi_3a3db96d"",""dose"":""in_vitro_assay_concentration_1e4_pm"",""matrix"":""plasma"",""route"":""not_reported"",""species"":""human"",""timepoint"":""4_5_h_incubation_at_37_c""},""endpoint_family"":""PPB"",""normalized_unit"":""fraction_bound"",""parameter_basis"":""plasma_or_serum_protein_binding"",""parameter_semantics"":""fraction_bound"",""target_kind"":""regression"",""target_transform"":""identity""}"	0	1	identity	1	1
mlv1.ppb.regression.fraction_bound.94f9f387c68bfeb1	PPB	fraction_bound	fraction_bound	false	10-29	10	10	0.21	0.21567	0.23835	0.5875	0.805	0.89	0.9585	0.9837	0.99	0.7013	0.271917900191	0.3025	0.11	0.1	0	0	10	0	ppb	0	0	1	plasma_or_serum_protein_binding	false	"{""assay_family"":""ppb"",""binary_evidence_lane"":""not_binary"",""condition"":{""assay"":""peptherdia_curated_approved_drug_pk_field"",""dose"":""not_reported"",""matrix"":""plasma"",""route"":""sc"",""species"":""human"",""timepoint"":""not_reported""},""endpoint_family"":""PPB"",""normalized_unit"":""fraction_bound"",""parameter_basis"":""plasma_or_serum_protein_binding"",""parameter_semantics"":""fraction_bound"",""target_kind"":""regression"",""target_transform"":""identity""}"	0	10	identity	10	1
mlv1.ppb.regression.fraction_bound.9b38b101a0eb10a2	PPB	fraction_bound	fraction_bound	false	1	1	1	0.988	0.988	0.988	0.988	0.988	0.988	0.988	0.988	0.988	0.988	0	0	0	1	0	0	1	0	ppb	0	0	1	plasma_or_serum_protein_binding	false	"{""assay_family"":""ppb"",""binary_evidence_lane"":""not_binary"",""condition"":{""assay"":""reiterated_stepwise_equilibrium_dialysi_ac081f7e"",""dose"":""in_vitro_assay_concentration_1e2_pm"",""matrix"":""plasma"",""route"":""not_reported"",""species"":""human"",""timepoint"":""4_5_h_incubation_at_37_c""},""endpoint_family"":""PPB"",""normalized_unit"":""fraction_bound"",""parameter_basis"":""plasma_or_serum_protein_binding"",""parameter_semantics"":""fraction_bound"",""target_kind"":""regression"",""target_transform"":""identity""}"	0	1	identity	1	1
mlv1.ppb.regression.fraction_bound.a3e37ba782ea9d7d	PPB	fraction_bound	fraction_bound	false	1	1	1	0.917	0.917	0.917	0.917	0.917	0.917	0.917	0.917	0.917	0.917	0	0	0	1	0	0	1	0	ppb	0	0	1	plasma_or_serum_protein_binding	false	"{""assay_family"":""ppb"",""binary_evidence_lane"":""not_binary"",""condition"":{""assay"":""equilibrium_dialysis_lc_ms"",""dose"":""4_6_or_8_mg_kg_once_daily"",""matrix"":""serum"",""route"":""iv"",""species"":""human"",""timepoint"":""0_5_2_5_and_8_5_h_from_infusion_start_aggregate""},""endpoint_family"":""PPB"",""normalized_unit"":""fraction_bound"",""parameter_basis"":""plasma_or_serum_protein_binding"",""parameter_semantics"":""fraction_bound"",""target_kind"":""regression"",""target_transform"":""identity""}"	0	1	identity	1	1
mlv1.ppb.regression.fraction_bound.a55ffc477f9370b7	PPB	fraction_bound	fraction_bound	false	1	1	1	0.986	0.986	0.986	0.986	0.986	0.986	0.986	0.986	0.986	0.986	0	0	0	1	0	0	1	0	ppb	0	0	1	plasma_or_serum_protein_binding	false	"{""assay_family"":""ppb"",""binary_evidence_lane"":""not_binary"",""condition"":{""assay"":""reiterated_stepwise_equilibrium_dialysi_ae39b981"",""dose"":""in_vitro_assay_concentration_1e6_pm"",""matrix"":""plasma"",""route"":""not_reported"",""species"":""human"",""timepoint"":""4_5_h_incubation_at_37_c""},""endpoint_family"":""PPB"",""normalized_unit"":""fraction_bound"",""parameter_basis"":""plasma_or_serum_protein_binding"",""parameter_semantics"":""fraction_bound"",""target_kind"":""regression"",""target_transform"":""identity""}"	0	1	identity	1	1
mlv1.ppb.regression.fraction_bound.a607a5ae92dc2cb0	PPB	fraction_bound	fraction_bound	false	5-9	6	5	0.62	0.627	0.655	0.7725	0.81	0.8175	0.8875	0.9055	0.91	0.788333333333	0.0957949198375	0.045	0.03	0.333333333333	0	0	6	2	ppb	0	6	1	plasma_or_serum_protein_binding	false	"{""assay_family"":""ppb"",""binary_evidence_lane"":""not_binary"",""condition"":{""assay"":""30_kda_ultrafiltration_mass_balance_pla_b1c0cb5b"",""dose"":""not_reported"",""matrix"":""plasma"",""route"":""not_reported"",""species"":""human"",""timepoint"":""30_min_incubation_at_37_c""},""endpoint_family"":""PPB"",""normalized_unit"":""fraction_bound"",""parameter_basis"":""plasma_or_serum_protein_binding"",""parameter_semantics"":""fraction_bound"",""target_kind"":""regression"",""target_transform"":""identity""}"	0	0	identity	6	1
mlv1.ppb.regression.fraction_bound.adb8582b48bd5ab6	PPB	fraction_bound	fraction_bound	false	10-29	16	13	0	0	0	0.0003	0.152	0.3535	0.81375	0.84675	0.855	0.2422125	0.288414613303	0.3532	0.152	0.25	4	0	12	0	ppb	0	16	1	plasma_or_serum_protein_binding	false	"{""assay_family"":""ppb"",""binary_evidence_lane"":""not_binary"",""condition"":{""assay"":""equilibrium_dialysis"",""dose"":""not_reported"",""matrix"":""plasma"",""route"":""not_reported"",""species"":""species_not_reported"",""timepoint"":""not_reported""},""endpoint_family"":""PPB"",""normalized_unit"":""fraction_bound"",""parameter_basis"":""plasma_or_serum_protein_binding"",""parameter_semantics"":""fraction_bound"",""target_kind"":""regression"",""target_transform"":""identity""}"	0	0	identity	16	1
mlv1.ppb.regression.fraction_bound.b06ae48932ab2d73	PPB	fraction_bound	fraction_bound	false	1	1	1	0.97	0.97	0.97	0.97	0.97	0.97	0.97	0.97	0.97	0.97	0	0	0	1	0	0	1	0	ppb	0	0	1	plasma_or_serum_protein_binding	false	"{""assay_family"":""ppb"",""binary_evidence_lane"":""not_binary"",""condition"":{""assay"":""reiterated_stepwise_equilibrium_dialysi_1754d379"",""dose"":""in_vitro_assay_concentration_1e4_pm"",""matrix"":""plasma"",""route"":""not_reported"",""species"":""human"",""timepoint"":""4_5_h_incubation_at_37_c""},""endpoint_family"":""PPB"",""normalized_unit"":""fraction_bound"",""parameter_basis"":""plasma_or_serum_protein_binding"",""parameter_semantics"":""fraction_bound"",""target_kind"":""regression"",""target_transform"":""identity""}"	0	1	identity	1	1
mlv1.ppb.regression.fraction_bound.b4ae2e2deea571f5	PPB	fraction_bound	fraction_bound	false	5-9	5	5	0	0.0276	0.138	0.69	0.97	0.988	0.9968	0.99856	0.999	0.7294	0.427499473684	0.298	0.029	0.2	1	0	4	1	ppb	0	0	1	plasma_or_serum_protein_binding	false	"{""assay_family"":""ppb"",""binary_evidence_lane"":""not_binary"",""condition"":{""assay"":""peptherdia_curated_approved_drug_pk_field"",""dose"":""not_reported"",""matrix"":""plasma"",""route"":""oral"",""species"":""human"",""timepoint"":""not_reported""},""endpoint_family"":""PPB"",""normalized_unit"":""fraction_bound"",""parameter_basis"":""plasma_or_serum_protein_binding"",""parameter_semantics"":""fraction_bound"",""target_kind"":""regression"",""target_transform"":""identity""}"	0	5	identity	5	1
mlv1.ppb.regression.fraction_bound.be51288bfb745108	PPB	fraction_bound	fraction_bound	false	1	1	1	0.937	0.937	0.937	0.937	0.937	0.937	0.937	0.937	0.937	0.937	0	0	0	1	0	0	1	0	ppb	0	0	1	plasma_or_serum_protein_binding	false	"{""assay_family"":""ppb"",""binary_evidence_lane"":""not_binary"",""condition"":{""assay"":""30_kda_ultrafiltration_hplc"",""dose"":""6_mg_kg_iv_every_24_h"",""matrix"":""serum"",""route"":""iv"",""species"":""human"",""timepoint"":""2_h_after_end_of_infusion""},""endpoint_family"":""PPB"",""normalized_unit"":""fraction_bound"",""parameter_basis"":""plasma_or_serum_protein_binding"",""parameter_semantics"":""fraction_bound"",""target_kind"":""regression"",""target_transform"":""identity""}"	0	1	identity	1	1
mlv1.ppb.regression.fraction_bound.c0f68a21276fbfce	PPB	fraction_bound	fraction_bound	false	1	1	1	0.942	0.942	0.942	0.942	0.942	0.942	0.942	0.942	0.942	0.942	0	0	0	1	0	0	1	0	ppb	0	0	1	plasma_or_serum_protein_binding	false	"{""assay_family"":""ppb"",""binary_evidence_lane"":""not_binary"",""condition"":{""assay"":""30_kda_ultrafiltration_hplc"",""dose"":""6_mg_kg_iv_every_24_h"",""matrix"":""serum"",""route"":""iv"",""species"":""human"",""timepoint"":""0_5_h_after_end_of_infusion""},""endpoint_family"":""PPB"",""normalized_unit"":""fraction_bound"",""parameter_basis"":""plasma_or_serum_protein_binding"",""parameter_semantics"":""fraction_bound"",""target_kind"":""regression"",""target_transform"":""identity""}"	0	1	identity	1	1
mlv1.ppb.regression.fraction_bound.c1e54c21be2ccdd5	PPB	fraction_bound	fraction_bound	false	1	1	1	0.991	0.991	0.991	0.991	0.991	0.991	0.991	0.991	0.991	0.991	0	0	0	1	0	0	1	0	ppb	0	0	1	plasma_or_serum_protein_binding	false	"{""assay_family"":""ppb"",""binary_evidence_lane"":""not_binary"",""condition"":{""assay"":""reiterated_stepwise_equilibrium_dialysi_45eeac32"",""dose"":""in_vitro_assay_concentration_1e4_pm"",""matrix"":""plasma"",""route"":""not_reported"",""species"":""human"",""timepoint"":""4_5_h_incubation_at_37_c""},""endpoint_family"":""PPB"",""normalized_unit"":""fraction_bound"",""parameter_basis"":""plasma_or_serum_protein_binding"",""parameter_semantics"":""fraction_bound"",""target_kind"":""regression"",""target_transform"":""identity""}"	0	1	identity	1	1
mlv1.ppb.regression.fraction_bound.c5f97b4a59f44823	PPB	fraction_bound	fraction_bound	false	1	1	1	0.5	0.5	0.5	0.5	0.5	0.5	0.5	0.5	0.5	0.5	0	0	0	1	0	0	1	0	ppb	0	0	1	plasma_or_serum_protein_binding	false	"{""assay_family"":""ppb"",""binary_evidence_lane"":""not_binary"",""condition"":{""assay"":""peptherdia_curated_approved_drug_pk_field"",""dose"":""not_reported"",""matrix"":""plasma"",""route"":""it"",""species"":""human"",""timepoint"":""not_reported""},""endpoint_family"":""PPB"",""normalized_unit"":""fraction_bound"",""parameter_basis"":""plasma_or_serum_protein_binding"",""parameter_semantics"":""fraction_bound"",""target_kind"":""regression"",""target_transform"":""identity""}"	0	1	identity	1	1
mlv1.ppb.regression.fraction_bound.c623f922027c3b2c	PPB	fraction_bound	fraction_bound	false	1	1	1	0.99	0.99	0.99	0.99	0.99	0.99	0.99	0.99	0.99	0.99	0	0	0	1	0	0	1	0	ppb	0	0	1	plasma_or_serum_protein_binding	false	"{""assay_family"":""ppb"",""binary_evidence_lane"":""not_binary"",""condition"":{""assay"":""reiterated_stepwise_equilibrium_dialysi_b86b102c"",""dose"":""in_vitro_assay_concentration_1e6_pm"",""matrix"":""plasma"",""route"":""not_reported"",""species"":""human"",""timepoint"":""4_5_h_incubation_at_37_c""},""endpoint_family"":""PPB"",""normalized_unit"":""fraction_bound"",""parameter_basis"":""plasma_or_serum_protein_binding"",""parameter_semantics"":""fraction_bound"",""target_kind"":""regression"",""target_transform"":""identity""}"	0	1	identity	1	1
mlv1.ppb.regression.fraction_bound.c797c9440d5f28ea	PPB	fraction_bound	fraction_bound	false	1	1	1	0.99	0.99	0.99	0.99	0.99	0.99	0.99	0.99	0.99	0.99	0	0	0	1	0	0	1	0	ppb	0	0	1	plasma_or_serum_protein_binding	false	"{""assay_family"":""ppb"",""binary_evidence_lane"":""not_binary"",""condition"":{""assay"":""reiterated_stepwise_equilibrium_dialysi_ae39b981"",""dose"":""in_vitro_assay_concentration_1e2_pm"",""matrix"":""plasma"",""route"":""not_reported"",""species"":""human"",""timepoint"":""4_5_h_incubation_at_37_c""},""endpoint_family"":""PPB"",""normalized_unit"":""fraction_bound"",""parameter_basis"":""plasma_or_serum_protein_binding"",""parameter_semantics"":""fraction_bound"",""target_kind"":""regression"",""target_transform"":""identity""}"	0	1	identity	1	1
mlv1.ppb.regression.fraction_bound.c806fe6de4a9c454	PPB	fraction_bound	fraction_bound	false	1	1	1	0.993	0.993	0.993	0.993	0.993	0.993	0.993	0.993	0.993	0.993	0	0	0	1	0	0	1	0	ppb	0	0	1	plasma_or_serum_protein_binding	false	"{""assay_family"":""ppb"",""binary_evidence_lane"":""not_binary"",""condition"":{""assay"":""reiterated_stepwise_equilibrium_dialysi_45eeac32"",""dose"":""in_vitro_assay_concentration_1e2_pm"",""matrix"":""plasma"",""route"":""not_reported"",""species"":""human"",""timepoint"":""4_5_h_incubation_at_37_c""},""endpoint_family"":""PPB"",""normalized_unit"":""fraction_bound"",""parameter_basis"":""plasma_or_serum_protein_binding"",""parameter_semantics"":""fraction_bound"",""target_kind"":""regression"",""target_transform"":""identity""}"	0	1	identity	1	1
mlv1.ppb.regression.fraction_bound.c82e131afc06f388	PPB	fraction_bound	fraction_bound	false	1	1	1	0.992	0.992	0.992	0.992	0.992	0.992	0.992	0.992	0.992	0.992	0	0	0	1	0	0	1	0	ppb	0	0	1	plasma_or_serum_protein_binding	false	"{""assay_family"":""ppb"",""binary_evidence_lane"":""not_binary"",""condition"":{""assay"":""reiterated_stepwise_equilibrium_dialysi_b86b102c"",""dose"":""in_vitro_assay_concentration_1e4_pm"",""matrix"":""plasma"",""route"":""not_reported"",""species"":""human"",""timepoint"":""4_5_h_incubation_at_37_c""},""endpoint_family"":""PPB"",""normalized_unit"":""fraction_bound"",""parameter_basis"":""plasma_or_serum_protein_binding"",""parameter_semantics"":""fraction_bound"",""target_kind"":""regression"",""target_transform"":""identity""}"	0	1	identity	1	1
mlv1.ppb.regression.fraction_bound.d24739ffd94b8e7e	PPB	fraction_bound	fraction_bound	false	1	1	1	0.99	0.99	0.99	0.99	0.99	0.99	0.99	0.99	0.99	0.99	0	0	0	1	0	0	1	0	ppb	0	0	1	plasma_or_serum_protein_binding	false	"{""assay_family"":""ppb"",""binary_evidence_lane"":""not_binary"",""condition"":{""assay"":""reiterated_stepwise_equilibrium_dialysi_45eeac32"",""dose"":""in_vitro_assay_concentration_1e6_pm"",""matrix"":""plasma"",""route"":""not_reported"",""species"":""human"",""timepoint"":""4_5_h_incubation_at_37_c""},""endpoint_family"":""PPB"",""normalized_unit"":""fraction_bound"",""parameter_basis"":""plasma_or_serum_protein_binding"",""parameter_semantics"":""fraction_bound"",""target_kind"":""regression"",""target_transform"":""identity""}"	0	1	identity	1	1
mlv1.ppb.regression.fraction_bound.d899e2d591f80773	PPB	fraction_bound	fraction_bound	false	1	1	1	0.8	0.8	0.8	0.8	0.8	0.8	0.8	0.8	0.8	0.8	0	0	0	1	0	0	1	0	ppb	0	0	1	plasma_or_serum_protein_binding	false	"{""assay_family"":""ppb"",""binary_evidence_lane"":""not_binary"",""condition"":{""assay"":""peptherdia_curated_approved_drug_pk_field"",""dose"":""not_reported"",""matrix"":""plasma"",""route"":""nasal"",""species"":""human"",""timepoint"":""not_reported""},""endpoint_family"":""PPB"",""normalized_unit"":""fraction_bound"",""parameter_basis"":""plasma_or_serum_protein_binding"",""parameter_semantics"":""fraction_bound"",""target_kind"":""regression"",""target_transform"":""identity""}"	0	1	identity	1	1
mlv1.ppb.regression.fraction_bound.e41555e796684b2f	PPB	fraction_bound	fraction_bound	false	1	1	1	0.973	0.973	0.973	0.973	0.973	0.973	0.973	0.973	0.973	0.973	0	0	0	1	0	0	1	0	ppb	0	0	1	plasma_or_serum_protein_binding	false	"{""assay_family"":""ppb"",""binary_evidence_lane"":""not_binary"",""condition"":{""assay"":""reiterated_stepwise_equilibrium_dialysi_1754d379"",""dose"":""in_vitro_assay_concentration_1e6_pm"",""matrix"":""plasma"",""route"":""not_reported"",""species"":""human"",""timepoint"":""4_5_h_incubation_at_37_c""},""endpoint_family"":""PPB"",""normalized_unit"":""fraction_bound"",""parameter_basis"":""plasma_or_serum_protein_binding"",""parameter_semantics"":""fraction_bound"",""target_kind"":""regression"",""target_transform"":""identity""}"	0	1	identity	1	1
mlv1.ppb.regression.fraction_bound.e9270b58ff31f694	PPB	fraction_bound	fraction_bound	false	1	1	1	0.992	0.992	0.992	0.992	0.992	0.992	0.992	0.992	0.992	0.992	0	0	0	1	0	0	1	0	ppb	0	0	1	plasma_or_serum_protein_binding	false	"{""assay_family"":""ppb"",""binary_evidence_lane"":""not_binary"",""condition"":{""assay"":""reiterated_stepwise_equilibrium_dialysi_ae39b981"",""dose"":""in_vitro_assay_concentration_1e4_pm"",""matrix"":""plasma"",""route"":""not_reported"",""species"":""human"",""timepoint"":""4_5_h_incubation_at_37_c""},""endpoint_family"":""PPB"",""normalized_unit"":""fraction_bound"",""parameter_basis"":""plasma_or_serum_protein_binding"",""parameter_semantics"":""fraction_bound"",""target_kind"":""regression"",""target_transform"":""identity""}"	0	1	identity	1	1
mlv1.ppb.regression.fraction_bound.eae6eac6acab4a7e	PPB	fraction_bound	fraction_bound	false	5-9	7	5	0.945	0.94548	0.9474	0.9595	0.967	0.9785	0.99	0.99	0.99	0.968285714286	0.0169677565372	0.019	0.014	0.285714285714	0	0	7	0	ppb	0	0	1	plasma_or_serum_protein_binding	false	"{""assay_family"":""ppb"",""binary_evidence_lane"":""not_binary"",""condition"":{""assay"":""ultracentrifugation_2_um_37_c_lc_ms_ms"",""dose"":""not_reported"",""matrix"":""plasma"",""route"":""not_reported"",""species"":""mouse"",""timepoint"":""not_reported""},""endpoint_family"":""PPB"",""normalized_unit"":""fraction_bound"",""parameter_basis"":""plasma_or_serum_protein_binding"",""parameter_semantics"":""fraction_bound"",""target_kind"":""regression"",""target_transform"":""identity""}"	0	7	identity	7	1
mlv1.ppb.regression.fraction_bound.f4c88a6eedf2d07a	PPB	fraction_bound	fraction_bound	false	1	1	1	0.982	0.982	0.982	0.982	0.982	0.982	0.982	0.982	0.982	0.982	0	0	0	1	0	0	1	0	ppb	0	0	1	plasma_or_serum_protein_binding	false	"{""assay_family"":""ppb"",""binary_evidence_lane"":""not_binary"",""condition"":{""assay"":""reiterated_stepwise_equilibrium_dialysi_4e4261cd"",""dose"":""in_vitro_assay_concentration_1e4_pm"",""matrix"":""plasma"",""route"":""not_reported"",""species"":""human"",""timepoint"":""4_5_h_incubation_at_37_c""},""endpoint_family"":""PPB"",""normalized_unit"":""fraction_bound"",""parameter_basis"":""plasma_or_serum_protein_binding"",""parameter_semantics"":""fraction_bound"",""target_kind"":""regression"",""target_transform"":""identity""}"	0	1	identity	1	1
mlv1.ppb.regression.fraction_bound.fbb10385a5958abc	PPB	fraction_bound	fraction_bound	false	1	1	1	0.989	0.989	0.989	0.989	0.989	0.989	0.989	0.989	0.989	0.989	0	0	0	1	0	0	1	0	ppb	0	0	1	plasma_or_serum_protein_binding	false	"{""assay_family"":""ppb"",""binary_evidence_lane"":""not_binary"",""condition"":{""assay"":""reiterated_stepwise_equilibrium_dialysi_c5142da5"",""dose"":""in_vitro_assay_concentration_1e4_pm"",""matrix"":""plasma"",""route"":""not_reported"",""species"":""human"",""timepoint"":""4_5_h_incubation_at_37_c""},""endpoint_family"":""PPB"",""normalized_unit"":""fraction_bound"",""parameter_basis"":""plasma_or_serum_protein_binding"",""parameter_semantics"":""fraction_bound"",""target_kind"":""regression"",""target_transform"":""identity""}"	0	1	identity	1	1
mlv1.solubility.regression.solubility.0a47a6704a1739ee	solubility	solubility	log10(mole_fraction)	false	1	1	1	-3.13106182167	-3.13106182167	-3.13106182167	-3.13106182167	-3.13106182167	-3.13106182167	-3.13106182167	-3.13106182167	-3.13106182167	-3.13106182167	0	0	0	1	0	1	0	0	uv_spectra	0	0	1	mole_fraction	false	"{""assay_family"":""uv_spectra"",""binary_evidence_lane"":""not_binary"",""condition"":{""assay"":""uv_spectra"",""dose"":""not_reported"",""matrix"":""other_methanol_mole_fraction_solv_d6f0c403"",""route"":""not_reported"",""solvent"":""methanol"",""source_dimension"":""mole_fraction"",""species"":""species_not_reported"",""temperature_k"":""293.15"",""timepoint"":""not_reported""},""endpoint_family"":""solubility"",""normalized_unit"":""log10(mole_fraction)"",""parameter_basis"":""mole_fraction"",""parameter_semantics"":""solubility"",""target_kind"":""regression"",""target_transform"":""log10""}"	1	0	log10	1	1
mlv1.solubility.regression.solubility.104b582ced105fe1	solubility	solubility	log10(mol/L)	false	5-9	6	6	-5.39794000867	-5.32120697988	-5.01427486471	-3.6858752966	-3.13699684112	-3.11226693449	-3.09442644163	-3.09038576441	-3.08937559511	-3.62236128334	0.919723175267	0.573608362105	0.037519552965	0.166666666667	0	6	0	1	maximum_concentration_at_wh_7567adfa	0	0	1	um	false	"{""assay_family"":""maximum_concentration_at_wh_7567adfa"",""binary_evidence_lane"":""not_binary"",""condition"":{""assay"":""maximum_concentration_at_which_the_comp_7567adfa"",""dose"":""not_reported"",""matrix"":""other_hbs_ph_7_4_maximum_aqueous_13e8b0d9"",""route"":""not_reported"",""solvent"":""hbs_ph_7_4"",""source_dimension"":""um"",""species"":""species_not_reported"",""temperature_k"":""not_reported"",""timepoint"":""not_reported""},""endpoint_family"":""solubility"",""normalized_unit"":""log10(mol/L)"",""parameter_basis"":""um"",""parameter_semantics"":""solubility"",""target_kind"":""regression"",""target_transform"":""log10""}"	0	6	log10	6	1
mlv1.solubility.regression.solubility.1084668be12ad620	solubility	solubility	log10(mole_fraction)	false	1	1	1	-2.56232869523	-2.56232869523	-2.56232869523	-2.56232869523	-2.56232869523	-2.56232869523	-2.56232869523	-2.56232869523	-2.56232869523	-2.56232869523	0	0	0	1	0	1	0	0	uv_spectra	0	0	1	mole_fraction	false	"{""assay_family"":""uv_spectra"",""binary_evidence_lane"":""not_binary"",""condition"":{""assay"":""uv_spectra"",""dose"":""not_reported"",""matrix"":""other_water_mole_fraction_solvent_water"",""route"":""not_reported"",""solvent"":""water"",""source_dimension"":""mole_fraction"",""species"":""species_not_reported"",""temperature_k"":""333.15"",""timepoint"":""not_reported""},""endpoint_family"":""solubility"",""normalized_unit"":""log10(mole_fraction)"",""parameter_basis"":""mole_fraction"",""parameter_semantics"":""solubility"",""target_kind"":""regression"",""target_transform"":""log10""}"	1	0	log10	1	1
mlv1.solubility.regression.solubility.12835ddb3d581996	solubility	solubility	log10(mass_ratio_of_solute_to_solvent)	false	2-4	3	3	-2.40340290437	-2.37919768569	-2.28237681098	-1.79827243743	-1.19314197048	-0.918080284743	-0.698030936154	-0.654021066436	-0.643018599007	-1.41318782462	0.900585009361	0.880192152682	0.550123371473	0.333333333333	0	3	0	0	determined_from_density_measurements	0	0	1	mass_ratio_of_solute_to_solvent	false	"{""assay_family"":""determined_from_density_measurements"",""binary_evidence_lane"":""not_binary"",""condition"":{""assay"":""determined_from_density_measurements"",""dose"":""not_reported"",""matrix"":""other_water_mass_ratio_of_solute_747f447f"",""route"":""not_reported"",""solvent"":""water"",""source_dimension"":""mass_ratio_of_solute_to_solvent"",""species"":""species_not_reported"",""temperature_k"":""298.15"",""timepoint"":""not_reported""},""endpoint_family"":""solubility"",""normalized_unit"":""log10(mass_ratio_of_solute_to_solvent)"",""parameter_basis"":""mass_ratio_of_solute_to_solvent"",""parameter_semantics"":""solubility"",""target_kind"":""regression"",""target_transform"":""log10""}"	3	0	log10	3	1
mlv1.solubility.regression.solubility.191839ff23b03735	solubility	solubility	log10(mass_fraction)	false	1	1	1	-1.77469071827	-1.77469071827	-1.77469071827	-1.77469071827	-1.77469071827	-1.77469071827	-1.77469071827	-1.77469071827	-1.77469071827	-1.77469071827	0	0	0	1	0	1	0	0	uv_vis_spectrophotometry	0	1	1	mass_fraction	false	"{""assay_family"":""uv_vis_spectrophotometry"",""binary_evidence_lane"":""not_binary"",""condition"":{""assay"":""uv_vis_spectrophotometry"",""dose"":""not_reported"",""matrix"":""other_water_mass_fraction_solvent_water"",""route"":""not_reported"",""solvent"":""water"",""source_dimension"":""mass_fraction"",""species"":""species_not_reported"",""temperature_k"":""298.15"",""timepoint"":""not_reported""},""endpoint_family"":""solubility"",""normalized_unit"":""log10(mass_fraction)"",""parameter_basis"":""mass_fraction"",""parameter_semantics"":""solubility"",""target_kind"":""regression"",""target_transform"":""log10""}"	0	0	log10	1	1
mlv1.solubility.regression.solubility.24280f671f8096cd	solubility	solubility	log10(mass_ratio_of_solute_to_solvent)	false	2-4	3	3	-2.40893539297	-2.39625049948	-2.3455109255	-2.09181305562	-1.77469071827	-1.48391634437	-1.25129684526	-1.20477294544	-1.19314197048	-1.79225602724	0.608087014005	0.607896711245	0.58154874779	0.333333333333	0	3	0	0	from_the_density_plateau	0	1	1	mass_ratio_of_solute_to_solvent	false	"{""assay_family"":""from_the_density_plateau"",""binary_evidence_lane"":""not_binary"",""condition"":{""assay"":""from_the_density_plateau"",""dose"":""not_reported"",""matrix"":""other_water_mass_ratio_of_solute_747f447f"",""route"":""not_reported"",""solvent"":""water"",""source_dimension"":""mass_ratio_of_solute_to_solvent"",""species"":""species_not_reported"",""temperature_k"":""298.15"",""timepoint"":""not_reported""},""endpoint_family"":""solubility"",""normalized_unit"":""log10(mass_ratio_of_solute_to_solvent)"",""parameter_basis"":""mass_ratio_of_solute_to_solvent"",""parameter_semantics"":""solubility"",""target_kind"":""regression"",""target_transform"":""log10""}"	2	0	log10	3	1
mlv1.solubility.regression.solubility.282e34f2e98e5906	solubility	solubility	log10(mole_fraction)	false	1	1	1	-3.07972010537	-3.07972010537	-3.07972010537	-3.07972010537	-3.07972010537	-3.07972010537	-3.07972010537	-3.07972010537	-3.07972010537	-3.07972010537	0	0	0	1	0	1	0	0	uv_spectra	0	0	1	mole_fraction	false	"{""assay_family"":""uv_spectra"",""binary_evidence_lane"":""not_binary"",""condition"":{""assay"":""uv_spectra"",""dose"":""not_reported"",""matrix"":""other_methanol_mole_fraction_solv_d6f0c403"",""route"":""not_reported"",""solvent"":""methanol"",""source_dimension"":""mole_fraction"",""species"":""species_not_reported"",""temperature_k"":""298.15"",""timepoint"":""not_reported""},""endpoint_family"":""solubility"",""normalized_unit"":""log10(mole_fraction)"",""parameter_basis"":""mole_fraction"",""parameter_semantics"":""solubility"",""target_kind"":""regression"",""target_transform"":""log10""}"	1	0	log10	1	1
mlv1.solubility.regression.solubility.2d779dd009888a35	solubility	solubility	log10(mole_fraction)	false	1	1	1	-3.94769090035	-3.94769090035	-3.94769090035	-3.94769090035	-3.94769090035	-3.94769090035	-3.94769090035	-3.94769090035	-3.94769090035	-3.94769090035	0	0	0	1	0	1	0	0	uv_spectra	0	0	1	mole_fraction	false	"{""assay_family"":""uv_spectra"",""binary_evidence_lane"":""not_binary"",""condition"":{""assay"":""uv_spectra"",""dose"":""not_reported"",""matrix"":""other_ethanol_mole_fraction_solve_e751e740"",""route"":""not_reported"",""solvent"":""ethanol"",""source_dimension"":""mole_fraction"",""species"":""species_not_reported"",""temperature_k"":""298.15"",""timepoint"":""not_reported""},""endpoint_family"":""solubility"",""normalized_unit"":""log10(mole_fraction)"",""parameter_basis"":""mole_fraction"",""parameter_semantics"":""solubility"",""target_kind"":""regression"",""target_transform"":""log10""}"	1	0	log10	1	1
mlv1.solubility.regression.solubility.311c0ec5bdc327e0	solubility	solubility	log10(mole_fraction)	false	1	1	1	-2.75725985539	-2.75725985539	-2.75725985539	-2.75725985539	-2.75725985539	-2.75725985539	-2.75725985539	-2.75725985539	-2.75725985539	-2.75725985539	0	0	0	1	0	1	0	0	uv_spectra	0	0	1	mole_fraction	false	"{""assay_family"":""uv_spectra"",""binary_evidence_lane"":""not_binary"",""condition"":{""assay"":""uv_spectra"",""dose"":""not_reported"",""matrix"":""other_methanol_mole_fraction_solv_d6f0c403"",""route"":""not_reported"",""solvent"":""methanol"",""source_dimension"":""mole_fraction"",""species"":""species_not_reported"",""temperature_k"":""328.15"",""timepoint"":""not_reported""},""endpoint_family"":""solubility"",""normalized_unit"":""log10(mole_fraction)"",""parameter_basis"":""mole_fraction"",""parameter_semantics"":""solubility"",""target_kind"":""regression"",""target_transform"":""log10""}"	1	0	log10	1	1
mlv1.solubility.regression.solubility.3839e8cf154e37a6	solubility	solubility	log10(mol/L)	false	10-29	17	17	-3.73754891027	-3.7192887715	-3.64624821641	-3.23284413392	-3.18375870001	-3.11520463605	-3.03813012868	-3.03060534674	-3.02872415126	-3.23579172405	0.191101798487	0.11763949787	0.06855406396	0.0588235294118	0	17	0	2	maximum_concentration_at_wh_7567adfa	0	0	1	um	false	"{""assay_family"":""maximum_concentration_at_wh_7567adfa"",""binary_evidence_lane"":""not_binary"",""condition"":{""assay"":""maximum_concentration_at_which_the_comp_7567adfa"",""dose"":""not_reported"",""matrix"":""other_hbs_ph_7_4_maximum_aqueous_54531c81"",""route"":""not_reported"",""solvent"":""hbs_ph_7_4"",""source_dimension"":""um"",""species"":""species_not_reported"",""temperature_k"":""not_reported"",""timepoint"":""not_reported""},""endpoint_family"":""solubility"",""normalized_unit"":""log10(mol/L)"",""parameter_basis"":""um"",""parameter_semantics"":""solubility"",""target_kind"":""regression"",""target_transform"":""log10""}"	0	17	log10	17	1
mlv1.solubility.regression.solubility.3b50b5e43b272600	solubility	solubility	log10(mol/L)	false	5-9	6	6	-5.55284196866	-5.52216497821	-5.39945701641	-4.8853611687	-4.64368777439	-4.53095413102	-4.10918036074	-3.9996303084	-3.97224279531	-4.71195925491	0.522469935223	0.354407037675	0.209654551305	0.166666666667	0	6	0	2	kinetic_solubility_1_5_h_ro_c006261d	0	0	1	um	false	"{""assay_family"":""kinetic_solubility_1_5_h_ro_c006261d"",""binary_evidence_lane"":""not_binary"",""condition"":{""assay"":""kinetic_solubility_1_5_h_room_temperatu_c006261d"",""dose"":""not_reported"",""matrix"":""buffer"",""route"":""not_reported"",""solvent"":""pbs_ph_7_4_5_dmso"",""source_dimension"":""um"",""species"":""species_not_reported"",""temperature_k"":""not_reported"",""timepoint"":""not_reported""},""endpoint_family"":""solubility"",""normalized_unit"":""log10(mol/L)"",""parameter_basis"":""um"",""parameter_semantics"":""solubility"",""target_kind"":""regression"",""target_transform"":""log10""}"	0	6	log10	6	1
mlv1.solubility.regression.solubility.441ab934f6e827cd	solubility	solubility	log10(mole_fraction)	false	1	1	1	-2.92052932076	-2.92052932076	-2.92052932076	-2.92052932076	-2.92052932076	-2.92052932076	-2.92052932076	-2.92052932076	-2.92052932076	-2.92052932076	0	0	0	1	0	1	0	0	uv_spectra	0	0	1	mole_fraction	false	"{""assay_family"":""uv_spectra"",""binary_evidence_lane"":""not_binary"",""condition"":{""assay"":""uv_spectra"",""dose"":""not_reported"",""matrix"":""other_methanol_mole_fraction_solv_d6f0c403"",""route"":""not_reported"",""solvent"":""methanol"",""source_dimension"":""mole_fraction"",""species"":""species_not_reported"",""temperature_k"":""313.15"",""timepoint"":""not_reported""},""endpoint_family"":""solubility"",""normalized_unit"":""log10(mole_fraction)"",""parameter_basis"":""mole_fraction"",""parameter_semantics"":""solubility"",""target_kind"":""regression"",""target_transform"":""log10""}"	1	0	log10	1	1
mlv1.solubility.regression.solubility.4bb7b27ca4af86d6	solubility	solubility	log10(mole_fraction)	false	1	1	1	-2.82359037504	-2.82359037504	-2.82359037504	-2.82359037504	-2.82359037504	-2.82359037504	-2.82359037504	-2.82359037504	-2.82359037504	-2.82359037504	0	0	0	1	0	1	0	0	uv_spectra	0	0	1	mole_fraction	false	"{""assay_family"":""uv_spectra"",""binary_evidence_lane"":""not_binary"",""condition"":{""assay"":""uv_spectra"",""dose"":""not_reported"",""matrix"":""other_water_mole_fraction_solvent_water"",""route"":""not_reported"",""solvent"":""water"",""source_dimension"":""mole_fraction"",""species"":""species_not_reported"",""temperature_k"":""318.15"",""timepoint"":""not_reported""},""endpoint_family"":""solubility"",""normalized_unit"":""log10(mole_fraction)"",""parameter_basis"":""mole_fraction"",""parameter_semantics"":""solubility"",""target_kind"":""regression"",""target_transform"":""log10""}"	1	0	log10	1	1
mlv1.solubility.regression.solubility.4f76a3fe00c3e55c	solubility	solubility	log10(mole_fraction)	false	1	1	1	-3.15403423845	-3.15403423845	-3.15403423845	-3.15403423845	-3.15403423845	-3.15403423845	-3.15403423845	-3.15403423845	-3.15403423845	-3.15403423845	0	0	0	1	0	1	0	0	uv_spectra	0	0	1	mole_fraction	false	"{""assay_family"":""uv_spectra"",""binary_evidence_lane"":""not_binary"",""condition"":{""assay"":""uv_spectra"",""dose"":""not_reported"",""matrix"":""other_water_mole_fraction_solvent_water"",""route"":""not_reported"",""solvent"":""water"",""source_dimension"":""mole_fraction"",""species"":""species_not_reported"",""temperature_k"":""298.15"",""timepoint"":""not_reported""},""endpoint_family"":""solubility"",""normalized_unit"":""log10(mole_fraction)"",""parameter_basis"":""mole_fraction"",""parameter_semantics"":""solubility"",""target_kind"":""regression"",""target_transform"":""log10""}"	1	0	log10	1	1
mlv1.solubility.regression.solubility.59a26f3ae804483b	solubility	solubility	log10(mole_fraction)	false	1	1	1	-2.73899897666	-2.73899897666	-2.73899897666	-2.73899897666	-2.73899897666	-2.73899897666	-2.73899897666	-2.73899897666	-2.73899897666	-2.73899897666	0	0	0	1	0	1	0	0	uv_spectra	0	0	1	mole_fraction	false	"{""assay_family"":""uv_spectra"",""binary_evidence_lane"":""not_binary"",""condition"":{""assay"":""uv_spectra"",""dose"":""not_reported"",""matrix"":""other_water_mole_fraction_solvent_water"",""route"":""not_reported"",""solvent"":""water"",""source_dimension"":""mole_fraction"",""species"":""species_not_reported"",""temperature_k"":""323.15"",""timepoint"":""not_reported""},""endpoint_family"":""solubility"",""normalized_unit"":""log10(mole_fraction)"",""parameter_basis"":""mole_fraction"",""parameter_semantics"":""solubility"",""target_kind"":""regression"",""target_transform"":""log10""}"	1	0	log10	1	1
mlv1.solubility.regression.solubility.59cb0803672bbc6a	solubility	solubility	log10(mole_fraction)	false	1	1	1	-3.37840832414	-3.37840832414	-3.37840832414	-3.37840832414	-3.37840832414	-3.37840832414	-3.37840832414	-3.37840832414	-3.37840832414	-3.37840832414	0	0	0	1	0	1	0	0	uv_spectra	0	0	1	mole_fraction	false	"{""assay_family"":""uv_spectra"",""binary_evidence_lane"":""not_binary"",""condition"":{""assay"":""uv_spectra"",""dose"":""not_reported"",""matrix"":""other_ethanol_mole_fraction_solve_e751e740"",""route"":""not_reported"",""solvent"":""ethanol"",""source_dimension"":""mole_fraction"",""species"":""species_not_reported"",""temperature_k"":""328.15"",""timepoint"":""not_reported""},""endpoint_family"":""solubility"",""normalized_unit"":""log10(mole_fraction)"",""parameter_basis"":""mole_fraction"",""parameter_semantics"":""solubility"",""target_kind"":""regression"",""target_transform"":""log10""}"	1	0	log10	1	1
mlv1.solubility.regression.solubility.5e522262d0657461	solubility	solubility	log10(mole_fraction)	false	1	1	1	-3.45979570016	-3.45979570016	-3.45979570016	-3.45979570016	-3.45979570016	-3.45979570016	-3.45979570016	-3.45979570016	-3.45979570016	-3.45979570016	0	0	0	1	0	1	0	0	uv_spectra	0	0	1	mole_fraction	false	"{""assay_family"":""uv_spectra"",""binary_evidence_lane"":""not_binary"",""condition"":{""assay"":""uv_spectra"",""dose"":""not_reported"",""matrix"":""other_ethanol_mole_fraction_solve_e751e740"",""route"":""not_reported"",""solvent"":""ethanol"",""source_dimension"":""mole_fraction"",""species"":""species_not_reported"",""temperature_k"":""323.15"",""timepoint"":""not_reported""},""endpoint_family"":""solubility"",""normalized_unit"":""log10(mole_fraction)"",""parameter_basis"":""mole_fraction"",""parameter_semantics"":""solubility"",""target_kind"":""regression"",""target_transform"":""log10""}"	1	0	log10	1	1
mlv1.solubility.regression.solubility.624e4ded93da08c3	solubility	solubility	log10(mole_fraction)	false	1	1	1	-3.84013215291	-3.84013215291	-3.84013215291	-3.84013215291	-3.84013215291	-3.84013215291	-3.84013215291	-3.84013215291	-3.84013215291	-3.84013215291	0	0	0	1	0	1	0	0	uv_spectra	0	0	1	mole_fraction	false	"{""assay_family"":""uv_spectra"",""binary_evidence_lane"":""not_binary"",""condition"":{""assay"":""uv_spectra"",""dose"":""not_reported"",""matrix"":""other_ethanol_mole_fraction_solve_e751e740"",""route"":""not_reported"",""solvent"":""ethanol"",""source_dimension"":""mole_fraction"",""species"":""species_not_reported"",""temperature_k"":""303.15"",""timepoint"":""not_reported""},""endpoint_family"":""solubility"",""normalized_unit"":""log10(mole_fraction)"",""parameter_basis"":""mole_fraction"",""parameter_semantics"":""solubility"",""target_kind"":""regression"",""target_transform"":""log10""}"	1	0	log10	1	1
mlv1.solubility.regression.solubility.6c95a0365dc0887a	solubility	solubility	log10(mole_fraction)	false	1	1	1	-4.07160414774	-4.07160414774	-4.07160414774	-4.07160414774	-4.07160414774	-4.07160414774	-4.07160414774	-4.07160414774	-4.07160414774	-4.07160414774	0	0	0	1	0	1	0	0	uv_spectra	0	0	1	mole_fraction	false	"{""assay_family"":""uv_spectra"",""binary_evidence_lane"":""not_binary"",""condition"":{""assay"":""uv_spectra"",""dose"":""not_reported"",""matrix"":""other_ethanol_mole_fraction_solve_e751e740"",""route"":""not_reported"",""solvent"":""ethanol"",""source_dimension"":""mole_fraction"",""species"":""species_not_reported"",""temperature_k"":""293.15"",""timepoint"":""not_reported""},""endpoint_family"":""solubility"",""normalized_unit"":""log10(mole_fraction)"",""parameter_basis"":""mole_fraction"",""parameter_semantics"":""solubility"",""target_kind"":""regression"",""target_transform"":""log10""}"	1	0	log10	1	1
mlv1.solubility.regression.solubility.6eb8a8355cdf5caf	solubility	solubility	log10(mole_fraction)	false	1	1	1	-3.53670439004	-3.53670439004	-3.53670439004	-3.53670439004	-3.53670439004	-3.53670439004	-3.53670439004	-3.53670439004	-3.53670439004	-3.53670439004	0	0	0	1	0	1	0	0	uv_spectra	0	0	1	mole_fraction	false	"{""assay_family"":""uv_spectra"",""binary_evidence_lane"":""not_binary"",""condition"":{""assay"":""uv_spectra"",""dose"":""not_reported"",""matrix"":""other_ethanol_mole_fraction_solve_e751e740"",""route"":""not_reported"",""solvent"":""ethanol"",""source_dimension"":""mole_fraction"",""species"":""species_not_reported"",""temperature_k"":""318.15"",""timepoint"":""not_reported""},""endpoint_family"":""solubility"",""normalized_unit"":""log10(mole_fraction)"",""parameter_basis"":""mole_fraction"",""parameter_semantics"":""solubility"",""target_kind"":""regression"",""target_transform"":""log10""}"	1	0	log10	1	1
mlv1.solubility.regression.solubility.7031b642b4feb08b	solubility	solubility	log10(mass_concentration_kg_m3)	false	5-9	5	5	-0.221848749616	-0.205931149269	-0.142260747882	0.176091259056	0.720159303406	1.85943853546	2.21461736357	2.28565312919	2.3034120706	0.967450483781	1.0819278006	1.6833472764	0.942008053022	0.2	0	1	4	0	gravimetric_analysis	0	0	1	mass_concentration_kg_m3	false	"{""assay_family"":""gravimetric_analysis"",""binary_evidence_lane"":""not_binary"",""condition"":{""assay"":""gravimetric_analysis"",""dose"":""not_reported"",""matrix"":""other_water_mass_concentration_kg_0a8cb9cd"",""route"":""not_reported"",""solvent"":""water"",""source_dimension"":""mass_concentration_kg_m3"",""species"":""species_not_reported"",""temperature_k"":""298.15"",""timepoint"":""not_reported""},""endpoint_family"":""solubility"",""normalized_unit"":""log10(mass_concentration_kg_m3)"",""parameter_basis"":""mass_concentration_kg_m3"",""parameter_semantics"":""solubility"",""target_kind"":""regression"",""target_transform"":""log10""}"	5	0	log10	5	1
mlv1.solubility.regression.solubility.72b70a0aed9820d4	solubility	solubility	log10(mole_fraction)	false	1	1	1	-2.97248730755	-2.97248730755	-2.97248730755	-2.97248730755	-2.97248730755	-2.97248730755	-2.97248730755	-2.97248730755	-2.97248730755	-2.97248730755	0	0	0	1	0	1	0	0	uv_spectra	0	0	1	mole_fraction	false	"{""assay_family"":""uv_spectra"",""binary_evidence_lane"":""not_binary"",""condition"":{""assay"":""uv_spectra"",""dose"":""not_reported"",""matrix"":""other_methanol_mole_fraction_solv_d6f0c403"",""route"":""not_reported"",""solvent"":""methanol"",""source_dimension"":""mole_fraction"",""species"":""species_not_reported"",""temperature_k"":""308.15"",""timepoint"":""not_reported""},""endpoint_family"":""solubility"",""normalized_unit"":""log10(mole_fraction)"",""parameter_basis"":""mole_fraction"",""parameter_semantics"":""solubility"",""target_kind"":""regression"",""target_transform"":""log10""}"	1	0	log10	1	1
mlv1.solubility.regression.solubility.73a65a69066c3510	solubility	solubility	log10(mole_fraction)	false	1	1	1	-3.38955277856	-3.38955277856	-3.38955277856	-3.38955277856	-3.38955277856	-3.38955277856	-3.38955277856	-3.38955277856	-3.38955277856	-3.38955277856	0	0	0	1	0	1	0	0	uv_spectra	0	0	1	mole_fraction	false	"{""assay_family"":""uv_spectra"",""binary_evidence_lane"":""not_binary"",""condition"":{""assay"":""uv_spectra"",""dose"":""not_reported"",""matrix"":""other_water_mole_fraction_solvent_water"",""route"":""not_reported"",""solvent"":""water"",""source_dimension"":""mole_fraction"",""species"":""species_not_reported"",""temperature_k"":""283.15"",""timepoint"":""not_reported""},""endpoint_family"":""solubility"",""normalized_unit"":""log10(mole_fraction)"",""parameter_basis"":""mole_fraction"",""parameter_semantics"":""solubility"",""target_kind"":""regression"",""target_transform"":""log10""}"	1	0	log10	1	1
mlv1.solubility.regression.solubility.7fda67652e08db2d	solubility	solubility	log10(mole_fraction)	false	1	1	1	-3.02719567766	-3.02719567766	-3.02719567766	-3.02719567766	-3.02719567766	-3.02719567766	-3.02719567766	-3.02719567766	-3.02719567766	-3.02719567766	0	0	0	1	0	1	0	0	uv_spectra	0	0	1	mole_fraction	false	"{""assay_family"":""uv_spectra"",""binary_evidence_lane"":""not_binary"",""condition"":{""assay"":""uv_spectra"",""dose"":""not_reported"",""matrix"":""other_methanol_mole_fraction_solv_d6f0c403"",""route"":""not_reported"",""solvent"":""methanol"",""source_dimension"":""mole_fraction"",""species"":""species_not_reported"",""temperature_k"":""303.15"",""timepoint"":""not_reported""},""endpoint_family"":""solubility"",""normalized_unit"":""log10(mole_fraction)"",""parameter_basis"":""mole_fraction"",""parameter_semantics"":""solubility"",""target_kind"":""regression"",""target_transform"":""log10""}"	1	0	log10	1	1
mlv1.solubility.regression.solubility.88b4cad41ec2f3bf	solubility	solubility	log10(mole_fraction)	false	1	1	1	-3.22723835286	-3.22723835286	-3.22723835286	-3.22723835286	-3.22723835286	-3.22723835286	-3.22723835286	-3.22723835286	-3.22723835286	-3.22723835286	0	0	0	1	0	1	0	0	uv_spectra	0	0	1	mole_fraction	false	"{""assay_family"":""uv_spectra"",""binary_evidence_lane"":""not_binary"",""condition"":{""assay"":""uv_spectra"",""dose"":""not_reported"",""matrix"":""other_methanol_mole_fraction_solv_d6f0c403"",""route"":""not_reported"",""solvent"":""methanol"",""source_dimension"":""mole_fraction"",""species"":""species_not_reported"",""temperature_k"":""283.15"",""timepoint"":""not_reported""},""endpoint_family"":""solubility"",""normalized_unit"":""log10(mole_fraction)"",""parameter_basis"":""mole_fraction"",""parameter_semantics"":""solubility"",""target_kind"":""regression"",""target_transform"":""log10""}"	1	0	log10	1	1
mlv1.solubility.regression.solubility.8fa50fb22d2d78f2	solubility	solubility	log10(mole_fraction)	false	1	1	1	-3.72723041345	-3.72723041345	-3.72723041345	-3.72723041345	-3.72723041345	-3.72723041345	-3.72723041345	-3.72723041345	-3.72723041345	-3.72723041345	0	0	0	1	0	1	0	0	uv_spectra	0	0	1	mole_fraction	false	"{""assay_family"":""uv_spectra"",""binary_evidence_lane"":""not_binary"",""condition"":{""assay"":""uv_spectra"",""dose"":""not_reported"",""matrix"":""other_ethanol_mole_fraction_solve_e751e740"",""route"":""not_reported"",""solvent"":""ethanol"",""source_dimension"":""mole_fraction"",""species"":""species_not_reported"",""temperature_k"":""308.15"",""timepoint"":""not_reported""},""endpoint_family"":""solubility"",""normalized_unit"":""log10(mole_fraction)"",""parameter_basis"":""mole_fraction"",""parameter_semantics"":""solubility"",""target_kind"":""regression"",""target_transform"":""log10""}"	1	0	log10	1	1
mlv1.solubility.regression.solubility.8ff00acc76ca9839	solubility	solubility	log10(mole_fraction)	false	1	1	1	-2.91147410757	-2.91147410757	-2.91147410757	-2.91147410757	-2.91147410757	-2.91147410757	-2.91147410757	-2.91147410757	-2.91147410757	-2.91147410757	0	0	0	1	0	1	0	0	uv_spectra	0	0	1	mole_fraction	false	"{""assay_family"":""uv_spectra"",""binary_evidence_lane"":""not_binary"",""condition"":{""assay"":""uv_spectra"",""dose"":""not_reported"",""matrix"":""other_water_mole_fraction_solvent_water"",""route"":""not_reported"",""solvent"":""water"",""source_dimension"":""mole_fraction"",""species"":""species_not_reported"",""temperature_k"":""313.15"",""timepoint"":""not_reported""},""endpoint_family"":""solubility"",""normalized_unit"":""log10(mole_fraction)"",""parameter_basis"":""mole_fraction"",""parameter_semantics"":""solubility"",""target_kind"":""regression"",""target_transform"":""log10""}"	1	0	log10	1	1
mlv1.solubility.regression.solubility.93034a40825f4617	solubility	solubility	log10(mole_fraction)	false	1	1	1	-4.34361428094	-4.34361428094	-4.34361428094	-4.34361428094	-4.34361428094	-4.34361428094	-4.34361428094	-4.34361428094	-4.34361428094	-4.34361428094	0	0	0	1	0	1	0	0	uv_spectra	0	0	1	mole_fraction	false	"{""assay_family"":""uv_spectra"",""binary_evidence_lane"":""not_binary"",""condition"":{""assay"":""uv_spectra"",""dose"":""not_reported"",""matrix"":""other_ethanol_mole_fraction_solve_e751e740"",""route"":""not_reported"",""solvent"":""ethanol"",""source_dimension"":""mole_fraction"",""species"":""species_not_reported"",""temperature_k"":""283.15"",""timepoint"":""not_reported""},""endpoint_family"":""solubility"",""normalized_unit"":""log10(mole_fraction)"",""parameter_basis"":""mole_fraction"",""parameter_semantics"":""solubility"",""target_kind"":""regression"",""target_transform"":""log10""}"	1	0	log10	1	1
mlv1.solubility.regression.solubility.9d5b689e5b45e415	solubility	solubility	log10(mole_fraction)	false	1	1	1	-3.31605286925	-3.31605286925	-3.31605286925	-3.31605286925	-3.31605286925	-3.31605286925	-3.31605286925	-3.31605286925	-3.31605286925	-3.31605286925	0	0	0	1	0	1	0	0	uv_spectra	0	0	1	mole_fraction	false	"{""assay_family"":""uv_spectra"",""binary_evidence_lane"":""not_binary"",""condition"":{""assay"":""uv_spectra"",""dose"":""not_reported"",""matrix"":""other_water_mole_fraction_solvent_water"",""route"":""not_reported"",""solvent"":""water"",""source_dimension"":""mole_fraction"",""species"":""species_not_reported"",""temperature_k"":""288.15"",""timepoint"":""not_reported""},""endpoint_family"":""solubility"",""normalized_unit"":""log10(mole_fraction)"",""parameter_basis"":""mole_fraction"",""parameter_semantics"":""solubility"",""target_kind"":""regression"",""target_transform"":""log10""}"	1	0	log10	1	1
mlv1.solubility.regression.solubility.a6afb8f2d3dfefa3	solubility	solubility	log10(mole_fraction)	false	1	1	1	-2.98986972278	-2.98986972278	-2.98986972278	-2.98986972278	-2.98986972278	-2.98986972278	-2.98986972278	-2.98986972278	-2.98986972278	-2.98986972278	0	0	0	1	0	1	0	0	uv_spectra	0	0	1	mole_fraction	false	"{""assay_family"":""uv_spectra"",""binary_evidence_lane"":""not_binary"",""condition"":{""assay"":""uv_spectra"",""dose"":""not_reported"",""matrix"":""other_water_mole_fraction_solvent_water"",""route"":""not_reported"",""solvent"":""water"",""source_dimension"":""mole_fraction"",""species"":""species_not_reported"",""temperature_k"":""308.15"",""timepoint"":""not_reported""},""endpoint_family"":""solubility"",""normalized_unit"":""log10(mole_fraction)"",""parameter_basis"":""mole_fraction"",""parameter_semantics"":""solubility"",""target_kind"":""regression"",""target_transform"":""log10""}"	1	0	log10	1	1
mlv1.solubility.regression.solubility.a94eba26ff87d905	solubility	solubility	log10(mole_fraction)	false	1	1	1	-3.17737432123	-3.17737432123	-3.17737432123	-3.17737432123	-3.17737432123	-3.17737432123	-3.17737432123	-3.17737432123	-3.17737432123	-3.17737432123	0	0	0	1	0	1	0	0	uv_spectra	0	0	1	mole_fraction	false	"{""assay_family"":""uv_spectra"",""binary_evidence_lane"":""not_binary"",""condition"":{""assay"":""uv_spectra"",""dose"":""not_reported"",""matrix"":""other_methanol_mole_fraction_solv_d6f0c403"",""route"":""not_reported"",""solvent"":""methanol"",""source_dimension"":""mole_fraction"",""species"":""species_not_reported"",""temperature_k"":""288.15"",""timepoint"":""not_reported""},""endpoint_family"":""solubility"",""normalized_unit"":""log10(mole_fraction)"",""parameter_basis"":""mole_fraction"",""parameter_semantics"":""solubility"",""target_kind"":""regression"",""target_transform"":""log10""}"	1	0	log10	1	1
mlv1.solubility.regression.solubility.b6072b0376b405f3	solubility	solubility	log10(mole_fraction)	false	1	1	1	-4.20823919599	-4.20823919599	-4.20823919599	-4.20823919599	-4.20823919599	-4.20823919599	-4.20823919599	-4.20823919599	-4.20823919599	-4.20823919599	0	0	0	1	0	1	0	0	uv_spectra	0	0	1	mole_fraction	false	"{""assay_family"":""uv_spectra"",""binary_evidence_lane"":""not_binary"",""condition"":{""assay"":""uv_spectra"",""dose"":""not_reported"",""matrix"":""other_ethanol_mole_fraction_solve_e751e740"",""route"":""not_reported"",""solvent"":""ethanol"",""source_dimension"":""mole_fraction"",""species"":""species_not_reported"",""temperature_k"":""288.15"",""timepoint"":""not_reported""},""endpoint_family"":""solubility"",""normalized_unit"":""log10(mole_fraction)"",""parameter_basis"":""mole_fraction"",""parameter_semantics"":""solubility"",""target_kind"":""regression"",""target_transform"":""log10""}"	1	0	log10	1	1
mlv1.solubility.regression.solubility.c1c57877632a9e94	solubility	solubility	log10(mole_fraction)	false	1	1	1	-2.80950022037	-2.80950022037	-2.80950022037	-2.80950022037	-2.80950022037	-2.80950022037	-2.80950022037	-2.80950022037	-2.80950022037	-2.80950022037	0	0	0	1	0	1	0	0	uv_spectra	0	0	1	mole_fraction	false	"{""assay_family"":""uv_spectra"",""binary_evidence_lane"":""not_binary"",""condition"":{""assay"":""uv_spectra"",""dose"":""not_reported"",""matrix"":""other_methanol_mole_fraction_solv_d6f0c403"",""route"":""not_reported"",""solvent"":""methanol"",""source_dimension"":""mole_fraction"",""species"":""species_not_reported"",""temperature_k"":""323.15"",""timepoint"":""not_reported""},""endpoint_family"":""solubility"",""normalized_unit"":""log10(mole_fraction)"",""parameter_basis"":""mole_fraction"",""parameter_semantics"":""solubility"",""target_kind"":""regression"",""target_transform"":""log10""}"	1	0	log10	1	1
mlv1.solubility.regression.solubility.c52acc847da6499a	solubility	solubility	log10(mole_fraction)	false	1	1	1	-3.47159756205	-3.47159756205	-3.47159756205	-3.47159756205	-3.47159756205	-3.47159756205	-3.47159756205	-3.47159756205	-3.47159756205	-3.47159756205	0	0	0	1	0	1	0	0	uv_spectra	0	0	1	mole_fraction	false	"{""assay_family"":""uv_spectra"",""binary_evidence_lane"":""not_binary"",""condition"":{""assay"":""uv_spectra"",""dose"":""not_reported"",""matrix"":""other_water_mole_fraction_solvent_water"",""route"":""not_reported"",""solvent"":""water"",""source_dimension"":""mole_fraction"",""species"":""species_not_reported"",""temperature_k"":""278.15"",""timepoint"":""not_reported""},""endpoint_family"":""solubility"",""normalized_unit"":""log10(mole_fraction)"",""parameter_basis"":""mole_fraction"",""parameter_semantics"":""solubility"",""target_kind"":""regression"",""target_transform"":""log10""}"	1	0	log10	1	1
mlv1.solubility.regression.solubility.c89d04f9a542a087	solubility	solubility	log10(mole_fraction)	false	1	1	1	-3.23604817397	-3.23604817397	-3.23604817397	-3.23604817397	-3.23604817397	-3.23604817397	-3.23604817397	-3.23604817397	-3.23604817397	-3.23604817397	0	0	0	1	0	1	0	0	uv_spectra	0	0	1	mole_fraction	false	"{""assay_family"":""uv_spectra"",""binary_evidence_lane"":""not_binary"",""condition"":{""assay"":""uv_spectra"",""dose"":""not_reported"",""matrix"":""other_water_mole_fraction_solvent_water"",""route"":""not_reported"",""solvent"":""water"",""source_dimension"":""mole_fraction"",""species"":""species_not_reported"",""temperature_k"":""293.15"",""timepoint"":""not_reported""},""endpoint_family"":""solubility"",""normalized_unit"":""log10(mole_fraction)"",""parameter_basis"":""mole_fraction"",""parameter_semantics"":""solubility"",""target_kind"":""regression"",""target_transform"":""log10""}"	1	0	log10	1	1
mlv1.solubility.regression.solubility.cb8c00e9beb93728	solubility	solubility	log10(mole_fraction)	false	1	1	1	-3.62800908854	-3.62800908854	-3.62800908854	-3.62800908854	-3.62800908854	-3.62800908854	-3.62800908854	-3.62800908854	-3.62800908854	-3.62800908854	0	0	0	1	0	1	0	0	uv_spectra	0	0	1	mole_fraction	false	"{""assay_family"":""uv_spectra"",""binary_evidence_lane"":""not_binary"",""condition"":{""assay"":""uv_spectra"",""dose"":""not_reported"",""matrix"":""other_ethanol_mole_fraction_solve_e751e740"",""route"":""not_reported"",""solvent"":""ethanol"",""source_dimension"":""mole_fraction"",""species"":""species_not_reported"",""temperature_k"":""313.15"",""timepoint"":""not_reported""},""endpoint_family"":""solubility"",""normalized_unit"":""log10(mole_fraction)"",""parameter_basis"":""mole_fraction"",""parameter_semantics"":""solubility"",""target_kind"":""regression"",""target_transform"":""log10""}"	1	0	log10	1	1
mlv1.solubility.regression.solubility.d1e291939e2097b2	solubility	solubility	log10(mol/L)	false	10-29	12	12	-3.34008379993	-3.32605392974	-3.26993444898	-3.17486322222	-3.16084553985	-3.12743294595	-3.06784593146	-3.06115599835	-3.05948351507	-3.16128471143	0.0716823633293	0.0474302762725	0.03148008923	0.0833333333333	0	12	0	1	maximum_concentration_at_wh_7567adfa	0	0	1	um	false	"{""assay_family"":""maximum_concentration_at_wh_7567adfa"",""binary_evidence_lane"":""not_binary"",""condition"":{""assay"":""maximum_concentration_at_which_the_comp_7567adfa"",""dose"":""not_reported"",""matrix"":""other_hbs_ph_7_4_maximum_aqueous_b2505ae9"",""route"":""not_reported"",""solvent"":""hbs_ph_7_4"",""source_dimension"":""um"",""species"":""species_not_reported"",""temperature_k"":""not_reported"",""timepoint"":""not_reported""},""endpoint_family"":""solubility"",""normalized_unit"":""log10(mol/L)"",""parameter_basis"":""um"",""parameter_semantics"":""solubility"",""target_kind"":""regression"",""target_transform"":""log10""}"	0	12	log10	12	1
mlv1.solubility.regression.solubility.dc5a6ba3df151238	solubility	solubility	log10(mole_fraction)	false	1	1	1	-3.07758597585	-3.07758597585	-3.07758597585	-3.07758597585	-3.07758597585	-3.07758597585	-3.07758597585	-3.07758597585	-3.07758597585	-3.07758597585	0	0	0	1	0	1	0	0	uv_spectra	0	0	1	mole_fraction	false	"{""assay_family"":""uv_spectra"",""binary_evidence_lane"":""not_binary"",""condition"":{""assay"":""uv_spectra"",""dose"":""not_reported"",""matrix"":""other_water_mole_fraction_solvent_water"",""route"":""not_reported"",""solvent"":""water"",""source_dimension"":""mole_fraction"",""species"":""species_not_reported"",""temperature_k"":""303.15"",""timepoint"":""not_reported""},""endpoint_family"":""solubility"",""normalized_unit"":""log10(mole_fraction)"",""parameter_basis"":""mole_fraction"",""parameter_semantics"":""solubility"",""target_kind"":""regression"",""target_transform"":""log10""}"	1	0	log10	1	1
mlv1.solubility.regression.solubility.dd4ce4cec75086eb	solubility	solubility	log10(mole_fraction)	false	1	1	1	-2.64934502132	-2.64934502132	-2.64934502132	-2.64934502132	-2.64934502132	-2.64934502132	-2.64934502132	-2.64934502132	-2.64934502132	-2.64934502132	0	0	0	1	0	1	0	0	uv_spectra	0	0	1	mole_fraction	false	"{""assay_family"":""uv_spectra"",""binary_evidence_lane"":""not_binary"",""condition"":{""assay"":""uv_spectra"",""dose"":""not_reported"",""matrix"":""other_water_mole_fraction_solvent_water"",""route"":""not_reported"",""solvent"":""water"",""source_dimension"":""mole_fraction"",""species"":""species_not_reported"",""temperature_k"":""328.15"",""timepoint"":""not_reported""},""endpoint_family"":""solubility"",""normalized_unit"":""log10(mole_fraction)"",""parameter_basis"":""mole_fraction"",""parameter_semantics"":""solubility"",""target_kind"":""regression"",""target_transform"":""log10""}"	1	0	log10	1	1
mlv1.solubility.regression.solubility.e3f147ff01021b44	solubility	solubility	log10(mole_fraction)	false	1	1	1	-2.86700429931	-2.86700429931	-2.86700429931	-2.86700429931	-2.86700429931	-2.86700429931	-2.86700429931	-2.86700429931	-2.86700429931	-2.86700429931	0	0	0	1	0	1	0	0	uv_spectra	0	0	1	mole_fraction	false	"{""assay_family"":""uv_spectra"",""binary_evidence_lane"":""not_binary"",""condition"":{""assay"":""uv_spectra"",""dose"":""not_reported"",""matrix"":""other_methanol_mole_fraction_solv_d6f0c403"",""route"":""not_reported"",""solvent"":""methanol"",""source_dimension"":""mole_fraction"",""species"":""species_not_reported"",""temperature_k"":""318.15"",""timepoint"":""not_reported""},""endpoint_family"":""solubility"",""normalized_unit"":""log10(mole_fraction)"",""parameter_basis"":""mole_fraction"",""parameter_semantics"":""solubility"",""target_kind"":""regression"",""target_transform"":""log10""}"	1	0	log10	1	1
mlv1.solubility.regression.solubility.e7f2ebd73774afaf	solubility	solubility	log10(mole_fraction)	false	1	1	1	-2.69877461578	-2.69877461578	-2.69877461578	-2.69877461578	-2.69877461578	-2.69877461578	-2.69877461578	-2.69877461578	-2.69877461578	-2.69877461578	0	0	0	1	0	1	0	0	uv_spectra	0	0	1	mole_fraction	false	"{""assay_family"":""uv_spectra"",""binary_evidence_lane"":""not_binary"",""condition"":{""assay"":""uv_spectra"",""dose"":""not_reported"",""matrix"":""other_methanol_mole_fraction_solv_d6f0c403"",""route"":""not_reported"",""solvent"":""methanol"",""source_dimension"":""mole_fraction"",""species"":""species_not_reported"",""temperature_k"":""333.15"",""timepoint"":""not_reported""},""endpoint_family"":""solubility"",""normalized_unit"":""log10(mole_fraction)"",""parameter_basis"":""mole_fraction"",""parameter_semantics"":""solubility"",""target_kind"":""regression"",""target_transform"":""log10""}"	1	0	log10	1	1
mlv1.solubility.regression.solubility.e997612c92e22ae2	solubility	solubility	log10(mole_fraction)	false	1	1	1	-4.50031291738	-4.50031291738	-4.50031291738	-4.50031291738	-4.50031291738	-4.50031291738	-4.50031291738	-4.50031291738	-4.50031291738	-4.50031291738	0	0	0	1	0	1	0	0	uv_spectra	0	0	1	mole_fraction	false	"{""assay_family"":""uv_spectra"",""binary_evidence_lane"":""not_binary"",""condition"":{""assay"":""uv_spectra"",""dose"":""not_reported"",""matrix"":""other_ethanol_mole_fraction_solve_e751e740"",""route"":""not_reported"",""solvent"":""ethanol"",""source_dimension"":""mole_fraction"",""species"":""species_not_reported"",""temperature_k"":""278.15"",""timepoint"":""not_reported""},""endpoint_family"":""solubility"",""normalized_unit"":""log10(mole_fraction)"",""parameter_basis"":""mole_fraction"",""parameter_semantics"":""solubility"",""target_kind"":""regression"",""target_transform"":""log10""}"	1	0	log10	1	1
mlv1.solubility.regression.solubility.ed02ce67be6e3e46	solubility	solubility	log10(mole_fraction)	false	1	1	1	-3.30732930084	-3.30732930084	-3.30732930084	-3.30732930084	-3.30732930084	-3.30732930084	-3.30732930084	-3.30732930084	-3.30732930084	-3.30732930084	0	0	0	1	0	1	0	0	uv_spectra	0	0	1	mole_fraction	false	"{""assay_family"":""uv_spectra"",""binary_evidence_lane"":""not_binary"",""condition"":{""assay"":""uv_spectra"",""dose"":""not_reported"",""matrix"":""other_ethanol_mole_fraction_solve_e751e740"",""route"":""not_reported"",""solvent"":""ethanol"",""source_dimension"":""mole_fraction"",""species"":""species_not_reported"",""temperature_k"":""333.15"",""timepoint"":""not_reported""},""endpoint_family"":""solubility"",""normalized_unit"":""log10(mole_fraction)"",""parameter_basis"":""mole_fraction"",""parameter_semantics"":""solubility"",""target_kind"":""regression"",""target_transform"":""log10""}"	1	0	log10	1	1
mlv1.solubility.regression.solubility.f2f4907972d9736e	solubility	solubility	log10(mole_fraction)	false	1	1	1	-3.27441502773	-3.27441502773	-3.27441502773	-3.27441502773	-3.27441502773	-3.27441502773	-3.27441502773	-3.27441502773	-3.27441502773	-3.27441502773	0	0	0	1	0	1	0	0	uv_spectra	0	0	1	mole_fraction	false	"{""assay_family"":""uv_spectra"",""binary_evidence_lane"":""not_binary"",""condition"":{""assay"":""uv_spectra"",""dose"":""not_reported"",""matrix"":""other_methanol_mole_fraction_solv_d6f0c403"",""route"":""not_reported"",""solvent"":""methanol"",""source_dimension"":""mole_fraction"",""species"":""species_not_reported"",""temperature_k"":""278.15"",""timepoint"":""not_reported""},""endpoint_family"":""solubility"",""normalized_unit"":""log10(mole_fraction)"",""parameter_basis"":""mole_fraction"",""parameter_semantics"":""solubility"",""target_kind"":""regression"",""target_transform"":""log10""}"	1	0	log10	1	1
mlv1.t1_2.regression.other_context.00e5c2c2b2c2ceda	T1/2	other_context	log10(h)	false	5-9	6	6	-1.44235914846	-1.40914875356	-1.27630717394	-0.761414552976	-0.426266806775	0.216511788243	0.583758503266	0.649882876957	0.66641397038	-0.345139656682	0.781516553374	0.97792634122	0.556971676153	0.166666666667	0	4	2	0	other_context	0	6	1	elapsed_time	false	"{""assay_family"":""other_context"",""binary_evidence_lane"":""not_binary"",""condition"":{""assay"":""mass_spectrometry"",""matrix"":""other_mutant_mbp_mutant_mbp"",""protease"":""not_applicable"",""route"":""not_applicable"",""species"":""species_not_reported""},""endpoint_family"":""T1/2"",""normalized_unit"":""log10(h)"",""parameter_basis"":""elapsed_time"",""parameter_semantics"":""other_context"",""target_kind"":""regression"",""target_transform"":""log10""}"	0	0	log10	6	1
mlv1.t1_2.regression.other_context.0cb0121f2bc7d101	T1/2	other_context	log10(h)	false	1	1	1	-0.397940008672	-0.397940008672	-0.397940008672	-0.397940008672	-0.397940008672	-0.397940008672	-0.397940008672	-0.397940008672	-0.397940008672	-0.397940008672	0	0	0	1	0	1	0	0	other_context	0	1	1	elapsed_time	false	"{""assay_family"":""other_context"",""binary_evidence_lane"":""not_binary"",""condition"":{""assay"":""lc_ms"",""matrix"":""other_apelin1_apelin1"",""protease"":""not_applicable"",""route"":""not_applicable"",""species"":""species_not_reported""},""endpoint_family"":""T1/2"",""normalized_unit"":""log10(h)"",""parameter_basis"":""elapsed_time"",""parameter_semantics"":""other_context"",""target_kind"":""regression"",""target_transform"":""log10""}"	0	0	log10	1	1
mlv1.t1_2.regression.other_context.103810c30b5c2cb6	T1/2	other_context	log10(h)	false	1	1	1	-0.0621479067488	-0.0621479067488	-0.0621479067488	-0.0621479067488	-0.0621479067488	-0.0621479067488	-0.0621479067488	-0.0621479067488	-0.0621479067488	-0.0621479067488	0	0	0	1	0	1	0	0	other_context	0	1	1	elapsed_time	false	"{""assay_family"":""other_context"",""binary_evidence_lane"":""not_binary"",""condition"":{""assay"":""hplc"",""matrix"":""other_haemolymph_of_m_sexta_haemo_08002019"",""protease"":""not_applicable"",""route"":""not_applicable"",""species"":""species_not_reported""},""endpoint_family"":""T1/2"",""normalized_unit"":""log10(h)"",""parameter_basis"":""elapsed_time"",""parameter_semantics"":""other_context"",""target_kind"":""regression"",""target_transform"":""log10""}"	0	0	log10	1	1
mlv1.t1_2.regression.other_context.1057cc9d9628a5bd	T1/2	other_context	log10(h)	false	1	1	1	-0.47065521247	-0.47065521247	-0.47065521247	-0.47065521247	-0.47065521247	-0.47065521247	-0.47065521247	-0.47065521247	-0.47065521247	-0.47065521247	0	0	0	1	0	1	0	0	other_context	0	1	1	elapsed_time	false	"{""assay_family"":""other_context"",""binary_evidence_lane"":""not_binary"",""condition"":{""assay"":""lc_ms_ms"",""matrix"":""liver_microsomes"",""protease"":""not_applicable"",""route"":""not_applicable"",""species"":""human""},""endpoint_family"":""T1/2"",""normalized_unit"":""log10(h)"",""parameter_basis"":""elapsed_time"",""parameter_semantics"":""other_context"",""target_kind"":""regression"",""target_transform"":""log10""}"	0	0	log10	1	1
mlv1.t1_2.regression.other_context.130bf2e1eeb763d6	T1/2	other_context	log10(h)	false	1	1	1	0.637489729513	0.637489729513	0.637489729513	0.637489729513	0.637489729513	0.637489729513	0.637489729513	0.637489729513	0.637489729513	0.637489729513	0	0	0	1	0	0	1	0	other_context	0	1	1	elapsed_time	false	"{""assay_family"":""other_context"",""binary_evidence_lane"":""not_binary"",""condition"":{""assay"":""radioimmunoassay"",""matrix"":""other_hippocampus_tissues_of_brai_aa0a1435"",""protease"":""not_applicable"",""route"":""not_applicable"",""species"":""species_not_reported""},""endpoint_family"":""T1/2"",""normalized_unit"":""log10(h)"",""parameter_basis"":""elapsed_time"",""parameter_semantics"":""other_context"",""target_kind"":""regression"",""target_transform"":""log10""}"	0	0	log10	1	1
mlv1.t1_2.regression.other_context.1808027a157fa426	T1/2	other_context	log10(h)	false	1	1	1	0.47712125472	0.47712125472	0.47712125472	0.47712125472	0.47712125472	0.47712125472	0.47712125472	0.47712125472	0.47712125472	0.47712125472	0	0	0	1	0	0	1	0	other_context	0	0	1	elapsed_time	false	"{""assay_family"":""other_context"",""binary_evidence_lane"":""not_binary"",""condition"":{""assay"":""other_lc_hrms"",""matrix"":""other_1_mg_ml_human_sct_protein_1_859e6f3f"",""protease"":""not_applicable"",""route"":""not_applicable"",""species"":""human""},""endpoint_family"":""T1/2"",""normalized_unit"":""log10(h)"",""parameter_basis"":""elapsed_time"",""parameter_semantics"":""other_context"",""target_kind"":""regression"",""target_transform"":""log10""}"	0	1	log10	1	1
mlv1.t1_2.regression.other_context.1870e8e23c54d43b	T1/2	other_context	log10(h)	false	1	1	1	1.660865478	1.660865478	1.660865478	1.660865478	1.660865478	1.660865478	1.660865478	1.660865478	1.660865478	1.660865478	0	0	0	1	0	0	1	0	other_context	0	1	1	elapsed_time	false	"{""assay_family"":""other_context"",""binary_evidence_lane"":""not_binary"",""condition"":{""assay"":""assay_not_reported"",""matrix"":""other_monkeys_monkeys"",""protease"":""not_applicable"",""route"":""not_applicable"",""species"":""monkey_unspecified""},""endpoint_family"":""T1/2"",""normalized_unit"":""log10(h)"",""parameter_basis"":""elapsed_time"",""parameter_semantics"":""other_context"",""target_kind"":""regression"",""target_transform"":""log10""}"	0	0	log10	1	1
mlv1.t1_2.regression.other_context.191fec2b989f2002	T1/2	other_context	log10(h)	false	1	1	1	0.123851640967	0.123851640967	0.123851640967	0.123851640967	0.123851640967	0.123851640967	0.123851640967	0.123851640967	0.123851640967	0.123851640967	0	0	0	1	0	0	1	0	other_context	0	1	1	elapsed_time	false	"{""assay_family"":""other_context"",""binary_evidence_lane"":""not_binary"",""condition"":{""assay"":""radioimmunoassay"",""matrix"":""other_posterior_hippucampus_tissu_eb522e58"",""protease"":""not_applicable"",""route"":""not_applicable"",""species"":""species_not_reported""},""endpoint_family"":""T1/2"",""normalized_unit"":""log10(h)"",""parameter_basis"":""elapsed_time"",""parameter_semantics"":""other_context"",""target_kind"":""regression"",""target_transform"":""log10""}"	0	0	log10	1	1
mlv1.t1_2.regression.other_context.1c02f11b3007062f	T1/2	other_context	log10(h)	false	1	1	1	-0.215858385927	-0.215858385927	-0.215858385927	-0.215858385927	-0.215858385927	-0.215858385927	-0.215858385927	-0.215858385927	-0.215858385927	-0.215858385927	0	0	0	1	0	1	0	0	other_context	0	1	1	elapsed_time	false	"{""assay_family"":""other_context"",""binary_evidence_lane"":""not_binary"",""condition"":{""assay"":""other_enzyme_activity_assay"",""matrix"":""other_fd_fd"",""protease"":""not_applicable"",""route"":""not_applicable"",""species"":""species_not_reported""},""endpoint_family"":""T1/2"",""normalized_unit"":""log10(h)"",""parameter_basis"":""elapsed_time"",""parameter_semantics"":""other_context"",""target_kind"":""regression"",""target_transform"":""log10""}"	0	0	log10	1	1
mlv1.t1_2.regression.other_context.1c572a5a712895ad	T1/2	other_context	log10(h)	false	1	1	1	0.61278385672	0.61278385672	0.61278385672	0.61278385672	0.61278385672	0.61278385672	0.61278385672	0.61278385672	0.61278385672	0.61278385672	0	0	0	1	0	0	1	0	other_context	0	1	1	elapsed_time	false	"{""assay_family"":""other_context"",""binary_evidence_lane"":""not_binary"",""condition"":{""assay"":""hplc"",""matrix"":""other_human_fibroblasts_human_fibroblasts"",""protease"":""not_applicable"",""route"":""not_applicable"",""species"":""human""},""endpoint_family"":""T1/2"",""normalized_unit"":""log10(h)"",""parameter_basis"":""elapsed_time"",""parameter_semantics"":""other_context"",""target_kind"":""regression"",""target_transform"":""log10""}"	0	0	log10	1	1
mlv1.t1_2.regression.other_context.1cec12395a7d2713	T1/2	other_context	log10(h)	false	1	1	1	-0.259637310506	-0.259637310506	-0.259637310506	-0.259637310506	-0.259637310506	-0.259637310506	-0.259637310506	-0.259637310506	-0.259637310506	-0.259637310506	0	0	0	1	0	1	0	0	other_context	0	1	1	elapsed_time	false	"{""assay_family"":""other_context"",""binary_evidence_lane"":""not_binary"",""condition"":{""assay"":""other_antibody_assay"",""matrix"":""other_rat_colon_luminal_flushing_f0b73dda"",""protease"":""not_applicable"",""route"":""not_applicable"",""species"":""rat""},""endpoint_family"":""T1/2"",""normalized_unit"":""log10(h)"",""parameter_basis"":""elapsed_time"",""parameter_semantics"":""other_context"",""target_kind"":""regression"",""target_transform"":""log10""}"	0	0	log10	1	1
mlv1.t1_2.regression.other_context.202a8d3aa4b05a22	T1/2	other_context	log10(h)	false	2-4	4	4	0.176091259056	0.186752888796	0.229399407754	0.442632002546	0.681993914874	0.86766364793	0.952035012466	0.968909285373	0.9731278536	0.628301735601	0.353305626017	0.425031645384	0.220824468279	0.25	0	0	4	0	other_context	0	4	1	elapsed_time	false	"{""assay_family"":""other_context"",""binary_evidence_lane"":""not_binary"",""condition"":{""assay"":""other_surface_plasmon_resonance_spr"",""matrix"":""buffer"",""protease"":""not_applicable"",""route"":""not_applicable"",""species"":""species_not_reported""},""endpoint_family"":""T1/2"",""normalized_unit"":""log10(h)"",""parameter_basis"":""elapsed_time"",""parameter_semantics"":""other_context"",""target_kind"":""regression"",""target_transform"":""log10""}"	0	0	log10	4	1
mlv1.t1_2.regression.other_context.20b574f864649fd6	T1/2	other_context	log10(h)	false	1	1	1	-1.47712125472	-1.47712125472	-1.47712125472	-1.47712125472	-1.47712125472	-1.47712125472	-1.47712125472	-1.47712125472	-1.47712125472	-1.47712125472	0	0	0	1	0	1	0	0	other_context	0	1	1	elapsed_time	false	"{""assay_family"":""other_context"",""binary_evidence_lane"":""not_binary"",""condition"":{""assay"":""other_antibody_assay"",""matrix"":""other_rat_ileum_luminal_flushing_27f8f5cd"",""protease"":""not_applicable"",""route"":""not_applicable"",""species"":""rat""},""endpoint_family"":""T1/2"",""normalized_unit"":""log10(h)"",""parameter_basis"":""elapsed_time"",""parameter_semantics"":""other_context"",""target_kind"":""regression"",""target_transform"":""log10""}"	0	0	log10	1	1
mlv1.t1_2.regression.other_context.2e34c93dd1e919cf	T1/2	other_context	log10(h)	false	1	1	1	-0.259637310506	-0.259637310506	-0.259637310506	-0.259637310506	-0.259637310506	-0.259637310506	-0.259637310506	-0.259637310506	-0.259637310506	-0.259637310506	0	0	0	1	0	1	0	0	other_context	0	1	1	elapsed_time	false	"{""assay_family"":""other_context"",""binary_evidence_lane"":""not_binary"",""condition"":{""assay"":""lc_ms_ms"",""matrix"":""liver_microsomes"",""protease"":""not_applicable"",""route"":""not_applicable"",""species"":""dog""},""endpoint_family"":""T1/2"",""normalized_unit"":""log10(h)"",""parameter_basis"":""elapsed_time"",""parameter_semantics"":""other_context"",""target_kind"":""regression"",""target_transform"":""log10""}"	0	0	log10	1	1
mlv1.t1_2.regression.other_context.2e6b249344b37c4b	T1/2	other_context	log10(h)	false	10-29	11	9	-2.09691001301	-2.08374280108	-2.03107395337	-1.60205999133	-1.34678748622	-0.655394916477	-0.159379381312	-0.00945289738232	0.0280287236002	-1.14873122533	0.698358993771	0.946665074853	0.610028920995	0.272727272727	0	10	1	0	other_context	0	11	1	elapsed_time	false	"{""assay_family"":""other_context"",""binary_evidence_lane"":""not_binary"",""condition"":{""assay"":""hplc"",""matrix"":""other_heamolymph_of_aplysia_heamo_7d3c87fc"",""protease"":""not_applicable"",""route"":""not_applicable"",""species"":""species_not_reported""},""endpoint_family"":""T1/2"",""normalized_unit"":""log10(h)"",""parameter_basis"":""elapsed_time"",""parameter_semantics"":""other_context"",""target_kind"":""regression"",""target_transform"":""log10""}"	0	0	log10	11	1
mlv1.t1_2.regression.other_context.2f19db37857c1071	T1/2	other_context	log10(h)	false	1	1	1	1.660865478	1.660865478	1.660865478	1.660865478	1.660865478	1.660865478	1.660865478	1.660865478	1.660865478	1.660865478	0	0	0	1	0	0	1	0	other_context	0	1	1	elapsed_time	false	"{""assay_family"":""other_context"",""binary_evidence_lane"":""not_binary"",""condition"":{""assay"":""other_cell_based_bioassay"",""matrix"":""other_monkeys_monkeys"",""protease"":""not_applicable"",""route"":""not_applicable"",""species"":""monkey_unspecified""},""endpoint_family"":""T1/2"",""normalized_unit"":""log10(h)"",""parameter_basis"":""elapsed_time"",""parameter_semantics"":""other_context"",""target_kind"":""regression"",""target_transform"":""log10""}"	0	0	log10	1	1
mlv1.t1_2.regression.other_context.3226cc3b476516a2	T1/2	other_context	log10(h)	false	1	1	1	-1.02996322338	-1.02996322338	-1.02996322338	-1.02996322338	-1.02996322338	-1.02996322338	-1.02996322338	-1.02996322338	-1.02996322338	-1.02996322338	0	0	0	1	0	1	0	0	other_context	0	1	1	elapsed_time	false	"{""assay_family"":""other_context"",""binary_evidence_lane"":""not_binary"",""condition"":{""assay"":""other_enzyme_activity_assay"",""matrix"":""other_dd_dd"",""protease"":""not_applicable"",""route"":""not_applicable"",""species"":""species_not_reported""},""endpoint_family"":""T1/2"",""normalized_unit"":""log10(h)"",""parameter_basis"":""elapsed_time"",""parameter_semantics"":""other_context"",""target_kind"":""regression"",""target_transform"":""log10""}"	0	0	log10	1	1
mlv1.t1_2.regression.other_context.32849650165b4541	T1/2	other_context	log10(h)	false	1	1	1	0.653212513775	0.653212513775	0.653212513775	0.653212513775	0.653212513775	0.653212513775	0.653212513775	0.653212513775	0.653212513775	0.653212513775	0	0	0	1	0	0	1	0	other_context	0	1	1	elapsed_time	false	"{""assay_family"":""other_context"",""binary_evidence_lane"":""not_binary"",""condition"":{""assay"":""hplc"",""matrix"":""other_svk14_keratinocytes_svk14_k_409dd67e"",""protease"":""not_applicable"",""route"":""not_applicable"",""species"":""species_not_reported""},""endpoint_family"":""T1/2"",""normalized_unit"":""log10(h)"",""parameter_basis"":""elapsed_time"",""parameter_semantics"":""other_context"",""target_kind"":""regression"",""target_transform"":""log10""}"	0	0	log10	1	1
mlv1.t1_2.regression.other_context.3402e29f978621d3	T1/2	other_context	log10(h)	false	1	1	1	-1.38021124171	-1.38021124171	-1.38021124171	-1.38021124171	-1.38021124171	-1.38021124171	-1.38021124171	-1.38021124171	-1.38021124171	-1.38021124171	0	0	0	1	0	1	0	0	other_context	0	1	1	elapsed_time	false	"{""assay_family"":""other_context"",""binary_evidence_lane"":""not_binary"",""condition"":{""assay"":""radioactivity"",""matrix"":""other_rat_stomach_luminal_flushin_6dc7d652"",""protease"":""not_applicable"",""route"":""not_applicable"",""species"":""rat""},""endpoint_family"":""T1/2"",""normalized_unit"":""log10(h)"",""parameter_basis"":""elapsed_time"",""parameter_semantics"":""other_context"",""target_kind"":""regression"",""target_transform"":""log10""}"	0	0	log10	1	1
mlv1.t1_2.regression.other_context.35145d447e57d2e7	T1/2	other_context	log10(h)	false	5-9	6	6	-0.148741651281	-0.13293870198	-0.0697269047738	0.183758191045	0.27220535612	0.543805597649	0.635163279598	0.638860826309	0.639785212987	0.304011514687	0.297378485945	0.360047406604	0.226990072341	0.166666666667	0	1	5	0	other_context	0	2	1	elapsed_time	false	"{""assay_family"":""other_context"",""binary_evidence_lane"":""not_binary"",""condition"":{""assay"":""assay_not_reported"",""matrix"":""other_rat_muscle_slices_rat_muscle_slices"",""protease"":""not_applicable"",""route"":""not_applicable"",""species"":""rat""},""endpoint_family"":""T1/2"",""normalized_unit"":""log10(h)"",""parameter_basis"":""elapsed_time"",""parameter_semantics"":""other_context"",""target_kind"":""regression"",""target_transform"":""log10""}"	0	4	log10	6	1
mlv1.t1_2.regression.other_context.38d1426ba8a3f5e0	T1/2	other_context	log10(h)	false	5-9	5	5	-1.45593195565	-1.41290312709	-1.24078781286	-0.380211241712	-0.106053392448	-0.0222763947112	1.09971371443	1.32411173625	1.38021124171	-0.116852348562	1.01399614429	0.357934847001	0.274157849264	0.2	0	4	1	2	other_context	0	5	1	elapsed_time	false	"{""assay_family"":""other_context"",""binary_evidence_lane"":""not_binary"",""condition"":{""assay"":""hplc"",""matrix"":""other_purified_et_1_protein_sampl_a382db96"",""protease"":""not_applicable"",""route"":""not_applicable"",""species"":""species_not_reported""},""endpoint_family"":""T1/2"",""normalized_unit"":""log10(h)"",""parameter_basis"":""elapsed_time"",""parameter_semantics"":""other_context"",""target_kind"":""regression"",""target_transform"":""log10""}"	0	0	log10	5	1
mlv1.t1_2.regression.other_context.399d4ef6c31ed1e8	T1/2	other_context	log10(h)	false	1	1	1	-0.684729565221	-0.684729565221	-0.684729565221	-0.684729565221	-0.684729565221	-0.684729565221	-0.684729565221	-0.684729565221	-0.684729565221	-0.684729565221	0	0	0	1	0	1	0	0	other_context	0	1	1	elapsed_time	false	"{""assay_family"":""other_context"",""binary_evidence_lane"":""not_binary"",""condition"":{""assay"":""other_autoradiography"",""matrix"":""other_fresh_surgically_excised_hu_a7e89d97"",""protease"":""not_applicable"",""route"":""not_applicable"",""species"":""human""},""endpoint_family"":""T1/2"",""normalized_unit"":""log10(h)"",""parameter_basis"":""elapsed_time"",""parameter_semantics"":""other_context"",""target_kind"":""regression"",""target_transform"":""log10""}"	0	0	log10	1	1
mlv1.t1_2.regression.other_context.441c2db84425ae09	T1/2	other_context	log10(h)	false	1	1	1	0.85833664597	0.85833664597	0.85833664597	0.85833664597	0.85833664597	0.85833664597	0.85833664597	0.85833664597	0.85833664597	0.85833664597	0	0	0	1	0	0	1	0	other_context	0	1	1	elapsed_time	false	"{""assay_family"":""other_context"",""binary_evidence_lane"":""not_binary"",""condition"":{""assay"":""mass_spectrometry"",""matrix"":""other_potassium_phosphate_buffers_4076c910"",""protease"":""not_applicable"",""route"":""not_applicable"",""species"":""species_not_reported""},""endpoint_family"":""T1/2"",""normalized_unit"":""log10(h)"",""parameter_basis"":""elapsed_time"",""parameter_semantics"":""other_context"",""target_kind"":""regression"",""target_transform"":""log10""}"	0	0	log10	1	1
mlv1.t1_2.regression.other_context.441cf0f22d3715a7	T1/2	other_context	log10(h)	false	2-4	2	2	-1.38021124171	-1.37765851666	-1.36744761646	-1.31639311544	-1.25257498916	-1.18875686289	-1.13770236187	-1.12749146166	-1.12493873661	-1.25257498916	0.180504919407	0.12763625255	0.12763625255	0.5	0	2	0	0	other_context	0	2	1	elapsed_time	false	"{""assay_family"":""other_context"",""binary_evidence_lane"":""not_binary"",""condition"":{""assay"":""hplc"",""matrix"":""other_midgut_lumen_of_m_sexta_mid_1e378424"",""protease"":""not_applicable"",""route"":""not_applicable"",""species"":""species_not_reported""},""endpoint_family"":""T1/2"",""normalized_unit"":""log10(h)"",""parameter_basis"":""elapsed_time"",""parameter_semantics"":""other_context"",""target_kind"":""regression"",""target_transform"":""log10""}"	0	0	log10	2	1
mlv1.t1_2.regression.other_context.461212eb8d007285	T1/2	other_context	log10(h)	false	1	1	1	-1.47712125472	-1.47712125472	-1.47712125472	-1.47712125472	-1.47712125472	-1.47712125472	-1.47712125472	-1.47712125472	-1.47712125472	-1.47712125472	0	0	0	1	0	1	0	0	other_context	0	1	1	elapsed_time	false	"{""assay_family"":""other_context"",""binary_evidence_lane"":""not_binary"",""condition"":{""assay"":""radioactivity"",""matrix"":""other_rat_ileum_luminal_flushing_27f8f5cd"",""protease"":""not_applicable"",""route"":""not_applicable"",""species"":""rat""},""endpoint_family"":""T1/2"",""normalized_unit"":""log10(h)"",""parameter_basis"":""elapsed_time"",""parameter_semantics"":""other_context"",""target_kind"":""regression"",""target_transform"":""log10""}"	0	0	log10	1	1
mlv1.t1_2.regression.other_context.47730b84034b1659	T1/2	other_context	log10(h)	false	1	1	1	-1.47712125472	-1.47712125472	-1.47712125472	-1.47712125472	-1.47712125472	-1.47712125472	-1.47712125472	-1.47712125472	-1.47712125472	-1.47712125472	0	0	0	1	0	1	0	0	other_context	0	1	1	elapsed_time	false	"{""assay_family"":""other_context"",""binary_evidence_lane"":""not_binary"",""condition"":{""assay"":""other_antibody_assay"",""matrix"":""other_rat_duodenum_luminal_flushi_4a656494"",""protease"":""not_applicable"",""route"":""not_applicable"",""species"":""rat""},""endpoint_family"":""T1/2"",""normalized_unit"":""log10(h)"",""parameter_basis"":""elapsed_time"",""parameter_semantics"":""other_context"",""target_kind"":""regression"",""target_transform"":""log10""}"	0	0	log10	1	1
mlv1.t1_2.regression.other_context.4a82268cd9bec8af	T1/2	other_context	log10(h)	false	2-4	3	3	-0.617382688523	-0.602364256585	-0.542290528834	-0.241921890077	0.13353890837	0.868882480725	1.45715733861	1.57481231019	1.60422605308	0.373460757642	1.13007000691	1.1108043708	0.750921596893	0.333333333333	0	1	2	0	other_context	0	3	1	elapsed_time	false	"{""assay_family"":""other_context"",""binary_evidence_lane"":""not_binary"",""condition"":{""assay"":""assay_not_reported"",""matrix"":""other_n_a_n_a"",""protease"":""not_applicable"",""route"":""not_applicable"",""species"":""species_not_reported""},""endpoint_family"":""T1/2"",""normalized_unit"":""log10(h)"",""parameter_basis"":""elapsed_time"",""parameter_semantics"":""other_context"",""target_kind"":""regression"",""target_transform"":""log10""}"	0	0	log10	3	1
mlv1.t1_2.regression.other_context.5482bf5aea957b96	T1/2	other_context	log10(h)	false	1	1	1	0.812913356643	0.812913356643	0.812913356643	0.812913356643	0.812913356643	0.812913356643	0.812913356643	0.812913356643	0.812913356643	0.812913356643	0	0	0	1	0	0	1	0	other_context	0	1	1	elapsed_time	false	"{""assay_family"":""other_context"",""binary_evidence_lane"":""not_binary"",""condition"":{""assay"":""hplc"",""matrix"":""other_conjuagte_1_psa_prostate_sp_27254311"",""protease"":""not_applicable"",""route"":""not_applicable"",""species"":""species_not_reported""},""endpoint_family"":""T1/2"",""normalized_unit"":""log10(h)"",""parameter_basis"":""elapsed_time"",""parameter_semantics"":""other_context"",""target_kind"":""regression"",""target_transform"":""log10""}"	0	0	log10	1	1
mlv1.t1_2.regression.other_context.568784bd14ce97db	T1/2	other_context	log10(h)	false	2-4	4	4	-1.66420789808	-1.64862214498	-1.58627913259	-1.27456407062	-1.0098720291	-0.55048447906	0.228499803338	0.384296659817	0.423245873937	-0.815176520584	0.888201342488	0.72407959156	0.394573317344	0.25	0	3	1	0	other_context	0	4	1	elapsed_time	false	"{""assay_family"":""other_context"",""binary_evidence_lane"":""not_binary"",""condition"":{""assay"":""assay_not_reported"",""matrix"":""other_human_kidney_membrane_extra_8afd96eb"",""protease"":""not_applicable"",""route"":""not_applicable"",""species"":""human""},""endpoint_family"":""T1/2"",""normalized_unit"":""log10(h)"",""parameter_basis"":""elapsed_time"",""parameter_semantics"":""other_context"",""target_kind"":""regression"",""target_transform"":""log10""}"	0	0	log10	4	1
mlv1.t1_2.regression.other_context.5c3915586ec11590	T1/2	other_context	log10(h)	false	1	1	1	-1.25963731051	-1.25963731051	-1.25963731051	-1.25963731051	-1.25963731051	-1.25963731051	-1.25963731051	-1.25963731051	-1.25963731051	-1.25963731051	0	0	0	1	0	1	0	0	other_context	0	1	1	elapsed_time	false	"{""assay_family"":""other_context"",""binary_evidence_lane"":""not_binary"",""condition"":{""assay"":""hplc"",""matrix"":""non_brain_homogenate"",""protease"":""not_applicable"",""route"":""not_applicable"",""species"":""pig""},""endpoint_family"":""T1/2"",""normalized_unit"":""log10(h)"",""parameter_basis"":""elapsed_time"",""parameter_semantics"":""other_context"",""target_kind"":""regression"",""target_transform"":""log10""}"	0	0	log10	1	1
mlv1.t1_2.regression.other_context.5dc9b52036f53a67	T1/2	other_context	log10(h)	false	1	1	1	-0.875061263392	-0.875061263392	-0.875061263392	-0.875061263392	-0.875061263392	-0.875061263392	-0.875061263392	-0.875061263392	-0.875061263392	-0.875061263392	0	0	0	1	0	1	0	0	other_context	0	1	1	elapsed_time	false	"{""assay_family"":""other_context"",""binary_evidence_lane"":""not_binary"",""condition"":{""assay"":""other_tca_precipitation"",""matrix"":""other_rat_stomach_luminal_flushin_6dc7d652"",""protease"":""not_applicable"",""route"":""not_applicable"",""species"":""rat""},""endpoint_family"":""T1/2"",""normalized_unit"":""log10(h)"",""parameter_basis"":""elapsed_time"",""parameter_semantics"":""other_context"",""target_kind"":""regression"",""target_transform"":""log10""}"	0	0	log10	1	1
mlv1.t1_2.regression.other_context.5e2a83b95c233c75	T1/2	other_context	log10(h)	false	2-4	2	2	-0.330993219041	-0.325464799354	-0.303351120608	-0.192782726877	-0.0545722347125	0.0836382574518	0.194206651183	0.216320329929	0.221848749616	-0.0545722347125	0.390918304962	0.276420984329	0.276420984329	0.5	0	1	1	0	other_context	0	2	1	elapsed_time	false	"{""assay_family"":""other_context"",""binary_evidence_lane"":""not_binary"",""condition"":{""assay"":""hplc"",""matrix"":""other_hypothalamic_membranes_of_m_2233ff99"",""protease"":""not_applicable"",""route"":""not_applicable"",""species"":""rat""},""endpoint_family"":""T1/2"",""normalized_unit"":""log10(h)"",""parameter_basis"":""elapsed_time"",""parameter_semantics"":""other_context"",""target_kind"":""regression"",""target_transform"":""log10""}"	0	0	log10	2	1
mlv1.t1_2.regression.other_context.5f3f303b2b73feec	T1/2	other_context	log10(h)	false	1	1	1	0.54406804435	0.54406804435	0.54406804435	0.54406804435	0.54406804435	0.54406804435	0.54406804435	0.54406804435	0.54406804435	0.54406804435	0	0	0	1	0	0	1	0	other_context	0	1	1	elapsed_time	false	"{""assay_family"":""other_context"",""binary_evidence_lane"":""not_binary"",""condition"":{""assay"":""assay_not_reported"",""matrix"":""other_mammalian_reticulocytes_wit_7089c3d7"",""protease"":""not_applicable"",""route"":""not_applicable"",""species"":""species_not_reported""},""endpoint_family"":""T1/2"",""normalized_unit"":""log10(h)"",""parameter_basis"":""elapsed_time"",""parameter_semantics"":""other_context"",""target_kind"":""regression"",""target_transform"":""log10""}"	0	0	log10	1	1
mlv1.t1_2.regression.other_context.63de9865e6a432c1	T1/2	other_context	log10(h)	false	1	1	1	-1.30102999566	-1.30102999566	-1.30102999566	-1.30102999566	-1.30102999566	-1.30102999566	-1.30102999566	-1.30102999566	-1.30102999566	-1.30102999566	0	0	0	1	0	1	0	0	other_context	0	1	1	elapsed_time	false	"{""assay_family"":""other_context"",""binary_evidence_lane"":""not_binary"",""condition"":{""assay"":""radioactivity"",""matrix"":""other_not_reported_not_reported"",""protease"":""not_applicable"",""route"":""not_applicable"",""species"":""species_not_reported""},""endpoint_family"":""T1/2"",""normalized_unit"":""log10(h)"",""parameter_basis"":""elapsed_time"",""parameter_semantics"":""other_context"",""target_kind"":""regression"",""target_transform"":""log10""}"	0	0	log10	1	1
mlv1.t1_2.regression.other_context.6ab694cc225d0896	T1/2	other_context	log10(h)	false	1	1	1	0.633148508486	0.633148508486	0.633148508486	0.633148508486	0.633148508486	0.633148508486	0.633148508486	0.633148508486	0.633148508486	0.633148508486	0	0	0	1	0	0	1	0	other_context	0	1	1	elapsed_time	false	"{""assay_family"":""other_context"",""binary_evidence_lane"":""not_binary"",""condition"":{""assay"":""radioimmunoassay"",""matrix"":""other_brodmann_area_tissues_of_br_714cc5b0"",""protease"":""not_applicable"",""route"":""not_applicable"",""species"":""species_not_reported""},""endpoint_family"":""T1/2"",""normalized_unit"":""log10(h)"",""parameter_basis"":""elapsed_time"",""parameter_semantics"":""other_context"",""target_kind"":""regression"",""target_transform"":""log10""}"	0	0	log10	1	1
mlv1.t1_2.regression.other_context.6c251773859bb51b	T1/2	other_context	log10(h)	false	5-9	7	6	-0.778151250384	-0.778151250384	-0.778151250384	-0.389075625192	0.516314975778	1.16674938662	1.37541933392	1.37925286015	1.38021124171	0.381960355709	0.927537861508	1.55582501181	0.847923239962	0.285714285714	1	2	4	0	other_context	0	6	1	elapsed_time	false	"{""assay_family"":""other_context"",""binary_evidence_lane"":""not_binary"",""condition"":{""assay"":""hplc"",""matrix"":""cellular_matrix"",""protease"":""not_applicable"",""route"":""not_applicable"",""species"":""species_not_reported""},""endpoint_family"":""T1/2"",""normalized_unit"":""log10(h)"",""parameter_basis"":""elapsed_time"",""parameter_semantics"":""other_context"",""target_kind"":""regression"",""target_transform"":""log10""}"	0	1	log10	7	1
mlv1.t1_2.regression.other_context.6db1c58c789083fe	T1/2	other_context	log10(h)	false	1	1	1	-0.695365880067	-0.695365880067	-0.695365880067	-0.695365880067	-0.695365880067	-0.695365880067	-0.695365880067	-0.695365880067	-0.695365880067	-0.695365880067	0	0	0	1	0	1	0	0	other_context	0	1	1	elapsed_time	false	"{""assay_family"":""other_context"",""binary_evidence_lane"":""not_binary"",""condition"":{""assay"":""lc_ms_ms"",""matrix"":""other_cynomolgus_monkeys_hepatocy_4ac9e80b"",""protease"":""not_applicable"",""route"":""not_applicable"",""species"":""cynomolgus_monkey""},""endpoint_family"":""T1/2"",""normalized_unit"":""log10(h)"",""parameter_basis"":""elapsed_time"",""parameter_semantics"":""other_context"",""target_kind"":""regression"",""target_transform"":""log10""}"	0	0	log10	1	1
mlv1.t1_2.regression.other_context.7125b98cb591f9d9	T1/2	other_context	log10(h)	false	1	1	1	2.36361197989	2.36361197989	2.36361197989	2.36361197989	2.36361197989	2.36361197989	2.36361197989	2.36361197989	2.36361197989	2.36361197989	0	0	0	1	0	0	1	0	other_context	0	1	1	elapsed_time	false	"{""assay_family"":""other_context"",""binary_evidence_lane"":""not_binary"",""condition"":{""assay"":""other_1h_nmr"",""matrix"":""other_equimolar_amounts_of_hf_nu_cc46dbbf"",""protease"":""not_applicable"",""route"":""not_applicable"",""species"":""species_not_reported""},""endpoint_family"":""T1/2"",""normalized_unit"":""log10(h)"",""parameter_basis"":""elapsed_time"",""parameter_semantics"":""other_context"",""target_kind"":""regression"",""target_transform"":""log10""}"	0	0	log10	1	1
mlv1.t1_2.regression.other_context.71761336d498d139	T1/2	other_context	log10(h)	false	5-9	5	5	1.49248101013	1.52023741835	1.63126305124	2.1863912157	2.49415459402	2.50078517292	2.6232824983	2.64778196337	2.65390682964	2.26554376448	0.464305516376	0.31439395722	0.15975223562	0.2	0	0	5	1	other_context	0	5	1	elapsed_time	false	"{""assay_family"":""other_context"",""binary_evidence_lane"":""not_binary"",""condition"":{""assay"":""lc_ms"",""matrix"":""other_n_a_n_a"",""protease"":""not_applicable"",""route"":""not_applicable"",""species"":""species_not_reported""},""endpoint_family"":""T1/2"",""normalized_unit"":""log10(h)"",""parameter_basis"":""elapsed_time"",""parameter_semantics"":""other_context"",""target_kind"":""regression"",""target_transform"":""log10""}"	0	0	log10	5	1
mlv1.t1_2.regression.other_context.7298b77659308019	T1/2	other_context	log10(h)	false	1	1	1	-1.05551732785	-1.05551732785	-1.05551732785	-1.05551732785	-1.05551732785	-1.05551732785	-1.05551732785	-1.05551732785	-1.05551732785	-1.05551732785	0	0	0	1	0	1	0	0	other_context	0	1	1	elapsed_time	false	"{""assay_family"":""other_context"",""binary_evidence_lane"":""not_binary"",""condition"":{""assay"":""lc_ms_ms"",""matrix"":""other_human_hepatocytes_lysates_h_f90efa0e"",""protease"":""not_applicable"",""route"":""not_applicable"",""species"":""human""},""endpoint_family"":""T1/2"",""normalized_unit"":""log10(h)"",""parameter_basis"":""elapsed_time"",""parameter_semantics"":""other_context"",""target_kind"":""regression"",""target_transform"":""log10""}"	0	0	log10	1	1
mlv1.t1_2.regression.other_context.74e3ed2fcc81465c	T1/2	other_context	log10(h)	false	1	1	1	-2.38021124171	-2.38021124171	-2.38021124171	-2.38021124171	-2.38021124171	-2.38021124171	-2.38021124171	-2.38021124171	-2.38021124171	-2.38021124171	0	0	0	1	0	1	0	0	other_context	0	1	1	elapsed_time	false	"{""assay_family"":""other_context"",""binary_evidence_lane"":""not_binary"",""condition"":{""assay"":""radioimmunoassay"",""matrix"":""cellular_matrix"",""protease"":""not_applicable"",""route"":""not_applicable"",""species"":""rat""},""endpoint_family"":""T1/2"",""normalized_unit"":""log10(h)"",""parameter_basis"":""elapsed_time"",""parameter_semantics"":""other_context"",""target_kind"":""regression"",""target_transform"":""log10""}"	0	0	log10	1	1
mlv1.t1_2.regression.other_context.7875b44305b53c1c	T1/2	other_context	log10(h)	false	1	1	1	-0.0457574905607	-0.0457574905607	-0.0457574905607	-0.0457574905607	-0.0457574905607	-0.0457574905607	-0.0457574905607	-0.0457574905607	-0.0457574905607	-0.0457574905607	0	0	0	1	0	1	0	0	other_context	0	0	1	elapsed_time	false	"{""assay_family"":""other_context"",""binary_evidence_lane"":""not_binary"",""condition"":{""assay"":""other_lc_hrms"",""matrix"":""other_1_mg_ml_sd_rats_sct_protein_5207ca40"",""protease"":""not_applicable"",""route"":""not_applicable"",""species"":""rat""},""endpoint_family"":""T1/2"",""normalized_unit"":""log10(h)"",""parameter_basis"":""elapsed_time"",""parameter_semantics"":""other_context"",""target_kind"":""regression"",""target_transform"":""log10""}"	0	1	log10	1	1
mlv1.t1_2.regression.other_context.7acf16cada20fcbb	T1/2	other_context	log10(h)	false	1	1	1	-0.266267889405	-0.266267889405	-0.266267889405	-0.266267889405	-0.266267889405	-0.266267889405	-0.266267889405	-0.266267889405	-0.266267889405	-0.266267889405	0	0	0	1	0	1	0	0	other_context	0	1	1	elapsed_time	false	"{""assay_family"":""other_context"",""binary_evidence_lane"":""not_binary"",""condition"":{""assay"":""lc_ms_ms"",""matrix"":""liver_microsomes"",""protease"":""not_applicable"",""route"":""not_applicable"",""species"":""mouse""},""endpoint_family"":""T1/2"",""normalized_unit"":""log10(h)"",""parameter_basis"":""elapsed_time"",""parameter_semantics"":""other_context"",""target_kind"":""regression"",""target_transform"":""log10""}"	0	0	log10	1	1
mlv1.t1_2.regression.other_context.7c61231fc6a3c23f	T1/2	other_context	log10(h)	false	2-4	2	2	-1.36317790241	-1.36079551075	-1.35126594412	-1.30361811096	-1.24405831951	-1.18449852806	-1.1368506949	-1.12732112827	-1.12493873661	-1.24405831951	0.168460529681	0.1191195829	0.1191195829	0.5	0	2	0	0	other_context	0	2	1	elapsed_time	false	"{""assay_family"":""other_context"",""binary_evidence_lane"":""not_binary"",""condition"":{""assay"":""radioimmunoassay"",""matrix"":""other_human_kidney_membranes_huma_05309635"",""protease"":""not_applicable"",""route"":""not_applicable"",""species"":""human""},""endpoint_family"":""T1/2"",""normalized_unit"":""log10(h)"",""parameter_basis"":""elapsed_time"",""parameter_semantics"":""other_context"",""target_kind"":""regression"",""target_transform"":""log10""}"	0	0	log10	2	1
mlv1.t1_2.regression.other_context.8370ccfebb124a9e	T1/2	other_context	log10(h)	false	1	1	1	1.07918124605	1.07918124605	1.07918124605	1.07918124605	1.07918124605	1.07918124605	1.07918124605	1.07918124605	1.07918124605	1.07918124605	0	0	0	1	0	0	1	0	other_context	0	1	1	elapsed_time	false	"{""assay_family"":""other_context"",""binary_evidence_lane"":""not_binary"",""condition"":{""assay"":""hplc"",""matrix"":""other_conjuagte_2_psa_prostate_sp_0d979c01"",""protease"":""not_applicable"",""route"":""not_applicable"",""species"":""species_not_reported""},""endpoint_family"":""T1/2"",""normalized_unit"":""log10(h)"",""parameter_basis"":""elapsed_time"",""parameter_semantics"":""other_context"",""target_kind"":""regression"",""target_transform"":""log10""}"	0	0	log10	1	1
mlv1.t1_2.regression.other_context.83a0ceb80dd63b24	T1/2	other_context	log10(h)	false	5-9	7	7	-1.38021124171	-1.3648948914	-1.30362949018	-0.845007580843	-0.44235914846	0.252302546511	0.83577307966	0.957367050798	0.987765543583	-0.28860213075	0.847558977079	1.09731012735	0.68257958815	0.142857142857	0	4	3	0	other_context	0	7	1	elapsed_time	false	"{""assay_family"":""other_context"",""binary_evidence_lane"":""not_binary"",""condition"":{""assay"":""mass_spectrometry"",""matrix"":""other_wt_mbp_wt_mbp"",""protease"":""not_applicable"",""route"":""not_applicable"",""species"":""species_not_reported""},""endpoint_family"":""T1/2"",""normalized_unit"":""log10(h)"",""parameter_basis"":""elapsed_time"",""parameter_semantics"":""other_context"",""target_kind"":""regression"",""target_transform"":""log10""}"	0	0	log10	7	1
mlv1.t1_2.regression.other_context.891292489a058063	T1/2	other_context	log10(h)	false	1	1	1	0	0	0	0	0	0	0	0	0	0	0	0	0	1	1	0	0	0	other_context	0	1	1	elapsed_time	false	"{""assay_family"":""other_context"",""binary_evidence_lane"":""not_binary"",""condition"":{""assay"":""other_bca_protein_assay"",""matrix"":""other_n_a_n_a"",""protease"":""not_applicable"",""route"":""not_applicable"",""species"":""species_not_reported""},""endpoint_family"":""T1/2"",""normalized_unit"":""log10(h)"",""parameter_basis"":""elapsed_time"",""parameter_semantics"":""other_context"",""target_kind"":""regression"",""target_transform"":""log10""}"	0	0	log10	1	1
mlv1.t1_2.regression.other_context.8ce9f075ed2d879f	T1/2	other_context	log10(h)	false	2-4	3	3	1.2552725051	1.26077104896	1.28276522441	1.39273610165	1.5301996982	1.76939993498	1.9607601244	1.99903216229	2.00860017176	1.59802412502	0.381216156523	0.37666383333	0.2749271931	0.333333333333	0	0	3	0	other_context	0	3	1	elapsed_time	false	"{""assay_family"":""other_context"",""binary_evidence_lane"":""not_binary"",""condition"":{""assay"":""elisa"",""matrix"":""buffer"",""protease"":""not_applicable"",""route"":""not_applicable"",""species"":""species_not_reported""},""endpoint_family"":""T1/2"",""normalized_unit"":""log10(h)"",""parameter_basis"":""elapsed_time"",""parameter_semantics"":""other_context"",""target_kind"":""regression"",""target_transform"":""log10""}"	0	0	log10	3	1
mlv1.t1_2.regression.other_context.8d232a1493f9c235	T1/2	other_context	log10(h)	false	5-9	6	6	-0.800427645095	-0.740509262407	-0.500835731653	0.448970004336	0.794639610618	1.14989479447	1.58803250339	1.69040917558	1.71600334363	0.684485818517	0.862504040579	0.700924790136	0.403089986994	0.166666666667	0	1	5	1	other_context	0	5	1	elapsed_time	false	"{""assay_family"":""other_context"",""binary_evidence_lane"":""not_binary"",""condition"":{""assay"":""hplc"",""matrix"":""buffer"",""protease"":""not_applicable"",""route"":""not_applicable"",""species"":""species_not_reported""},""endpoint_family"":""T1/2"",""normalized_unit"":""log10(h)"",""parameter_basis"":""elapsed_time"",""parameter_semantics"":""other_context"",""target_kind"":""regression"",""target_transform"":""log10""}"	0	1	log10	6	1
mlv1.t1_2.regression.other_context.8d75afdb3320f499	T1/2	other_context	log10(h)	false	1	1	1	0.404263402051	0.404263402051	0.404263402051	0.404263402051	0.404263402051	0.404263402051	0.404263402051	0.404263402051	0.404263402051	0.404263402051	0	0	0	1	0	0	1	0	other_context	0	1	1	elapsed_time	false	"{""assay_family"":""other_context"",""binary_evidence_lane"":""not_binary"",""condition"":{""assay"":""other_enzyme_activity_assay"",""matrix"":""other_fdd_fdd"",""protease"":""not_applicable"",""route"":""not_applicable"",""species"":""species_not_reported""},""endpoint_family"":""T1/2"",""normalized_unit"":""log10(h)"",""parameter_basis"":""elapsed_time"",""parameter_semantics"":""other_context"",""target_kind"":""regression"",""target_transform"":""log10""}"	0	0	log10	1	1
mlv1.t1_2.regression.other_context.8e25ca251c3c0c69	T1/2	other_context	log10(h)	false	1	1	1	0.244277120802	0.244277120802	0.244277120802	0.244277120802	0.244277120802	0.244277120802	0.244277120802	0.244277120802	0.244277120802	0.244277120802	0	0	0	1	0	0	1	0	other_context	0	1	1	elapsed_time	false	"{""assay_family"":""other_context"",""binary_evidence_lane"":""not_binary"",""condition"":{""assay"":""other_enzyme_activity_assay"",""matrix"":""other_ddf_ddf"",""protease"":""not_applicable"",""route"":""not_applicable"",""species"":""species_not_reported""},""endpoint_family"":""T1/2"",""normalized_unit"":""log10(h)"",""parameter_basis"":""elapsed_time"",""parameter_semantics"":""other_context"",""target_kind"":""regression"",""target_transform"":""log10""}"	0	0	log10	1	1
mlv1.t1_2.regression.other_context.903a744f299968f7	T1/2	other_context	log10(h)	false	1	1	1	0.662757831682	0.662757831682	0.662757831682	0.662757831682	0.662757831682	0.662757831682	0.662757831682	0.662757831682	0.662757831682	0.662757831682	0	0	0	1	0	0	1	0	other_context	0	1	1	elapsed_time	false	"{""assay_family"":""other_context"",""binary_evidence_lane"":""not_binary"",""condition"":{""assay"":""hplc"",""matrix"":""other_human_fresh_epidermis_human_8b90de81"",""protease"":""not_applicable"",""route"":""not_applicable"",""species"":""human""},""endpoint_family"":""T1/2"",""normalized_unit"":""log10(h)"",""parameter_basis"":""elapsed_time"",""parameter_semantics"":""other_context"",""target_kind"":""regression"",""target_transform"":""log10""}"	0	0	log10	1	1
mlv1.t1_2.regression.other_context.93a5b887f4ea230c	T1/2	other_context	log10(h)	false	1	1	1	-0.439694756779	-0.439694756779	-0.439694756779	-0.439694756779	-0.439694756779	-0.439694756779	-0.439694756779	-0.439694756779	-0.439694756779	-0.439694756779	0	0	0	1	0	1	0	0	other_context	0	1	1	elapsed_time	false	"{""assay_family"":""other_context"",""binary_evidence_lane"":""not_binary"",""condition"":{""assay"":""lc_ms_ms"",""matrix"":""liver_microsomes"",""protease"":""not_applicable"",""route"":""not_applicable"",""species"":""cynomolgus_monkey""},""endpoint_family"":""T1/2"",""normalized_unit"":""log10(h)"",""parameter_basis"":""elapsed_time"",""parameter_semantics"":""other_context"",""target_kind"":""regression"",""target_transform"":""log10""}"	0	0	log10	1	1
mlv1.t1_2.regression.other_context.970171cacfc1fc34	T1/2	other_context	log10(h)	false	2-4	2	2	-0.56066730617	-0.554329562125	-0.528978585945	-0.402223705044	-0.243780103917	-0.085336502791	0.0414183781101	0.0667693542903	0.0731070983354	-0.243780103917	0.448146179168	0.316887202253	0.316887202253	0.5	0	1	1	0	other_context	0	2	1	elapsed_time	false	"{""assay_family"":""other_context"",""binary_evidence_lane"":""not_binary"",""condition"":{""assay"":""hplc"",""matrix"":""other_midgut_tissues_of_m_sexta_m_1a90e099"",""protease"":""not_applicable"",""route"":""not_applicable"",""species"":""species_not_reported""},""endpoint_family"":""T1/2"",""normalized_unit"":""log10(h)"",""parameter_basis"":""elapsed_time"",""parameter_semantics"":""other_context"",""target_kind"":""regression"",""target_transform"":""log10""}"	0	0	log10	2	1
mlv1.t1_2.regression.other_context.985bb44b2cfa1c63	T1/2	other_context	log10(h)	false	1	1	1	0.610305202317	0.610305202317	0.610305202317	0.610305202317	0.610305202317	0.610305202317	0.610305202317	0.610305202317	0.610305202317	0.610305202317	0	0	0	1	0	0	1	0	other_context	0	1	1	elapsed_time	false	"{""assay_family"":""other_context"",""binary_evidence_lane"":""not_binary"",""condition"":{""assay"":""other_enzyme_activity_assay"",""matrix"":""other_fdf_fdf"",""protease"":""not_applicable"",""route"":""not_applicable"",""species"":""species_not_reported""},""endpoint_family"":""T1/2"",""normalized_unit"":""log10(h)"",""parameter_basis"":""elapsed_time"",""parameter_semantics"":""other_context"",""target_kind"":""regression"",""target_transform"":""log10""}"	0	0	log10	1	1
mlv1.t1_2.regression.other_context.990306d6da1ff502	T1/2	other_context	log10(h)	false	1	1	1	-1.07918124605	-1.07918124605	-1.07918124605	-1.07918124605	-1.07918124605	-1.07918124605	-1.07918124605	-1.07918124605	-1.07918124605	-1.07918124605	0	0	0	1	0	1	0	0	other_context	0	1	1	elapsed_time	false	"{""assay_family"":""other_context"",""binary_evidence_lane"":""not_binary"",""condition"":{""assay"":""other_antibody_assay"",""matrix"":""other_rat_stomach_luminal_flushin_6dc7d652"",""protease"":""not_applicable"",""route"":""not_applicable"",""species"":""rat""},""endpoint_family"":""T1/2"",""normalized_unit"":""log10(h)"",""parameter_basis"":""elapsed_time"",""parameter_semantics"":""other_context"",""target_kind"":""regression"",""target_transform"":""log10""}"	0	0	log10	1	1
mlv1.t1_2.regression.other_context.9ad9d4394bccf2fc	T1/2	other_context	log10(h)	false	1	1	1	-0.00582954366072	-0.00582954366072	-0.00582954366072	-0.00582954366072	-0.00582954366072	-0.00582954366072	-0.00582954366072	-0.00582954366072	-0.00582954366072	-0.00582954366072	0	0	0	1	0	1	0	0	other_context	0	1	1	elapsed_time	false	"{""assay_family"":""other_context"",""binary_evidence_lane"":""not_binary"",""condition"":{""assay"":""assay_not_reported"",""matrix"":""other_cel9k_cel9k"",""protease"":""not_applicable"",""route"":""not_applicable"",""species"":""species_not_reported""},""endpoint_family"":""T1/2"",""normalized_unit"":""log10(h)"",""parameter_basis"":""elapsed_time"",""parameter_semantics"":""other_context"",""target_kind"":""regression"",""target_transform"":""log10""}"	0	0	log10	1	1
mlv1.t1_2.regression.other_context.9f81c1a16887cdbd	T1/2	other_context	log10(h)	false	2-4	2	2	-0.933053210369	-0.930712378309	-0.921349050067	-0.874532408861	-0.816011607353	-0.757490805844	-0.710674164638	-0.701310836396	-0.698970004336	-0.816011607353	0.165521822348	0.117041603017	0.117041603017	0.5	0	2	0	0	other_context	0	2	1	elapsed_time	false	"{""assay_family"":""other_context"",""binary_evidence_lane"":""not_binary"",""condition"":{""assay"":""hplc"",""matrix"":""non_brain_homogenate"",""protease"":""not_applicable"",""route"":""not_applicable"",""species"":""species_not_reported""},""endpoint_family"":""T1/2"",""normalized_unit"":""log10(h)"",""parameter_basis"":""elapsed_time"",""parameter_semantics"":""other_context"",""target_kind"":""regression"",""target_transform"":""log10""}"	0	0	log10	2	1
mlv1.t1_2.regression.other_context.a2bbf9fcda0de873	T1/2	other_context	log10(h)	false	1	1	1	0	0	0	0	0	0	0	0	0	0	0	0	0	1	1	0	0	0	other_context	0	1	1	elapsed_time	false	"{""assay_family"":""other_context"",""binary_evidence_lane"":""not_binary"",""condition"":{""assay"":""other_sec"",""matrix"":""other_n_a_n_a"",""protease"":""not_applicable"",""route"":""not_applicable"",""species"":""species_not_reported""},""endpoint_family"":""T1/2"",""normalized_unit"":""log10(h)"",""parameter_basis"":""elapsed_time"",""parameter_semantics"":""other_context"",""target_kind"":""regression"",""target_transform"":""log10""}"	0	0	log10	1	1
mlv1.t1_2.regression.other_context.a3466d1a8f75aa30	T1/2	other_context	log10(h)	false	1	1	1	-1.05551732785	-1.05551732785	-1.05551732785	-1.05551732785	-1.05551732785	-1.05551732785	-1.05551732785	-1.05551732785	-1.05551732785	-1.05551732785	0	0	0	1	0	1	0	0	other_context	0	1	1	elapsed_time	false	"{""assay_family"":""other_context"",""binary_evidence_lane"":""not_binary"",""condition"":{""assay"":""lc_ms_ms"",""matrix"":""other_human_hepatocytes_human_hepatocytes"",""protease"":""not_applicable"",""route"":""not_applicable"",""species"":""human""},""endpoint_family"":""T1/2"",""normalized_unit"":""log10(h)"",""parameter_basis"":""elapsed_time"",""parameter_semantics"":""other_context"",""target_kind"":""regression"",""target_transform"":""log10""}"	0	0	log10	1	1
mlv1.t1_2.regression.other_context.a6337f915b36c417	T1/2	other_context	log10(h)	false	2-4	2	2	-0.664207898077	-0.659326731687	-0.639802066126	-0.542178738322	-0.420149578566	-0.298120418811	-0.200497091007	-0.180972425446	-0.176091259056	-0.420149578566	0.345150585462	0.244058319511	0.24405831951	0.5	0	2	0	0	other_context	0	2	1	elapsed_time	false	"{""assay_family"":""other_context"",""binary_evidence_lane"":""not_binary"",""condition"":{""assay"":""hplc"",""matrix"":""other_sheep_nasal_wash_fluid_shee_9b3ff210"",""protease"":""not_applicable"",""route"":""not_applicable"",""species"":""species_not_reported""},""endpoint_family"":""T1/2"",""normalized_unit"":""log10(h)"",""parameter_basis"":""elapsed_time"",""parameter_semantics"":""other_context"",""target_kind"":""regression"",""target_transform"":""log10""}"	0	0	log10	2	1
mlv1.t1_2.regression.other_context.a66db5876317c408	T1/2	other_context	log10(h)	false	1	1	1	-0.165367393664	-0.165367393664	-0.165367393664	-0.165367393664	-0.165367393664	-0.165367393664	-0.165367393664	-0.165367393664	-0.165367393664	-0.165367393664	0	0	0	1	0	1	0	0	other_context	0	1	1	elapsed_time	false	"{""assay_family"":""other_context"",""binary_evidence_lane"":""not_binary"",""condition"":{""assay"":""other_enzyme_activity_assay"",""matrix"":""other_ddd_ddd"",""protease"":""not_applicable"",""route"":""not_applicable"",""species"":""species_not_reported""},""endpoint_family"":""T1/2"",""normalized_unit"":""log10(h)"",""parameter_basis"":""elapsed_time"",""parameter_semantics"":""other_context"",""target_kind"":""regression"",""target_transform"":""log10""}"	0	0	log10	1	1
mlv1.t1_2.regression.other_context.aabd7f42f54ae463	T1/2	other_context	log10(h)	false	2-4	2	2	0.50514997832	0.513522705345	0.547013613445	0.714468153945	0.92378632957	1.13310450519	1.3005590457	1.33404995379	1.34242268082	0.92378632957	0.59204120564	0.41863635125	0.41863635125	0.5	0	0	2	0	other_context	0	2	1	elapsed_time	false	"{""assay_family"":""other_context"",""binary_evidence_lane"":""not_binary"",""condition"":{""assay"":""hplc"",""matrix"":""other_na_na"",""protease"":""not_applicable"",""route"":""not_applicable"",""species"":""species_not_reported""},""endpoint_family"":""T1/2"",""normalized_unit"":""log10(h)"",""parameter_basis"":""elapsed_time"",""parameter_semantics"":""other_context"",""target_kind"":""regression"",""target_transform"":""log10""}"	0	0	log10	2	1
mlv1.t1_2.regression.other_context.ab051c993a2b3bb4	T1/2	other_context	log10(h)	false	1	1	1	-0.198367653767	-0.198367653767	-0.198367653767	-0.198367653767	-0.198367653767	-0.198367653767	-0.198367653767	-0.198367653767	-0.198367653767	-0.198367653767	0	0	0	1	0	1	0	0	other_context	0	1	1	elapsed_time	false	"{""assay_family"":""other_context"",""binary_evidence_lane"":""not_binary"",""condition"":{""assay"":""other_tca_precipitation"",""matrix"":""other_rat_colon_luminal_flushing_f0b73dda"",""protease"":""not_applicable"",""route"":""not_applicable"",""species"":""rat""},""endpoint_family"":""T1/2"",""normalized_unit"":""log10(h)"",""parameter_basis"":""elapsed_time"",""parameter_semantics"":""other_context"",""target_kind"":""regression"",""target_transform"":""log10""}"	0	0	log10	1	1
mlv1.t1_2.regression.other_context.ae98f8645112f447	T1/2	other_context	log10(h)	false	1	1	1	1.21245396104	1.21245396104	1.21245396104	1.21245396104	1.21245396104	1.21245396104	1.21245396104	1.21245396104	1.21245396104	1.21245396104	0	0	0	1	0	0	1	0	other_context	0	1	1	elapsed_time	false	"{""assay_family"":""other_context"",""binary_evidence_lane"":""not_binary"",""condition"":{""assay"":""hplc"",""matrix"":""other_peptide_sample_has_peptide_2f2bb29a"",""protease"":""not_applicable"",""route"":""not_applicable"",""species"":""species_not_reported""},""endpoint_family"":""T1/2"",""normalized_unit"":""log10(h)"",""parameter_basis"":""elapsed_time"",""parameter_semantics"":""other_context"",""target_kind"":""regression"",""target_transform"":""log10""}"	0	0	log10	1	1
mlv1.t1_2.regression.other_context.b18d63e3a0872a87	T1/2	other_context	log10(h)	false	2-4	2	2	-1.47712125472	-1.45070651362	-1.3450475492	-0.816752727095	-0.15638419947	0.503984328155	1.03227915025	1.13793811467	1.16435285578	-0.15638419947	1.86780425586	1.32073705525	1.32073705525	0.5	0	1	1	0	other_context	0	2	1	elapsed_time	false	"{""assay_family"":""other_context"",""binary_evidence_lane"":""not_binary"",""condition"":{""assay"":""hplc"",""matrix"":""non_brain_homogenate"",""protease"":""not_applicable"",""route"":""not_applicable"",""species"":""mouse""},""endpoint_family"":""T1/2"",""normalized_unit"":""log10(h)"",""parameter_basis"":""elapsed_time"",""parameter_semantics"":""other_context"",""target_kind"":""regression"",""target_transform"":""log10""}"	0	0	log10	2	1
mlv1.t1_2.regression.other_context.bd0e02d7d1517139	T1/2	other_context	log10(h)	false	1	1	1	1.32014628611	1.32014628611	1.32014628611	1.32014628611	1.32014628611	1.32014628611	1.32014628611	1.32014628611	1.32014628611	1.32014628611	0	0	0	1	0	0	1	0	other_context	0	1	1	elapsed_time	false	"{""assay_family"":""other_context"",""binary_evidence_lane"":""not_binary"",""condition"":{""assay"":""hplc"",""matrix"":""other_water_water"",""protease"":""not_applicable"",""route"":""not_applicable"",""species"":""species_not_reported""},""endpoint_family"":""T1/2"",""normalized_unit"":""log10(h)"",""parameter_basis"":""elapsed_time"",""parameter_semantics"":""other_context"",""target_kind"":""regression"",""target_transform"":""log10""}"	0	0	log10	1	1
mlv1.t1_2.regression.other_context.bf188245d3dc9b6f	T1/2	other_context	log10(h)	false	1	1	1	-1.47712125472	-1.47712125472	-1.47712125472	-1.47712125472	-1.47712125472	-1.47712125472	-1.47712125472	-1.47712125472	-1.47712125472	-1.47712125472	0	0	0	1	0	1	0	0	other_context	0	1	1	elapsed_time	false	"{""assay_family"":""other_context"",""binary_evidence_lane"":""not_binary"",""condition"":{""assay"":""other_tca_precipitation"",""matrix"":""other_rat_ileum_luminal_flushing_27f8f5cd"",""protease"":""not_applicable"",""route"":""not_applicable"",""species"":""rat""},""endpoint_family"":""T1/2"",""normalized_unit"":""log10(h)"",""parameter_basis"":""elapsed_time"",""parameter_semantics"":""other_context"",""target_kind"":""regression"",""target_transform"":""log10""}"	0	0	log10	1	1
mlv1.t1_2.regression.other_context.bf7ee60206e98891	T1/2	other_context	log10(h)	false	1	1	1	0.643452676486	0.643452676486	0.643452676486	0.643452676486	0.643452676486	0.643452676486	0.643452676486	0.643452676486	0.643452676486	0.643452676486	0	0	0	1	0	0	1	0	other_context	0	1	1	elapsed_time	false	"{""assay_family"":""other_context"",""binary_evidence_lane"":""not_binary"",""condition"":{""assay"":""hplc"",""matrix"":""other_human_fresh_whole_skin_huma_2bb3371f"",""protease"":""not_applicable"",""route"":""not_applicable"",""species"":""human""},""endpoint_family"":""T1/2"",""normalized_unit"":""log10(h)"",""parameter_basis"":""elapsed_time"",""parameter_semantics"":""other_context"",""target_kind"":""regression"",""target_transform"":""log10""}"	0	0	log10	1	1
mlv1.t1_2.regression.other_context.c3ac8a44a6015c75	T1/2	other_context	log10(h)	false	1	1	1	-0.165367393664	-0.165367393664	-0.165367393664	-0.165367393664	-0.165367393664	-0.165367393664	-0.165367393664	-0.165367393664	-0.165367393664	-0.165367393664	0	0	0	1	0	1	0	0	other_context	0	1	1	elapsed_time	false	"{""assay_family"":""other_context"",""binary_evidence_lane"":""not_binary"",""condition"":{""assay"":""other_bd_cytoflex_flow_cytometry"",""matrix"":""cellular_matrix"",""protease"":""not_applicable"",""route"":""not_applicable"",""species"":""species_not_reported""},""endpoint_family"":""T1/2"",""normalized_unit"":""log10(h)"",""parameter_basis"":""elapsed_time"",""parameter_semantics"":""other_context"",""target_kind"":""regression"",""target_transform"":""log10""}"	0	0	log10	1	1
mlv1.t1_2.regression.other_context.c6c0050829ffec0f	T1/2	other_context	log10(h)	false	1	1	1	-1.01397511799	-1.01397511799	-1.01397511799	-1.01397511799	-1.01397511799	-1.01397511799	-1.01397511799	-1.01397511799	-1.01397511799	-1.01397511799	0	0	0	1	0	1	0	0	other_context	0	1	1	elapsed_time	false	"{""assay_family"":""other_context"",""binary_evidence_lane"":""not_binary"",""condition"":{""assay"":""lc_ms_ms"",""matrix"":""other_sd_rats_hepatocytes_lysates_8d05bfeb"",""protease"":""not_applicable"",""route"":""not_applicable"",""species"":""rat""},""endpoint_family"":""T1/2"",""normalized_unit"":""log10(h)"",""parameter_basis"":""elapsed_time"",""parameter_semantics"":""other_context"",""target_kind"":""regression"",""target_transform"":""log10""}"	0	0	log10	1	1
mlv1.t1_2.regression.other_context.c6e43bcc8b90ab47	T1/2	other_context	log10(h)	false	2-4	3	3	-0.397940008672	-0.389557422517	-0.356027077898	-0.188375354801	0.0211892990699	0.108082951143	0.177597872801	0.191500857133	0.194976603216	-0.0605913687954	0.304800894668	0.296458305944	0.173787304146	0.333333333333	0	1	2	0	other_context	0	3	1	elapsed_time	false	"{""assay_family"":""other_context"",""binary_evidence_lane"":""not_binary"",""condition"":{""assay"":""other_pulse_chase_experiment"",""matrix"":""cellular_matrix"",""protease"":""not_applicable"",""route"":""not_applicable"",""species"":""species_not_reported""},""endpoint_family"":""T1/2"",""normalized_unit"":""log10(h)"",""parameter_basis"":""elapsed_time"",""parameter_semantics"":""other_context"",""target_kind"":""regression"",""target_transform"":""log10""}"	0	0	log10	3	1
mlv1.t1_2.regression.other_context.c9c28648b278cc80	T1/2	other_context	log10(h)	false	1	1	1	-0.574031267728	-0.574031267728	-0.574031267728	-0.574031267728	-0.574031267728	-0.574031267728	-0.574031267728	-0.574031267728	-0.574031267728	-0.574031267728	0	0	0	1	0	1	0	0	other_context	0	1	1	elapsed_time	false	"{""assay_family"":""other_context"",""binary_evidence_lane"":""not_binary"",""condition"":{""assay"":""radioactivity"",""matrix"":""other_rat_colon_luminal_flushing_f0b73dda"",""protease"":""not_applicable"",""route"":""not_applicable"",""species"":""rat""},""endpoint_family"":""T1/2"",""normalized_unit"":""log10(h)"",""parameter_basis"":""elapsed_time"",""parameter_semantics"":""other_context"",""target_kind"":""regression"",""target_transform"":""log10""}"	0	0	log10	1	1
mlv1.t1_2.regression.other_context.ceccbac0251f48ff	T1/2	other_context	log10(h)	false	1	1	1	-1.47712125472	-1.47712125472	-1.47712125472	-1.47712125472	-1.47712125472	-1.47712125472	-1.47712125472	-1.47712125472	-1.47712125472	-1.47712125472	0	0	0	1	0	1	0	0	other_context	0	1	1	elapsed_time	false	"{""assay_family"":""other_context"",""binary_evidence_lane"":""not_binary"",""condition"":{""assay"":""radioactivity"",""matrix"":""other_rat_duodenum_luminal_flushi_4a656494"",""protease"":""not_applicable"",""route"":""not_applicable"",""species"":""rat""},""endpoint_family"":""T1/2"",""normalized_unit"":""log10(h)"",""parameter_basis"":""elapsed_time"",""parameter_semantics"":""other_context"",""target_kind"":""regression"",""target_transform"":""log10""}"	0	0	log10	1	1
mlv1.t1_2.regression.other_context.d391b5fa7c70d90a	T1/2	other_context	log10(h)	false	1	1	1	0.653212513775	0.653212513775	0.653212513775	0.653212513775	0.653212513775	0.653212513775	0.653212513775	0.653212513775	0.653212513775	0.653212513775	0	0	0	1	0	0	1	0	other_context	0	1	1	elapsed_time	false	"{""assay_family"":""other_context"",""binary_evidence_lane"":""not_binary"",""condition"":{""assay"":""hplc"",""matrix"":""other_human_fresh_dermis_human_fr_b716949c"",""protease"":""not_applicable"",""route"":""not_applicable"",""species"":""human""},""endpoint_family"":""T1/2"",""normalized_unit"":""log10(h)"",""parameter_basis"":""elapsed_time"",""parameter_semantics"":""other_context"",""target_kind"":""regression"",""target_transform"":""log10""}"	0	0	log10	1	1
mlv1.t1_2.regression.other_context.d5e991937067154e	T1/2	other_context	log10(h)	false	1	1	1	-1.69897000434	-1.69897000434	-1.69897000434	-1.69897000434	-1.69897000434	-1.69897000434	-1.69897000434	-1.69897000434	-1.69897000434	-1.69897000434	0	0	0	1	0	1	0	0	other_context	0	1	1	elapsed_time	false	"{""assay_family"":""other_context"",""binary_evidence_lane"":""not_binary"",""condition"":{""assay"":""lc_ms"",""matrix"":""other_hplasma_hplasma"",""protease"":""not_applicable"",""route"":""not_applicable"",""species"":""species_not_reported""},""endpoint_family"":""T1/2"",""normalized_unit"":""log10(h)"",""parameter_basis"":""elapsed_time"",""parameter_semantics"":""other_context"",""target_kind"":""regression"",""target_transform"":""log10""}"	0	0	log10	1	1
mlv1.t1_2.regression.other_context.d5ef1064e3240604	T1/2	other_context	log10(h)	false	2-4	3	3	0.158362492095	0.185314512614	0.293122594688	0.832163005057	1.50596351802	1.72106262946	1.89314191862	1.92755777645	1.93616174091	1.20016258368	0.92751183327	0.888899624408	0.43019822289	0.333333333333	0	0	3	0	other_context	0	3	1	elapsed_time	false	"{""assay_family"":""other_context"",""binary_evidence_lane"":""not_binary"",""condition"":{""assay"":""other_glo_sensor_transfected_a0ae5f4f"",""matrix"":""other_human_csf_human_csf"",""protease"":""not_applicable"",""route"":""not_applicable"",""species"":""human""},""endpoint_family"":""T1/2"",""normalized_unit"":""log10(h)"",""parameter_basis"":""elapsed_time"",""parameter_semantics"":""other_context"",""target_kind"":""regression"",""target_transform"":""log10""}"	0	0	log10	3	1
mlv1.t1_2.regression.other_context.d88d737f679e993b	T1/2	other_context	log10(h)	false	1	1	1	-1.47712125472	-1.47712125472	-1.47712125472	-1.47712125472	-1.47712125472	-1.47712125472	-1.47712125472	-1.47712125472	-1.47712125472	-1.47712125472	0	0	0	1	0	1	0	0	other_context	0	1	1	elapsed_time	false	"{""assay_family"":""other_context"",""binary_evidence_lane"":""not_binary"",""condition"":{""assay"":""other_tca_precipitation"",""matrix"":""other_rat_duodenum_luminal_flushi_4a656494"",""protease"":""not_applicable"",""route"":""not_applicable"",""species"":""rat""},""endpoint_family"":""T1/2"",""normalized_unit"":""log10(h)"",""parameter_basis"":""elapsed_time"",""parameter_semantics"":""other_context"",""target_kind"":""regression"",""target_transform"":""log10""}"	0	0	log10	1	1
mlv1.t1_2.regression.other_context.dbf446ed60afe460	T1/2	other_context	log10(h)	false	1	1	1	-0.748767472698	-0.748767472698	-0.748767472698	-0.748767472698	-0.748767472698	-0.748767472698	-0.748767472698	-0.748767472698	-0.748767472698	-0.748767472698	0	0	0	1	0	1	0	0	other_context	0	1	1	elapsed_time	false	"{""assay_family"":""other_context"",""binary_evidence_lane"":""not_binary"",""condition"":{""assay"":""lc_ms_ms"",""matrix"":""other_beagle_dogs_hepatocytes_lys_513009bc"",""protease"":""not_applicable"",""route"":""not_applicable"",""species"":""dog""},""endpoint_family"":""T1/2"",""normalized_unit"":""log10(h)"",""parameter_basis"":""elapsed_time"",""parameter_semantics"":""other_context"",""target_kind"":""regression"",""target_transform"":""log10""}"	0	0	log10	1	1
mlv1.t1_2.regression.other_context.ddfd6c1b80d7b3d4	T1/2	other_context	log10(h)	false	1	1	1	0.602059991328	0.602059991328	0.602059991328	0.602059991328	0.602059991328	0.602059991328	0.602059991328	0.602059991328	0.602059991328	0.602059991328	0	0	0	1	0	0	1	0	other_context	0	1	1	elapsed_time	false	"{""assay_family"":""other_context"",""binary_evidence_lane"":""not_binary"",""condition"":{""assay"":""elisa"",""matrix"":""other_human_urine_human_urine"",""protease"":""not_applicable"",""route"":""not_applicable"",""species"":""human""},""endpoint_family"":""T1/2"",""normalized_unit"":""log10(h)"",""parameter_basis"":""elapsed_time"",""parameter_semantics"":""other_context"",""target_kind"":""regression"",""target_transform"":""log10""}"	0	0	log10	1	1
mlv1.t1_2.regression.other_context.dfb6d61ced78bfa6	T1/2	other_context	log10(h)	false	1	1	1	0.335123442081	0.335123442081	0.335123442081	0.335123442081	0.335123442081	0.335123442081	0.335123442081	0.335123442081	0.335123442081	0.335123442081	0	0	0	1	0	0	1	0	other_context	0	1	1	elapsed_time	false	"{""assay_family"":""other_context"",""binary_evidence_lane"":""not_binary"",""condition"":{""assay"":""radioimmunoassay"",""matrix"":""other_hippucampus_tissues_of_brai_56f62077"",""protease"":""not_applicable"",""route"":""not_applicable"",""species"":""species_not_reported""},""endpoint_family"":""T1/2"",""normalized_unit"":""log10(h)"",""parameter_basis"":""elapsed_time"",""parameter_semantics"":""other_context"",""target_kind"":""regression"",""target_transform"":""log10""}"	0	0	log10	1	1
mlv1.t1_2.regression.other_context.e034075814c67646	T1/2	other_context	log10(h)	false	2-4	2	2	0.368286884902	0.370403756402	0.378871242402	0.4212086724	0.474130459898	0.527052247395	0.569389677393	0.577857163393	0.579974034893	0.474130459898	0.149685419249	0.105843574996	0.105843574996	0.5	0	0	2	0	other_context	0	2	1	elapsed_time	false	"{""assay_family"":""other_context"",""binary_evidence_lane"":""not_binary"",""condition"":{""assay"":""radioimmunoassay"",""matrix"":""other_brodmann_area_tissues_of_br_1cee8d14"",""protease"":""not_applicable"",""route"":""not_applicable"",""species"":""species_not_reported""},""endpoint_family"":""T1/2"",""normalized_unit"":""log10(h)"",""parameter_basis"":""elapsed_time"",""parameter_semantics"":""other_context"",""target_kind"":""regression"",""target_transform"":""log10""}"	0	0	log10	2	1
mlv1.t1_2.regression.other_context.e37a1756f984b017	T1/2	other_context	log10(h)	false	1	1	1	0.234685974322	0.234685974322	0.234685974322	0.234685974322	0.234685974322	0.234685974322	0.234685974322	0.234685974322	0.234685974322	0.234685974322	0	0	0	1	0	0	1	0	other_context	0	1	1	elapsed_time	false	"{""assay_family"":""other_context"",""binary_evidence_lane"":""not_binary"",""condition"":{""assay"":""other_sds_page"",""matrix"":""buffer"",""protease"":""not_applicable"",""route"":""not_applicable"",""species"":""species_not_reported""},""endpoint_family"":""T1/2"",""normalized_unit"":""log10(h)"",""parameter_basis"":""elapsed_time"",""parameter_semantics"":""other_context"",""target_kind"":""regression"",""target_transform"":""log10""}"	0	0	log10	1	1
mlv1.t1_2.regression.other_context.e55f01cd4e2260a0	T1/2	other_context	log10(h)	false	1	1	1	0.113943352307	0.113943352307	0.113943352307	0.113943352307	0.113943352307	0.113943352307	0.113943352307	0.113943352307	0.113943352307	0.113943352307	0	0	0	1	0	0	1	0	other_context	0	1	1	elapsed_time	false	"{""assay_family"":""other_context"",""binary_evidence_lane"":""not_binary"",""condition"":{""assay"":""other_mtt"",""matrix"":""cellular_matrix"",""protease"":""not_applicable"",""route"":""not_applicable"",""species"":""species_not_reported""},""endpoint_family"":""T1/2"",""normalized_unit"":""log10(h)"",""parameter_basis"":""elapsed_time"",""parameter_semantics"":""other_context"",""target_kind"":""regression"",""target_transform"":""log10""}"	0	0	log10	1	1
mlv1.t1_2.regression.other_context.e7eff5644f8a6945	T1/2	other_context	log10(h)	false	2-4	2	2	1.74741180789	1.75017021441	1.76120384048	1.81637197083	1.88533213376	1.9542922967	2.00946042704	2.02049405311	2.02325245963	1.88533213376	0.195048795372	0.13792032587	0.13792032587	0.5	0	0	2	0	other_context	0	2	1	elapsed_time	false	"{""assay_family"":""other_context"",""binary_evidence_lane"":""not_binary"",""condition"":{""assay"":""hplc"",""matrix"":""other_n_a_n_a"",""protease"":""not_applicable"",""route"":""not_applicable"",""species"":""species_not_reported""},""endpoint_family"":""T1/2"",""normalized_unit"":""log10(h)"",""parameter_basis"":""elapsed_time"",""parameter_semantics"":""other_context"",""target_kind"":""regression"",""target_transform"":""log10""}"	0	0	log10	2	1
mlv1.t1_2.regression.other_context.e9d3ef8c08ce37a9	T1/2	other_context	log10(h)	false	2-4	2	2	0.139879086401	0.145228906944	0.166628189118	0.273624599985	0.407370113569	0.541115627154	0.648112038021	0.669511320195	0.674861140738	0.407370113569	0.378289438435	0.267491027168	0.267491027168	0.5	0	0	2	0	other_context	0	2	1	elapsed_time	false	"{""assay_family"":""other_context"",""binary_evidence_lane"":""not_binary"",""condition"":{""assay"":""assay_not_reported"",""matrix"":""cellular_matrix"",""protease"":""not_applicable"",""route"":""not_applicable"",""species"":""rat""},""endpoint_family"":""T1/2"",""normalized_unit"":""log10(h)"",""parameter_basis"":""elapsed_time"",""parameter_semantics"":""other_context"",""target_kind"":""regression"",""target_transform"":""log10""}"	0	0	log10	2	1
mlv1.t1_2.regression.other_context.eb111010b9c215ea	T1/2	other_context	log10(h)	false	1	1	1	0.747800090864	0.747800090864	0.747800090864	0.747800090864	0.747800090864	0.747800090864	0.747800090864	0.747800090864	0.747800090864	0.747800090864	0	0	0	1	0	0	1	0	other_context	0	1	1	elapsed_time	false	"{""assay_family"":""other_context"",""binary_evidence_lane"":""not_binary"",""condition"":{""assay"":""radioimmunoassay"",""matrix"":""other_posterior_hippucampus_tissu_2ce5eae0"",""protease"":""not_applicable"",""route"":""not_applicable"",""species"":""species_not_reported""},""endpoint_family"":""T1/2"",""normalized_unit"":""log10(h)"",""parameter_basis"":""elapsed_time"",""parameter_semantics"":""other_context"",""target_kind"":""regression"",""target_transform"":""log10""}"	0	0	log10	1	1
mlv1.t1_2.regression.other_context.f600c655e31b6af1	T1/2	other_context	log10(h)	false	1	1	1	-0.794524963259	-0.794524963259	-0.794524963259	-0.794524963259	-0.794524963259	-0.794524963259	-0.794524963259	-0.794524963259	-0.794524963259	-0.794524963259	0	0	0	1	0	1	0	0	other_context	0	1	1	elapsed_time	false	"{""assay_family"":""other_context"",""binary_evidence_lane"":""not_binary"",""condition"":{""assay"":""other_resorufin_derived_absor_04bd06ab"",""matrix"":""buffer"",""protease"":""not_applicable"",""route"":""not_applicable"",""species"":""species_not_reported""},""endpoint_family"":""T1/2"",""normalized_unit"":""log10(h)"",""parameter_basis"":""elapsed_time"",""parameter_semantics"":""other_context"",""target_kind"":""regression"",""target_transform"":""log10""}"	0	0	log10	1	1
mlv1.t1_2.regression.other_context.fa2ad71d6b8a67a2	T1/2	other_context	log10(h)	false	5-9	6	5	-0.875061263392	-0.875061263392	-0.875061263392	-0.85083376014	-0.525576261224	-0.184426788005	0.0823005116797	0.145554504124	0.161368002235	-0.465801501164	0.438114485228	0.666406972135	0.349485002168	0.333333333333	0	5	1	0	other_context	0	0	1	elapsed_time	false	"{""assay_family"":""other_context"",""binary_evidence_lane"":""not_binary"",""condition"":{""assay"":""other_microsomal_stability"",""matrix"":""liver_microsomes"",""protease"":""not_applicable"",""route"":""not_applicable"",""species"":""species_not_reported""},""endpoint_family"":""T1/2"",""normalized_unit"":""log10(h)"",""parameter_basis"":""elapsed_time"",""parameter_semantics"":""other_context"",""target_kind"":""regression"",""target_transform"":""log10""}"	0	6	log10	6	1
mlv1.t1_2.regression.other_context.fdd10d42c6b888ea	T1/2	other_context	log10(h)	false	1	1	1	-0.335671481319	-0.335671481319	-0.335671481319	-0.335671481319	-0.335671481319	-0.335671481319	-0.335671481319	-0.335671481319	-0.335671481319	-0.335671481319	0	0	0	1	0	1	0	0	other_context	0	1	1	elapsed_time	false	"{""assay_family"":""other_context"",""binary_evidence_lane"":""not_binary"",""condition"":{""assay"":""lc_ms_ms"",""matrix"":""liver_microsomes"",""protease"":""not_applicable"",""route"":""not_applicable"",""species"":""rat""},""endpoint_family"":""T1/2"",""normalized_unit"":""log10(h)"",""parameter_basis"":""elapsed_time"",""parameter_semantics"":""other_context"",""target_kind"":""regression"",""target_transform"":""log10""}"	0	0	log10	1	1
mlv1.t1_2.regression.other_context.fff002e014045380	T1/2	other_context	log10(h)	false	1	1	1	-1.00877392431	-1.00877392431	-1.00877392431	-1.00877392431	-1.00877392431	-1.00877392431	-1.00877392431	-1.00877392431	-1.00877392431	-1.00877392431	0	0	0	1	0	1	0	0	other_context	0	1	1	elapsed_time	false	"{""assay_family"":""other_context"",""binary_evidence_lane"":""not_binary"",""condition"":{""assay"":""hplc"",""matrix"":""other_human_synovial_fluids_human_f9a530b3"",""protease"":""not_applicable"",""route"":""not_applicable"",""species"":""human""},""endpoint_family"":""T1/2"",""normalized_unit"":""log10(h)"",""parameter_basis"":""elapsed_time"",""parameter_semantics"":""other_context"",""target_kind"":""regression"",""target_transform"":""log10""}"	0	0	log10	1	1
mlv1.t1_2.regression.plasma_serum_stability.01ccb0bd6b1540d6	T1/2	plasma_serum_stability	log10(h)	false	5-9	8	8	-0.221848749616	-0.175018274949	0.0123036237193	0.529016383411	0.766249793047	1.27789135614	1.55059364039	1.55127872645	1.55144999797	0.825260668679	0.599469091195	0.748874972727	0.370181344749	0.125	0	1	7	0	plasma_serum_stability	0	8	1	elapsed_time	false	"{""assay_family"":""plasma_serum_stability"",""binary_evidence_lane"":""not_binary"",""condition"":{""assay"":""lc_ms_ms"",""matrix"":""plasma"",""protease"":""not_applicable"",""route"":""not_applicable"",""species"":""rat""},""endpoint_family"":""T1/2"",""normalized_unit"":""log10(h)"",""parameter_basis"":""elapsed_time"",""parameter_semantics"":""plasma_serum_stability"",""target_kind"":""regression"",""target_transform"":""log10""}"	0	0	log10	6	1
mlv1.t1_2.regression.plasma_serum_stability.0513a7a2b951eb44	T1/2	plasma_serum_stability	log10(h)	false	2-4	3	3	-1.1153934187	-1.11150192541	-1.09593595223	-1.01810608633	-0.920818753952	0.229696243879	1.15010824214	1.3341906418	1.38021124171	-0.218666976981	1.38808266818	1.24780233021	0.194574664748	0.333333333333	0	2	1	0	plasma_serum_stability	0	3	1	elapsed_time	false	"{""assay_family"":""plasma_serum_stability"",""binary_evidence_lane"":""not_binary"",""condition"":{""assay"":""lc_ms"",""matrix"":""plasma"",""protease"":""not_applicable"",""route"":""not_applicable"",""species"":""mouse""},""endpoint_family"":""T1/2"",""normalized_unit"":""log10(h)"",""parameter_basis"":""elapsed_time"",""parameter_semantics"":""plasma_serum_stability"",""target_kind"":""regression"",""target_transform"":""log10""}"	0	0	log10	2	1
mlv1.t1_2.regression.plasma_serum_stability.06e81e84546aa5ae	T1/2	plasma_serum_stability	log10(h)	false	2-4	2	2	1.6232492904	1.62758584601	1.64493206845	1.73166318064	1.84007707087	1.94849096111	2.03522207329	2.05256829573	2.05690485134	1.84007707087	0.30664078784	0.21682778047	0.21682778047	0.5	0	0	2	0	plasma_serum_stability	0	2	1	elapsed_time	false	"{""assay_family"":""plasma_serum_stability"",""binary_evidence_lane"":""not_binary"",""condition"":{""assay"":""elisa"",""matrix"":""plasma"",""protease"":""not_applicable"",""route"":""not_applicable"",""species"":""mouse""},""endpoint_family"":""T1/2"",""normalized_unit"":""log10(h)"",""parameter_basis"":""elapsed_time"",""parameter_semantics"":""plasma_serum_stability"",""target_kind"":""regression"",""target_transform"":""log10""}"	0	0	log10	2	1
mlv1.t1_2.regression.plasma_serum_stability.0f7aee5062d48b63	T1/2	plasma_serum_stability	log10(h)	false	5-9	6	6	-0.152838799422	-0.143795423271	-0.107621918666	0.0298789772463	0.233396751172	0.867468859572	1.17412433463	1.21713423061	1.22788670461	0.430451225974	0.57154015201	0.837589882326	0.295801789083	0.166666666667	0	1	5	0	plasma_serum_stability	0	6	1	elapsed_time	false	"{""assay_family"":""plasma_serum_stability"",""binary_evidence_lane"":""not_binary"",""condition"":{""assay"":""hplc"",""matrix"":""plasma"",""protease"":""not_applicable"",""route"":""not_applicable"",""species"":""mouse""},""endpoint_family"":""T1/2"",""normalized_unit"":""log10(h)"",""parameter_basis"":""elapsed_time"",""parameter_semantics"":""plasma_serum_stability"",""target_kind"":""regression"",""target_transform"":""log10""}"	0	0	log10	6	1
mlv1.t1_2.regression.plasma_serum_stability.1a5c39a1469f6f7c	T1/2	plasma_serum_stability	log10(h)	false	1	1	1	-1.06214790675	-1.06214790675	-1.06214790675	-1.06214790675	-1.06214790675	-1.06214790675	-1.06214790675	-1.06214790675	-1.06214790675	-1.06214790675	0	0	0	1	0	1	0	0	plasma_serum_stability	0	1	1	elapsed_time	false	"{""assay_family"":""plasma_serum_stability"",""binary_evidence_lane"":""not_binary"",""condition"":{""assay"":""assay_not_reported"",""matrix"":""blood"",""protease"":""not_applicable"",""route"":""not_applicable"",""species"":""human""},""endpoint_family"":""T1/2"",""normalized_unit"":""log10(h)"",""parameter_basis"":""elapsed_time"",""parameter_semantics"":""plasma_serum_stability"",""target_kind"":""regression"",""target_transform"":""log10""}"	0	0	log10	1	1
mlv1.t1_2.regression.plasma_serum_stability.1ce456ed6db857b1	T1/2	plasma_serum_stability	log10(h)	false	2-4	3	3	-1.02996322338	-1.0028509095	-0.894401653985	-0.352155376404	0.325652470572	0.346814627933	0.363744353823	0.367130299001	0.367976785295	-0.112111322504	0.795164713037	0.698970004338	0.042324314723	0.333333333333	0	1	2	0	plasma_serum_stability	0	3	1	elapsed_time	false	"{""assay_family"":""plasma_serum_stability"",""binary_evidence_lane"":""not_binary"",""condition"":{""assay"":""hplc"",""matrix"":""plasma"",""protease"":""not_applicable"",""route"":""not_applicable"",""species"":""rabbit""},""endpoint_family"":""T1/2"",""normalized_unit"":""log10(h)"",""parameter_basis"":""elapsed_time"",""parameter_semantics"":""plasma_serum_stability"",""target_kind"":""regression"",""target_transform"":""log10""}"	0	0	log10	3	1
mlv1.t1_2.regression.plasma_serum_stability.1ea38777df07d555	T1/2	plasma_serum_stability	log10(h)	false	5-9	5	3	0.146128035678	0.146128035678	0.146128035678	0.146128035678	0.819543935542	0.819543935542	1.11840846579	1.17818137184	1.19312459835	0.624893708158	0.462897641196	0.673415899864	0.373580662808	0.4	0	0	5	0	plasma_serum_stability	0	5	1	elapsed_time	false	"{""assay_family"":""plasma_serum_stability"",""binary_evidence_lane"":""not_binary"",""condition"":{""assay"":""elisa"",""matrix"":""serum"",""protease"":""not_applicable"",""route"":""not_applicable"",""species"":""mouse""},""endpoint_family"":""T1/2"",""normalized_unit"":""log10(h)"",""parameter_basis"":""elapsed_time"",""parameter_semantics"":""plasma_serum_stability"",""target_kind"":""regression"",""target_transform"":""log10""}"	0	0	log10	5	1
mlv1.t1_2.regression.plasma_serum_stability.23ed10cccd3092bb	T1/2	plasma_serum_stability	log10(h)	false	2-4	3	3	-1.00729923874	-0.999194453792	-0.966775313999	-0.804679615034	-0.602059991328	-0.301029995664	-0.0602059991328	-0.0120411998266	0	-0.536453076689	0.506844295152	0.50364961937	0.405239247412	0.333333333333	1	2	0	0	plasma_serum_stability	0	3	1	elapsed_time	false	"{""assay_family"":""plasma_serum_stability"",""binary_evidence_lane"":""not_binary"",""condition"":{""assay"":""mass_spectrometry"",""matrix"":""serum"",""protease"":""not_applicable"",""route"":""not_applicable"",""species"":""rat""},""endpoint_family"":""T1/2"",""normalized_unit"":""log10(h)"",""parameter_basis"":""elapsed_time"",""parameter_semantics"":""plasma_serum_stability"",""target_kind"":""regression"",""target_transform"":""log10""}"	0	0	log10	3	1
mlv1.t1_2.regression.plasma_serum_stability.27beed0fe4f31808	T1/2	plasma_serum_stability	log10(h)	false	2-4	2	2	0.987666264926	0.989784411425	0.998256997423	1.04061992741	1.09357358989	1.14652725238	1.18889018236	1.19736276836	1.19948091486	1.09357358989	0.149775575323	0.105907324967	0.105907324967	0.5	0	0	2	0	plasma_serum_stability	0	0	1	elapsed_time	false	"{""assay_family"":""plasma_serum_stability"",""binary_evidence_lane"":""not_binary"",""condition"":{""assay"":""other_lc_ms"",""matrix"":""plasma"",""protease"":""not_applicable"",""route"":""not_applicable"",""species"":""rat""},""endpoint_family"":""T1/2"",""normalized_unit"":""log10(h)"",""parameter_basis"":""elapsed_time"",""parameter_semantics"":""plasma_serum_stability"",""target_kind"":""regression"",""target_transform"":""log10""}"	2	0	log10	2	1
mlv1.t1_2.regression.plasma_serum_stability.3dc7cc461bce9d3b	T1/2	plasma_serum_stability	log10(h)	false	1	1	1	0	0	0	0	0	0	0	0	0	0	0	0	0	1	1	0	0	0	plasma_serum_stability	0	1	1	elapsed_time	false	"{""assay_family"":""plasma_serum_stability"",""binary_evidence_lane"":""not_binary"",""condition"":{""assay"":""hplc"",""matrix"":""plasma"",""protease"":""not_applicable"",""route"":""not_applicable"",""species"":""pig""},""endpoint_family"":""T1/2"",""normalized_unit"":""log10(h)"",""parameter_basis"":""elapsed_time"",""parameter_semantics"":""plasma_serum_stability"",""target_kind"":""regression"",""target_transform"":""log10""}"	0	0	log10	1	1
mlv1.t1_2.regression.plasma_serum_stability.4003b19ff18d2ff5	T1/2	plasma_serum_stability	log10(h)	false	2-4	3	3	-0.677780705266	-0.665843529313	-0.618094825502	-0.379351306445	-0.0809219076239	0.051884761597	0.158130096974	0.179379164049	0.184691430818	-0.191337060691	0.441710511422	0.431236068042	0.265613338442	0.333333333333	0	2	1	0	plasma_serum_stability	0	3	1	elapsed_time	false	"{""assay_family"":""plasma_serum_stability"",""binary_evidence_lane"":""not_binary"",""condition"":{""assay"":""other_lc_hrms"",""matrix"":""plasma"",""protease"":""not_applicable"",""route"":""not_applicable"",""species"":""mouse""},""endpoint_family"":""T1/2"",""normalized_unit"":""log10(h)"",""parameter_basis"":""elapsed_time"",""parameter_semantics"":""plasma_serum_stability"",""target_kind"":""regression"",""target_transform"":""log10""}"	0	0	log10	3	1
mlv1.t1_2.regression.plasma_serum_stability.447155a44ccd6166	T1/2	plasma_serum_stability	log10(h)	false	2-4	3	3	-1.02996322338	-1.0193519119	-0.976906665985	-0.764680436405	-0.499397649431	-0.477664802541	-0.460278525028	-0.456801269526	-0.45593195565	-0.661764276154	0.319609394712	0.287015633865	0.043465693781	0.333333333333	0	3	0	0	plasma_serum_stability	0	3	1	elapsed_time	false	"{""assay_family"":""plasma_serum_stability"",""binary_evidence_lane"":""not_binary"",""condition"":{""assay"":""assay_not_reported"",""matrix"":""blood"",""protease"":""not_applicable"",""route"":""not_applicable"",""species"":""mouse""},""endpoint_family"":""T1/2"",""normalized_unit"":""log10(h)"",""parameter_basis"":""elapsed_time"",""parameter_semantics"":""plasma_serum_stability"",""target_kind"":""regression"",""target_transform"":""log10""}"	0	0	log10	3	1
mlv1.t1_2.regression.plasma_serum_stability.45bc69ee6e3dc687	T1/2	plasma_serum_stability	log10(h)	false	1	1	1	-0.0563406351711	-0.0563406351711	-0.0563406351711	-0.0563406351711	-0.0563406351711	-0.0563406351711	-0.0563406351711	-0.0563406351711	-0.0563406351711	-0.0563406351711	0	0	0	1	0	1	0	0	plasma_serum_stability	0	1	1	elapsed_time	false	"{""assay_family"":""plasma_serum_stability"",""binary_evidence_lane"":""not_binary"",""condition"":{""assay"":""mass_spectrometry"",""matrix"":""plasma"",""protease"":""not_applicable"",""route"":""not_applicable"",""species"":""cynomolgus_monkey""},""endpoint_family"":""T1/2"",""normalized_unit"":""log10(h)"",""parameter_basis"":""elapsed_time"",""parameter_semantics"":""plasma_serum_stability"",""target_kind"":""regression"",""target_transform"":""log10""}"	0	0	log10	1	1
mlv1.t1_2.regression.plasma_serum_stability.4dbc994f74638450	T1/2	plasma_serum_stability	log10(h)	false	1	1	1	-0.933053210369	-0.933053210369	-0.933053210369	-0.933053210369	-0.933053210369	-0.933053210369	-0.933053210369	-0.933053210369	-0.933053210369	-0.933053210369	0	0	0	1	0	1	0	0	plasma_serum_stability	0	1	1	elapsed_time	false	"{""assay_family"":""plasma_serum_stability"",""binary_evidence_lane"":""not_binary"",""condition"":{""assay"":""other_antibody_competition_assay"",""matrix"":""plasma"",""protease"":""not_applicable"",""route"":""not_applicable"",""species"":""human""},""endpoint_family"":""T1/2"",""normalized_unit"":""log10(h)"",""parameter_basis"":""elapsed_time"",""parameter_semantics"":""plasma_serum_stability"",""target_kind"":""regression"",""target_transform"":""log10""}"	0	0	log10	1	1
mlv1.t1_2.regression.plasma_serum_stability.5530973c1db3693d	T1/2	plasma_serum_stability	log10(h)	false	1	1	1	0.981365509079	0.981365509079	0.981365509079	0.981365509079	0.981365509079	0.981365509079	0.981365509079	0.981365509079	0.981365509079	0.981365509079	0	0	0	1	0	0	1	0	plasma_serum_stability	0	1	1	elapsed_time	false	"{""assay_family"":""plasma_serum_stability"",""binary_evidence_lane"":""not_binary"",""condition"":{""assay"":""hplc"",""matrix"":""serum"",""protease"":""not_applicable"",""route"":""not_applicable"",""species"":""bovine""},""endpoint_family"":""T1/2"",""normalized_unit"":""log10(h)"",""parameter_basis"":""elapsed_time"",""parameter_semantics"":""plasma_serum_stability"",""target_kind"":""regression"",""target_transform"":""log10""}"	0	0	log10	1	1
mlv1.t1_2.regression.plasma_serum_stability.5679848ff73da5d2	T1/2	plasma_serum_stability	log10(h)	false	1	1	1	2.0170333393	2.0170333393	2.0170333393	2.0170333393	2.0170333393	2.0170333393	2.0170333393	2.0170333393	2.0170333393	2.0170333393	0	0	0	1	0	0	1	0	plasma_serum_stability	0	1	1	elapsed_time	false	"{""assay_family"":""plasma_serum_stability"",""binary_evidence_lane"":""not_binary"",""condition"":{""assay"":""lc_ms_ms"",""matrix"":""plasma"",""protease"":""not_applicable"",""route"":""not_applicable"",""species"":""cynomolgus_monkey""},""endpoint_family"":""T1/2"",""normalized_unit"":""log10(h)"",""parameter_basis"":""elapsed_time"",""parameter_semantics"":""plasma_serum_stability"",""target_kind"":""regression"",""target_transform"":""log10""}"	0	0	log10	1	1
mlv1.t1_2.regression.plasma_serum_stability.5854a9185b5cb517	T1/2	plasma_serum_stability	log10(h)	false	1	1	1	-0.732828271597	-0.732828271597	-0.732828271597	-0.732828271597	-0.732828271597	-0.732828271597	-0.732828271597	-0.732828271597	-0.732828271597	-0.732828271597	0	0	0	1	0	1	0	0	plasma_serum_stability	0	1	1	elapsed_time	false	"{""assay_family"":""plasma_serum_stability"",""binary_evidence_lane"":""not_binary"",""condition"":{""assay"":""hplc"",""matrix"":""blood"",""protease"":""not_applicable"",""route"":""not_applicable"",""species"":""species_not_reported""},""endpoint_family"":""T1/2"",""normalized_unit"":""log10(h)"",""parameter_basis"":""elapsed_time"",""parameter_semantics"":""plasma_serum_stability"",""target_kind"":""regression"",""target_transform"":""log10""}"	0	0	log10	1	1
mlv1.t1_2.regression.plasma_serum_stability.5e3b7e7d9f53550b	T1/2	plasma_serum_stability	log10(h)	false	10-29	16	15	-0.52287874528	-0.432569746581	-0.0713337517843	0.663547361334	0.958384842142	1.22235396105	1.50366385288	1.5399353802	1.54900326203	0.854824628019	0.574642802472	0.558806599711	0.274135475548	0.125	0	1	15	1	plasma_serum_stability	0	0	1	elapsed_time	false	"{""assay_family"":""plasma_serum_stability"",""binary_evidence_lane"":""not_binary"",""condition"":{""assay"":""hplc"",""matrix"":""serum"",""protease"":""not_applicable"",""route"":""not_applicable"",""species"":""monkey_unspecified""},""endpoint_family"":""T1/2"",""normalized_unit"":""log10(h)"",""parameter_basis"":""elapsed_time"",""parameter_semantics"":""plasma_serum_stability"",""target_kind"":""regression"",""target_transform"":""log10""}"	16	0	log10	16	1
mlv1.t1_2.regression.plasma_serum_stability.60643cbfecc98e61	T1/2	plasma_serum_stability	log10(h)	false	5-9	7	7	-1.1446827948	-1.13973070152	-1.11992232838	-0.985533718701	-0.805023396784	-0.588045629528	-0.152589273798	-0.00809487587949	0.0280287236002	-0.724119452063	0.394754170748	0.397488089173	0.230992129056	0.142857142857	0	6	1	1	plasma_serum_stability	0	7	1	elapsed_time	false	"{""assay_family"":""plasma_serum_stability"",""binary_evidence_lane"":""not_binary"",""condition"":{""assay"":""other_spectrophotometry"",""matrix"":""plasma"",""protease"":""not_applicable"",""route"":""not_applicable"",""species"":""rat""},""endpoint_family"":""T1/2"",""normalized_unit"":""log10(h)"",""parameter_basis"":""elapsed_time"",""parameter_semantics"":""plasma_serum_stability"",""target_kind"":""regression"",""target_transform"":""log10""}"	0	0	log10	7	1
mlv1.t1_2.regression.plasma_serum_stability.60f88f5e4fecd44e	T1/2	plasma_serum_stability	log10(h)	false	1	1	1	0.301029995664	0.301029995664	0.301029995664	0.301029995664	0.301029995664	0.301029995664	0.301029995664	0.301029995664	0.301029995664	0.301029995664	0	0	0	1	0	0	1	0	plasma_serum_stability	0	0	1	elapsed_time	false	"{""assay_family"":""plasma_serum_stability"",""binary_evidence_lane"":""not_binary"",""condition"":{""assay"":""mass_spectrometry"",""matrix"":""serum"",""protease"":""not_applicable"",""route"":""not_applicable"",""species"":""mouse""},""endpoint_family"":""T1/2"",""normalized_unit"":""log10(h)"",""parameter_basis"":""elapsed_time"",""parameter_semantics"":""plasma_serum_stability"",""target_kind"":""regression"",""target_transform"":""log10""}"	1	0	log10	1	1
mlv1.t1_2.regression.plasma_serum_stability.6d999639129c1772	T1/2	plasma_serum_stability	log10(h)	false	2-4	3	3	-0.234083206033	-0.233143274779	-0.229383549765	-0.210584924695	-0.187086643357	-0.156012689983	-0.131153527283	-0.126181694743	-0.124938736608	-0.182036195333	0.0547472288838	0.0545722347125	0.046996562676	0.333333333333	0	3	0	0	plasma_serum_stability	0	3	1	elapsed_time	false	"{""assay_family"":""plasma_serum_stability"",""binary_evidence_lane"":""not_binary"",""condition"":{""assay"":""lc_ms"",""matrix"":""plasma"",""protease"":""not_applicable"",""route"":""not_applicable"",""species"":""human""},""endpoint_family"":""T1/2"",""normalized_unit"":""log10(h)"",""parameter_basis"":""elapsed_time"",""parameter_semantics"":""plasma_serum_stability"",""target_kind"":""regression"",""target_transform"":""log10""}"	0	0	log10	3	1
mlv1.t1_2.regression.plasma_serum_stability.6fec66f6cc143138	T1/2	plasma_serum_stability	log10(h)	false	1	1	1	-0.0655015487564	-0.0655015487564	-0.0655015487564	-0.0655015487564	-0.0655015487564	-0.0655015487564	-0.0655015487564	-0.0655015487564	-0.0655015487564	-0.0655015487564	0	0	0	1	0	1	0	0	plasma_serum_stability	0	1	1	elapsed_time	false	"{""assay_family"":""plasma_serum_stability"",""binary_evidence_lane"":""not_binary"",""condition"":{""assay"":""mass_spectrometry"",""matrix"":""serum"",""protease"":""not_applicable"",""route"":""not_applicable"",""species"":""human""},""endpoint_family"":""T1/2"",""normalized_unit"":""log10(h)"",""parameter_basis"":""elapsed_time"",""parameter_semantics"":""plasma_serum_stability"",""target_kind"":""regression"",""target_transform"":""log10""}"	0	0	log10	1	1
mlv1.t1_2.regression.plasma_serum_stability.7246222f4822ca59	T1/2	plasma_serum_stability	log10(h)	false	1	1	1	0.380211241712	0.380211241712	0.380211241712	0.380211241712	0.380211241712	0.380211241712	0.380211241712	0.380211241712	0.380211241712	0.380211241712	0	0	0	1	0	0	1	0	plasma_serum_stability	0	1	1	elapsed_time	false	"{""assay_family"":""plasma_serum_stability"",""binary_evidence_lane"":""not_binary"",""condition"":{""assay"":""radioimmunoassay"",""matrix"":""plasma"",""protease"":""not_applicable"",""route"":""not_applicable"",""species"":""rat""},""endpoint_family"":""T1/2"",""normalized_unit"":""log10(h)"",""parameter_basis"":""elapsed_time"",""parameter_semantics"":""plasma_serum_stability"",""target_kind"":""regression"",""target_transform"":""log10""}"	0	0	log10	1	1
mlv1.t1_2.regression.plasma_serum_stability.753cd9c3fa61bd5c	T1/2	plasma_serum_stability	log10(h)	false	1	1	1	0.43933269383	0.43933269383	0.43933269383	0.43933269383	0.43933269383	0.43933269383	0.43933269383	0.43933269383	0.43933269383	0.43933269383	0	0	0	1	0	0	1	0	plasma_serum_stability	0	1	1	elapsed_time	false	"{""assay_family"":""plasma_serum_stability"",""binary_evidence_lane"":""not_binary"",""condition"":{""assay"":""other_1h_nmr"",""matrix"":""plasma"",""protease"":""not_applicable"",""route"":""not_applicable"",""species"":""human""},""endpoint_family"":""T1/2"",""normalized_unit"":""log10(h)"",""parameter_basis"":""elapsed_time"",""parameter_semantics"":""plasma_serum_stability"",""target_kind"":""regression"",""target_transform"":""log10""}"	0	0	log10	1	1
mlv1.t1_2.regression.plasma_serum_stability.7543223453c8f016	T1/2	plasma_serum_stability	log10(h)	false	2-4	3	2	-1.17609125906	-1.17609125906	-1.17609125906	-1.17609125906	-1.17609125906	-0.369699330698	0.275414211992	0.40443692053	0.436692597664	-0.638496640152	0.931141193824	0.806391928362	0	0.666666666667	0	2	1	0	plasma_serum_stability	0	3	1	elapsed_time	false	"{""assay_family"":""plasma_serum_stability"",""binary_evidence_lane"":""not_binary"",""condition"":{""assay"":""mass_spectrometry"",""matrix"":""plasma"",""protease"":""not_applicable"",""route"":""not_applicable"",""species"":""human""},""endpoint_family"":""T1/2"",""normalized_unit"":""log10(h)"",""parameter_basis"":""elapsed_time"",""parameter_semantics"":""plasma_serum_stability"",""target_kind"":""regression"",""target_transform"":""log10""}"	0	0	log10	3	1
mlv1.t1_2.regression.plasma_serum_stability.7d22a7b4ea773501	T1/2	plasma_serum_stability	log10(h)	false	2-4	2	2	-0.638272163982	-0.627338454751	-0.583603617825	-0.364929433197	-0.0915867024125	0.181756028372	0.400430213	0.444165049926	0.455098759157	-0.0915867024125	0.773129994104	0.54668546157	0.54668546157	0.5	0	1	1	0	plasma_serum_stability	0	2	1	elapsed_time	false	"{""assay_family"":""plasma_serum_stability"",""binary_evidence_lane"":""not_binary"",""condition"":{""assay"":""hplc"",""matrix"":""serum"",""protease"":""not_applicable"",""route"":""not_applicable"",""species"":""rat""},""endpoint_family"":""T1/2"",""normalized_unit"":""log10(h)"",""parameter_basis"":""elapsed_time"",""parameter_semantics"":""plasma_serum_stability"",""target_kind"":""regression"",""target_transform"":""log10""}"	0	0	log10	2	1
mlv1.t1_2.regression.plasma_serum_stability.831d3c489b438b7a	T1/2	plasma_serum_stability	log10(h)	false	2-4	3	3	-0.823908740944	-0.820714724087	-0.807938656657	-0.74405831951	-0.664207898077	0.098065054247	0.707883416106	0.829847088478	0.860338006571	-0.20925954415	0.929733983559	0.842123373757	0.159700842867	0.333333333333	0	2	1	0	plasma_serum_stability	0	3	1	elapsed_time	false	"{""assay_family"":""plasma_serum_stability"",""binary_evidence_lane"":""not_binary"",""condition"":{""assay"":""uplc_ms"",""matrix"":""serum"",""protease"":""not_applicable"",""route"":""not_applicable"",""species"":""human""},""endpoint_family"":""T1/2"",""normalized_unit"":""log10(h)"",""parameter_basis"":""elapsed_time"",""parameter_semantics"":""plasma_serum_stability"",""target_kind"":""regression"",""target_transform"":""log10""}"	0	0	log10	3	1
mlv1.t1_2.regression.plasma_serum_stability.860a777be380b40b	T1/2	plasma_serum_stability	log10(h)	false	2-4	4	4	-1.57403126773	-1.56674012627	-1.53757556043	-1.39175273121	-1.32337323576	-1.18135275196	-0.858791550698	-0.794279310447	-0.778151250384	-1.24973224741	0.335916958963	0.210399979256	0.129139007625	0.25	0	4	0	1	plasma_serum_stability	0	4	1	elapsed_time	false	"{""assay_family"":""plasma_serum_stability"",""binary_evidence_lane"":""not_binary"",""condition"":{""assay"":""uplc_ms"",""matrix"":""plasma"",""protease"":""not_applicable"",""route"":""not_applicable"",""species"":""rat""},""endpoint_family"":""T1/2"",""normalized_unit"":""log10(h)"",""parameter_basis"":""elapsed_time"",""parameter_semantics"":""plasma_serum_stability"",""target_kind"":""regression"",""target_transform"":""log10""}"	0	0	log10	4	1
mlv1.t1_2.regression.plasma_serum_stability.863b732d65703e52	T1/2	plasma_serum_stability	log10(h)	false	2-4	3	3	-1.47712125472	-1.46916245455	-1.43732725385	-1.27815125039	-1.07918124605	0.49450230785	1.75344915097	2.00523851959	2.06818586175	-0.16270554634	1.94222717998	1.77265355824	0.39794000867	0.333333333333	0	2	1	0	plasma_serum_stability	0	3	1	elapsed_time	false	"{""assay_family"":""plasma_serum_stability"",""binary_evidence_lane"":""not_binary"",""condition"":{""assay"":""elisa"",""matrix"":""serum"",""protease"":""not_applicable"",""route"":""not_applicable"",""species"":""human""},""endpoint_family"":""T1/2"",""normalized_unit"":""log10(h)"",""parameter_basis"":""elapsed_time"",""parameter_semantics"":""plasma_serum_stability"",""target_kind"":""regression"",""target_transform"":""log10""}"	0	0	log10	3	1
mlv1.t1_2.regression.plasma_serum_stability.86ae9323cbc75f7b	T1/2	plasma_serum_stability	log10(h)	false	2-4	4	3	-2.21387981995	-2.21387981995	-2.21387981995	-2.21387981995	-1.84550053733	-1.04402281476	-0.00458655887045	0.203300692308	0.255272505103	-1.41240209738	1.16476896545	1.16985700519	0.368379282615	0.5	0	3	1	0	plasma_serum_stability	0	3	0.75	elapsed_time	false	"{""assay_family"":""plasma_serum_stability"",""binary_evidence_lane"":""not_binary"",""condition"":{""assay"":""assay_not_reported"",""matrix"":""plasma"",""protease"":""not_applicable"",""route"":""not_applicable"",""species"":""human""},""endpoint_family"":""T1/2"",""normalized_unit"":""log10(h)"",""parameter_basis"":""elapsed_time"",""parameter_semantics"":""plasma_serum_stability"",""target_kind"":""regression"",""target_transform"":""log10""}"	1	0	log10	4	2
mlv1.t1_2.regression.plasma_serum_stability.8b2e415d2cbf8c1d	T1/2	plasma_serum_stability	log10(h)	false	2-4	3	3	-1.30102999566	-1.29853122093	-1.288536122	-1.23856062736	-1.17609125906	-1.05457223471	-0.957357015238	-0.937913971343	-0.933053210369	-1.1367248217	0.187120324715	0.183988392646	0.1249387366	0.333333333333	0	3	0	0	plasma_serum_stability	0	3	1	elapsed_time	false	"{""assay_family"":""plasma_serum_stability"",""binary_evidence_lane"":""not_binary"",""condition"":{""assay"":""other_functional_stability_assay"",""matrix"":""plasma"",""protease"":""not_applicable"",""route"":""not_applicable"",""species"":""human""},""endpoint_family"":""T1/2"",""normalized_unit"":""log10(h)"",""parameter_basis"":""elapsed_time"",""parameter_semantics"":""plasma_serum_stability"",""target_kind"":""regression"",""target_transform"":""log10""}"	0	0	log10	3	1
mlv1.t1_2.regression.plasma_serum_stability.8e13e9ff5fd2c559	T1/2	plasma_serum_stability	log10(h)	false	10-29	27	26	-1.38021124171	-1.37152106528	-1.31560837946	-0.633133944702	0.113943352307	0.983841836021	1.34264445755	1.70422218197	1.81954393554	0.0987397749297	0.924053060986	1.61697578072	0.86696858547	0.0740740740741	0	13	14	0	plasma_serum_stability	0	24	1	elapsed_time	false	"{""assay_family"":""plasma_serum_stability"",""binary_evidence_lane"":""not_binary"",""condition"":{""assay"":""hplc"",""matrix"":""plasma"",""protease"":""not_applicable"",""route"":""not_applicable"",""species"":""human""},""endpoint_family"":""T1/2"",""normalized_unit"":""log10(h)"",""parameter_basis"":""elapsed_time"",""parameter_semantics"":""plasma_serum_stability"",""target_kind"":""regression"",""target_transform"":""log10""}"	0	3	log10	27	1
mlv1.t1_2.regression.plasma_serum_stability.8e2ca5eff8567fef	T1/2	plasma_serum_stability	log10(h)	false	2-4	2	2	1.38021124171	1.38322154167	1.39526274149	1.45546874063	1.53072623955	1.60598373846	1.6661897376	1.67823093742	1.68124123738	1.53072623955	0.212860351279	0.150514997835	0.150514997835	0.5	0	0	2	0	plasma_serum_stability	0	2	1	elapsed_time	false	"{""assay_family"":""plasma_serum_stability"",""binary_evidence_lane"":""not_binary"",""condition"":{""assay"":""elisa"",""matrix"":""plasma"",""protease"":""not_applicable"",""route"":""not_applicable"",""species"":""rat""},""endpoint_family"":""T1/2"",""normalized_unit"":""log10(h)"",""parameter_basis"":""elapsed_time"",""parameter_semantics"":""plasma_serum_stability"",""target_kind"":""regression"",""target_transform"":""log10""}"	0	0	log10	2	1
mlv1.t1_2.regression.plasma_serum_stability.8fd0bfc715bfe649	T1/2	plasma_serum_stability	log10(h)	false	1	1	1	-0.761117911085	-0.761117911085	-0.761117911085	-0.761117911085	-0.761117911085	-0.761117911085	-0.761117911085	-0.761117911085	-0.761117911085	-0.761117911085	0	0	0	1	0	1	0	0	plasma_serum_stability	0	1	1	elapsed_time	false	"{""assay_family"":""plasma_serum_stability"",""binary_evidence_lane"":""not_binary"",""condition"":{""assay"":""hplc"",""matrix"":""plasma"",""protease"":""not_applicable"",""route"":""not_applicable"",""species"":""species_not_reported""},""endpoint_family"":""T1/2"",""normalized_unit"":""log10(h)"",""parameter_basis"":""elapsed_time"",""parameter_semantics"":""plasma_serum_stability"",""target_kind"":""regression"",""target_transform"":""log10""}"	0	0	log10	1	1
mlv1.t1_2.regression.plasma_serum_stability.90dd685c7cab2ddd	T1/2	plasma_serum_stability	log10(h)	false	5-9	7	6	-0.115393418702	-0.0770970888631	0.0760882304926	0.52287874528	0.790050473683	1.09273959769	1.2005240046	1.21056466117	1.21307482531	0.731281223746	0.46778352961	0.569860852405	0.267171728403	0.285714285714	0	1	6	0	plasma_serum_stability	0	2	1	elapsed_time	false	"{""assay_family"":""plasma_serum_stability"",""binary_evidence_lane"":""not_binary"",""condition"":{""assay"":""lc_ms"",""matrix"":""plasma"",""protease"":""not_applicable"",""route"":""not_applicable"",""species"":""minipig""},""endpoint_family"":""T1/2"",""normalized_unit"":""log10(h)"",""parameter_basis"":""elapsed_time"",""parameter_semantics"":""plasma_serum_stability"",""target_kind"":""regression"",""target_transform"":""log10""}"	0	5	log10	7	1
mlv1.t1_2.regression.plasma_serum_stability.9849994e9d8e4aff	T1/2	plasma_serum_stability	log10(h)	false	1	1	1	0.138302698166	0.138302698166	0.138302698166	0.138302698166	0.138302698166	0.138302698166	0.138302698166	0.138302698166	0.138302698166	0.138302698166	0	0	0	1	0	0	1	0	plasma_serum_stability	0	1	1	elapsed_time	false	"{""assay_family"":""plasma_serum_stability"",""binary_evidence_lane"":""not_binary"",""condition"":{""assay"":""mass_spectrometry"",""matrix"":""plasma"",""protease"":""not_applicable"",""route"":""not_applicable"",""species"":""rat""},""endpoint_family"":""T1/2"",""normalized_unit"":""log10(h)"",""parameter_basis"":""elapsed_time"",""parameter_semantics"":""plasma_serum_stability"",""target_kind"":""regression"",""target_transform"":""log10""}"	0	0	log10	1	1
mlv1.t1_2.regression.plasma_serum_stability.a595c1178c113a07	T1/2	plasma_serum_stability	log10(h)	false	2-4	3	3	0.645422269349	0.649415784762	0.665389846416	0.745260154682	0.845098040014	1.3116246452	1.68484592934	1.75949018617	1.77815125038	1.08955718658	0.604639513985	0.566364490515	0.199675770665	0.333333333333	0	0	3	0	plasma_serum_stability	0	3	1	elapsed_time	false	"{""assay_family"":""plasma_serum_stability"",""binary_evidence_lane"":""not_binary"",""condition"":{""assay"":""lc_ms_ms"",""matrix"":""plasma"",""protease"":""not_applicable"",""route"":""not_applicable"",""species"":""human""},""endpoint_family"":""T1/2"",""normalized_unit"":""log10(h)"",""parameter_basis"":""elapsed_time"",""parameter_semantics"":""plasma_serum_stability"",""target_kind"":""regression"",""target_transform"":""log10""}"	0	0	log10	3	1
mlv1.t1_2.regression.plasma_serum_stability.a65074daa324a76e	T1/2	plasma_serum_stability	log10(h)	false	1	1	1	1.43136376416	1.43136376416	1.43136376416	1.43136376416	1.43136376416	1.43136376416	1.43136376416	1.43136376416	1.43136376416	1.43136376416	0	0	0	1	0	0	1	0	plasma_serum_stability	0	1	1	elapsed_time	false	"{""assay_family"":""plasma_serum_stability"",""binary_evidence_lane"":""not_binary"",""condition"":{""assay"":""assay_not_reported"",""matrix"":""blood"",""protease"":""not_applicable"",""route"":""not_applicable"",""species"":""species_not_reported""},""endpoint_family"":""T1/2"",""normalized_unit"":""log10(h)"",""parameter_basis"":""elapsed_time"",""parameter_semantics"":""plasma_serum_stability"",""target_kind"":""regression"",""target_transform"":""log10""}"	0	0	log10	1	1
mlv1.t1_2.regression.plasma_serum_stability.a7e2a583ea2b8409	T1/2	plasma_serum_stability	log10(h)	false	2-4	3	3	-0.0322960552099	-0.0302876542651	-0.022254050486	0.0179139684094	0.0681239920286	0.2966708091	0.479508262758	0.516075753489	0.525217626172	0.187015187664	0.297164455364	0.278756840691	0.100420047239	0.333333333333	0	1	2	0	plasma_serum_stability	0	3	1	elapsed_time	false	"{""assay_family"":""plasma_serum_stability"",""binary_evidence_lane"":""not_binary"",""condition"":{""assay"":""hplc"",""matrix"":""serum"",""protease"":""not_applicable"",""route"":""not_applicable"",""species"":""mouse""},""endpoint_family"":""T1/2"",""normalized_unit"":""log10(h)"",""parameter_basis"":""elapsed_time"",""parameter_semantics"":""plasma_serum_stability"",""target_kind"":""regression"",""target_transform"":""log10""}"	0	0	log10	3	1
mlv1.t1_2.regression.plasma_serum_stability.a7ea702eec3f3d2a	T1/2	plasma_serum_stability	log10(h)	false	10-29	13	12	-1.65757731918	-1.47366068927	-0.737994169637	-0.0457574905607	0.606506762079	0.991226075692	1.33786259714	1.3717415128	1.38021124171	0.440506388433	0.801739012437	1.03698356625	0.384719313613	0.153846153846	0	4	9	1	plasma_serum_stability	0	8	1	elapsed_time	false	"{""assay_family"":""plasma_serum_stability"",""binary_evidence_lane"":""not_binary"",""condition"":{""assay"":""hplc"",""matrix"":""plasma"",""protease"":""not_applicable"",""route"":""not_applicable"",""species"":""rat""},""endpoint_family"":""T1/2"",""normalized_unit"":""log10(h)"",""parameter_basis"":""elapsed_time"",""parameter_semantics"":""plasma_serum_stability"",""target_kind"":""regression"",""target_transform"":""log10""}"	0	5	log10	10	1
mlv1.t1_2.regression.plasma_serum_stability.ab21c35b0c0fc181	T1/2	plasma_serum_stability	log10(h)	false	2-4	4	4	-1.55284196866	-1.52659013076	-1.42158277915	-0.896546021114	-0.129739706973	0.458385770982	0.554588522171	0.573829072409	0.578639209968	-0.308420543159	1.00000187399	1.3549317921	0.628209957617	0.25	0	2	2	0	plasma_serum_stability	0	4	1	elapsed_time	false	"{""assay_family"":""plasma_serum_stability"",""binary_evidence_lane"":""not_binary"",""condition"":{""assay"":""other_glo_sensor_transfected_a0ae5f4f"",""matrix"":""plasma"",""protease"":""not_applicable"",""route"":""not_applicable"",""species"":""human""},""endpoint_family"":""T1/2"",""normalized_unit"":""log10(h)"",""parameter_basis"":""elapsed_time"",""parameter_semantics"":""plasma_serum_stability"",""target_kind"":""regression"",""target_transform"":""log10""}"	0	0	log10	4	1
mlv1.t1_2.regression.plasma_serum_stability.b06e195dbb3a78eb	T1/2	plasma_serum_stability	log10(h)	false	5-9	7	7	-0.301029995664	-0.299000454027	-0.290882287478	-0.248176145035	-0.00568284733036	0.116074565186	0.155349889491	0.164608568374	0.166923238095	-0.0577132520852	0.202630073541	0.364250710221	0.172606085425	0.142857142857	0	4	3	0	plasma_serum_stability	0	2	1	elapsed_time	false	"{""assay_family"":""plasma_serum_stability"",""binary_evidence_lane"":""not_binary"",""condition"":{""assay"":""assay_not_reported"",""matrix"":""plasma"",""protease"":""not_applicable"",""route"":""not_applicable"",""species"":""rat""},""endpoint_family"":""T1/2"",""normalized_unit"":""log10(h)"",""parameter_basis"":""elapsed_time"",""parameter_semantics"":""plasma_serum_stability"",""target_kind"":""regression"",""target_transform"":""log10""}"	0	5	log10	7	1
mlv1.t1_2.regression.plasma_serum_stability.b352b50f2cfea108	T1/2	plasma_serum_stability	log10(h)	false	1	1	1	1.30102999566	1.30102999566	1.30102999566	1.30102999566	1.30102999566	1.30102999566	1.30102999566	1.30102999566	1.30102999566	1.30102999566	0	0	0	1	0	0	1	0	plasma_serum_stability	0	1	1	elapsed_time	false	"{""assay_family"":""plasma_serum_stability"",""binary_evidence_lane"":""not_binary"",""condition"":{""assay"":""other_peptide_specific_immunoassay"",""matrix"":""serum"",""protease"":""not_applicable"",""route"":""not_applicable"",""species"":""human""},""endpoint_family"":""T1/2"",""normalized_unit"":""log10(h)"",""parameter_basis"":""elapsed_time"",""parameter_semantics"":""plasma_serum_stability"",""target_kind"":""regression"",""target_transform"":""log10""}"	0	0	log10	1	1
mlv1.t1_2.regression.plasma_serum_stability.b723e8bae1e732f6	T1/2	plasma_serum_stability	log10(h)	false	2-4	4	4	-0.632023214705	-0.607779780492	-0.510806043641	-0.0259373593843	0.314194465025	0.604397713334	0.969437814947	1.04244583527	1.06069784035	0.264265888924	0.702559304011	0.630335072718	0.442303290647	0.25	0	1	3	0	plasma_serum_stability	0	3	1	elapsed_time	false	"{""assay_family"":""plasma_serum_stability"",""binary_evidence_lane"":""not_binary"",""condition"":{""assay"":""lc_ms_ms"",""matrix"":""plasma"",""protease"":""not_applicable"",""route"":""not_applicable"",""species"":""mouse""},""endpoint_family"":""T1/2"",""normalized_unit"":""log10(h)"",""parameter_basis"":""elapsed_time"",""parameter_semantics"":""plasma_serum_stability"",""target_kind"":""regression"",""target_transform"":""log10""}"	0	1	log10	4	1
mlv1.t1_2.regression.plasma_serum_stability.b838a21be496b6f9	T1/2	plasma_serum_stability	log10(h)	false	1	1	1	-1.20994952632	-1.20994952632	-1.20994952632	-1.20994952632	-1.20994952632	-1.20994952632	-1.20994952632	-1.20994952632	-1.20994952632	-1.20994952632	0	0	0	1	0	1	0	0	plasma_serum_stability	0	1	1	elapsed_time	false	"{""assay_family"":""plasma_serum_stability"",""binary_evidence_lane"":""not_binary"",""condition"":{""assay"":""assay_not_reported"",""matrix"":""blood"",""protease"":""not_applicable"",""route"":""not_applicable"",""species"":""rat""},""endpoint_family"":""T1/2"",""normalized_unit"":""log10(h)"",""parameter_basis"":""elapsed_time"",""parameter_semantics"":""plasma_serum_stability"",""target_kind"":""regression"",""target_transform"":""log10""}"	0	0	log10	1	1
mlv1.t1_2.regression.plasma_serum_stability.bb89802b7ded20da	T1/2	plasma_serum_stability	log10(h)	false	1	1	1	-0.435728569561	-0.435728569561	-0.435728569561	-0.435728569561	-0.435728569561	-0.435728569561	-0.435728569561	-0.435728569561	-0.435728569561	-0.435728569561	0	0	0	1	0	1	0	0	plasma_serum_stability	0	1	1	elapsed_time	false	"{""assay_family"":""plasma_serum_stability"",""binary_evidence_lane"":""not_binary"",""condition"":{""assay"":""other_sandwich_immunoluminome_5a286e46"",""matrix"":""plasma"",""protease"":""not_applicable"",""route"":""not_applicable"",""species"":""human""},""endpoint_family"":""T1/2"",""normalized_unit"":""log10(h)"",""parameter_basis"":""elapsed_time"",""parameter_semantics"":""plasma_serum_stability"",""target_kind"":""regression"",""target_transform"":""log10""}"	0	0	log10	1	1
mlv1.t1_2.regression.plasma_serum_stability.bc0f6ea6a5ffc132	T1/2	plasma_serum_stability	log10(h)	false	10-29	15	15	-1.27300127206	-1.24586646842	-1.13732725385	-0.0813636487487	0.263241434775	0.700412848455	0.839966345748	0.890465258743	0.903089986992	0.159913818069	0.671939509039	0.781776497204	0.435728569561	0.0666666666667	0	5	10	1	plasma_serum_stability	0	15	1	elapsed_time	false	"{""assay_family"":""plasma_serum_stability"",""binary_evidence_lane"":""not_binary"",""condition"":{""assay"":""hplc"",""matrix"":""serum"",""protease"":""not_applicable"",""route"":""not_applicable"",""species"":""human""},""endpoint_family"":""T1/2"",""normalized_unit"":""log10(h)"",""parameter_basis"":""elapsed_time"",""parameter_semantics"":""plasma_serum_stability"",""target_kind"":""regression"",""target_transform"":""log10""}"	0	0	log10	15	1
mlv1.t1_2.regression.plasma_serum_stability.c271a5310d5210f5	T1/2	plasma_serum_stability	log10(h)	false	1	1	1	1.26951294422	1.26951294422	1.26951294422	1.26951294422	1.26951294422	1.26951294422	1.26951294422	1.26951294422	1.26951294422	1.26951294422	0	0	0	1	0	0	1	0	plasma_serum_stability	0	0	1	elapsed_time	false	"{""assay_family"":""plasma_serum_stability"",""binary_evidence_lane"":""not_binary"",""condition"":{""assay"":""other_lc_ms"",""matrix"":""plasma"",""protease"":""not_applicable"",""route"":""not_applicable"",""species"":""species_not_reported""},""endpoint_family"":""T1/2"",""normalized_unit"":""log10(h)"",""parameter_basis"":""elapsed_time"",""parameter_semantics"":""plasma_serum_stability"",""target_kind"":""regression"",""target_transform"":""log10""}"	0	1	log10	1	1
mlv1.t1_2.regression.plasma_serum_stability.c6538b3e01f5c314	T1/2	plasma_serum_stability	log10(h)	false	2-4	3	3	-0.547702329005	-0.534581492929	-0.482098148626	-0.219681427108	0.108339474789	0.127233755234	0.142349179589	0.14537226446	0.146128035678	-0.0977449395127	0.390132327682	0.346915182342	0.037788560889	0.333333333333	0	1	2	0	plasma_serum_stability	0	3	1	elapsed_time	false	"{""assay_family"":""plasma_serum_stability"",""binary_evidence_lane"":""not_binary"",""condition"":{""assay"":""hplc"",""matrix"":""serum"",""protease"":""not_applicable"",""route"":""not_applicable"",""species"":""species_not_reported""},""endpoint_family"":""T1/2"",""normalized_unit"":""log10(h)"",""parameter_basis"":""elapsed_time"",""parameter_semantics"":""plasma_serum_stability"",""target_kind"":""regression"",""target_transform"":""log10""}"	0	0	log10	3	1
mlv1.t1_2.regression.plasma_serum_stability.ca7d464bc7eb5852	T1/2	plasma_serum_stability	log10(h)	false	2-4	2	2	-0.933053210369	-0.930432091073	-0.919947613887	-0.867525227961	-0.801997245552	-0.736469263144	-0.684046877218	-0.673562400032	-0.670941280736	-0.801997245552	0.185341122873	0.131055964817	0.131055964817	0.5	0	2	0	0	plasma_serum_stability	0	2	1	elapsed_time	false	"{""assay_family"":""plasma_serum_stability"",""binary_evidence_lane"":""not_binary"",""condition"":{""assay"":""other_tlc_thin_layer_chromatography"",""matrix"":""plasma"",""protease"":""not_applicable"",""route"":""not_applicable"",""species"":""human""},""endpoint_family"":""T1/2"",""normalized_unit"":""log10(h)"",""parameter_basis"":""elapsed_time"",""parameter_semantics"":""plasma_serum_stability"",""target_kind"":""regression"",""target_transform"":""log10""}"	0	0	log10	2	1
mlv1.t1_2.regression.plasma_serum_stability.cb59ba36993c6f84	T1/2	plasma_serum_stability	log10(h)	false	2-4	3	3	-1.39794000867	-1.39758543333	-1.39616713197	-1.38907562519	-1.38021124171	-1.03778856089	-0.763850416231	-0.7090627873	-0.695365880067	-1.15783904348	0.400611591762	0.351287064302	0.01772876696	0.333333333333	0	3	0	0	plasma_serum_stability	0	3	1	elapsed_time	false	"{""assay_family"":""plasma_serum_stability"",""binary_evidence_lane"":""not_binary"",""condition"":{""assay"":""radioimmunoassay"",""matrix"":""plasma"",""protease"":""not_applicable"",""route"":""not_applicable"",""species"":""human""},""endpoint_family"":""T1/2"",""normalized_unit"":""log10(h)"",""parameter_basis"":""elapsed_time"",""parameter_semantics"":""plasma_serum_stability"",""target_kind"":""regression"",""target_transform"":""log10""}"	0	0	log10	3	1
mlv1.t1_2.regression.plasma_serum_stability.cecea36ab7ba5a41	T1/2	plasma_serum_stability	log10(h)	false	1	1	1	-0.698970004336	-0.698970004336	-0.698970004336	-0.698970004336	-0.698970004336	-0.698970004336	-0.698970004336	-0.698970004336	-0.698970004336	-0.698970004336	0	0	0	1	0	1	0	0	plasma_serum_stability	0	1	1	elapsed_time	false	"{""assay_family"":""plasma_serum_stability"",""binary_evidence_lane"":""not_binary"",""condition"":{""assay"":""lc_ms"",""matrix"":""plasma"",""protease"":""not_applicable"",""route"":""not_applicable"",""species"":""species_not_reported""},""endpoint_family"":""T1/2"",""normalized_unit"":""log10(h)"",""parameter_basis"":""elapsed_time"",""parameter_semantics"":""plasma_serum_stability"",""target_kind"":""regression"",""target_transform"":""log10""}"	0	0	log10	1	1
mlv1.t1_2.regression.plasma_serum_stability.d1833c972ed77984	T1/2	plasma_serum_stability	log10(h)	false	2-4	2	2	-0.0377885608894	-0.0374106752805	-0.0358991328449	-0.028341420667	-0.0188942804447	-0.00944714022235	-0.00188942804447	-0.000377885608894	0	-0.0188942804447	0.0267205476562	0.0188942804447	0.0188942804447	0.5	1	1	0	0	plasma_serum_stability	0	2	1	elapsed_time	false	"{""assay_family"":""plasma_serum_stability"",""binary_evidence_lane"":""not_binary"",""condition"":{""assay"":""radioimmunoassay"",""matrix"":""blood"",""protease"":""not_applicable"",""route"":""not_applicable"",""species"":""human""},""endpoint_family"":""T1/2"",""normalized_unit"":""log10(h)"",""parameter_basis"":""elapsed_time"",""parameter_semantics"":""plasma_serum_stability"",""target_kind"":""regression"",""target_transform"":""log10""}"	0	0	log10	2	1
mlv1.t1_2.regression.plasma_serum_stability.eced0c6931266b56	T1/2	plasma_serum_stability	log10(h)	false	5-9	5	5	-1.28678955655	-1.28236162465	-1.26464989705	-1.17609125906	0.819543935542	1.10720996965	1.16231500118	1.17333600748	1.17609125906	0.127992869728	1.24878580707	2.28330122871	0.356547323518	0.2	0	2	3	0	plasma_serum_stability	0	5	1	elapsed_time	false	"{""assay_family"":""plasma_serum_stability"",""binary_evidence_lane"":""not_binary"",""condition"":{""assay"":""lc_ms"",""matrix"":""serum"",""protease"":""not_applicable"",""route"":""not_applicable"",""species"":""human""},""endpoint_family"":""T1/2"",""normalized_unit"":""log10(h)"",""parameter_basis"":""elapsed_time"",""parameter_semantics"":""plasma_serum_stability"",""target_kind"":""regression"",""target_transform"":""log10""}"	0	0	log10	5	1
mlv1.t1_2.regression.plasma_serum_stability.ed70baca24764723	T1/2	plasma_serum_stability	log10(h)	false	2-4	2	2	-1.47712125472	-1.47289699796	-1.4559999709	-1.37151483563	-1.26590841654	-1.16030199744	-1.07581686217	-1.05891983511	-1.05469557835	-1.26590841654	0.298700060309	0.211212838185	0.211212838185	0.5	0	2	0	0	plasma_serum_stability	0	2	1	elapsed_time	false	"{""assay_family"":""plasma_serum_stability"",""binary_evidence_lane"":""not_binary"",""condition"":{""assay"":""lc_ms_ms"",""matrix"":""serum"",""protease"":""not_applicable"",""route"":""not_applicable"",""species"":""mouse""},""endpoint_family"":""T1/2"",""normalized_unit"":""log10(h)"",""parameter_basis"":""elapsed_time"",""parameter_semantics"":""plasma_serum_stability"",""target_kind"":""regression"",""target_transform"":""log10""}"	0	0	log10	2	1
mlv1.t1_2.regression.plasma_serum_stability.eea4f14359f9bbd9	T1/2	plasma_serum_stability	log10(h)	false	1	1	1	-1.02380291467	-1.02380291467	-1.02380291467	-1.02380291467	-1.02380291467	-1.02380291467	-1.02380291467	-1.02380291467	-1.02380291467	-1.02380291467	0	0	0	1	0	1	0	0	plasma_serum_stability	0	1	1	elapsed_time	false	"{""assay_family"":""plasma_serum_stability"",""binary_evidence_lane"":""not_binary"",""condition"":{""assay"":""mass_spectrometry"",""matrix"":""plasma"",""protease"":""not_applicable"",""route"":""not_applicable"",""species"":""mouse""},""endpoint_family"":""T1/2"",""normalized_unit"":""log10(h)"",""parameter_basis"":""elapsed_time"",""parameter_semantics"":""plasma_serum_stability"",""target_kind"":""regression"",""target_transform"":""log10""}"	0	0	log10	1	1
mlv1.t1_2.regression.plasma_serum_stability.f315e07dc3855264	T1/2	plasma_serum_stability	log10(h)	false	2-4	2	2	-0.0457574905607	-0.0416826372949	-0.0253832242318	0.056113841084	0.157985172729	0.259856504373	0.341353569689	0.357652982752	0.361727836018	0.157985172729	0.288135637658	0.203742663289	0.203742663289	0.5	0	1	1	0	plasma_serum_stability	0	2	1	elapsed_time	false	"{""assay_family"":""plasma_serum_stability"",""binary_evidence_lane"":""not_binary"",""condition"":{""assay"":""other_waters_xevo_tq_ms"",""matrix"":""plasma"",""protease"":""not_applicable"",""route"":""not_applicable"",""species"":""rat""},""endpoint_family"":""T1/2"",""normalized_unit"":""log10(h)"",""parameter_basis"":""elapsed_time"",""parameter_semantics"":""plasma_serum_stability"",""target_kind"":""regression"",""target_transform"":""log10""}"	0	0	log10	2	1
mlv1.t1_2.regression.plasma_serum_stability.fbdc316f374e5c2b	T1/2	plasma_serum_stability	log10(h)	false	1	1	1	-0.0409586076789	-0.0409586076789	-0.0409586076789	-0.0409586076789	-0.0409586076789	-0.0409586076789	-0.0409586076789	-0.0409586076789	-0.0409586076789	-0.0409586076789	0	0	0	1	0	1	0	0	plasma_serum_stability	0	1	1	elapsed_time	false	"{""assay_family"":""plasma_serum_stability"",""binary_evidence_lane"":""not_binary"",""condition"":{""assay"":""mass_spectrometry"",""matrix"":""plasma"",""protease"":""not_applicable"",""route"":""not_applicable"",""species"":""dog""},""endpoint_family"":""T1/2"",""normalized_unit"":""log10(h)"",""parameter_basis"":""elapsed_time"",""parameter_semantics"":""plasma_serum_stability"",""target_kind"":""regression"",""target_transform"":""log10""}"	0	0	log10	1	1
mlv1.t1_2.regression.plasma_serum_stability.fdefec0fab1755c4	T1/2	plasma_serum_stability	log10(h)	false	2-4	2	2	0.0606978403536	0.0623953511638	0.0691853944048	0.10313561061	0.145573380866	0.188011151122	0.221961367327	0.228751410568	0.230448921378	0.145573380866	0.120032140506	0.0848755405122	0.0848755405122	0.5	0	0	2	0	plasma_serum_stability	0	2	1	elapsed_time	false	"{""assay_family"":""plasma_serum_stability"",""binary_evidence_lane"":""not_binary"",""condition"":{""assay"":""hplc"",""matrix"":""blood"",""protease"":""not_applicable"",""route"":""not_applicable"",""species"":""human""},""endpoint_family"":""T1/2"",""normalized_unit"":""log10(h)"",""parameter_basis"":""elapsed_time"",""parameter_semantics"":""plasma_serum_stability"",""target_kind"":""regression"",""target_transform"":""log10""}"	0	0	log10	2	1
mlv1.t1_2.regression.protease_intestinal_stability.2b087cf875153c2d	T1/2	protease_intestinal_stability	log10(h)	false	1	1	1	-0.330993219041	-0.330993219041	-0.330993219041	-0.330993219041	-0.330993219041	-0.330993219041	-0.330993219041	-0.330993219041	-0.330993219041	-0.330993219041	0	0	0	1	0	1	0	0	protease_intestinal_stability	0	1	1	elapsed_time	false	"{""assay_family"":""protease_intestinal_stability"",""binary_evidence_lane"":""not_binary"",""condition"":{""assay"":""protease_unspecified"",""matrix"":""non_brain_homogenate"",""protease"":""protease_unspecified"",""route"":""not_applicable"",""species"":""mouse""},""endpoint_family"":""T1/2"",""normalized_unit"":""log10(h)"",""parameter_basis"":""elapsed_time"",""parameter_semantics"":""protease_intestinal_stability"",""target_kind"":""regression"",""target_transform"":""log10""}"	0	0	log10	1	1
mlv1.t1_2.regression.protease_intestinal_stability.312ac4c107e78599	T1/2	protease_intestinal_stability	log10(h)	false	1	1	1	-1.23777171571	-1.23777171571	-1.23777171571	-1.23777171571	-1.23777171571	-1.23777171571	-1.23777171571	-1.23777171571	-1.23777171571	-1.23777171571	0	0	0	1	0	1	0	0	protease_intestinal_stability	0	1	1	elapsed_time	false	"{""assay_family"":""protease_intestinal_stability"",""binary_evidence_lane"":""not_binary"",""condition"":{""assay"":""chymotrypsin"",""matrix"":""intestinal_matrix"",""protease"":""chymotrypsin"",""route"":""not_applicable"",""species"":""species_not_reported""},""endpoint_family"":""T1/2"",""normalized_unit"":""log10(h)"",""parameter_basis"":""elapsed_time"",""parameter_semantics"":""protease_intestinal_stability"",""target_kind"":""regression"",""target_transform"":""log10""}"	0	0	log10	1	1
mlv1.t1_2.regression.protease_intestinal_stability.5382cceee3dfb0e0	T1/2	protease_intestinal_stability	log10(h)	false	1	1	1	0.203214258695	0.203214258695	0.203214258695	0.203214258695	0.203214258695	0.203214258695	0.203214258695	0.203214258695	0.203214258695	0.203214258695	0	0	0	1	0	0	1	0	protease_intestinal_stability	0	1	1	elapsed_time	false	"{""assay_family"":""protease_intestinal_stability"",""binary_evidence_lane"":""not_binary"",""condition"":{""assay"":""protease_unspecified"",""matrix"":""plasma"",""protease"":""protease_unspecified"",""route"":""not_applicable"",""species"":""mouse""},""endpoint_family"":""T1/2"",""normalized_unit"":""log10(h)"",""parameter_basis"":""elapsed_time"",""parameter_semantics"":""protease_intestinal_stability"",""target_kind"":""regression"",""target_transform"":""log10""}"	0	0	log10	1	1
mlv1.t1_2.regression.protease_intestinal_stability.5a49420d391accc6	T1/2	protease_intestinal_stability	log10(h)	false	2-4	2	2	-1.34358234635	-1.32543360578	-1.25283864348	-0.889863831998	-0.436145317646	0.0175731967068	0.380548008189	0.453142970485	0.471291711059	-0.436145317646	1.28330975299	0.907437028705	0.907437028704	0.5	0	1	1	0	protease_intestinal_stability	0	2	1	elapsed_time	false	"{""assay_family"":""protease_intestinal_stability"",""binary_evidence_lane"":""not_binary"",""condition"":{""assay"":""simulated_intestinal_fluid"",""matrix"":""simulated_intestinal_fluid"",""protease"":""simulated_intestinal_fluid"",""route"":""not_applicable"",""species"":""species_not_reported""},""endpoint_family"":""T1/2"",""normalized_unit"":""log10(h)"",""parameter_basis"":""elapsed_time"",""parameter_semantics"":""protease_intestinal_stability"",""target_kind"":""regression"",""target_transform"":""log10""}"	0	0	log10	2	1
mlv1.t1_2.regression.protease_intestinal_stability.5f3466e372636127	T1/2	protease_intestinal_stability	log10(h)	false	2-4	2	2	-1.17609125906	-1.16955913392	-1.14343063337	-1.01278813061	-0.84948500217	-0.686181873725	-0.555539370969	-0.529410870418	-0.52287874528	-0.84948500217	0.46189099805	0.32660625689	0.32660625689	0.5	0	2	0	0	protease_intestinal_stability	0	2	1	elapsed_time	false	"{""assay_family"":""protease_intestinal_stability"",""binary_evidence_lane"":""not_binary"",""condition"":{""assay"":""trypsin"",""matrix"":""enzyme_solution"",""protease"":""trypsin"",""route"":""not_applicable"",""species"":""species_not_reported""},""endpoint_family"":""T1/2"",""normalized_unit"":""log10(h)"",""parameter_basis"":""elapsed_time"",""parameter_semantics"":""protease_intestinal_stability"",""target_kind"":""regression"",""target_transform"":""log10""}"	0	0	log10	2	1
mlv1.t1_2.regression.protease_intestinal_stability.718a9a4472cc08a2	T1/2	protease_intestinal_stability	log10(h)	false	2-4	3	3	-1.15697496861	-1.14922649081	-1.11823257961	-0.963263023616	-0.769551078622	0.226842597239	1.02395753793	1.18338052607	1.2232362731	-0.234429924711	1.27715205665	1.19010562085	0.387423889988	0.333333333333	0	2	1	0	protease_intestinal_stability	0	3	1	elapsed_time	false	"{""assay_family"":""protease_intestinal_stability"",""binary_evidence_lane"":""not_binary"",""condition"":{""assay"":""dpp4"",""matrix"":""enzyme_solution"",""protease"":""dpp4"",""route"":""not_applicable"",""species"":""species_not_reported""},""endpoint_family"":""T1/2"",""normalized_unit"":""log10(h)"",""parameter_basis"":""elapsed_time"",""parameter_semantics"":""protease_intestinal_stability"",""target_kind"":""regression"",""target_transform"":""log10""}"	0	0	log10	3	1
mlv1.t1_2.regression.protease_intestinal_stability.8964cda78967b992	T1/2	protease_intestinal_stability	log10(h)	true	100-999	375	299	-6.65321251378	-6.51490981561	-6.23408320603	-5.72062349905	-5.16536739366	-4.53970706929	-2.97438761273	-2.29550324522	-1.95283766993	-5.02986833819	0.931398820396	1.18091642976	0.6056052721	0.0133333333333	0	375	0	12	protease_intestinal_stability	0	375	1	elapsed_time	true	"{""assay_family"":""protease_intestinal_stability"",""binary_evidence_lane"":""not_binary"",""condition"":{""assay"":""murine_crude_intestinal_protease"",""matrix"":""intestinal_matrix"",""protease"":""murine_crude_intestinal_protease"",""route"":""not_applicable"",""species"":""mouse""},""endpoint_family"":""T1/2"",""normalized_unit"":""log10(h)"",""parameter_basis"":""elapsed_time"",""parameter_semantics"":""protease_intestinal_stability"",""target_kind"":""regression"",""target_transform"":""log10""}"	0	0	log10	375	1
mlv1.t1_2.regression.protease_intestinal_stability.90eb8d49bdfc0ed8	T1/2	protease_intestinal_stability	log10(h)	false	1	1	1	1.10037054512	1.10037054512	1.10037054512	1.10037054512	1.10037054512	1.10037054512	1.10037054512	1.10037054512	1.10037054512	1.10037054512	0	0	0	1	0	0	1	0	protease_intestinal_stability	0	1	1	elapsed_time	false	"{""assay_family"":""protease_intestinal_stability"",""binary_evidence_lane"":""not_binary"",""condition"":{""assay"":""nep24_11"",""matrix"":""buffer"",""protease"":""nep24_11"",""route"":""not_applicable"",""species"":""human""},""endpoint_family"":""T1/2"",""normalized_unit"":""log10(h)"",""parameter_basis"":""elapsed_time"",""parameter_semantics"":""protease_intestinal_stability"",""target_kind"":""regression"",""target_transform"":""log10""}"	0	0	log10	1	1
mlv1.t1_2.regression.protease_intestinal_stability.97b8c95b9c851068	T1/2	protease_intestinal_stability	log10(h)	false	1	1	1	1.357934847	1.357934847	1.357934847	1.357934847	1.357934847	1.357934847	1.357934847	1.357934847	1.357934847	1.357934847	0	0	0	1	0	0	1	0	protease_intestinal_stability	0	1	1	elapsed_time	false	"{""assay_family"":""protease_intestinal_stability"",""binary_evidence_lane"":""not_binary"",""condition"":{""assay"":""dpp4"",""matrix"":""blood"",""protease"":""dpp4"",""route"":""not_applicable"",""species"":""human""},""endpoint_family"":""T1/2"",""normalized_unit"":""log10(h)"",""parameter_basis"":""elapsed_time"",""parameter_semantics"":""protease_intestinal_stability"",""target_kind"":""regression"",""target_transform"":""log10""}"	0	0	log10	1	1
mlv1.t1_2.regression.protease_intestinal_stability.ad5b5fd4b01a9d45	T1/2	protease_intestinal_stability	log10(h)	false	2-4	2	2	-0.814363423038	-0.802675502835	-0.755923822022	-0.52216541796	-0.229967412881	0.0622305921975	0.29598899626	0.342740677073	0.354428597276	-0.229967412881	0.826460763361	0.584396010157	0.584396010157	0.5	0	1	1	0	protease_intestinal_stability	0	2	1	elapsed_time	false	"{""assay_family"":""protease_intestinal_stability"",""binary_evidence_lane"":""not_binary"",""condition"":{""assay"":""nep24_11"",""matrix"":""buffer"",""protease"":""nep24_11"",""route"":""not_applicable"",""species"":""species_not_reported""},""endpoint_family"":""T1/2"",""normalized_unit"":""log10(h)"",""parameter_basis"":""elapsed_time"",""parameter_semantics"":""protease_intestinal_stability"",""target_kind"":""regression"",""target_transform"":""log10""}"	0	0	log10	2	1
mlv1.t1_2.regression.protease_intestinal_stability.c1388c9a7ecbbefb	T1/2	protease_intestinal_stability	log10(h)	false	1	1	1	1.09272064468	1.09272064468	1.09272064468	1.09272064468	1.09272064468	1.09272064468	1.09272064468	1.09272064468	1.09272064468	1.09272064468	0	0	0	1	0	0	1	0	protease_intestinal_stability	0	1	1	elapsed_time	false	"{""assay_family"":""protease_intestinal_stability"",""binary_evidence_lane"":""not_binary"",""condition"":{""assay"":""trypsin"",""matrix"":""intestinal_matrix"",""protease"":""trypsin"",""route"":""not_applicable"",""species"":""species_not_reported""},""endpoint_family"":""T1/2"",""normalized_unit"":""log10(h)"",""parameter_basis"":""elapsed_time"",""parameter_semantics"":""protease_intestinal_stability"",""target_kind"":""regression"",""target_transform"":""log10""}"	0	0	log10	1	1
mlv1.t1_2.regression.protease_intestinal_stability.ccc95ebee726da7a	T1/2	protease_intestinal_stability	log10(h)	false	1	1	1	1.15472820744	1.15472820744	1.15472820744	1.15472820744	1.15472820744	1.15472820744	1.15472820744	1.15472820744	1.15472820744	1.15472820744	0	0	0	1	0	0	1	0	protease_intestinal_stability	0	1	1	elapsed_time	false	"{""assay_family"":""protease_intestinal_stability"",""binary_evidence_lane"":""not_binary"",""condition"":{""assay"":""pepsin"",""matrix"":""enzyme_solution"",""protease"":""pepsin"",""route"":""not_applicable"",""species"":""species_not_reported""},""endpoint_family"":""T1/2"",""normalized_unit"":""log10(h)"",""parameter_basis"":""elapsed_time"",""parameter_semantics"":""protease_intestinal_stability"",""target_kind"":""regression"",""target_transform"":""log10""}"	0	0	log10	1	1
mlv1.t1_2.regression.protease_intestinal_stability.f58b4c6458b3d91f	T1/2	protease_intestinal_stability	log10(h)	false	1	1	1	0.934498451244	0.934498451244	0.934498451244	0.934498451244	0.934498451244	0.934498451244	0.934498451244	0.934498451244	0.934498451244	0.934498451244	0	0	0	1	0	0	1	0	protease_intestinal_stability	0	1	1	elapsed_time	false	"{""assay_family"":""protease_intestinal_stability"",""binary_evidence_lane"":""not_binary"",""condition"":{""assay"":""dpp4"",""matrix"":""plasma"",""protease"":""dpp4"",""route"":""not_applicable"",""species"":""human""},""endpoint_family"":""T1/2"",""normalized_unit"":""log10(h)"",""parameter_basis"":""elapsed_time"",""parameter_semantics"":""protease_intestinal_stability"",""target_kind"":""regression"",""target_transform"":""log10""}"	0	0	log10	1	1
mlv1.t1_2.regression.protease_intestinal_stability.ff08753e93b0d359	T1/2	protease_intestinal_stability	log10(h)	false	1	1	1	0.792391689498	0.792391689498	0.792391689498	0.792391689498	0.792391689498	0.792391689498	0.792391689498	0.792391689498	0.792391689498	0.792391689498	0	0	0	1	0	0	1	0	protease_intestinal_stability	0	1	1	elapsed_time	false	"{""assay_family"":""protease_intestinal_stability"",""binary_evidence_lane"":""not_binary"",""condition"":{""assay"":""simulated_gastric_fluid"",""matrix"":""simulated_gastric_fluid"",""protease"":""simulated_gastric_fluid"",""route"":""not_applicable"",""species"":""species_not_reported""},""endpoint_family"":""T1/2"",""normalized_unit"":""log10(h)"",""parameter_basis"":""elapsed_time"",""parameter_semantics"":""protease_intestinal_stability"",""target_kind"":""regression"",""target_transform"":""log10""}"	0	0	log10	1	1
mlv1.t1_2.regression.systemic_terminal_pk.000a0accc9699ff6	T1/2	systemic_terminal_pk	log10(h)	false	1	1	1	1.77815125038	1.77815125038	1.77815125038	1.77815125038	1.77815125038	1.77815125038	1.77815125038	1.77815125038	1.77815125038	1.77815125038	0	0	0	1	0	0	1	0	systemic_terminal_pk	0	1	1	elapsed_time	false	"{""assay_family"":""systemic_terminal_pk"",""binary_evidence_lane"":""not_binary"",""condition"":{""assay"":""other_tlc"",""matrix"":""plasma"",""protease"":""not_applicable"",""route"":""sc"",""species"":""mouse""},""endpoint_family"":""T1/2"",""normalized_unit"":""log10(h)"",""parameter_basis"":""elapsed_time"",""parameter_semantics"":""systemic_terminal_pk"",""target_kind"":""regression"",""target_transform"":""log10""}"	0	0	log10	1	1
mlv1.t1_2.regression.systemic_terminal_pk.0040ebfbdccedf1e	T1/2	systemic_terminal_pk	log10(h)	false	1	1	1	1.38021124171	1.38021124171	1.38021124171	1.38021124171	1.38021124171	1.38021124171	1.38021124171	1.38021124171	1.38021124171	1.38021124171	0	0	0	1	0	0	1	0	systemic_terminal_pk	0	1	1	elapsed_time	false	"{""assay_family"":""systemic_terminal_pk"",""binary_evidence_lane"":""not_binary"",""condition"":{""assay"":""other_camp_assay"",""matrix"":""other_rabbits_rabbits"",""protease"":""not_applicable"",""route"":""sc"",""species"":""rabbit""},""endpoint_family"":""T1/2"",""normalized_unit"":""log10(h)"",""parameter_basis"":""elapsed_time"",""parameter_semantics"":""systemic_terminal_pk"",""target_kind"":""regression"",""target_transform"":""log10""}"	0	0	log10	1	1
mlv1.t1_2.regression.systemic_terminal_pk.019f8eb8792d1113	T1/2	systemic_terminal_pk	log10(h)	false	1	1	1	-1.30102999566	-1.30102999566	-1.30102999566	-1.30102999566	-1.30102999566	-1.30102999566	-1.30102999566	-1.30102999566	-1.30102999566	-1.30102999566	0	0	0	1	0	1	0	0	systemic_terminal_pk	0	1	1	elapsed_time	false	"{""assay_family"":""systemic_terminal_pk"",""binary_evidence_lane"":""not_binary"",""condition"":{""assay"":""radioimmunoassay"",""matrix"":""blood"",""protease"":""not_applicable"",""route"":""route_not_reported"",""species"":""species_not_reported""},""endpoint_family"":""T1/2"",""normalized_unit"":""log10(h)"",""parameter_basis"":""elapsed_time"",""parameter_semantics"":""systemic_terminal_pk"",""target_kind"":""regression"",""target_transform"":""log10""}"	0	0	log10	1	1
mlv1.t1_2.regression.systemic_terminal_pk.01c357a636df4c6d	T1/2	systemic_terminal_pk	log10(h)	false	2-4	2	2	-0.0457574905607	-0.0347308671417	0.00937562653433	0.229908094914	0.50557368039	0.781239265865	1.00177173424	1.04587822792	1.05690485134	0.50557368039	0.779700019317	0.55133117095	0.55133117095	0.5	0	1	1	0	systemic_terminal_pk	0	2	1	elapsed_time	false	"{""assay_family"":""systemic_terminal_pk"",""binary_evidence_lane"":""not_binary"",""condition"":{""assay"":""lc_ms_ms"",""matrix"":""plasma"",""protease"":""not_applicable"",""route"":""sc"",""species"":""cynomolgus_monkey""},""endpoint_family"":""T1/2"",""normalized_unit"":""log10(h)"",""parameter_basis"":""elapsed_time"",""parameter_semantics"":""systemic_terminal_pk"",""target_kind"":""regression"",""target_transform"":""log10""}"	0	0	log10	2	1
mlv1.t1_2.regression.systemic_terminal_pk.023950fb7da09693	T1/2	systemic_terminal_pk	log10(h)	false	1	1	1	1.43136376416	1.43136376416	1.43136376416	1.43136376416	1.43136376416	1.43136376416	1.43136376416	1.43136376416	1.43136376416	1.43136376416	0	0	0	1	0	0	1	0	systemic_terminal_pk	0	1	1	elapsed_time	false	"{""assay_family"":""systemic_terminal_pk"",""binary_evidence_lane"":""not_binary"",""condition"":{""assay"":""hplc"",""matrix"":""other_subcutaneously_injected_in_7a008144"",""protease"":""not_applicable"",""route"":""sc"",""species"":""mouse""},""endpoint_family"":""T1/2"",""normalized_unit"":""log10(h)"",""parameter_basis"":""elapsed_time"",""parameter_semantics"":""systemic_terminal_pk"",""target_kind"":""regression"",""target_transform"":""log10""}"	0	0	log10	1	1
mlv1.t1_2.regression.systemic_terminal_pk.038552bc5ed08f7b	T1/2	systemic_terminal_pk	log10(h)	false	1	1	1	0.113943352307	0.113943352307	0.113943352307	0.113943352307	0.113943352307	0.113943352307	0.113943352307	0.113943352307	0.113943352307	0.113943352307	0	0	0	1	0	0	1	0	systemic_terminal_pk	0	0	1	elapsed_time	false	"{""assay_family"":""systemic_terminal_pk"",""binary_evidence_lane"":""not_binary"",""condition"":{""assay"":""other_cross_species_single_do_01aecef9"",""matrix"":""plasma"",""protease"":""not_applicable"",""route"":""route_not_reported"",""species"":""rat""},""endpoint_family"":""T1/2"",""normalized_unit"":""log10(h)"",""parameter_basis"":""elapsed_time"",""parameter_semantics"":""systemic_terminal_pk"",""target_kind"":""regression"",""target_transform"":""log10""}"	0	1	log10	1	1
mlv1.t1_2.regression.systemic_terminal_pk.0401c38a348fcd29	T1/2	systemic_terminal_pk	log10(h)	false	1	1	1	1.75358305889	1.75358305889	1.75358305889	1.75358305889	1.75358305889	1.75358305889	1.75358305889	1.75358305889	1.75358305889	1.75358305889	0	0	0	1	0	0	1	0	systemic_terminal_pk	0	1	1	elapsed_time	false	"{""assay_family"":""systemic_terminal_pk"",""binary_evidence_lane"":""not_binary"",""condition"":{""assay"":""radioimmunoassay"",""matrix"":""other_monkey_intravenous_injectio_5e4af53e"",""protease"":""not_applicable"",""route"":""iv"",""species"":""monkey_unspecified""},""endpoint_family"":""T1/2"",""normalized_unit"":""log10(h)"",""parameter_basis"":""elapsed_time"",""parameter_semantics"":""systemic_terminal_pk"",""target_kind"":""regression"",""target_transform"":""log10""}"	0	0	log10	1	1
mlv1.t1_2.regression.systemic_terminal_pk.0580434b8b169ddd	T1/2	systemic_terminal_pk	log10(h)	false	2-4	2	2	-0.864337398	-0.863519184578	-0.860246330889	-0.843882062446	-0.823426726893	-0.80297139134	-0.786607122897	-0.783334269208	-0.782516055786	-0.823426726893	0.0578564259253	0.040910671107	0.040910671107	0.5	0	2	0	0	systemic_terminal_pk	0	2	1	elapsed_time	false	"{""assay_family"":""systemic_terminal_pk"",""binary_evidence_lane"":""not_binary"",""condition"":{""assay"":""radioimmunoassay"",""matrix"":""blood"",""protease"":""not_applicable"",""route"":""route_not_reported"",""species"":""pig""},""endpoint_family"":""T1/2"",""normalized_unit"":""log10(h)"",""parameter_basis"":""elapsed_time"",""parameter_semantics"":""systemic_terminal_pk"",""target_kind"":""regression"",""target_transform"":""log10""}"	0	0	log10	2	1
mlv1.t1_2.regression.systemic_terminal_pk.064f910b6d8d31bb	T1/2	systemic_terminal_pk	log10(h)	false	1	1	1	0.959518376973	0.959518376973	0.959518376973	0.959518376973	0.959518376973	0.959518376973	0.959518376973	0.959518376973	0.959518376973	0.959518376973	0	0	0	1	0	0	1	0	systemic_terminal_pk	0	1	1	elapsed_time	false	"{""assay_family"":""systemic_terminal_pk"",""binary_evidence_lane"":""not_binary"",""condition"":{""assay"":""fluorescence"",""matrix"":""plasma"",""protease"":""not_applicable"",""route"":""ip"",""species"":""mouse""},""endpoint_family"":""T1/2"",""normalized_unit"":""log10(h)"",""parameter_basis"":""elapsed_time"",""parameter_semantics"":""systemic_terminal_pk"",""target_kind"":""regression"",""target_transform"":""log10""}"	0	0	log10	1	1
mlv1.t1_2.regression.systemic_terminal_pk.08f710b641f117a1	T1/2	systemic_terminal_pk	log10(h)	false	1	1	1	0.724275869601	0.724275869601	0.724275869601	0.724275869601	0.724275869601	0.724275869601	0.724275869601	0.724275869601	0.724275869601	0.724275869601	0	0	0	1	0	0	1	0	systemic_terminal_pk	0	1	1	elapsed_time	false	"{""assay_family"":""systemic_terminal_pk"",""binary_evidence_lane"":""not_binary"",""condition"":{""assay"":""other_uhplc"",""matrix"":""plasma"",""protease"":""not_applicable"",""route"":""iv"",""species"":""rat""},""endpoint_family"":""T1/2"",""normalized_unit"":""log10(h)"",""parameter_basis"":""elapsed_time"",""parameter_semantics"":""systemic_terminal_pk"",""target_kind"":""regression"",""target_transform"":""log10""}"	0	0	log10	1	1
mlv1.t1_2.regression.systemic_terminal_pk.09ce14dcd3719a77	T1/2	systemic_terminal_pk	log10(h)	false	1	1	1	0.47712125472	0.47712125472	0.47712125472	0.47712125472	0.47712125472	0.47712125472	0.47712125472	0.47712125472	0.47712125472	0.47712125472	0	0	0	1	0	0	1	0	systemic_terminal_pk	0	1	1	elapsed_time	false	"{""assay_family"":""systemic_terminal_pk"",""binary_evidence_lane"":""not_binary"",""condition"":{""assay"":""radioactivity"",""matrix"":""other_huh7_subcutaneous_mice_xeno_2d426051"",""protease"":""not_applicable"",""route"":""sc"",""species"":""mouse""},""endpoint_family"":""T1/2"",""normalized_unit"":""log10(h)"",""parameter_basis"":""elapsed_time"",""parameter_semantics"":""systemic_terminal_pk"",""target_kind"":""regression"",""target_transform"":""log10""}"	0	0	log10	1	1
mlv1.t1_2.regression.systemic_terminal_pk.0b09bbb53f785416	T1/2	systemic_terminal_pk	log10(h)	false	2-4	2	2	0.527629900871	0.532492923069	0.551945011863	0.649205455831	0.77078101079	0.89235656575	0.989617009718	1.00906909851	1.01393212071	0.77078101079	0.343867597354	0.243151109919	0.24315110992	0.5	0	0	2	0	systemic_terminal_pk	0	2	1	elapsed_time	false	"{""assay_family"":""systemic_terminal_pk"",""binary_evidence_lane"":""not_binary"",""condition"":{""assay"":""elisa"",""matrix"":""blood"",""protease"":""not_applicable"",""route"":""route_not_reported"",""species"":""mouse""},""endpoint_family"":""T1/2"",""normalized_unit"":""log10(h)"",""parameter_basis"":""elapsed_time"",""parameter_semantics"":""systemic_terminal_pk"",""target_kind"":""regression"",""target_transform"":""log10""}"	0	0	log10	2	1
mlv1.t1_2.regression.systemic_terminal_pk.0c1346603a101d3c	T1/2	systemic_terminal_pk	log10(h)	false	1	1	1	-1.77815125038	-1.77815125038	-1.77815125038	-1.77815125038	-1.77815125038	-1.77815125038	-1.77815125038	-1.77815125038	-1.77815125038	-1.77815125038	0	0	0	1	0	1	0	0	systemic_terminal_pk	0	1	1	elapsed_time	false	"{""assay_family"":""systemic_terminal_pk"",""binary_evidence_lane"":""not_binary"",""condition"":{""assay"":""radioimmunoassay"",""matrix"":""plasma"",""protease"":""not_applicable"",""route"":""route_not_reported"",""species"":""dog""},""endpoint_family"":""T1/2"",""normalized_unit"":""log10(h)"",""parameter_basis"":""elapsed_time"",""parameter_semantics"":""systemic_terminal_pk"",""target_kind"":""regression"",""target_transform"":""log10""}"	0	0	log10	1	1
mlv1.t1_2.regression.systemic_terminal_pk.0d6bfb3ae00d3e42	T1/2	systemic_terminal_pk	log10(h)	false	1	1	1	-1.09691001301	-1.09691001301	-1.09691001301	-1.09691001301	-1.09691001301	-1.09691001301	-1.09691001301	-1.09691001301	-1.09691001301	-1.09691001301	0	0	0	1	0	1	0	0	systemic_terminal_pk	0	1	1	elapsed_time	false	"{""assay_family"":""systemic_terminal_pk"",""binary_evidence_lane"":""not_binary"",""condition"":{""assay"":""radioactivity"",""matrix"":""other_pig_kidney_pig_kidney"",""protease"":""not_applicable"",""route"":""route_not_reported"",""species"":""pig""},""endpoint_family"":""T1/2"",""normalized_unit"":""log10(h)"",""parameter_basis"":""elapsed_time"",""parameter_semantics"":""systemic_terminal_pk"",""target_kind"":""regression"",""target_transform"":""log10""}"	0	0	log10	1	1
mlv1.t1_2.regression.systemic_terminal_pk.0e4bca382ee909e9	T1/2	systemic_terminal_pk	log10(h)	false	2-4	3	3	-0.52287874528	-0.505186613654	-0.43441808715	-0.080575454631	0.361727836018	0.412062916959	0.452330981711	0.460384594661	0.462397997899	0.100415696212	0.54213060324	0.49263837159	0.100670161881	0.333333333333	0	1	2	0	systemic_terminal_pk	0	3	1	elapsed_time	false	"{""assay_family"":""systemic_terminal_pk"",""binary_evidence_lane"":""not_binary"",""condition"":{""assay"":""other_spectrophotometry"",""matrix"":""cellular_matrix"",""protease"":""not_applicable"",""route"":""route_not_reported"",""species"":""species_not_reported""},""endpoint_family"":""T1/2"",""normalized_unit"":""log10(h)"",""parameter_basis"":""elapsed_time"",""parameter_semantics"":""systemic_terminal_pk"",""target_kind"":""regression"",""target_transform"":""log10""}"	0	0	log10	3	1
mlv1.t1_2.regression.systemic_terminal_pk.0ec37d72f60b8154	T1/2	systemic_terminal_pk	log10(h)	false	1	1	1	-0.198367653767	-0.198367653767	-0.198367653767	-0.198367653767	-0.198367653767	-0.198367653767	-0.198367653767	-0.198367653767	-0.198367653767	-0.198367653767	0	0	0	1	0	1	0	0	systemic_terminal_pk	0	1	1	elapsed_time	false	"{""assay_family"":""systemic_terminal_pk"",""binary_evidence_lane"":""not_binary"",""condition"":{""assay"":""elisa"",""matrix"":""serum"",""protease"":""not_applicable"",""route"":""iv_and_oral"",""species"":""mouse""},""endpoint_family"":""T1/2"",""normalized_unit"":""log10(h)"",""parameter_basis"":""elapsed_time"",""parameter_semantics"":""systemic_terminal_pk"",""target_kind"":""regression"",""target_transform"":""log10""}"	0	0	log10	1	1
mlv1.t1_2.regression.systemic_terminal_pk.0f7e6032b17f2b11	T1/2	systemic_terminal_pk	log10(h)	false	2-4	2	1	0	0	0	0	0	0	0	0	0	0	0	0	0	1	2	0	0	0	systemic_terminal_pk	0	2	1	elapsed_time	false	"{""assay_family"":""systemic_terminal_pk"",""binary_evidence_lane"":""not_binary"",""condition"":{""assay"":""elisa"",""matrix"":""other_c57_bl6_mice_c57_bl6_mice"",""protease"":""not_applicable"",""route"":""sc"",""species"":""mouse""},""endpoint_family"":""T1/2"",""normalized_unit"":""log10(h)"",""parameter_basis"":""elapsed_time"",""parameter_semantics"":""systemic_terminal_pk"",""target_kind"":""regression"",""target_transform"":""log10""}"	0	0	log10	2	1
mlv1.t1_2.regression.systemic_terminal_pk.112c2b5db7b38782	T1/2	systemic_terminal_pk	log10(h)	false	1	1	1	0.457377196524	0.457377196524	0.457377196524	0.457377196524	0.457377196524	0.457377196524	0.457377196524	0.457377196524	0.457377196524	0.457377196524	0	0	0	1	0	0	1	0	systemic_terminal_pk	0	1	1	elapsed_time	false	"{""assay_family"":""systemic_terminal_pk"",""binary_evidence_lane"":""not_binary"",""condition"":{""assay"":""uplc_ms"",""matrix"":""plasma"",""protease"":""not_applicable"",""route"":""sc"",""species"":""rat""},""endpoint_family"":""T1/2"",""normalized_unit"":""log10(h)"",""parameter_basis"":""elapsed_time"",""parameter_semantics"":""systemic_terminal_pk"",""target_kind"":""regression"",""target_transform"":""log10""}"	0	0	log10	1	1
mlv1.t1_2.regression.systemic_terminal_pk.1179d452d2541efe	T1/2	systemic_terminal_pk	log10(h)	false	2-4	4	4	-1.39794000867	-1.39593160498	-1.38789799023	-1.34772991645	-0.851353243975	-0.0842471390865	0.60567157249	0.743655314805	0.778151250384	-0.580623811559	1.01996295644	1.26348277736	0.51311336988	0.25	0	3	1	0	systemic_terminal_pk	0	4	1	elapsed_time	false	"{""assay_family"":""systemic_terminal_pk"",""binary_evidence_lane"":""not_binary"",""condition"":{""assay"":""radioactivity"",""matrix"":""plasma"",""protease"":""not_applicable"",""route"":""iv"",""species"":""mouse""},""endpoint_family"":""T1/2"",""normalized_unit"":""log10(h)"",""parameter_basis"":""elapsed_time"",""parameter_semantics"":""systemic_terminal_pk"",""target_kind"":""regression"",""target_transform"":""log10""}"	0	0	log10	4	1
mlv1.t1_2.regression.systemic_terminal_pk.11faaacbf19f1f4d	T1/2	systemic_terminal_pk	log10(h)	false	1	1	1	-0.30277065724	-0.30277065724	-0.30277065724	-0.30277065724	-0.30277065724	-0.30277065724	-0.30277065724	-0.30277065724	-0.30277065724	-0.30277065724	0	0	0	1	0	1	0	0	systemic_terminal_pk	0	1	1	elapsed_time	false	"{""assay_family"":""systemic_terminal_pk"",""binary_evidence_lane"":""not_binary"",""condition"":{""assay"":""lc_ms"",""matrix"":""plasma"",""protease"":""not_applicable"",""route"":""iv"",""species"":""rhesus_monkey""},""endpoint_family"":""T1/2"",""normalized_unit"":""log10(h)"",""parameter_basis"":""elapsed_time"",""parameter_semantics"":""systemic_terminal_pk"",""target_kind"":""regression"",""target_transform"":""log10""}"	0	0	log10	1	1
mlv1.t1_2.regression.systemic_terminal_pk.130e750b68865747	T1/2	systemic_terminal_pk	log10(h)	false	1	1	1	1.43136376416	1.43136376416	1.43136376416	1.43136376416	1.43136376416	1.43136376416	1.43136376416	1.43136376416	1.43136376416	1.43136376416	0	0	0	1	0	0	1	0	systemic_terminal_pk	0	1	1	elapsed_time	false	"{""assay_family"":""systemic_terminal_pk"",""binary_evidence_lane"":""not_binary"",""condition"":{""assay"":""other_ir_scanning_using_anti_b7d2a5dc"",""matrix"":""serum"",""protease"":""not_applicable"",""route"":""iv"",""species"":""mouse""},""endpoint_family"":""T1/2"",""normalized_unit"":""log10(h)"",""parameter_basis"":""elapsed_time"",""parameter_semantics"":""systemic_terminal_pk"",""target_kind"":""regression"",""target_transform"":""log10""}"	0	0	log10	1	1
mlv1.t1_2.regression.systemic_terminal_pk.147ee8d826b8a63b	T1/2	systemic_terminal_pk	log10(h)	false	1	1	1	1.50920252233	1.50920252233	1.50920252233	1.50920252233	1.50920252233	1.50920252233	1.50920252233	1.50920252233	1.50920252233	1.50920252233	0	0	0	1	0	0	1	0	systemic_terminal_pk	0	1	1	elapsed_time	false	"{""assay_family"":""systemic_terminal_pk"",""binary_evidence_lane"":""not_binary"",""condition"":{""assay"":""elisa"",""matrix"":""plasma"",""protease"":""not_applicable"",""route"":""iv"",""species"":""cynomolgus_monkey""},""endpoint_family"":""T1/2"",""normalized_unit"":""log10(h)"",""parameter_basis"":""elapsed_time"",""parameter_semantics"":""systemic_terminal_pk"",""target_kind"":""regression"",""target_transform"":""log10""}"	0	0	log10	1	1
mlv1.t1_2.regression.systemic_terminal_pk.17998f1e4190c842	T1/2	systemic_terminal_pk	log10(h)	false	1	1	1	1.66275783168	1.66275783168	1.66275783168	1.66275783168	1.66275783168	1.66275783168	1.66275783168	1.66275783168	1.66275783168	1.66275783168	0	0	0	1	0	0	1	0	systemic_terminal_pk	0	1	1	elapsed_time	false	"{""assay_family"":""systemic_terminal_pk"",""binary_evidence_lane"":""not_binary"",""condition"":{""assay"":""elisa"",""matrix"":""serum"",""protease"":""not_applicable"",""route"":""sc_and_im"",""species"":""cynomolgus_monkey""},""endpoint_family"":""T1/2"",""normalized_unit"":""log10(h)"",""parameter_basis"":""elapsed_time"",""parameter_semantics"":""systemic_terminal_pk"",""target_kind"":""regression"",""target_transform"":""log10""}"	0	0	log10	1	1
mlv1.t1_2.regression.systemic_terminal_pk.190f9cf4892ea7be	T1/2	systemic_terminal_pk	log10(h)	false	1	1	1	0.203576774978	0.203576774978	0.203576774978	0.203576774978	0.203576774978	0.203576774978	0.203576774978	0.203576774978	0.203576774978	0.203576774978	0	0	0	1	0	0	1	0	systemic_terminal_pk	0	1	1	elapsed_time	false	"{""assay_family"":""systemic_terminal_pk"",""binary_evidence_lane"":""not_binary"",""condition"":{""assay"":""lc_ms_ms"",""matrix"":""plasma"",""protease"":""not_applicable"",""route"":""route_not_reported"",""species"":""human""},""endpoint_family"":""T1/2"",""normalized_unit"":""log10(h)"",""parameter_basis"":""elapsed_time"",""parameter_semantics"":""systemic_terminal_pk"",""target_kind"":""regression"",""target_transform"":""log10""}"	0	0	log10	1	1
mlv1.t1_2.regression.systemic_terminal_pk.19bdc3ed117e2a41	T1/2	systemic_terminal_pk	log10(h)	false	1	1	1	0.124938736608	0.124938736608	0.124938736608	0.124938736608	0.124938736608	0.124938736608	0.124938736608	0.124938736608	0.124938736608	0.124938736608	0	0	0	1	0	0	1	0	systemic_terminal_pk	0	1	1	elapsed_time	false	"{""assay_family"":""systemic_terminal_pk"",""binary_evidence_lane"":""not_binary"",""condition"":{""assay"":""hplc"",""matrix"":""other_dose_i_v_injected_urine_of_f7ba7764"",""protease"":""not_applicable"",""route"":""iv"",""species"":""species_not_reported""},""endpoint_family"":""T1/2"",""normalized_unit"":""log10(h)"",""parameter_basis"":""elapsed_time"",""parameter_semantics"":""systemic_terminal_pk"",""target_kind"":""regression"",""target_transform"":""log10""}"	0	0	log10	1	1
mlv1.t1_2.regression.systemic_terminal_pk.19f9440b099488f9	T1/2	systemic_terminal_pk	log10(h)	false	10-29	10	10	-0.221848749616	-0.194756050006	-0.0863852515674	0.376731128114	1.25561404221	1.66751601988	1.75601713755	1.78275517517	1.78943968457	1.02267758977	0.766194013514	1.29078489177	0.449794804763	0.1	0	1	9	0	systemic_terminal_pk	0	10	1	elapsed_time	false	"{""assay_family"":""systemic_terminal_pk"",""binary_evidence_lane"":""not_binary"",""condition"":{""assay"":""elisa"",""matrix"":""serum"",""protease"":""not_applicable"",""route"":""sc"",""species"":""rat""},""endpoint_family"":""T1/2"",""normalized_unit"":""log10(h)"",""parameter_basis"":""elapsed_time"",""parameter_semantics"":""systemic_terminal_pk"",""target_kind"":""regression"",""target_transform"":""log10""}"	0	0	log10	10	1
mlv1.t1_2.regression.systemic_terminal_pk.1ca11a8c34926c25	T1/2	systemic_terminal_pk	log10(h)	false	1	1	1	-0.234083206033	-0.234083206033	-0.234083206033	-0.234083206033	-0.234083206033	-0.234083206033	-0.234083206033	-0.234083206033	-0.234083206033	-0.234083206033	0	0	0	1	0	1	0	0	systemic_terminal_pk	0	1	1	elapsed_time	false	"{""assay_family"":""systemic_terminal_pk"",""binary_evidence_lane"":""not_binary"",""condition"":{""assay"":""elisa"",""matrix"":""serum"",""protease"":""not_applicable"",""route"":""sc"",""species"":""mouse""},""endpoint_family"":""T1/2"",""normalized_unit"":""log10(h)"",""parameter_basis"":""elapsed_time"",""parameter_semantics"":""systemic_terminal_pk"",""target_kind"":""regression"",""target_transform"":""log10""}"	0	0	log10	1	1
mlv1.t1_2.regression.systemic_terminal_pk.1df6a7d3e127a3ca	T1/2	systemic_terminal_pk	log10(h)	false	1	1	1	0.813580988568	0.813580988568	0.813580988568	0.813580988568	0.813580988568	0.813580988568	0.813580988568	0.813580988568	0.813580988568	0.813580988568	0	0	0	1	0	0	1	0	systemic_terminal_pk	0	1	1	elapsed_time	false	"{""assay_family"":""systemic_terminal_pk"",""binary_evidence_lane"":""not_binary"",""condition"":{""assay"":""elisa"",""matrix"":""plasma"",""protease"":""not_applicable"",""route"":""iv_and_sc"",""species"":""rat""},""endpoint_family"":""T1/2"",""normalized_unit"":""log10(h)"",""parameter_basis"":""elapsed_time"",""parameter_semantics"":""systemic_terminal_pk"",""target_kind"":""regression"",""target_transform"":""log10""}"	0	0	log10	1	1
mlv1.t1_2.regression.systemic_terminal_pk.1e048e8a11e89d89	T1/2	systemic_terminal_pk	log10(h)	false	1	1	1	0.556302500767	0.556302500767	0.556302500767	0.556302500767	0.556302500767	0.556302500767	0.556302500767	0.556302500767	0.556302500767	0.556302500767	0	0	0	1	0	0	1	0	systemic_terminal_pk	0	1	1	elapsed_time	false	"{""assay_family"":""systemic_terminal_pk"",""binary_evidence_lane"":""not_binary"",""condition"":{""assay"":""radioimmunoassay"",""matrix"":""serum"",""protease"":""not_applicable"",""route"":""sc"",""species"":""species_not_reported""},""endpoint_family"":""T1/2"",""normalized_unit"":""log10(h)"",""parameter_basis"":""elapsed_time"",""parameter_semantics"":""systemic_terminal_pk"",""target_kind"":""regression"",""target_transform"":""log10""}"	0	0	log10	1	1
mlv1.t1_2.regression.systemic_terminal_pk.1e5994ff4d62d5c6	T1/2	systemic_terminal_pk	log10(h)	false	2-4	2	2	-0.897337658103	-0.884747003162	-0.834384383397	-0.582571284573	-0.267804911043	0.0469614624878	0.298774561312	0.349137181077	0.361727836018	-0.267804911043	0.890293748851	0.62953274706	0.629532747061	0.5	0	1	1	0	systemic_terminal_pk	0	2	1	elapsed_time	false	"{""assay_family"":""systemic_terminal_pk"",""binary_evidence_lane"":""not_binary"",""condition"":{""assay"":""other_esi_lc_ms_ms"",""matrix"":""blood"",""protease"":""not_applicable"",""route"":""route_not_reported"",""species"":""rabbit""},""endpoint_family"":""T1/2"",""normalized_unit"":""log10(h)"",""parameter_basis"":""elapsed_time"",""parameter_semantics"":""systemic_terminal_pk"",""target_kind"":""regression"",""target_transform"":""log10""}"	0	0	log10	2	1
mlv1.t1_2.regression.systemic_terminal_pk.1eba143aa0b2d414	T1/2	systemic_terminal_pk	log10(h)	false	2-4	4	4	-1.52287874528	-1.44930981515	-1.15503409463	0.316344507965	0.962527060156	1.07983601093	1.28191797012	1.32233436196	1.33243845992	0.433653458738	1.31623701176	0.763491502963	0.201509767103	0.25	0	1	3	1	systemic_terminal_pk	0	4	1	elapsed_time	false	"{""assay_family"":""systemic_terminal_pk"",""binary_evidence_lane"":""not_binary"",""condition"":{""assay"":""other_alphalisa"",""matrix"":""serum"",""protease"":""not_applicable"",""route"":""iv"",""species"":""mouse""},""endpoint_family"":""T1/2"",""normalized_unit"":""log10(h)"",""parameter_basis"":""elapsed_time"",""parameter_semantics"":""systemic_terminal_pk"",""target_kind"":""regression"",""target_transform"":""log10""}"	0	0	log10	4	1
mlv1.t1_2.regression.systemic_terminal_pk.1f16bb49a72b2da1	T1/2	systemic_terminal_pk	log10(h)	false	5-9	8	8	0.0863598306747	0.0899220434655	0.104170894629	0.48748168602	1.15335530145	1.48587412362	1.68513167437	1.74062731839	1.75450122939	0.988468349943	0.657965747768	0.998392437597	0.476038223843	0.125	0	0	8	0	systemic_terminal_pk	0	8	1	elapsed_time	false	"{""assay_family"":""systemic_terminal_pk"",""binary_evidence_lane"":""not_binary"",""condition"":{""assay"":""elisa"",""matrix"":""serum"",""protease"":""not_applicable"",""route"":""iv"",""species"":""rat""},""endpoint_family"":""T1/2"",""normalized_unit"":""log10(h)"",""parameter_basis"":""elapsed_time"",""parameter_semantics"":""systemic_terminal_pk"",""target_kind"":""regression"",""target_transform"":""log10""}"	0	0	log10	8	1
mlv1.t1_2.regression.systemic_terminal_pk.1f2bc5aa7c3a5ea5	T1/2	systemic_terminal_pk	log10(h)	false	1	1	1	-0.330993219041	-0.330993219041	-0.330993219041	-0.330993219041	-0.330993219041	-0.330993219041	-0.330993219041	-0.330993219041	-0.330993219041	-0.330993219041	0	0	0	1	0	1	0	0	systemic_terminal_pk	0	1	1	elapsed_time	false	"{""assay_family"":""systemic_terminal_pk"",""binary_evidence_lane"":""not_binary"",""condition"":{""assay"":""lc_ms"",""matrix"":""other_mouse_stomach_tissue_lysate_ea82b9d8"",""protease"":""not_applicable"",""route"":""route_not_reported"",""species"":""mouse""},""endpoint_family"":""T1/2"",""normalized_unit"":""log10(h)"",""parameter_basis"":""elapsed_time"",""parameter_semantics"":""systemic_terminal_pk"",""target_kind"":""regression"",""target_transform"":""log10""}"	0	0	log10	1	1
mlv1.t1_2.regression.systemic_terminal_pk.216335b8bb238f8a	T1/2	systemic_terminal_pk	log10(h)	false	1	1	1	-0.36653154442	-0.36653154442	-0.36653154442	-0.36653154442	-0.36653154442	-0.36653154442	-0.36653154442	-0.36653154442	-0.36653154442	-0.36653154442	0	0	0	1	0	1	0	0	systemic_terminal_pk	0	1	1	elapsed_time	false	"{""assay_family"":""systemic_terminal_pk"",""binary_evidence_lane"":""not_binary"",""condition"":{""assay"":""uplc_ms"",""matrix"":""serum"",""protease"":""not_applicable"",""route"":""sc"",""species"":""rat""},""endpoint_family"":""T1/2"",""normalized_unit"":""log10(h)"",""parameter_basis"":""elapsed_time"",""parameter_semantics"":""systemic_terminal_pk"",""target_kind"":""regression"",""target_transform"":""log10""}"	0	0	log10	1	1
mlv1.t1_2.regression.systemic_terminal_pk.234fc54b50ca8a3a	T1/2	systemic_terminal_pk	log10(h)	false	2-4	2	2	-1.17609125906	-1.16706035919	-1.13093675971	-0.950318762311	-0.724546265562	-0.498773768813	-0.318155771414	-0.282032171934	-0.273001272064	-0.724546265562	0.638581053827	0.451544993498	0.451544993498	0.5	0	2	0	0	systemic_terminal_pk	0	2	1	elapsed_time	false	"{""assay_family"":""systemic_terminal_pk"",""binary_evidence_lane"":""not_binary"",""condition"":{""assay"":""radioimmunoassay"",""matrix"":""plasma"",""protease"":""not_applicable"",""route"":""ip"",""species"":""mouse""},""endpoint_family"":""T1/2"",""normalized_unit"":""log10(h)"",""parameter_basis"":""elapsed_time"",""parameter_semantics"":""systemic_terminal_pk"",""target_kind"":""regression"",""target_transform"":""log10""}"	0	0	log10	2	1
mlv1.t1_2.regression.systemic_terminal_pk.241424634a562ea1	T1/2	systemic_terminal_pk	log10(h)	false	1	1	1	0.843045810535	0.843045810535	0.843045810535	0.843045810535	0.843045810535	0.843045810535	0.843045810535	0.843045810535	0.843045810535	0.843045810535	0	0	0	1	0	0	1	0	systemic_terminal_pk	0	1	1	elapsed_time	false	"{""assay_family"":""systemic_terminal_pk"",""binary_evidence_lane"":""not_binary"",""condition"":{""assay"":""radioactivity"",""matrix"":""blood"",""protease"":""not_applicable"",""route"":""iv"",""species"":""rat""},""endpoint_family"":""T1/2"",""normalized_unit"":""log10(h)"",""parameter_basis"":""elapsed_time"",""parameter_semantics"":""systemic_terminal_pk"",""target_kind"":""regression"",""target_transform"":""log10""}"	0	0	log10	1	1
mlv1.t1_2.regression.systemic_terminal_pk.25170c6344b8887c	T1/2	systemic_terminal_pk	log10(h)	false	10-29	11	11	-1.87506126339	-1.70364925263	-1.01800120961	0.686149079539	0.869231719731	0.998815494226	1.46213964303	1.71494892891	1.77815125038	0.625056887374	0.946225227899	0.312666414687	0.200224938772	0.0909090909091	0	2	9	3	systemic_terminal_pk	0	11	1	elapsed_time	false	"{""assay_family"":""systemic_terminal_pk"",""binary_evidence_lane"":""not_binary"",""condition"":{""assay"":""elisa"",""matrix"":""serum"",""protease"":""not_applicable"",""route"":""iv"",""species"":""mouse""},""endpoint_family"":""T1/2"",""normalized_unit"":""log10(h)"",""parameter_basis"":""elapsed_time"",""parameter_semantics"":""systemic_terminal_pk"",""target_kind"":""regression"",""target_transform"":""log10""}"	0	0	log10	11	1
mlv1.t1_2.regression.systemic_terminal_pk.2533a94547422075	T1/2	systemic_terminal_pk	log10(h)	false	1	1	1	0.0910804693473	0.0910804693473	0.0910804693473	0.0910804693473	0.0910804693473	0.0910804693473	0.0910804693473	0.0910804693473	0.0910804693473	0.0910804693473	0	0	0	1	0	0	1	0	systemic_terminal_pk	0	1	1	elapsed_time	false	"{""assay_family"":""systemic_terminal_pk"",""binary_evidence_lane"":""not_binary"",""condition"":{""assay"":""lc_ms"",""matrix"":""blood"",""protease"":""not_applicable"",""route"":""iv"",""species"":""rat""},""endpoint_family"":""T1/2"",""normalized_unit"":""log10(h)"",""parameter_basis"":""elapsed_time"",""parameter_semantics"":""systemic_terminal_pk"",""target_kind"":""regression"",""target_transform"":""log10""}"	0	0	log10	1	1
mlv1.t1_2.regression.systemic_terminal_pk.25a78fd528ccfe8c	T1/2	systemic_terminal_pk	log10(h)	false	1	1	1	0.487138375477	0.487138375477	0.487138375477	0.487138375477	0.487138375477	0.487138375477	0.487138375477	0.487138375477	0.487138375477	0.487138375477	0	0	0	1	0	0	1	0	systemic_terminal_pk	0	1	1	elapsed_time	false	"{""assay_family"":""systemic_terminal_pk"",""binary_evidence_lane"":""not_binary"",""condition"":{""assay"":""fluorescence"",""matrix"":""serum"",""protease"":""not_applicable"",""route"":""iv"",""species"":""rat""},""endpoint_family"":""T1/2"",""normalized_unit"":""log10(h)"",""parameter_basis"":""elapsed_time"",""parameter_semantics"":""systemic_terminal_pk"",""target_kind"":""regression"",""target_transform"":""log10""}"	0	0	log10	1	1
mlv1.t1_2.regression.systemic_terminal_pk.26b59ca898d017c3	T1/2	systemic_terminal_pk	log10(h)	false	1	1	1	1.41995574849	1.41995574849	1.41995574849	1.41995574849	1.41995574849	1.41995574849	1.41995574849	1.41995574849	1.41995574849	1.41995574849	0	0	0	1	0	0	1	0	systemic_terminal_pk	0	1	1	elapsed_time	false	"{""assay_family"":""systemic_terminal_pk"",""binary_evidence_lane"":""not_binary"",""condition"":{""assay"":""other_icp_ms"",""matrix"":""serum"",""protease"":""not_applicable"",""route"":""ip"",""species"":""mouse""},""endpoint_family"":""T1/2"",""normalized_unit"":""log10(h)"",""parameter_basis"":""elapsed_time"",""parameter_semantics"":""systemic_terminal_pk"",""target_kind"":""regression"",""target_transform"":""log10""}"	0	0	log10	1	1
mlv1.t1_2.regression.systemic_terminal_pk.285beac11e18b51e	T1/2	systemic_terminal_pk	log10(h)	false	1	1	1	-1.47712125472	-1.47712125472	-1.47712125472	-1.47712125472	-1.47712125472	-1.47712125472	-1.47712125472	-1.47712125472	-1.47712125472	-1.47712125472	0	0	0	1	0	1	0	0	systemic_terminal_pk	0	1	1	elapsed_time	false	"{""assay_family"":""systemic_terminal_pk"",""binary_evidence_lane"":""not_binary"",""condition"":{""assay"":""radioimmunoassay"",""matrix"":""other_intravenouly_injected_in_ma_ef8af020"",""protease"":""not_applicable"",""route"":""iv"",""species"":""rat""},""endpoint_family"":""T1/2"",""normalized_unit"":""log10(h)"",""parameter_basis"":""elapsed_time"",""parameter_semantics"":""systemic_terminal_pk"",""target_kind"":""regression"",""target_transform"":""log10""}"	0	0	log10	1	1
mlv1.t1_2.regression.systemic_terminal_pk.2a1c378178fb4998	T1/2	systemic_terminal_pk	log10(h)	false	10-29	12	11	-0.301029995664	-0.301029995664	-0.301029995664	0.142159058961	0.45424250944	1.35662617184	2.45472591094	2.66905232021	2.72263392253	0.824262948825	0.999635922925	1.21446711288	0.707486673986	0.166666666667	0	3	9	0	systemic_terminal_pk	0	0	1	elapsed_time	false	"{""assay_family"":""systemic_terminal_pk"",""binary_evidence_lane"":""not_binary"",""condition"":{""assay"":""other_peptherdia_curated_appr_7011057c"",""matrix"":""other_terminal_half_life"",""protease"":""not_applicable"",""route"":""sc"",""species"":""human""},""endpoint_family"":""T1/2"",""normalized_unit"":""log10(h)"",""parameter_basis"":""elapsed_time"",""parameter_semantics"":""systemic_terminal_pk"",""target_kind"":""regression"",""target_transform"":""log10""}"	0	12	log10	12	1
mlv1.t1_2.regression.systemic_terminal_pk.2a40e2ef1f0dc300	T1/2	systemic_terminal_pk	log10(h)	false	1	1	1	0.954242509439	0.954242509439	0.954242509439	0.954242509439	0.954242509439	0.954242509439	0.954242509439	0.954242509439	0.954242509439	0.954242509439	0	0	0	1	0	0	1	0	systemic_terminal_pk	0	1	1	elapsed_time	false	"{""assay_family"":""systemic_terminal_pk"",""binary_evidence_lane"":""not_binary"",""condition"":{""assay"":""lc_ms_ms"",""matrix"":""plasma"",""protease"":""not_applicable"",""route"":""iv"",""species"":""cynomolgus_monkey""},""endpoint_family"":""T1/2"",""normalized_unit"":""log10(h)"",""parameter_basis"":""elapsed_time"",""parameter_semantics"":""systemic_terminal_pk"",""target_kind"":""regression"",""target_transform"":""log10""}"	0	0	log10	1	1
mlv1.t1_2.regression.systemic_terminal_pk.2b702c8b2a546428	T1/2	systemic_terminal_pk	log10(h)	false	1	1	1	0.0273496077748	0.0273496077748	0.0273496077748	0.0273496077748	0.0273496077748	0.0273496077748	0.0273496077748	0.0273496077748	0.0273496077748	0.0273496077748	0	0	0	1	0	0	1	0	systemic_terminal_pk	0	1	1	elapsed_time	false	"{""assay_family"":""systemic_terminal_pk"",""binary_evidence_lane"":""not_binary"",""condition"":{""assay"":""assay_not_reported"",""matrix"":""other_isolated_perfused_rat_kidne_e0e597e4"",""protease"":""not_applicable"",""route"":""route_not_reported"",""species"":""rat""},""endpoint_family"":""T1/2"",""normalized_unit"":""log10(h)"",""parameter_basis"":""elapsed_time"",""parameter_semantics"":""systemic_terminal_pk"",""target_kind"":""regression"",""target_transform"":""log10""}"	0	0	log10	1	1
mlv1.t1_2.regression.systemic_terminal_pk.2ce26f5fd8fe0041	T1/2	systemic_terminal_pk	log10(h)	false	2-4	3	3	0.230448921378	0.241108502822	0.283746828597	0.49693845747	0.763427993563	0.998212051976	1.18603929871	1.22360474805	1.23299611039	0.742291008444	0.50160771092	0.501273594506	0.469568116827	0.333333333333	0	0	3	0	systemic_terminal_pk	0	3	1	elapsed_time	false	"{""assay_family"":""systemic_terminal_pk"",""binary_evidence_lane"":""not_binary"",""condition"":{""assay"":""hplc"",""matrix"":""plasma"",""protease"":""not_applicable"",""route"":""sc"",""species"":""mouse""},""endpoint_family"":""T1/2"",""normalized_unit"":""log10(h)"",""parameter_basis"":""elapsed_time"",""parameter_semantics"":""systemic_terminal_pk"",""target_kind"":""regression"",""target_transform"":""log10""}"	0	0	log10	3	1
mlv1.t1_2.regression.systemic_terminal_pk.2cfc3d50b952581c	T1/2	systemic_terminal_pk	log10(h)	false	1	1	1	0.707570176098	0.707570176098	0.707570176098	0.707570176098	0.707570176098	0.707570176098	0.707570176098	0.707570176098	0.707570176098	0.707570176098	0	0	0	1	0	0	1	0	systemic_terminal_pk	0	1	1	elapsed_time	false	"{""assay_family"":""systemic_terminal_pk"",""binary_evidence_lane"":""not_binary"",""condition"":{""assay"":""hplc"",""matrix"":""plasma"",""protease"":""not_applicable"",""route"":""ip"",""species"":""mouse""},""endpoint_family"":""T1/2"",""normalized_unit"":""log10(h)"",""parameter_basis"":""elapsed_time"",""parameter_semantics"":""systemic_terminal_pk"",""target_kind"":""regression"",""target_transform"":""log10""}"	0	0	log10	1	1
mlv1.t1_2.regression.systemic_terminal_pk.2e322664d02fcf24	T1/2	systemic_terminal_pk	log10(h)	false	2-4	2	2	-1.60205999133	-1.60103336791	-1.59692687424	-1.57639440585	-1.55072882038	-1.52506323491	-1.50453076653	-1.50042427285	-1.49939764943	-1.55072882038	0.07259323813	0.05133117095	0.05133117095	0.5	0	2	0	0	systemic_terminal_pk	0	2	1	elapsed_time	false	"{""assay_family"":""systemic_terminal_pk"",""binary_evidence_lane"":""not_binary"",""condition"":{""assay"":""radioimmunoassay"",""matrix"":""plasma"",""protease"":""not_applicable"",""route"":""route_not_reported"",""species"":""rat""},""endpoint_family"":""T1/2"",""normalized_unit"":""log10(h)"",""parameter_basis"":""elapsed_time"",""parameter_semantics"":""systemic_terminal_pk"",""target_kind"":""regression"",""target_transform"":""log10""}"	0	0	log10	2	1
mlv1.t1_2.regression.systemic_terminal_pk.3006d19bda5ff8d3	T1/2	systemic_terminal_pk	log10(h)	false	1	1	1	1.77085201164	1.77085201164	1.77085201164	1.77085201164	1.77085201164	1.77085201164	1.77085201164	1.77085201164	1.77085201164	1.77085201164	0	0	0	1	0	0	1	0	systemic_terminal_pk	0	1	1	elapsed_time	false	"{""assay_family"":""systemic_terminal_pk"",""binary_evidence_lane"":""not_binary"",""condition"":{""assay"":""other_tlc"",""matrix"":""plasma"",""protease"":""not_applicable"",""route"":""iv"",""species"":""mouse""},""endpoint_family"":""T1/2"",""normalized_unit"":""log10(h)"",""parameter_basis"":""elapsed_time"",""parameter_semantics"":""systemic_terminal_pk"",""target_kind"":""regression"",""target_transform"":""log10""}"	0	0	log10	1	1
mlv1.t1_2.regression.systemic_terminal_pk.32fb1cb1592c034b	T1/2	systemic_terminal_pk	log10(h)	false	2-4	3	3	-0.348398970381	-0.348207362104	-0.347440928998	-0.343608763467	-0.338818556553	-0.0584849034685	0.165782018999	0.210635403493	0.221848749616	-0.155122925773	0.326502188532	0.285123859998	0.009580413828	0.333333333333	0	2	1	0	systemic_terminal_pk	0	3	1	elapsed_time	false	"{""assay_family"":""systemic_terminal_pk"",""binary_evidence_lane"":""not_binary"",""condition"":{""assay"":""radioimmunoassay"",""matrix"":""serum"",""protease"":""not_applicable"",""route"":""route_not_reported"",""species"":""rat""},""endpoint_family"":""T1/2"",""normalized_unit"":""log10(h)"",""parameter_basis"":""elapsed_time"",""parameter_semantics"":""systemic_terminal_pk"",""target_kind"":""regression"",""target_transform"":""log10""}"	0	0	log10	3	1
mlv1.t1_2.regression.systemic_terminal_pk.331f4b3096c37a0c	T1/2	systemic_terminal_pk	log10(h)	false	5-9	6	6	0.13353890837	0.13926062627	0.162147497868	0.336494947604	0.622756333907	0.755156936245	0.822479606904	0.830503051546	0.832508912706	0.541987574125	0.287848382729	0.418661988642	0.189693967195	0.166666666667	0	0	6	0	systemic_terminal_pk	0	6	1	elapsed_time	false	"{""assay_family"":""systemic_terminal_pk"",""binary_evidence_lane"":""not_binary"",""condition"":{""assay"":""hplc"",""matrix"":""plasma"",""protease"":""not_applicable"",""route"":""iv"",""species"":""mouse""},""endpoint_family"":""T1/2"",""normalized_unit"":""log10(h)"",""parameter_basis"":""elapsed_time"",""parameter_semantics"":""systemic_terminal_pk"",""target_kind"":""regression"",""target_transform"":""log10""}"	0	0	log10	5	1
mlv1.t1_2.regression.systemic_terminal_pk.33dff9f519e26d9e	T1/2	systemic_terminal_pk	log10(h)	false	1	1	1	2.68124123738	2.68124123738	2.68124123738	2.68124123738	2.68124123738	2.68124123738	2.68124123738	2.68124123738	2.68124123738	2.68124123738	0	0	0	1	0	0	1	0	systemic_terminal_pk	0	1	1	elapsed_time	false	"{""assay_family"":""systemic_terminal_pk"",""binary_evidence_lane"":""not_binary"",""condition"":{""assay"":""mass_spectrometry"",""matrix"":""plasma"",""protease"":""not_applicable"",""route"":""im"",""species"":""species_not_reported""},""endpoint_family"":""T1/2"",""normalized_unit"":""log10(h)"",""parameter_basis"":""elapsed_time"",""parameter_semantics"":""systemic_terminal_pk"",""target_kind"":""regression"",""target_transform"":""log10""}"	0	0	log10	1	1
mlv1.t1_2.regression.systemic_terminal_pk.33e21eff28aaf874	T1/2	systemic_terminal_pk	log10(h)	false	1	1	1	1.7923916895	1.7923916895	1.7923916895	1.7923916895	1.7923916895	1.7923916895	1.7923916895	1.7923916895	1.7923916895	1.7923916895	0	0	0	1	0	0	1	0	systemic_terminal_pk	0	1	1	elapsed_time	false	"{""assay_family"":""systemic_terminal_pk"",""binary_evidence_lane"":""not_binary"",""condition"":{""assay"":""other_tlc"",""matrix"":""plasma"",""protease"":""not_applicable"",""route"":""ip"",""species"":""mouse""},""endpoint_family"":""T1/2"",""normalized_unit"":""log10(h)"",""parameter_basis"":""elapsed_time"",""parameter_semantics"":""systemic_terminal_pk"",""target_kind"":""regression"",""target_transform"":""log10""}"	0	0	log10	1	1
mlv1.t1_2.regression.systemic_terminal_pk.3493c4ad32318c0e	T1/2	systemic_terminal_pk	log10(h)	false	1	1	1	2.20139712432	2.20139712432	2.20139712432	2.20139712432	2.20139712432	2.20139712432	2.20139712432	2.20139712432	2.20139712432	2.20139712432	0	0	0	1	0	0	1	0	systemic_terminal_pk	0	0	1	elapsed_time	false	"{""assay_family"":""systemic_terminal_pk"",""binary_evidence_lane"":""not_binary"",""condition"":{""assay"":""lc_ms"",""matrix"":""plasma"",""protease"":""not_applicable"",""route"":""sc"",""species"":""dog""},""endpoint_family"":""T1/2"",""normalized_unit"":""log10(h)"",""parameter_basis"":""elapsed_time"",""parameter_semantics"":""systemic_terminal_pk"",""target_kind"":""regression"",""target_transform"":""log10""}"	0	1	log10	1	1
mlv1.t1_2.regression.systemic_terminal_pk.37536beda08217a2	T1/2	systemic_terminal_pk	log10(h)	false	1	1	1	-0.341988603343	-0.341988603343	-0.341988603343	-0.341988603343	-0.341988603343	-0.341988603343	-0.341988603343	-0.341988603343	-0.341988603343	-0.341988603343	0	0	0	1	0	1	0	0	systemic_terminal_pk	0	1	1	elapsed_time	false	"{""assay_family"":""systemic_terminal_pk"",""binary_evidence_lane"":""not_binary"",""condition"":{""assay"":""hplc"",""matrix"":""plasma"",""protease"":""not_applicable"",""route"":""route_not_reported"",""species"":""human""},""endpoint_family"":""T1/2"",""normalized_unit"":""log10(h)"",""parameter_basis"":""elapsed_time"",""parameter_semantics"":""systemic_terminal_pk"",""target_kind"":""regression"",""target_transform"":""log10""}"	0	0	log10	1	1
mlv1.t1_2.regression.systemic_terminal_pk.386be951670e9578	T1/2	systemic_terminal_pk	log10(h)	false	1	1	1	0.934498451244	0.934498451244	0.934498451244	0.934498451244	0.934498451244	0.934498451244	0.934498451244	0.934498451244	0.934498451244	0.934498451244	0	0	0	1	0	0	1	0	systemic_terminal_pk	0	1	1	elapsed_time	false	"{""assay_family"":""systemic_terminal_pk"",""binary_evidence_lane"":""not_binary"",""condition"":{""assay"":""other_camp_assay"",""matrix"":""other_rats_rats"",""protease"":""not_applicable"",""route"":""sc"",""species"":""rat""},""endpoint_family"":""T1/2"",""normalized_unit"":""log10(h)"",""parameter_basis"":""elapsed_time"",""parameter_semantics"":""systemic_terminal_pk"",""target_kind"":""regression"",""target_transform"":""log10""}"	0	0	log10	1	1
mlv1.t1_2.regression.systemic_terminal_pk.39631840371ee1b5	T1/2	systemic_terminal_pk	log10(h)	false	1	1	1	0.728353782021	0.728353782021	0.728353782021	0.728353782021	0.728353782021	0.728353782021	0.728353782021	0.728353782021	0.728353782021	0.728353782021	0	0	0	1	0	0	1	0	systemic_terminal_pk	0	1	1	elapsed_time	false	"{""assay_family"":""systemic_terminal_pk"",""binary_evidence_lane"":""not_binary"",""condition"":{""assay"":""hplc"",""matrix"":""plasma"",""protease"":""not_applicable"",""route"":""iv"",""species"":""species_not_reported""},""endpoint_family"":""T1/2"",""normalized_unit"":""log10(h)"",""parameter_basis"":""elapsed_time"",""parameter_semantics"":""systemic_terminal_pk"",""target_kind"":""regression"",""target_transform"":""log10""}"	0	0	log10	1	1
mlv1.t1_2.regression.systemic_terminal_pk.3a6dc6057b3a9db9	T1/2	systemic_terminal_pk	log10(h)	false	2-4	2	2	1.04139268516	1.04244003867	1.04662945269	1.06757652279	1.09376036042	1.11994419805	1.14089126815	1.14508068217	1.14612803568	1.09376036042	0.0740590765826	0.05236767526	0.05236767526	0.5	0	0	2	0	systemic_terminal_pk	0	2	1	elapsed_time	false	"{""assay_family"":""systemic_terminal_pk"",""binary_evidence_lane"":""not_binary"",""condition"":{""assay"":""fluorescence"",""matrix"":""other_intravenous_injection_in_tw_ea326f05"",""protease"":""not_applicable"",""route"":""iv"",""species"":""mouse""},""endpoint_family"":""T1/2"",""normalized_unit"":""log10(h)"",""parameter_basis"":""elapsed_time"",""parameter_semantics"":""systemic_terminal_pk"",""target_kind"":""regression"",""target_transform"":""log10""}"	0	0	log10	2	1
mlv1.t1_2.regression.systemic_terminal_pk.3aaded65f4b8f7fd	T1/2	systemic_terminal_pk	log10(h)	false	2-4	2	2	0.447158031342	0.452856784422	0.47565179674	0.589626858331	0.732095685321	0.87456451231	0.988539573902	1.01133458622	1.0170333393	0.732095685321	0.402962694688	0.284937653979	0.284937653979	0.5	0	0	2	0	systemic_terminal_pk	0	2	1	elapsed_time	false	"{""assay_family"":""systemic_terminal_pk"",""binary_evidence_lane"":""not_binary"",""condition"":{""assay"":""lc_ms_ms"",""matrix"":""other_female_wistar_rats_female_w_c5442fef"",""protease"":""not_applicable"",""route"":""route_not_reported"",""species"":""rat""},""endpoint_family"":""T1/2"",""normalized_unit"":""log10(h)"",""parameter_basis"":""elapsed_time"",""parameter_semantics"":""systemic_terminal_pk"",""target_kind"":""regression"",""target_transform"":""log10""}"	0	0	log10	2	1
mlv1.t1_2.regression.systemic_terminal_pk.3ad8fe85e9cb7cd4	T1/2	systemic_terminal_pk	log10(h)	false	1	1	1	-0.451815389455	-0.451815389455	-0.451815389455	-0.451815389455	-0.451815389455	-0.451815389455	-0.451815389455	-0.451815389455	-0.451815389455	-0.451815389455	0	0	0	1	0	1	0	0	systemic_terminal_pk	0	1	1	elapsed_time	false	"{""assay_family"":""systemic_terminal_pk"",""binary_evidence_lane"":""not_binary"",""condition"":{""assay"":""hplc"",""matrix"":""other_nasal_administration_to_mal_74882624"",""protease"":""not_applicable"",""route"":""intranasal"",""species"":""rat""},""endpoint_family"":""T1/2"",""normalized_unit"":""log10(h)"",""parameter_basis"":""elapsed_time"",""parameter_semantics"":""systemic_terminal_pk"",""target_kind"":""regression"",""target_transform"":""log10""}"	0	0	log10	1	1
mlv1.t1_2.regression.systemic_terminal_pk.3b55359e54b6d5e8	T1/2	systemic_terminal_pk	log10(h)	false	1	1	1	-0.995678626217	-0.995678626217	-0.995678626217	-0.995678626217	-0.995678626217	-0.995678626217	-0.995678626217	-0.995678626217	-0.995678626217	-0.995678626217	0	0	0	1	0	1	0	0	systemic_terminal_pk	0	1	1	elapsed_time	false	"{""assay_family"":""systemic_terminal_pk"",""binary_evidence_lane"":""not_binary"",""condition"":{""assay"":""radioimmunoassay"",""matrix"":""serum"",""protease"":""not_applicable"",""route"":""im"",""species"":""human""},""endpoint_family"":""T1/2"",""normalized_unit"":""log10(h)"",""parameter_basis"":""elapsed_time"",""parameter_semantics"":""systemic_terminal_pk"",""target_kind"":""regression"",""target_transform"":""log10""}"	0	0	log10	1	1
mlv1.t1_2.regression.systemic_terminal_pk.3c1cd160b5b47a73	T1/2	systemic_terminal_pk	log10(h)	false	2-4	3	2	-0.602059991328	-0.602059991328	-0.602059991328	-0.602059991328	-0.602059991328	-0.23856062736	0.0522388638144	0.110398762049	0.124938736608	-0.359727082016	0.419732911274	0.363499363968	0	0.666666666667	0	2	1	0	systemic_terminal_pk	0	3	1	elapsed_time	false	"{""assay_family"":""systemic_terminal_pk"",""binary_evidence_lane"":""not_binary"",""condition"":{""assay"":""other_spectrofluorometry"",""matrix"":""plasma"",""protease"":""not_applicable"",""route"":""iv"",""species"":""rabbit""},""endpoint_family"":""T1/2"",""normalized_unit"":""log10(h)"",""parameter_basis"":""elapsed_time"",""parameter_semantics"":""systemic_terminal_pk"",""target_kind"":""regression"",""target_transform"":""log10""}"	0	0	log10	3	1
mlv1.t1_2.regression.systemic_terminal_pk.3efba457bde962a2	T1/2	systemic_terminal_pk	log10(h)	false	10-29	18	17	-1.625862906	-1.43359071567	-0.664501954328	-0.0757613217248	0.21568188208	0.897765928111	1.54191901884	1.70860533589	1.75027691515	0.345010679739	0.82520170472	0.973527249836	0.50750033633	0.111111111111	0	7	11	1	systemic_terminal_pk	0	18	1	elapsed_time	false	"{""assay_family"":""systemic_terminal_pk"",""binary_evidence_lane"":""not_binary"",""condition"":{""assay"":""elisa"",""matrix"":""plasma"",""protease"":""not_applicable"",""route"":""iv"",""species"":""rat""},""endpoint_family"":""T1/2"",""normalized_unit"":""log10(h)"",""parameter_basis"":""elapsed_time"",""parameter_semantics"":""systemic_terminal_pk"",""target_kind"":""regression"",""target_transform"":""log10""}"	0	0	log10	17	1
mlv1.t1_2.regression.systemic_terminal_pk.3f3d7557564285eb	T1/2	systemic_terminal_pk	log10(h)	false	1	1	1	0.908485018879	0.908485018879	0.908485018879	0.908485018879	0.908485018879	0.908485018879	0.908485018879	0.908485018879	0.908485018879	0.908485018879	0	0	0	1	0	0	1	0	systemic_terminal_pk	0	1	1	elapsed_time	false	"{""assay_family"":""systemic_terminal_pk"",""binary_evidence_lane"":""not_binary"",""condition"":{""assay"":""assay_not_reported"",""matrix"":""other_intravenously_injected_in_h_b72ba809"",""protease"":""not_applicable"",""route"":""iv"",""species"":""species_not_reported""},""endpoint_family"":""T1/2"",""normalized_unit"":""log10(h)"",""parameter_basis"":""elapsed_time"",""parameter_semantics"":""systemic_terminal_pk"",""target_kind"":""regression"",""target_transform"":""log10""}"	0	0	log10	1	1
mlv1.t1_2.regression.systemic_terminal_pk.43939fa2ef87e5ad	T1/2	systemic_terminal_pk	log10(h)	false	1	1	1	0.301029995664	0.301029995664	0.301029995664	0.301029995664	0.301029995664	0.301029995664	0.301029995664	0.301029995664	0.301029995664	0.301029995664	0	0	0	1	0	0	1	0	systemic_terminal_pk	0	1	1	elapsed_time	false	"{""assay_family"":""systemic_terminal_pk"",""binary_evidence_lane"":""not_binary"",""condition"":{""assay"":""assay_not_reported"",""matrix"":""other_humans_humans"",""protease"":""not_applicable"",""route"":""route_not_reported"",""species"":""species_not_reported""},""endpoint_family"":""T1/2"",""normalized_unit"":""log10(h)"",""parameter_basis"":""elapsed_time"",""parameter_semantics"":""systemic_terminal_pk"",""target_kind"":""regression"",""target_transform"":""log10""}"	0	0	log10	1	1
mlv1.t1_2.regression.systemic_terminal_pk.439c91f7346a0888	T1/2	systemic_terminal_pk	log10(h)	false	2-4	3	3	-0.0514240413571	-0.05052683592	-0.0469380141716	-0.0289939054297	-0.00656376950239	0.274869365632	0.50001587374	0.545045175362	0.556302500767	0.166104896636	0.338664640463	0.303863271062	0.0448602718547	0.333333333333	0	2	1	0	systemic_terminal_pk	0	3	1	elapsed_time	false	"{""assay_family"":""systemic_terminal_pk"",""binary_evidence_lane"":""not_binary"",""condition"":{""assay"":""hplc"",""matrix"":""serum"",""protease"":""not_applicable"",""route"":""iv"",""species"":""mouse""},""endpoint_family"":""T1/2"",""normalized_unit"":""log10(h)"",""parameter_basis"":""elapsed_time"",""parameter_semantics"":""systemic_terminal_pk"",""target_kind"":""regression"",""target_transform"":""log10""}"	0	0	log10	3	1
mlv1.t1_2.regression.systemic_terminal_pk.440fb33b6b8a2f96	T1/2	systemic_terminal_pk	log10(h)	false	1	1	1	-0.144682794804	-0.144682794804	-0.144682794804	-0.144682794804	-0.144682794804	-0.144682794804	-0.144682794804	-0.144682794804	-0.144682794804	-0.144682794804	0	0	0	1	0	1	0	0	systemic_terminal_pk	0	1	1	elapsed_time	false	"{""assay_family"":""systemic_terminal_pk"",""binary_evidence_lane"":""not_binary"",""condition"":{""assay"":""elisa"",""matrix"":""other_subcutaneously_administion_cfa620d9"",""protease"":""not_applicable"",""route"":""sc"",""species"":""rat""},""endpoint_family"":""T1/2"",""normalized_unit"":""log10(h)"",""parameter_basis"":""elapsed_time"",""parameter_semantics"":""systemic_terminal_pk"",""target_kind"":""regression"",""target_transform"":""log10""}"	0	0	log10	1	1
mlv1.t1_2.regression.systemic_terminal_pk.458c7b1d65c05b76	T1/2	systemic_terminal_pk	log10(h)	false	1	1	1	1.81117269507	1.81117269507	1.81117269507	1.81117269507	1.81117269507	1.81117269507	1.81117269507	1.81117269507	1.81117269507	1.81117269507	0	0	0	1	0	0	1	0	systemic_terminal_pk	0	0	1	elapsed_time	false	"{""assay_family"":""systemic_terminal_pk"",""binary_evidence_lane"":""not_binary"",""condition"":{""assay"":""assay_not_reported"",""matrix"":""serum"",""protease"":""not_applicable"",""route"":""sc"",""species"":""rat""},""endpoint_family"":""T1/2"",""normalized_unit"":""log10(h)"",""parameter_basis"":""elapsed_time"",""parameter_semantics"":""systemic_terminal_pk"",""target_kind"":""regression"",""target_transform"":""log10""}"	0	1	log10	1	1
mlv1.t1_2.regression.systemic_terminal_pk.46ee0f7d3b4f5461	T1/2	systemic_terminal_pk	log10(h)	false	1	1	1	0.176091259056	0.176091259056	0.176091259056	0.176091259056	0.176091259056	0.176091259056	0.176091259056	0.176091259056	0.176091259056	0.176091259056	0	0	0	1	0	0	1	0	systemic_terminal_pk	0	0	1	elapsed_time	false	"{""assay_family"":""systemic_terminal_pk"",""binary_evidence_lane"":""not_binary"",""condition"":{""assay"":""other_cross_species_single_do_01aecef9"",""matrix"":""plasma"",""protease"":""not_applicable"",""route"":""route_not_reported"",""species"":""pig""},""endpoint_family"":""T1/2"",""normalized_unit"":""log10(h)"",""parameter_basis"":""elapsed_time"",""parameter_semantics"":""systemic_terminal_pk"",""target_kind"":""regression"",""target_transform"":""log10""}"	0	1	log10	1	1
mlv1.t1_2.regression.systemic_terminal_pk.478b3ee4d4ff3c90	T1/2	systemic_terminal_pk	log10(h)	false	1	1	1	-0.164309428508	-0.164309428508	-0.164309428508	-0.164309428508	-0.164309428508	-0.164309428508	-0.164309428508	-0.164309428508	-0.164309428508	-0.164309428508	0	0	0	1	0	1	0	0	systemic_terminal_pk	0	1	1	elapsed_time	false	"{""assay_family"":""systemic_terminal_pk"",""binary_evidence_lane"":""not_binary"",""condition"":{""assay"":""elisa"",""matrix"":""serum"",""protease"":""not_applicable"",""route"":""intranasal"",""species"":""mouse""},""endpoint_family"":""T1/2"",""normalized_unit"":""log10(h)"",""parameter_basis"":""elapsed_time"",""parameter_semantics"":""systemic_terminal_pk"",""target_kind"":""regression"",""target_transform"":""log10""}"	0	0	log10	1	1
mlv1.t1_2.regression.systemic_terminal_pk.481965fa4c3eb8d0	T1/2	systemic_terminal_pk	log10(h)	false	1	1	1	0	0	0	0	0	0	0	0	0	0	0	0	0	1	1	0	0	0	systemic_terminal_pk	0	1	1	elapsed_time	false	"{""assay_family"":""systemic_terminal_pk"",""binary_evidence_lane"":""not_binary"",""condition"":{""assay"":""other_tca_precipitation"",""matrix"":""other_rat_colon_luminal_flushing_f0b73dda"",""protease"":""not_applicable"",""route"":""route_not_reported"",""species"":""rat""},""endpoint_family"":""T1/2"",""normalized_unit"":""log10(h)"",""parameter_basis"":""elapsed_time"",""parameter_semantics"":""systemic_terminal_pk"",""target_kind"":""regression"",""target_transform"":""log10""}"	0	0	log10	1	1
mlv1.t1_2.regression.systemic_terminal_pk.4c1e103389d9be20	T1/2	systemic_terminal_pk	log10(h)	false	1	1	1	0.0997957012455	0.0997957012455	0.0997957012455	0.0997957012455	0.0997957012455	0.0997957012455	0.0997957012455	0.0997957012455	0.0997957012455	0.0997957012455	0	0	0	1	0	0	1	0	systemic_terminal_pk	0	1	1	elapsed_time	false	"{""assay_family"":""systemic_terminal_pk"",""binary_evidence_lane"":""not_binary"",""condition"":{""assay"":""elisa"",""matrix"":""other_untreated_rats_csf_untreate_a8184fb3"",""protease"":""not_applicable"",""route"":""iv"",""species"":""rat""},""endpoint_family"":""T1/2"",""normalized_unit"":""log10(h)"",""parameter_basis"":""elapsed_time"",""parameter_semantics"":""systemic_terminal_pk"",""target_kind"":""regression"",""target_transform"":""log10""}"	0	0	log10	1	1
mlv1.t1_2.regression.systemic_terminal_pk.4e1a01a59ded8188	T1/2	systemic_terminal_pk	log10(h)	false	1	1	1	0.778151250384	0.778151250384	0.778151250384	0.778151250384	0.778151250384	0.778151250384	0.778151250384	0.778151250384	0.778151250384	0.778151250384	0	0	0	1	0	0	1	0	systemic_terminal_pk	0	1	1	elapsed_time	false	"{""assay_family"":""systemic_terminal_pk"",""binary_evidence_lane"":""not_binary"",""condition"":{""assay"":""lc_ms"",""matrix"":""plasma"",""protease"":""not_applicable"",""route"":""ip"",""species"":""mouse""},""endpoint_family"":""T1/2"",""normalized_unit"":""log10(h)"",""parameter_basis"":""elapsed_time"",""parameter_semantics"":""systemic_terminal_pk"",""target_kind"":""regression"",""target_transform"":""log10""}"	0	0	log10	1	1
mlv1.t1_2.regression.systemic_terminal_pk.4e4161e3cfdff5e4	T1/2	systemic_terminal_pk	log10(h)	false	1	1	1	-0.466397389328	-0.466397389328	-0.466397389328	-0.466397389328	-0.466397389328	-0.466397389328	-0.466397389328	-0.466397389328	-0.466397389328	-0.466397389328	0	0	0	1	0	1	0	0	systemic_terminal_pk	0	1	1	elapsed_time	false	"{""assay_family"":""systemic_terminal_pk"",""binary_evidence_lane"":""not_binary"",""condition"":{""assay"":""other_western_blotting_and_sp_10ae0bca"",""matrix"":""serum"",""protease"":""not_applicable"",""route"":""iv"",""species"":""mouse""},""endpoint_family"":""T1/2"",""normalized_unit"":""log10(h)"",""parameter_basis"":""elapsed_time"",""parameter_semantics"":""systemic_terminal_pk"",""target_kind"":""regression"",""target_transform"":""log10""}"	0	0	log10	1	1
mlv1.t1_2.regression.systemic_terminal_pk.4e4d6b19a222e9c4	T1/2	systemic_terminal_pk	log10(h)	false	10-29	16	14	-1.47712125472	-1.47712125472	-1.47712125472	-0.542674056792	0.0756338376651	1.33053000402	2.42664358797	2.51658959663	2.53907609879	0.362188890967	1.28472396322	1.87320406081	0.677693828993	0.125	0	8	8	0	systemic_terminal_pk	0	0	1	elapsed_time	false	"{""assay_family"":""systemic_terminal_pk"",""binary_evidence_lane"":""not_binary"",""condition"":{""assay"":""other_peptherdia_curated_appr_7011057c"",""matrix"":""other_terminal_half_life"",""protease"":""not_applicable"",""route"":""iv"",""species"":""human""},""endpoint_family"":""T1/2"",""normalized_unit"":""log10(h)"",""parameter_basis"":""elapsed_time"",""parameter_semantics"":""systemic_terminal_pk"",""target_kind"":""regression"",""target_transform"":""log10""}"	0	16	log10	16	1
mlv1.t1_2.regression.systemic_terminal_pk.4f0818b06b6a9101	T1/2	systemic_terminal_pk	log10(h)	false	1	1	1	0.959041392321	0.959041392321	0.959041392321	0.959041392321	0.959041392321	0.959041392321	0.959041392321	0.959041392321	0.959041392321	0.959041392321	0	0	0	1	0	0	1	0	systemic_terminal_pk	0	1	1	elapsed_time	false	"{""assay_family"":""systemic_terminal_pk"",""binary_evidence_lane"":""not_binary"",""condition"":{""assay"":""other_uhplc"",""matrix"":""plasma"",""protease"":""not_applicable"",""route"":""sc"",""species"":""rat""},""endpoint_family"":""T1/2"",""normalized_unit"":""log10(h)"",""parameter_basis"":""elapsed_time"",""parameter_semantics"":""systemic_terminal_pk"",""target_kind"":""regression"",""target_transform"":""log10""}"	0	0	log10	1	1
mlv1.t1_2.regression.systemic_terminal_pk.4f2ba814be50ce0e	T1/2	systemic_terminal_pk	log10(h)	false	1	1	1	-1.41642341437	-1.41642341437	-1.41642341437	-1.41642341437	-1.41642341437	-1.41642341437	-1.41642341437	-1.41642341437	-1.41642341437	-1.41642341437	0	0	0	1	0	1	0	0	systemic_terminal_pk	0	1	1	elapsed_time	false	"{""assay_family"":""systemic_terminal_pk"",""binary_evidence_lane"":""not_binary"",""condition"":{""assay"":""hplc"",""matrix"":""other_dose_i_v_injected_rat_lung_9b5bd25e"",""protease"":""not_applicable"",""route"":""iv"",""species"":""rat""},""endpoint_family"":""T1/2"",""normalized_unit"":""log10(h)"",""parameter_basis"":""elapsed_time"",""parameter_semantics"":""systemic_terminal_pk"",""target_kind"":""regression"",""target_transform"":""log10""}"	0	0	log10	1	1
mlv1.t1_2.regression.systemic_terminal_pk.4f40d20ffa5525a4	T1/2	systemic_terminal_pk	log10(h)	false	1	1	1	-2.1346985739	-2.1346985739	-2.1346985739	-2.1346985739	-2.1346985739	-2.1346985739	-2.1346985739	-2.1346985739	-2.1346985739	-2.1346985739	0	0	0	1	0	1	0	0	systemic_terminal_pk	0	1	1	elapsed_time	false	"{""assay_family"":""systemic_terminal_pk"",""binary_evidence_lane"":""not_binary"",""condition"":{""assay"":""hplc"",""matrix"":""blood"",""protease"":""not_applicable"",""route"":""iv"",""species"":""rat""},""endpoint_family"":""T1/2"",""normalized_unit"":""log10(h)"",""parameter_basis"":""elapsed_time"",""parameter_semantics"":""systemic_terminal_pk"",""target_kind"":""regression"",""target_transform"":""log10""}"	0	0	log10	1	1
mlv1.t1_2.regression.systemic_terminal_pk.50575ee00cf04619	T1/2	systemic_terminal_pk	log10(h)	false	1	1	1	-0.0791812460476	-0.0791812460476	-0.0791812460476	-0.0791812460476	-0.0791812460476	-0.0791812460476	-0.0791812460476	-0.0791812460476	-0.0791812460476	-0.0791812460476	0	0	0	1	0	1	0	0	systemic_terminal_pk	0	1	1	elapsed_time	false	"{""assay_family"":""systemic_terminal_pk"",""binary_evidence_lane"":""not_binary"",""condition"":{""assay"":""other_tca_precipitation"",""matrix"":""other_rat_stomach_luminal_flushin_6dc7d652"",""protease"":""not_applicable"",""route"":""route_not_reported"",""species"":""rat""},""endpoint_family"":""T1/2"",""normalized_unit"":""log10(h)"",""parameter_basis"":""elapsed_time"",""parameter_semantics"":""systemic_terminal_pk"",""target_kind"":""regression"",""target_transform"":""log10""}"	0	0	log10	1	1
mlv1.t1_2.regression.systemic_terminal_pk.50938e093c0df260	T1/2	systemic_terminal_pk	log10(h)	false	2-4	4	4	0.0791812460476	0.0892550091053	0.129550061336	0.33102532249	0.716003343636	1.02982146991	1.06051298338	1.06665128608	1.06818586175	0.644843448767	0.479777067699	0.698796147422	0.326606256889	0.25	0	0	4	0	systemic_terminal_pk	0	4	1	elapsed_time	false	"{""assay_family"":""systemic_terminal_pk"",""binary_evidence_lane"":""not_binary"",""condition"":{""assay"":""lc_ms"",""matrix"":""plasma"",""protease"":""not_applicable"",""route"":""iv"",""species"":""human""},""endpoint_family"":""T1/2"",""normalized_unit"":""log10(h)"",""parameter_basis"":""elapsed_time"",""parameter_semantics"":""systemic_terminal_pk"",""target_kind"":""regression"",""target_transform"":""log10""}"	0	0	log10	4	1
mlv1.t1_2.regression.systemic_terminal_pk.50b7cfce17ce3ce9	T1/2	systemic_terminal_pk	log10(h)	false	1	1	1	-0.510979521981	-0.510979521981	-0.510979521981	-0.510979521981	-0.510979521981	-0.510979521981	-0.510979521981	-0.510979521981	-0.510979521981	-0.510979521981	0	0	0	1	0	1	0	0	systemic_terminal_pk	0	1	1	elapsed_time	false	"{""assay_family"":""systemic_terminal_pk"",""binary_evidence_lane"":""not_binary"",""condition"":{""assay"":""other_immunoradiometric_assay_irma"",""matrix"":""blood"",""protease"":""not_applicable"",""route"":""route_not_reported"",""species"":""human""},""endpoint_family"":""T1/2"",""normalized_unit"":""log10(h)"",""parameter_basis"":""elapsed_time"",""parameter_semantics"":""systemic_terminal_pk"",""target_kind"":""regression"",""target_transform"":""log10""}"	0	0	log10	1	1
mlv1.t1_2.regression.systemic_terminal_pk.51eba5de46e0c683	T1/2	systemic_terminal_pk	log10(h)	false	1	1	1	0.875061263392	0.875061263392	0.875061263392	0.875061263392	0.875061263392	0.875061263392	0.875061263392	0.875061263392	0.875061263392	0.875061263392	0	0	0	1	0	0	1	0	systemic_terminal_pk	0	1	1	elapsed_time	false	"{""assay_family"":""systemic_terminal_pk"",""binary_evidence_lane"":""not_binary"",""condition"":{""assay"":""hplc"",""matrix"":""blood"",""protease"":""not_applicable"",""route"":""iv"",""species"":""mouse""},""endpoint_family"":""T1/2"",""normalized_unit"":""log10(h)"",""parameter_basis"":""elapsed_time"",""parameter_semantics"":""systemic_terminal_pk"",""target_kind"":""regression"",""target_transform"":""log10""}"	0	0	log10	1	1
mlv1.t1_2.regression.systemic_terminal_pk.522b02c8bc658894	T1/2	systemic_terminal_pk	log10(h)	false	1	1	1	-1.69897000434	-1.69897000434	-1.69897000434	-1.69897000434	-1.69897000434	-1.69897000434	-1.69897000434	-1.69897000434	-1.69897000434	-1.69897000434	0	0	0	1	0	1	0	0	systemic_terminal_pk	0	1	1	elapsed_time	false	"{""assay_family"":""systemic_terminal_pk"",""binary_evidence_lane"":""not_binary"",""condition"":{""assay"":""hplc"",""matrix"":""blood"",""protease"":""not_applicable"",""route"":""route_not_reported"",""species"":""rat""},""endpoint_family"":""T1/2"",""normalized_unit"":""log10(h)"",""parameter_basis"":""elapsed_time"",""parameter_semantics"":""systemic_terminal_pk"",""target_kind"":""regression"",""target_transform"":""log10""}"	0	0	log10	1	1
mlv1.t1_2.regression.systemic_terminal_pk.524f73e49e07d3ac	T1/2	systemic_terminal_pk	log10(h)	false	5-9	6	6	-1.15490195999	-1.11548343921	-0.957809356097	-0.246412820238	0.447849363479	0.789206830428	0.871142980722	0.892330269176	0.89762709129	0.177263827143	0.816852759787	1.03561965067	0.396809506675	0.166666666667	0	2	4	0	systemic_terminal_pk	0	3	1	elapsed_time	false	"{""assay_family"":""systemic_terminal_pk"",""binary_evidence_lane"":""not_binary"",""condition"":{""assay"":""lc_ms"",""matrix"":""plasma"",""protease"":""not_applicable"",""route"":""iv"",""species"":""mouse""},""endpoint_family"":""T1/2"",""normalized_unit"":""log10(h)"",""parameter_basis"":""elapsed_time"",""parameter_semantics"":""systemic_terminal_pk"",""target_kind"":""regression"",""target_transform"":""log10""}"	0	3	log10	6	1
mlv1.t1_2.regression.systemic_terminal_pk.53b279e4b34d0a59	T1/2	systemic_terminal_pk	log10(h)	false	1	1	1	0.334453751151	0.334453751151	0.334453751151	0.334453751151	0.334453751151	0.334453751151	0.334453751151	0.334453751151	0.334453751151	0.334453751151	0	0	0	1	0	0	1	0	systemic_terminal_pk	0	1	1	elapsed_time	false	"{""assay_family"":""systemic_terminal_pk"",""binary_evidence_lane"":""not_binary"",""condition"":{""assay"":""mass_spectrometry"",""matrix"":""other_c57bl_6_male_mice_pancreas_7cdf8ba4"",""protease"":""not_applicable"",""route"":""ip"",""species"":""mouse""},""endpoint_family"":""T1/2"",""normalized_unit"":""log10(h)"",""parameter_basis"":""elapsed_time"",""parameter_semantics"":""systemic_terminal_pk"",""target_kind"":""regression"",""target_transform"":""log10""}"	0	0	log10	1	1
mlv1.t1_2.regression.systemic_terminal_pk.53e2ffee0402830a	T1/2	systemic_terminal_pk	log10(h)	false	2-4	2	2	-1.38021124171	-1.37795814889	-1.36894577762	-1.32388392128	-1.26755660085	-1.21122928042	-1.16616742408	-1.15715505281	-1.15490195999	-1.26755660085	0.159317720968	0.11265464086	0.11265464086	0.5	0	2	0	0	systemic_terminal_pk	0	2	1	elapsed_time	false	"{""assay_family"":""systemic_terminal_pk"",""binary_evidence_lane"":""not_binary"",""condition"":{""assay"":""radioactivity"",""matrix"":""other_injected_in_jugular_vein_of_77d96381"",""protease"":""not_applicable"",""route"":""route_not_reported"",""species"":""rat""},""endpoint_family"":""T1/2"",""normalized_unit"":""log10(h)"",""parameter_basis"":""elapsed_time"",""parameter_semantics"":""systemic_terminal_pk"",""target_kind"":""regression"",""target_transform"":""log10""}"	0	0	log10	2	1
mlv1.t1_2.regression.systemic_terminal_pk.54f68f3067fd1254	T1/2	systemic_terminal_pk	log10(h)	false	1	1	1	-0.176091259056	-0.176091259056	-0.176091259056	-0.176091259056	-0.176091259056	-0.176091259056	-0.176091259056	-0.176091259056	-0.176091259056	-0.176091259056	0	0	0	1	0	1	0	0	systemic_terminal_pk	0	1	1	elapsed_time	false	"{""assay_family"":""systemic_terminal_pk"",""binary_evidence_lane"":""not_binary"",""condition"":{""assay"":""assay_not_reported"",""matrix"":""other_balb_c_mice_balb_c_mice"",""protease"":""not_applicable"",""route"":""route_not_reported"",""species"":""mouse""},""endpoint_family"":""T1/2"",""normalized_unit"":""log10(h)"",""parameter_basis"":""elapsed_time"",""parameter_semantics"":""systemic_terminal_pk"",""target_kind"":""regression"",""target_transform"":""log10""}"	0	0	log10	1	1
mlv1.t1_2.regression.systemic_terminal_pk.55669fb3ac0b93e7	T1/2	systemic_terminal_pk	log10(h)	false	1	1	1	0.204119982656	0.204119982656	0.204119982656	0.204119982656	0.204119982656	0.204119982656	0.204119982656	0.204119982656	0.204119982656	0.204119982656	0	0	0	1	0	0	1	0	systemic_terminal_pk	0	1	1	elapsed_time	false	"{""assay_family"":""systemic_terminal_pk"",""binary_evidence_lane"":""not_binary"",""condition"":{""assay"":""radioimmunoassay"",""matrix"":""other_ovaries_of_a_aegypti_culex_c8532265"",""protease"":""not_applicable"",""route"":""route_not_reported"",""species"":""species_not_reported""},""endpoint_family"":""T1/2"",""normalized_unit"":""log10(h)"",""parameter_basis"":""elapsed_time"",""parameter_semantics"":""systemic_terminal_pk"",""target_kind"":""regression"",""target_transform"":""log10""}"	0	0	log10	1	1
mlv1.t1_2.regression.systemic_terminal_pk.56691e4d27f12a35	T1/2	systemic_terminal_pk	log10(h)	false	1	1	1	-1.66420789808	-1.66420789808	-1.66420789808	-1.66420789808	-1.66420789808	-1.66420789808	-1.66420789808	-1.66420789808	-1.66420789808	-1.66420789808	0	0	0	1	0	1	0	0	systemic_terminal_pk	0	1	1	elapsed_time	false	"{""assay_family"":""systemic_terminal_pk"",""binary_evidence_lane"":""not_binary"",""condition"":{""assay"":""hplc"",""matrix"":""other_intravenous_injection_into_45815a8b"",""protease"":""not_applicable"",""route"":""iv"",""species"":""rat""},""endpoint_family"":""T1/2"",""normalized_unit"":""log10(h)"",""parameter_basis"":""elapsed_time"",""parameter_semantics"":""systemic_terminal_pk"",""target_kind"":""regression"",""target_transform"":""log10""}"	0	0	log10	1	1
mlv1.t1_2.regression.systemic_terminal_pk.56c3ace9f2000307	T1/2	systemic_terminal_pk	log10(h)	false	1	1	1	-0.234083206033	-0.234083206033	-0.234083206033	-0.234083206033	-0.234083206033	-0.234083206033	-0.234083206033	-0.234083206033	-0.234083206033	-0.234083206033	0	0	0	1	0	1	0	0	systemic_terminal_pk	0	1	1	elapsed_time	false	"{""assay_family"":""systemic_terminal_pk"",""binary_evidence_lane"":""not_binary"",""condition"":{""assay"":""hplc"",""matrix"":""blood"",""protease"":""not_applicable"",""route"":""route_not_reported"",""species"":""human""},""endpoint_family"":""T1/2"",""normalized_unit"":""log10(h)"",""parameter_basis"":""elapsed_time"",""parameter_semantics"":""systemic_terminal_pk"",""target_kind"":""regression"",""target_transform"":""log10""}"	0	0	log10	1	1
mlv1.t1_2.regression.systemic_terminal_pk.57786de3f4d49a07	T1/2	systemic_terminal_pk	log10(h)	false	2-4	2	2	-1.39794000867	-1.39388882274	-1.37768407901	-1.29666036035	-1.19538071202	-1.0941010637	-1.01307734504	-0.996872601306	-0.992821415373	-1.19538071202	0.286462104505	0.202559296649	0.202559296649	0.5	0	2	0	0	systemic_terminal_pk	0	2	1	elapsed_time	false	"{""assay_family"":""systemic_terminal_pk"",""binary_evidence_lane"":""not_binary"",""condition"":{""assay"":""assay_not_reported"",""matrix"":""plasma"",""protease"":""not_applicable"",""route"":""iv"",""species"":""species_not_reported""},""endpoint_family"":""T1/2"",""normalized_unit"":""log10(h)"",""parameter_basis"":""elapsed_time"",""parameter_semantics"":""systemic_terminal_pk"",""target_kind"":""regression"",""target_transform"":""log10""}"	0	0	log10	2	1
mlv1.t1_2.regression.systemic_terminal_pk.5945156a0873df24	T1/2	systemic_terminal_pk	log10(h)	false	10-29	11	11	-0.778151250383	-0.670596554244	-0.240377769688	0.492847929845	0.781755374652	1.48424147428	1.59391541023	1.6542365865	1.66931688057	0.825545385886	0.719396766591	0.99139354443	0.484359663644	0.0909090909091	0	1	10	0	systemic_terminal_pk	0	0	1	elapsed_time	false	"{""assay_family"":""systemic_terminal_pk"",""binary_evidence_lane"":""not_binary"",""condition"":{""assay"":""other_peptherdia_curated_appr_7011057c"",""matrix"":""other_terminal_half_life"",""protease"":""not_applicable"",""route"":""oral"",""species"":""human""},""endpoint_family"":""T1/2"",""normalized_unit"":""log10(h)"",""parameter_basis"":""elapsed_time"",""parameter_semantics"":""systemic_terminal_pk"",""target_kind"":""regression"",""target_transform"":""log10""}"	0	11	log10	11	1
mlv1.t1_2.regression.systemic_terminal_pk.5998ff969096a374	T1/2	systemic_terminal_pk	log10(h)	false	1	1	1	-1.58225159797	-1.58225159797	-1.58225159797	-1.58225159797	-1.58225159797	-1.58225159797	-1.58225159797	-1.58225159797	-1.58225159797	-1.58225159797	0	0	0	1	0	1	0	0	systemic_terminal_pk	0	1	1	elapsed_time	false	"{""assay_family"":""systemic_terminal_pk"",""binary_evidence_lane"":""not_binary"",""condition"":{""assay"":""radioimmunoassay"",""matrix"":""other_injected_intravenously_into_1afafe7f"",""protease"":""not_applicable"",""route"":""iv"",""species"":""dog""},""endpoint_family"":""T1/2"",""normalized_unit"":""log10(h)"",""parameter_basis"":""elapsed_time"",""parameter_semantics"":""systemic_terminal_pk"",""target_kind"":""regression"",""target_transform"":""log10""}"	0	0	log10	1	1
mlv1.t1_2.regression.systemic_terminal_pk.5a51081e307887de	T1/2	systemic_terminal_pk	log10(h)	false	1	1	1	-0.875061263392	-0.875061263392	-0.875061263392	-0.875061263392	-0.875061263392	-0.875061263392	-0.875061263392	-0.875061263392	-0.875061263392	-0.875061263392	0	0	0	1	0	1	0	0	systemic_terminal_pk	0	1	1	elapsed_time	false	"{""assay_family"":""systemic_terminal_pk"",""binary_evidence_lane"":""not_binary"",""condition"":{""assay"":""radioactivity"",""matrix"":""blood"",""protease"":""not_applicable"",""route"":""route_not_reported"",""species"":""mouse""},""endpoint_family"":""T1/2"",""normalized_unit"":""log10(h)"",""parameter_basis"":""elapsed_time"",""parameter_semantics"":""systemic_terminal_pk"",""target_kind"":""regression"",""target_transform"":""log10""}"	0	0	log10	1	1
mlv1.t1_2.regression.systemic_terminal_pk.5afb21ba6dfbb7e3	T1/2	systemic_terminal_pk	log10(h)	false	1	1	1	-0.0978157369691	-0.0978157369691	-0.0978157369691	-0.0978157369691	-0.0978157369691	-0.0978157369691	-0.0978157369691	-0.0978157369691	-0.0978157369691	-0.0978157369691	0	0	0	1	0	1	0	0	systemic_terminal_pk	0	1	1	elapsed_time	false	"{""assay_family"":""systemic_terminal_pk"",""binary_evidence_lane"":""not_binary"",""condition"":{""assay"":""elisa"",""matrix"":""other_corn_oil_treated_rat_csf_co_73297d89"",""protease"":""not_applicable"",""route"":""iv"",""species"":""rat""},""endpoint_family"":""T1/2"",""normalized_unit"":""log10(h)"",""parameter_basis"":""elapsed_time"",""parameter_semantics"":""systemic_terminal_pk"",""target_kind"":""regression"",""target_transform"":""log10""}"	0	0	log10	1	1
mlv1.t1_2.regression.systemic_terminal_pk.5c601e123555fa49	T1/2	systemic_terminal_pk	log10(h)	false	10-29	15	15	-0.886056647693	-0.864059368896	-0.776070253707	-0.4300604568	-0.0457574905607	1.17715028117	1.46449688307	1.48822305183	1.49415459402	0.253103717516	0.860494544197	1.60721073797	0.460730838532	0.0666666666667	0	9	6	0	systemic_terminal_pk	0	15	1	elapsed_time	false	"{""assay_family"":""systemic_terminal_pk"",""binary_evidence_lane"":""not_binary"",""condition"":{""assay"":""radioimmunoassay"",""matrix"":""plasma"",""protease"":""not_applicable"",""route"":""sc"",""species"":""rat""},""endpoint_family"":""T1/2"",""normalized_unit"":""log10(h)"",""parameter_basis"":""elapsed_time"",""parameter_semantics"":""systemic_terminal_pk"",""target_kind"":""regression"",""target_transform"":""log10""}"	0	0	log10	15	1
mlv1.t1_2.regression.systemic_terminal_pk.5ed11d7f95ca9de7	T1/2	systemic_terminal_pk	log10(h)	false	1	1	1	-0.154901959986	-0.154901959986	-0.154901959986	-0.154901959986	-0.154901959986	-0.154901959986	-0.154901959986	-0.154901959986	-0.154901959986	-0.154901959986	0	0	0	1	0	1	0	0	systemic_terminal_pk	0	1	1	elapsed_time	false	"{""assay_family"":""systemic_terminal_pk"",""binary_evidence_lane"":""not_binary"",""condition"":{""assay"":""elisa"",""matrix"":""serum"",""protease"":""not_applicable"",""route"":""route_not_reported"",""species"":""mouse""},""endpoint_family"":""T1/2"",""normalized_unit"":""log10(h)"",""parameter_basis"":""elapsed_time"",""parameter_semantics"":""systemic_terminal_pk"",""target_kind"":""regression"",""target_transform"":""log10""}"	0	0	log10	1	1
mlv1.t1_2.regression.systemic_terminal_pk.60059f33c08a2bd0	T1/2	systemic_terminal_pk	log10(h)	false	1	1	1	-0.218244625348	-0.218244625348	-0.218244625348	-0.218244625348	-0.218244625348	-0.218244625348	-0.218244625348	-0.218244625348	-0.218244625348	-0.218244625348	0	0	0	1	0	1	0	0	systemic_terminal_pk	0	1	1	elapsed_time	false	"{""assay_family"":""systemic_terminal_pk"",""binary_evidence_lane"":""not_binary"",""condition"":{""assay"":""lc_ms_ms"",""matrix"":""serum"",""protease"":""not_applicable"",""route"":""sc"",""species"":""mouse""},""endpoint_family"":""T1/2"",""normalized_unit"":""log10(h)"",""parameter_basis"":""elapsed_time"",""parameter_semantics"":""systemic_terminal_pk"",""target_kind"":""regression"",""target_transform"":""log10""}"	0	0	log10	1	1
mlv1.t1_2.regression.systemic_terminal_pk.60d2d676c88f0ccc	T1/2	systemic_terminal_pk	log10(h)	false	2-4	2	2	-0.518079862399	-0.517479113418	-0.515076117493	-0.503061137867	-0.488042413336	-0.473023688805	-0.461008709179	-0.458605713254	-0.458004964273	-0.488042413336	0.042479367844	0.030037449063	0.030037449063	0.5	0	2	0	0	systemic_terminal_pk	0	2	1	elapsed_time	false	"{""assay_family"":""systemic_terminal_pk"",""binary_evidence_lane"":""not_binary"",""condition"":{""assay"":""lc_ms"",""matrix"":""serum"",""protease"":""not_applicable"",""route"":""sc"",""species"":""rat""},""endpoint_family"":""T1/2"",""normalized_unit"":""log10(h)"",""parameter_basis"":""elapsed_time"",""parameter_semantics"":""systemic_terminal_pk"",""target_kind"":""regression"",""target_transform"":""log10""}"	0	0	log10	2	1
mlv1.t1_2.regression.systemic_terminal_pk.619f2719de509b71	T1/2	systemic_terminal_pk	log10(h)	false	1	1	1	0.857332496431	0.857332496431	0.857332496431	0.857332496431	0.857332496431	0.857332496431	0.857332496431	0.857332496431	0.857332496431	0.857332496431	0	0	0	1	0	0	1	0	systemic_terminal_pk	0	1	1	elapsed_time	false	"{""assay_family"":""systemic_terminal_pk"",""binary_evidence_lane"":""not_binary"",""condition"":{""assay"":""radioimmunoassay"",""matrix"":""plasma"",""protease"":""not_applicable"",""route"":""sc"",""species"":""mouse""},""endpoint_family"":""T1/2"",""normalized_unit"":""log10(h)"",""parameter_basis"":""elapsed_time"",""parameter_semantics"":""systemic_terminal_pk"",""target_kind"":""regression"",""target_transform"":""log10""}"	0	0	log10	1	1
mlv1.t1_2.regression.systemic_terminal_pk.6343d748fc1e19f0	T1/2	systemic_terminal_pk	log10(h)	false	1	1	1	1.58546072951	1.58546072951	1.58546072951	1.58546072951	1.58546072951	1.58546072951	1.58546072951	1.58546072951	1.58546072951	1.58546072951	0	0	0	1	0	0	1	0	systemic_terminal_pk	0	1	1	elapsed_time	false	"{""assay_family"":""systemic_terminal_pk"",""binary_evidence_lane"":""not_binary"",""condition"":{""assay"":""hplc"",""matrix"":""other_subcutaneous_injection_in_f_bf7c7ba2"",""protease"":""not_applicable"",""route"":""sc"",""species"":""rat""},""endpoint_family"":""T1/2"",""normalized_unit"":""log10(h)"",""parameter_basis"":""elapsed_time"",""parameter_semantics"":""systemic_terminal_pk"",""target_kind"":""regression"",""target_transform"":""log10""}"	0	0	log10	1	1
mlv1.t1_2.regression.systemic_terminal_pk.637944d9a1bdff51	T1/2	systemic_terminal_pk	log10(h)	false	1	1	1	-0.800427645095	-0.800427645095	-0.800427645095	-0.800427645095	-0.800427645095	-0.800427645095	-0.800427645095	-0.800427645095	-0.800427645095	-0.800427645095	0	0	0	1	0	1	0	0	systemic_terminal_pk	0	1	1	elapsed_time	false	"{""assay_family"":""systemic_terminal_pk"",""binary_evidence_lane"":""not_binary"",""condition"":{""assay"":""radioimmunoassay"",""matrix"":""blood"",""protease"":""not_applicable"",""route"":""route_not_reported"",""species"":""rat""},""endpoint_family"":""T1/2"",""normalized_unit"":""log10(h)"",""parameter_basis"":""elapsed_time"",""parameter_semantics"":""systemic_terminal_pk"",""target_kind"":""regression"",""target_transform"":""log10""}"	0	0	log10	1	1
mlv1.t1_2.regression.systemic_terminal_pk.6435655520be0a2c	T1/2	systemic_terminal_pk	log10(h)	true	30-99	53	51	-1.69897000434	-1.54337734379	-1.30812150244	-0.989982879242	-0.765735875621	-0.522155523661	1.23444565134	1.48106744747	1.55630250077	-0.632400171892	0.662831116425	0.467827355581	0.24358035196	0.0377358490566	0	48	5	5	systemic_terminal_pk	0	52	1	elapsed_time	true	"{""assay_family"":""systemic_terminal_pk"",""binary_evidence_lane"":""not_binary"",""condition"":{""assay"":""radioimmunoassay"",""matrix"":""plasma"",""protease"":""not_applicable"",""route"":""iv"",""species"":""rat""},""endpoint_family"":""T1/2"",""normalized_unit"":""log10(h)"",""parameter_basis"":""elapsed_time"",""parameter_semantics"":""systemic_terminal_pk"",""target_kind"":""regression"",""target_transform"":""log10""}"	0	1	log10	53	1
mlv1.t1_2.regression.systemic_terminal_pk.652c656eb674c0be	T1/2	systemic_terminal_pk	log10(h)	false	2-4	3	2	-1.28678955655	-1.28678955655	-1.28678955655	-1.28678955655	-1.28678955655	-0.861259063056	-0.52083466826	-0.452749789301	-0.435728569561	-1.00310256089	0.491360289935	0.425530493495	0	0.666666666667	0	3	0	0	systemic_terminal_pk	0	3	1	elapsed_time	false	"{""assay_family"":""systemic_terminal_pk"",""binary_evidence_lane"":""not_binary"",""condition"":{""assay"":""hplc"",""matrix"":""other_injected_in_humans_injected_05808156"",""protease"":""not_applicable"",""route"":""route_not_reported"",""species"":""species_not_reported""},""endpoint_family"":""T1/2"",""normalized_unit"":""log10(h)"",""parameter_basis"":""elapsed_time"",""parameter_semantics"":""systemic_terminal_pk"",""target_kind"":""regression"",""target_transform"":""log10""}"	0	0	log10	3	1
mlv1.t1_2.regression.systemic_terminal_pk.661875cb58509b98	T1/2	systemic_terminal_pk	log10(h)	false	2-4	2	2	-1.01772876696	-0.996375452373	-0.910962194027	-0.483895902298	0.049936962365	0.583769827027	1.01083611876	1.0962493771	1.11760269169	0.049936962365	1.50990735449	1.06766572932	1.06766572932	0.5	0	1	1	0	systemic_terminal_pk	0	2	1	elapsed_time	false	"{""assay_family"":""systemic_terminal_pk"",""binary_evidence_lane"":""not_binary"",""condition"":{""assay"":""other_lc_ms"",""matrix"":""plasma"",""protease"":""not_applicable"",""route"":""iv"",""species"":""mouse""},""endpoint_family"":""T1/2"",""normalized_unit"":""log10(h)"",""parameter_basis"":""elapsed_time"",""parameter_semantics"":""systemic_terminal_pk"",""target_kind"":""regression"",""target_transform"":""log10""}"	0	0	log10	2	1
mlv1.t1_2.regression.systemic_terminal_pk.6726e82532e94a04	T1/2	systemic_terminal_pk	log10(h)	false	1	1	1	-0.828761243739	-0.828761243739	-0.828761243739	-0.828761243739	-0.828761243739	-0.828761243739	-0.828761243739	-0.828761243739	-0.828761243739	-0.828761243739	0	0	0	1	0	1	0	0	systemic_terminal_pk	0	1	1	elapsed_time	false	"{""assay_family"":""systemic_terminal_pk"",""binary_evidence_lane"":""not_binary"",""condition"":{""assay"":""radioimmunoassay"",""matrix"":""other_female_homozygous_brattlebo_cca889c4"",""protease"":""not_applicable"",""route"":""route_not_reported"",""species"":""rat""},""endpoint_family"":""T1/2"",""normalized_unit"":""log10(h)"",""parameter_basis"":""elapsed_time"",""parameter_semantics"":""systemic_terminal_pk"",""target_kind"":""regression"",""target_transform"":""log10""}"	0	0	log10	1	1
mlv1.t1_2.regression.systemic_terminal_pk.67ba8023ef78f142	T1/2	systemic_terminal_pk	log10(h)	false	1	1	1	1.51054501021	1.51054501021	1.51054501021	1.51054501021	1.51054501021	1.51054501021	1.51054501021	1.51054501021	1.51054501021	1.51054501021	0	0	0	1	0	0	1	0	systemic_terminal_pk	0	0	1	elapsed_time	false	"{""assay_family"":""systemic_terminal_pk"",""binary_evidence_lane"":""not_binary"",""condition"":{""assay"":""lc_ms_ms"",""matrix"":""other_male_cynomolgus_monkeys_mal_4247ec10"",""protease"":""not_applicable"",""route"":""sc"",""species"":""cynomolgus_monkey""},""endpoint_family"":""T1/2"",""normalized_unit"":""log10(h)"",""parameter_basis"":""elapsed_time"",""parameter_semantics"":""systemic_terminal_pk"",""target_kind"":""regression"",""target_transform"":""log10""}"	0	1	log10	1	1
mlv1.t1_2.regression.systemic_terminal_pk.680d56ddf916fc18	T1/2	systemic_terminal_pk	log10(h)	false	2-4	3	3	0.431363764159	0.446486903293	0.506979459827	0.8094422425	1.18752072084	1.33304360822	1.44946191811	1.4727455801	1.47856649559	1.0324836602	0.540542096241	0.523601365716	0.29104577475	0.333333333333	0	0	3	0	systemic_terminal_pk	0	2	1	elapsed_time	false	"{""assay_family"":""systemic_terminal_pk"",""binary_evidence_lane"":""not_binary"",""condition"":{""assay"":""lc_ms_ms"",""matrix"":""plasma"",""protease"":""not_applicable"",""route"":""sc"",""species"":""minipig""},""endpoint_family"":""T1/2"",""normalized_unit"":""log10(h)"",""parameter_basis"":""elapsed_time"",""parameter_semantics"":""systemic_terminal_pk"",""target_kind"":""regression"",""target_transform"":""log10""}"	0	1	log10	3	1
mlv1.t1_2.regression.systemic_terminal_pk.680d5a70f7b619af	T1/2	systemic_terminal_pk	log10(h)	false	1	1	1	-0.590630529547	-0.590630529547	-0.590630529547	-0.590630529547	-0.590630529547	-0.590630529547	-0.590630529547	-0.590630529547	-0.590630529547	-0.590630529547	0	0	0	1	0	1	0	0	systemic_terminal_pk	0	1	1	elapsed_time	false	"{""assay_family"":""systemic_terminal_pk"",""binary_evidence_lane"":""not_binary"",""condition"":{""assay"":""other_fluorometery"",""matrix"":""plasma"",""protease"":""not_applicable"",""route"":""route_not_reported"",""species"":""mouse""},""endpoint_family"":""T1/2"",""normalized_unit"":""log10(h)"",""parameter_basis"":""elapsed_time"",""parameter_semantics"":""systemic_terminal_pk"",""target_kind"":""regression"",""target_transform"":""log10""}"	0	0	log10	1	1
mlv1.t1_2.regression.systemic_terminal_pk.6853c9a9f4ee0c20	T1/2	systemic_terminal_pk	log10(h)	false	1	1	1	-0.946921556517	-0.946921556517	-0.946921556517	-0.946921556517	-0.946921556517	-0.946921556517	-0.946921556517	-0.946921556517	-0.946921556517	-0.946921556517	0	0	0	1	0	1	0	0	systemic_terminal_pk	0	1	1	elapsed_time	false	"{""assay_family"":""systemic_terminal_pk"",""binary_evidence_lane"":""not_binary"",""condition"":{""assay"":""radioimmunoassay"",""matrix"":""other_intravenous_injection_of_ox_933aca59"",""protease"":""not_applicable"",""route"":""iv"",""species"":""species_not_reported""},""endpoint_family"":""T1/2"",""normalized_unit"":""log10(h)"",""parameter_basis"":""elapsed_time"",""parameter_semantics"":""systemic_terminal_pk"",""target_kind"":""regression"",""target_transform"":""log10""}"	0	0	log10	1	1
mlv1.t1_2.regression.systemic_terminal_pk.6c68fc8eff6f0dae	T1/2	systemic_terminal_pk	log10(h)	false	2-4	2	2	-0.161150909263	-0.158300883761	-0.146900781751	-0.0899002717055	-0.018649634148	0.0526010034095	0.109601513455	0.121001615465	0.123851640967	-0.018649634148	0.201527235923	0.142501275115	0.142501275115	0.5	0	1	1	0	systemic_terminal_pk	0	2	1	elapsed_time	false	"{""assay_family"":""systemic_terminal_pk"",""binary_evidence_lane"":""not_binary"",""condition"":{""assay"":""mass_spectrometry"",""matrix"":""plasma"",""protease"":""not_applicable"",""route"":""iv"",""species"":""mouse""},""endpoint_family"":""T1/2"",""normalized_unit"":""log10(h)"",""parameter_basis"":""elapsed_time"",""parameter_semantics"":""systemic_terminal_pk"",""target_kind"":""regression"",""target_transform"":""log10""}"	0	0	log10	2	1
mlv1.t1_2.regression.systemic_terminal_pk.6cc02964face3def	T1/2	systemic_terminal_pk	log10(h)	false	1	1	1	-0.273001272064	-0.273001272064	-0.273001272064	-0.273001272064	-0.273001272064	-0.273001272064	-0.273001272064	-0.273001272064	-0.273001272064	-0.273001272064	0	0	0	1	0	1	0	0	systemic_terminal_pk	0	1	1	elapsed_time	false	"{""assay_family"":""systemic_terminal_pk"",""binary_evidence_lane"":""not_binary"",""condition"":{""assay"":""radioimmunoassay"",""matrix"":""other_subcutaneous_injection_in_p_a6859878"",""protease"":""not_applicable"",""route"":""sc"",""species"":""rat""},""endpoint_family"":""T1/2"",""normalized_unit"":""log10(h)"",""parameter_basis"":""elapsed_time"",""parameter_semantics"":""systemic_terminal_pk"",""target_kind"":""regression"",""target_transform"":""log10""}"	0	0	log10	1	1
mlv1.t1_2.regression.systemic_terminal_pk.6cc42676dcd9894f	T1/2	systemic_terminal_pk	log10(h)	false	2-4	2	2	0.204119982656	0.20915448459	0.229292492328	0.329982531016	0.455845079377	0.581707627737	0.682397666426	0.702535674164	0.707570176098	0.455845079377	0.355993045773	0.251725096721	0.251725096721	0.5	0	0	2	0	systemic_terminal_pk	0	2	1	elapsed_time	false	"{""assay_family"":""systemic_terminal_pk"",""binary_evidence_lane"":""not_binary"",""condition"":{""assay"":""fluorescence"",""matrix"":""serum"",""protease"":""not_applicable"",""route"":""sc"",""species"":""mouse""},""endpoint_family"":""T1/2"",""normalized_unit"":""log10(h)"",""parameter_basis"":""elapsed_time"",""parameter_semantics"":""systemic_terminal_pk"",""target_kind"":""regression"",""target_transform"":""log10""}"	0	0	log10	2	1
mlv1.t1_2.regression.systemic_terminal_pk.713ae2bd3ac9d54e	T1/2	systemic_terminal_pk	log10(h)	false	2-4	2	2	-1.28678955655	-1.26392166098	-1.17245007872	-0.715092167413	-0.143394778275	0.428302610863	0.885660522173	0.977132104434	1	-0.143394778275	1.61700440258	1.14339477828	1.14339477828	0.5	0	1	1	0	systemic_terminal_pk	0	2	1	elapsed_time	false	"{""assay_family"":""systemic_terminal_pk"",""binary_evidence_lane"":""not_binary"",""condition"":{""assay"":""elisa"",""matrix"":""plasma"",""protease"":""not_applicable"",""route"":""route_not_reported"",""species"":""mouse""},""endpoint_family"":""T1/2"",""normalized_unit"":""log10(h)"",""parameter_basis"":""elapsed_time"",""parameter_semantics"":""systemic_terminal_pk"",""target_kind"":""regression"",""target_transform"":""log10""}"	0	0	log10	2	1
mlv1.t1_2.regression.systemic_terminal_pk.74df099bf9d25acc	T1/2	systemic_terminal_pk	log10(h)	false	2-4	2	2	-1.38021124171	-1.36941942925	-1.32625217941	-1.1104159302	-0.840620618687	-0.570825307175	-0.354989057966	-0.311821808124	-0.301029995664	-0.840620618687	0.763096377208	0.539590623023	0.539590623023	0.5	0	2	0	0	systemic_terminal_pk	0	2	1	elapsed_time	false	"{""assay_family"":""systemic_terminal_pk"",""binary_evidence_lane"":""not_binary"",""condition"":{""assay"":""hplc"",""matrix"":""other_intravenous_administered_to_e60f83bc"",""protease"":""not_applicable"",""route"":""iv"",""species"":""rat""},""endpoint_family"":""T1/2"",""normalized_unit"":""log10(h)"",""parameter_basis"":""elapsed_time"",""parameter_semantics"":""systemic_terminal_pk"",""target_kind"":""regression"",""target_transform"":""log10""}"	0	0	log10	2	1
mlv1.t1_2.regression.systemic_terminal_pk.754ec61fb8bf4592	T1/2	systemic_terminal_pk	log10(h)	false	1	1	1	0.745855195174	0.745855195174	0.745855195174	0.745855195174	0.745855195174	0.745855195174	0.745855195174	0.745855195174	0.745855195174	0.745855195174	0	0	0	1	0	0	1	0	systemic_terminal_pk	0	1	1	elapsed_time	false	"{""assay_family"":""systemic_terminal_pk"",""binary_evidence_lane"":""not_binary"",""condition"":{""assay"":""hplc"",""matrix"":""plasma"",""protease"":""not_applicable"",""route"":""im"",""species"":""monkey_unspecified""},""endpoint_family"":""T1/2"",""normalized_unit"":""log10(h)"",""parameter_basis"":""elapsed_time"",""parameter_semantics"":""systemic_terminal_pk"",""target_kind"":""regression"",""target_transform"":""log10""}"	0	0	log10	1	1
mlv1.t1_2.regression.systemic_terminal_pk.7574ac3ea5f1f17c	T1/2	systemic_terminal_pk	log10(h)	false	1	1	1	0.47712125472	0.47712125472	0.47712125472	0.47712125472	0.47712125472	0.47712125472	0.47712125472	0.47712125472	0.47712125472	0.47712125472	0	0	0	1	0	0	1	0	systemic_terminal_pk	0	0	1	elapsed_time	false	"{""assay_family"":""systemic_terminal_pk"",""binary_evidence_lane"":""not_binary"",""condition"":{""assay"":""other_peptherdia_curated_appr_7011057c"",""matrix"":""other_terminal_half_life"",""protease"":""not_applicable"",""route"":""intranasal"",""species"":""human""},""endpoint_family"":""T1/2"",""normalized_unit"":""log10(h)"",""parameter_basis"":""elapsed_time"",""parameter_semantics"":""systemic_terminal_pk"",""target_kind"":""regression"",""target_transform"":""log10""}"	0	1	log10	1	1
mlv1.t1_2.regression.systemic_terminal_pk.75c03b65fee2563b	T1/2	systemic_terminal_pk	log10(h)	false	1	1	1	0.301029995664	0.301029995664	0.301029995664	0.301029995664	0.301029995664	0.301029995664	0.301029995664	0.301029995664	0.301029995664	0.301029995664	0	0	0	1	0	0	1	0	systemic_terminal_pk	0	1	1	elapsed_time	false	"{""assay_family"":""systemic_terminal_pk"",""binary_evidence_lane"":""not_binary"",""condition"":{""assay"":""elisa"",""matrix"":""plasma"",""protease"":""not_applicable"",""route"":""sc"",""species"":""pig""},""endpoint_family"":""T1/2"",""normalized_unit"":""log10(h)"",""parameter_basis"":""elapsed_time"",""parameter_semantics"":""systemic_terminal_pk"",""target_kind"":""regression"",""target_transform"":""log10""}"	0	0	log10	1	1
mlv1.t1_2.regression.systemic_terminal_pk.7620b06eea97717b	T1/2	systemic_terminal_pk	log10(h)	false	1	1	1	2.11260500153	2.11260500153	2.11260500153	2.11260500153	2.11260500153	2.11260500153	2.11260500153	2.11260500153	2.11260500153	2.11260500153	0	0	0	1	0	0	1	0	systemic_terminal_pk	0	0	1	elapsed_time	false	"{""assay_family"":""systemic_terminal_pk"",""binary_evidence_lane"":""not_binary"",""condition"":{""assay"":""lc_ms"",""matrix"":""plasma"",""protease"":""not_applicable"",""route"":""sc"",""species"":""human""},""endpoint_family"":""T1/2"",""normalized_unit"":""log10(h)"",""parameter_basis"":""elapsed_time"",""parameter_semantics"":""systemic_terminal_pk"",""target_kind"":""regression"",""target_transform"":""log10""}"	0	1	log10	1	1
mlv1.t1_2.regression.systemic_terminal_pk.7629dfa98ec7fb4b	T1/2	systemic_terminal_pk	log10(h)	false	2-4	2	2	-1.16855684116	-1.14140091375	-1.03277720412	-0.489658655935	0.18923952929	0.868137714515	1.41125626269	1.51987997233	1.54703589974	0.18923952929	1.92021404203	1.35779637045	1.35779637045	0.5	0	1	1	0	systemic_terminal_pk	0	2	1	elapsed_time	false	"{""assay_family"":""systemic_terminal_pk"",""binary_evidence_lane"":""not_binary"",""condition"":{""assay"":""elisa"",""matrix"":""blood"",""protease"":""not_applicable"",""route"":""iv"",""species"":""species_not_reported""},""endpoint_family"":""T1/2"",""normalized_unit"":""log10(h)"",""parameter_basis"":""elapsed_time"",""parameter_semantics"":""systemic_terminal_pk"",""target_kind"":""regression"",""target_transform"":""log10""}"	0	0	log10	2	1
mlv1.t1_2.regression.systemic_terminal_pk.76dde038011fe41c	T1/2	systemic_terminal_pk	log10(h)	false	10-29	10	10	-1.87506126339	-1.82211680977	-1.61033899531	-1.1552602294	-1.06150640779	-0.914312717013	0.0049962002856	0.141872247302	0.176091259056	-0.946577404122	0.567727762298	0.240947512385	0.134014867778	0.1	0	9	1	3	systemic_terminal_pk	0	10	1	elapsed_time	false	"{""assay_family"":""systemic_terminal_pk"",""binary_evidence_lane"":""not_binary"",""condition"":{""assay"":""radioimmunoassay"",""matrix"":""plasma"",""protease"":""not_applicable"",""route"":""route_not_reported"",""species"":""human""},""endpoint_family"":""T1/2"",""normalized_unit"":""log10(h)"",""parameter_basis"":""elapsed_time"",""parameter_semantics"":""systemic_terminal_pk"",""target_kind"":""regression"",""target_transform"":""log10""}"	0	0	log10	9	1
mlv1.t1_2.regression.systemic_terminal_pk.7865ab210863f563	T1/2	systemic_terminal_pk	log10(h)	false	1	1	1	0.599701168623	0.599701168623	0.599701168623	0.599701168623	0.599701168623	0.599701168623	0.599701168623	0.599701168623	0.599701168623	0.599701168623	0	0	0	1	0	0	1	0	systemic_terminal_pk	0	1	1	elapsed_time	false	"{""assay_family"":""systemic_terminal_pk"",""binary_evidence_lane"":""not_binary"",""condition"":{""assay"":""hplc"",""matrix"":""serum"",""protease"":""not_applicable"",""route"":""iv"",""species"":""rat""},""endpoint_family"":""T1/2"",""normalized_unit"":""log10(h)"",""parameter_basis"":""elapsed_time"",""parameter_semantics"":""systemic_terminal_pk"",""target_kind"":""regression"",""target_transform"":""log10""}"	0	0	log10	1	1
mlv1.t1_2.regression.systemic_terminal_pk.78cc9f7f7d1f2e3f	T1/2	systemic_terminal_pk	log10(h)	false	10-29	15	14	-1.39794000867	-1.38237894537	-1.32013469219	-1.0342993188	-0.933053210369	-0.816892320261	-0.725969406709	-0.713166192251	-0.709965388637	-0.964423209573	0.21076680591	0.217406998539	0.120822170411	0.133333333333	0	15	0	1	systemic_terminal_pk	0	15	1	elapsed_time	false	"{""assay_family"":""systemic_terminal_pk"",""binary_evidence_lane"":""not_binary"",""condition"":{""assay"":""radioimmunoassay"",""matrix"":""other_intravenouly_injected_in_sp_9c5f9eaf"",""protease"":""not_applicable"",""route"":""iv"",""species"":""rat""},""endpoint_family"":""T1/2"",""normalized_unit"":""log10(h)"",""parameter_basis"":""elapsed_time"",""parameter_semantics"":""systemic_terminal_pk"",""target_kind"":""regression"",""target_transform"":""log10""}"	0	0	log10	15	1
mlv1.t1_2.regression.systemic_terminal_pk.7a0cd9ccae9fbb93	T1/2	systemic_terminal_pk	log10(h)	false	2-4	2	2	-2.07918124605	-2.056628521	-1.96641762079	-1.51536311977	-0.951544993497	-0.38772686722	0.0633276338007	0.153538534005	0.176091259056	-0.951544993497	1.59471848178	1.12763625255	1.12763625255	0.5	0	1	1	0	systemic_terminal_pk	0	2	1	elapsed_time	false	"{""assay_family"":""systemic_terminal_pk"",""binary_evidence_lane"":""not_binary"",""condition"":{""assay"":""assay_not_reported"",""matrix"":""plasma"",""protease"":""not_applicable"",""route"":""route_not_reported"",""species"":""human""},""endpoint_family"":""T1/2"",""normalized_unit"":""log10(h)"",""parameter_basis"":""elapsed_time"",""parameter_semantics"":""systemic_terminal_pk"",""target_kind"":""regression"",""target_transform"":""log10""}"	0	0	log10	2	1
mlv1.t1_2.regression.systemic_terminal_pk.7a9922b8de153e0d	T1/2	systemic_terminal_pk	log10(h)	false	1	1	1	-0.218244625348	-0.218244625348	-0.218244625348	-0.218244625348	-0.218244625348	-0.218244625348	-0.218244625348	-0.218244625348	-0.218244625348	-0.218244625348	0	0	0	1	0	1	0	0	systemic_terminal_pk	0	1	1	elapsed_time	false	"{""assay_family"":""systemic_terminal_pk"",""binary_evidence_lane"":""not_binary"",""condition"":{""assay"":""other_column_chromatography"",""matrix"":""other_intravenouly_injected_in_ad_e722e61e"",""protease"":""not_applicable"",""route"":""iv"",""species"":""rat""},""endpoint_family"":""T1/2"",""normalized_unit"":""log10(h)"",""parameter_basis"":""elapsed_time"",""parameter_semantics"":""systemic_terminal_pk"",""target_kind"":""regression"",""target_transform"":""log10""}"	0	0	log10	1	1
mlv1.t1_2.regression.systemic_terminal_pk.7acf27dc5d6660ae	T1/2	systemic_terminal_pk	log10(h)	false	1	1	1	1.76342799356	1.76342799356	1.76342799356	1.76342799356	1.76342799356	1.76342799356	1.76342799356	1.76342799356	1.76342799356	1.76342799356	0	0	0	1	0	0	1	0	systemic_terminal_pk	0	1	1	elapsed_time	false	"{""assay_family"":""systemic_terminal_pk"",""binary_evidence_lane"":""not_binary"",""condition"":{""assay"":""other_tlc"",""matrix"":""plasma"",""protease"":""not_applicable"",""route"":""oral"",""species"":""mouse""},""endpoint_family"":""T1/2"",""normalized_unit"":""log10(h)"",""parameter_basis"":""elapsed_time"",""parameter_semantics"":""systemic_terminal_pk"",""target_kind"":""regression"",""target_transform"":""log10""}"	0	0	log10	1	1
mlv1.t1_2.regression.systemic_terminal_pk.7c132babfd25ca21	T1/2	systemic_terminal_pk	log10(h)	false	2-4	3	3	-1	-0.987604224834	-0.938021124171	-0.690105620856	-0.380211241712	0.269433425332	0.789149158967	0.893092305694	0.919078092376	-0.153711049779	0.97938344578	0.959539046188	0.619788758288	0.333333333333	0	2	1	0	systemic_terminal_pk	0	3	1	elapsed_time	false	"{""assay_family"":""systemic_terminal_pk"",""binary_evidence_lane"":""not_binary"",""condition"":{""assay"":""other_in_vitro_cell_based_act_d2a13f2c"",""matrix"":""plasma"",""protease"":""not_applicable"",""route"":""iv"",""species"":""mouse""},""endpoint_family"":""T1/2"",""normalized_unit"":""log10(h)"",""parameter_basis"":""elapsed_time"",""parameter_semantics"":""systemic_terminal_pk"",""target_kind"":""regression"",""target_transform"":""log10""}"	0	0	log10	3	1
mlv1.t1_2.regression.systemic_terminal_pk.7dcbe0ec83ab011f	T1/2	systemic_terminal_pk	log10(h)	false	1	1	1	-0.201809900178	-0.201809900178	-0.201809900178	-0.201809900178	-0.201809900178	-0.201809900178	-0.201809900178	-0.201809900178	-0.201809900178	-0.201809900178	0	0	0	1	0	1	0	0	systemic_terminal_pk	0	1	1	elapsed_time	false	"{""assay_family"":""systemic_terminal_pk"",""binary_evidence_lane"":""not_binary"",""condition"":{""assay"":""lc_ms_ms"",""matrix"":""other_mouse_intestine_tissue_lysa_267f8326"",""protease"":""not_applicable"",""route"":""route_not_reported"",""species"":""mouse""},""endpoint_family"":""T1/2"",""normalized_unit"":""log10(h)"",""parameter_basis"":""elapsed_time"",""parameter_semantics"":""systemic_terminal_pk"",""target_kind"":""regression"",""target_transform"":""log10""}"	0	0	log10	1	1
mlv1.t1_2.regression.systemic_terminal_pk.7ebe3e29cd4c6249	T1/2	systemic_terminal_pk	log10(h)	false	1	1	1	0.973897197436	0.973897197436	0.973897197436	0.973897197436	0.973897197436	0.973897197436	0.973897197436	0.973897197436	0.973897197436	0.973897197436	0	0	0	1	0	0	1	0	systemic_terminal_pk	0	1	1	elapsed_time	false	"{""assay_family"":""systemic_terminal_pk"",""binary_evidence_lane"":""not_binary"",""condition"":{""assay"":""fluorescence"",""matrix"":""cellular_matrix"",""protease"":""not_applicable"",""route"":""route_not_reported"",""species"":""species_not_reported""},""endpoint_family"":""T1/2"",""normalized_unit"":""log10(h)"",""parameter_basis"":""elapsed_time"",""parameter_semantics"":""systemic_terminal_pk"",""target_kind"":""regression"",""target_transform"":""log10""}"	0	0	log10	1	1
mlv1.t1_2.regression.systemic_terminal_pk.7f138c377aa8034e	T1/2	systemic_terminal_pk	log10(h)	false	2-4	3	3	-0.154901959986	-0.120439886305	0.0174084084196	0.706649882042	1.56820172407	1.70973003639	1.82295268626	1.84559721623	1.85125834872	1.0881860376	1.08580895672	1.00308015435	0.28305662465	0.333333333333	0	1	2	0	systemic_terminal_pk	0	3	1	elapsed_time	false	"{""assay_family"":""systemic_terminal_pk"",""binary_evidence_lane"":""not_binary"",""condition"":{""assay"":""elisa"",""matrix"":""other_mice_mice"",""protease"":""not_applicable"",""route"":""sc"",""species"":""mouse""},""endpoint_family"":""T1/2"",""normalized_unit"":""log10(h)"",""parameter_basis"":""elapsed_time"",""parameter_semantics"":""systemic_terminal_pk"",""target_kind"":""regression"",""target_transform"":""log10""}"	0	0	log10	3	1
mlv1.t1_2.regression.systemic_terminal_pk.7f7368999ce162fd	T1/2	systemic_terminal_pk	log10(h)	false	5-9	8	8	-1.54770232901	-1.54596467815	-1.5390140747	-1.3789646006	-0.90930849147	-0.573393012551	1.23659624665	1.63960940092	1.74036268949	-0.630458242467	1.12298014708	0.805571588049	0.51762749069	0.125	0	6	2	1	systemic_terminal_pk	0	8	1	elapsed_time	false	"{""assay_family"":""systemic_terminal_pk"",""binary_evidence_lane"":""not_binary"",""condition"":{""assay"":""radioimmunoassay"",""matrix"":""plasma"",""protease"":""not_applicable"",""route"":""iv"",""species"":""dog""},""endpoint_family"":""T1/2"",""normalized_unit"":""log10(h)"",""parameter_basis"":""elapsed_time"",""parameter_semantics"":""systemic_terminal_pk"",""target_kind"":""regression"",""target_transform"":""log10""}"	0	0	log10	8	1
mlv1.t1_2.regression.systemic_terminal_pk.8054013baa632bf2	T1/2	systemic_terminal_pk	log10(h)	false	1	1	1	-1.95424250944	-1.95424250944	-1.95424250944	-1.95424250944	-1.95424250944	-1.95424250944	-1.95424250944	-1.95424250944	-1.95424250944	-1.95424250944	0	0	0	1	0	1	0	0	systemic_terminal_pk	0	1	1	elapsed_time	false	"{""assay_family"":""systemic_terminal_pk"",""binary_evidence_lane"":""not_binary"",""condition"":{""assay"":""hplc"",""matrix"":""other_wistar_rats_wistar_rats"",""protease"":""not_applicable"",""route"":""route_not_reported"",""species"":""rat""},""endpoint_family"":""T1/2"",""normalized_unit"":""log10(h)"",""parameter_basis"":""elapsed_time"",""parameter_semantics"":""systemic_terminal_pk"",""target_kind"":""regression"",""target_transform"":""log10""}"	0	0	log10	1	1
mlv1.t1_2.regression.systemic_terminal_pk.821869bddd3b3801	T1/2	systemic_terminal_pk	log10(h)	false	5-9	5	5	0.763427993563	0.770471643925	0.798646245374	0.939519252619	0.986771734266	1.08278537032	1.1688224326	1.18602984506	1.19033169817	0.992567209788	0.160158174209	0.143266117701	0.096013636054	0.2	0	0	5	0	systemic_terminal_pk	0	2	1	elapsed_time	false	"{""assay_family"":""systemic_terminal_pk"",""binary_evidence_lane"":""not_binary"",""condition"":{""assay"":""lc_ms"",""matrix"":""plasma"",""protease"":""not_applicable"",""route"":""sc"",""species"":""rat""},""endpoint_family"":""T1/2"",""normalized_unit"":""log10(h)"",""parameter_basis"":""elapsed_time"",""parameter_semantics"":""systemic_terminal_pk"",""target_kind"":""regression"",""target_transform"":""log10""}"	0	3	log10	5	1
mlv1.t1_2.regression.systemic_terminal_pk.84212d0fe08f953f	T1/2	systemic_terminal_pk	log10(h)	false	1	1	1	0.136720567156	0.136720567156	0.136720567156	0.136720567156	0.136720567156	0.136720567156	0.136720567156	0.136720567156	0.136720567156	0.136720567156	0	0	0	1	0	0	1	0	systemic_terminal_pk	0	0	1	elapsed_time	false	"{""assay_family"":""systemic_terminal_pk"",""binary_evidence_lane"":""not_binary"",""condition"":{""assay"":""other_single_dose_plasma_conc_f11c1902"",""matrix"":""plasma"",""protease"":""not_applicable"",""route"":""iv"",""species"":""mouse""},""endpoint_family"":""T1/2"",""normalized_unit"":""log10(h)"",""parameter_basis"":""elapsed_time"",""parameter_semantics"":""systemic_terminal_pk"",""target_kind"":""regression"",""target_transform"":""log10""}"	0	1	log10	1	1
mlv1.t1_2.regression.systemic_terminal_pk.85b014eea3d34808	T1/2	systemic_terminal_pk	log10(h)	false	2-4	3	3	-1.76111791108	-1.74820342123	-1.69654546184	-1.43825566489	-1.1153934187	-0.469651079822	0.0469427912804	0.150261565501	0.176091259056	-0.900140023575	0.986379926955	0.968604585068	0.64572449238	0.333333333333	0	2	1	0	systemic_terminal_pk	0	3	1	elapsed_time	false	"{""assay_family"":""systemic_terminal_pk"",""binary_evidence_lane"":""not_binary"",""condition"":{""assay"":""hplc"",""matrix"":""plasma"",""protease"":""not_applicable"",""route"":""route_not_reported"",""species"":""rat""},""endpoint_family"":""T1/2"",""normalized_unit"":""log10(h)"",""parameter_basis"":""elapsed_time"",""parameter_semantics"":""systemic_terminal_pk"",""target_kind"":""regression"",""target_transform"":""log10""}"	0	0	log10	3	1
mlv1.t1_2.regression.systemic_terminal_pk.8848213ee03cdb76	T1/2	systemic_terminal_pk	log10(h)	false	1	1	1	1	1	1	1	1	1	1	1	1	1	0	0	0	1	0	0	1	0	systemic_terminal_pk	0	1	1	elapsed_time	false	"{""assay_family"":""systemic_terminal_pk"",""binary_evidence_lane"":""not_binary"",""condition"":{""assay"":""radioimmunoassay"",""matrix"":""other_intravenous_administration_7e2813ff"",""protease"":""not_applicable"",""route"":""iv"",""species"":""human""},""endpoint_family"":""T1/2"",""normalized_unit"":""log10(h)"",""parameter_basis"":""elapsed_time"",""parameter_semantics"":""systemic_terminal_pk"",""target_kind"":""regression"",""target_transform"":""log10""}"	0	0	log10	1	1
mlv1.t1_2.regression.systemic_terminal_pk.886511a4bc52962e	T1/2	systemic_terminal_pk	log10(h)	false	1	1	1	0.615950051656	0.615950051656	0.615950051656	0.615950051656	0.615950051656	0.615950051656	0.615950051656	0.615950051656	0.615950051656	0.615950051656	0	0	0	1	0	0	1	0	systemic_terminal_pk	0	1	1	elapsed_time	false	"{""assay_family"":""systemic_terminal_pk"",""binary_evidence_lane"":""not_binary"",""condition"":{""assay"":""fluorescence"",""matrix"":""blood"",""protease"":""not_applicable"",""route"":""iv"",""species"":""mouse""},""endpoint_family"":""T1/2"",""normalized_unit"":""log10(h)"",""parameter_basis"":""elapsed_time"",""parameter_semantics"":""systemic_terminal_pk"",""target_kind"":""regression"",""target_transform"":""log10""}"	0	0	log10	1	1
mlv1.t1_2.regression.systemic_terminal_pk.8935f1224216527c	T1/2	systemic_terminal_pk	log10(h)	false	1	1	1	-0.45593195565	-0.45593195565	-0.45593195565	-0.45593195565	-0.45593195565	-0.45593195565	-0.45593195565	-0.45593195565	-0.45593195565	-0.45593195565	0	0	0	1	0	1	0	0	systemic_terminal_pk	0	1	1	elapsed_time	false	"{""assay_family"":""systemic_terminal_pk"",""binary_evidence_lane"":""not_binary"",""condition"":{""assay"":""radioimmunoassay"",""matrix"":""plasma"",""protease"":""not_applicable"",""route"":""sc"",""species"":""cynomolgus_monkey""},""endpoint_family"":""T1/2"",""normalized_unit"":""log10(h)"",""parameter_basis"":""elapsed_time"",""parameter_semantics"":""systemic_terminal_pk"",""target_kind"":""regression"",""target_transform"":""log10""}"	0	0	log10	1	1
mlv1.t1_2.regression.systemic_terminal_pk.8a1052c989d322df	T1/2	systemic_terminal_pk	log10(h)	false	1	1	1	0.176091259056	0.176091259056	0.176091259056	0.176091259056	0.176091259056	0.176091259056	0.176091259056	0.176091259056	0.176091259056	0.176091259056	0	0	0	1	0	0	1	0	systemic_terminal_pk	0	1	1	elapsed_time	false	"{""assay_family"":""systemic_terminal_pk"",""binary_evidence_lane"":""not_binary"",""condition"":{""assay"":""assay_not_reported"",""matrix"":""serum"",""protease"":""not_applicable"",""route"":""route_not_reported"",""species"":""human""},""endpoint_family"":""T1/2"",""normalized_unit"":""log10(h)"",""parameter_basis"":""elapsed_time"",""parameter_semantics"":""systemic_terminal_pk"",""target_kind"":""regression"",""target_transform"":""log10""}"	0	0	log10	1	1
mlv1.t1_2.regression.systemic_terminal_pk.8b38dc66f53f2df6	T1/2	systemic_terminal_pk	log10(h)	false	2-4	3	3	0.431363764159	0.432563722752	0.437363557126	0.461362728996	0.491361693834	0.581729775885	0.654024241526	0.668483134654	0.672097857936	0.531607771976	0.125311755558	0.120367046888	0.059997929675	0.333333333333	0	0	3	0	systemic_terminal_pk	0	3	1	elapsed_time	false	"{""assay_family"":""systemic_terminal_pk"",""binary_evidence_lane"":""not_binary"",""condition"":{""assay"":""other_in_vitro_cell_based_act_d2a13f2c"",""matrix"":""plasma"",""protease"":""not_applicable"",""route"":""sc"",""species"":""mouse""},""endpoint_family"":""T1/2"",""normalized_unit"":""log10(h)"",""parameter_basis"":""elapsed_time"",""parameter_semantics"":""systemic_terminal_pk"",""target_kind"":""regression"",""target_transform"":""log10""}"	0	0	log10	3	1
mlv1.t1_2.regression.systemic_terminal_pk.8e065f8f196a247a	T1/2	systemic_terminal_pk	log10(h)	false	2-4	2	2	1.01114736078	1.01204303804	1.01562574707	1.03353929223	1.05593122368	1.07832315512	1.09623670028	1.09981940931	1.10071508657	1.05593122368	0.0633339462816	0.044783862895	0.044783862895	0.5	0	0	2	0	systemic_terminal_pk	0	2	1	elapsed_time	false	"{""assay_family"":""systemic_terminal_pk"",""binary_evidence_lane"":""not_binary"",""condition"":{""assay"":""other_uhplc"",""matrix"":""other_male_sd_rats_thoraic_lymph_5011fd55"",""protease"":""not_applicable"",""route"":""sc"",""species"":""rat""},""endpoint_family"":""T1/2"",""normalized_unit"":""log10(h)"",""parameter_basis"":""elapsed_time"",""parameter_semantics"":""systemic_terminal_pk"",""target_kind"":""regression"",""target_transform"":""log10""}"	0	0	log10	2	1
mlv1.t1_2.regression.systemic_terminal_pk.8e20f041f3776f78	T1/2	systemic_terminal_pk	log10(h)	false	2-4	3	3	-0.301029995664	-0.264639116953	-0.11907560211	0.608741972108	1.51851393988	1.68792321815	1.82345064077	1.8505561253	1.85733249643	1.02493881355	1.16075168138	1.07918124605	0.33881855655	0.333333333333	0	1	2	0	systemic_terminal_pk	0	3	1	elapsed_time	false	"{""assay_family"":""systemic_terminal_pk"",""binary_evidence_lane"":""not_binary"",""condition"":{""assay"":""elisa"",""matrix"":""other_mice_mice"",""protease"":""not_applicable"",""route"":""iv"",""species"":""mouse""},""endpoint_family"":""T1/2"",""normalized_unit"":""log10(h)"",""parameter_basis"":""elapsed_time"",""parameter_semantics"":""systemic_terminal_pk"",""target_kind"":""regression"",""target_transform"":""log10""}"	0	0	log10	3	1
mlv1.t1_2.regression.systemic_terminal_pk.9124058eb69748c2	T1/2	systemic_terminal_pk	log10(h)	false	1	1	1	0.672097857936	0.672097857936	0.672097857936	0.672097857936	0.672097857936	0.672097857936	0.672097857936	0.672097857936	0.672097857936	0.672097857936	0	0	0	1	0	0	1	0	systemic_terminal_pk	0	0	1	elapsed_time	false	"{""assay_family"":""systemic_terminal_pk"",""binary_evidence_lane"":""not_binary"",""condition"":{""assay"":""other_cross_species_single_do_01aecef9"",""matrix"":""plasma"",""protease"":""not_applicable"",""route"":""route_not_reported"",""species"":""dog""},""endpoint_family"":""T1/2"",""normalized_unit"":""log10(h)"",""parameter_basis"":""elapsed_time"",""parameter_semantics"":""systemic_terminal_pk"",""target_kind"":""regression"",""target_transform"":""log10""}"	0	1	log10	1	1
mlv1.t1_2.regression.systemic_terminal_pk.91300ff425a38af3	T1/2	systemic_terminal_pk	log10(h)	false	1	1	1	1.24278980948	1.24278980948	1.24278980948	1.24278980948	1.24278980948	1.24278980948	1.24278980948	1.24278980948	1.24278980948	1.24278980948	0	0	0	1	0	0	1	0	systemic_terminal_pk	0	1	1	elapsed_time	false	"{""assay_family"":""systemic_terminal_pk"",""binary_evidence_lane"":""not_binary"",""condition"":{""assay"":""lc_ms_ms"",""matrix"":""plasma"",""protease"":""not_applicable"",""route"":""ip"",""species"":""rat""},""endpoint_family"":""T1/2"",""normalized_unit"":""log10(h)"",""parameter_basis"":""elapsed_time"",""parameter_semantics"":""systemic_terminal_pk"",""target_kind"":""regression"",""target_transform"":""log10""}"	0	0	log10	1	1
mlv1.t1_2.regression.systemic_terminal_pk.914e07104dabb4d6	T1/2	systemic_terminal_pk	log10(h)	false	2-4	2	2	-0.385454297124	-0.38513245029	-0.383845062955	-0.377408126281	-0.369361955438	-0.361315784596	-0.354878847922	-0.353591460587	-0.353269613753	-0.369361955438	0.022758007862	0.0160923416855	0.0160923416855	0.5	0	2	0	0	systemic_terminal_pk	0	2	1	elapsed_time	false	"{""assay_family"":""systemic_terminal_pk"",""binary_evidence_lane"":""not_binary"",""condition"":{""assay"":""lc_ms"",""matrix"":""other_csf_csf"",""protease"":""not_applicable"",""route"":""sc"",""species"":""species_not_reported""},""endpoint_family"":""T1/2"",""normalized_unit"":""log10(h)"",""parameter_basis"":""elapsed_time"",""parameter_semantics"":""systemic_terminal_pk"",""target_kind"":""regression"",""target_transform"":""log10""}"	0	0	log10	2	1
mlv1.t1_2.regression.systemic_terminal_pk.921d7b3073c72565	T1/2	systemic_terminal_pk	log10(h)	false	5-9	6	6	-1.00072442799	-0.952976081119	-0.761982693633	0.0735228231192	0.493833132463	0.582374080461	0.922833968374	1.01130579807	1.03342375549	0.260945451482	0.708217078911	0.508851257342	0.318411048793	0.166666666667	0	2	4	1	systemic_terminal_pk	0	6	1	elapsed_time	false	"{""assay_family"":""systemic_terminal_pk"",""binary_evidence_lane"":""not_binary"",""condition"":{""assay"":""lc_ms_ms"",""matrix"":""plasma"",""protease"":""not_applicable"",""route"":""sc"",""species"":""mouse""},""endpoint_family"":""T1/2"",""normalized_unit"":""log10(h)"",""parameter_basis"":""elapsed_time"",""parameter_semantics"":""systemic_terminal_pk"",""target_kind"":""regression"",""target_transform"":""log10""}"	0	0	log10	5	1
mlv1.t1_2.regression.systemic_terminal_pk.92bc74aad1bb7742	T1/2	systemic_terminal_pk	log10(h)	false	1	1	1	-1.47712125472	-1.47712125472	-1.47712125472	-1.47712125472	-1.47712125472	-1.47712125472	-1.47712125472	-1.47712125472	-1.47712125472	-1.47712125472	0	0	0	1	0	1	0	0	systemic_terminal_pk	0	1	1	elapsed_time	false	"{""assay_family"":""systemic_terminal_pk"",""binary_evidence_lane"":""not_binary"",""condition"":{""assay"":""other_tca_precipitation"",""matrix"":""other_rat_ileum_luminal_flushing_27f8f5cd"",""protease"":""not_applicable"",""route"":""route_not_reported"",""species"":""rat""},""endpoint_family"":""T1/2"",""normalized_unit"":""log10(h)"",""parameter_basis"":""elapsed_time"",""parameter_semantics"":""systemic_terminal_pk"",""target_kind"":""regression"",""target_transform"":""log10""}"	0	0	log10	1	1
mlv1.t1_2.regression.systemic_terminal_pk.937bd645e89ab111	T1/2	systemic_terminal_pk	log10(h)	false	1	1	1	-0.52287874528	-0.52287874528	-0.52287874528	-0.52287874528	-0.52287874528	-0.52287874528	-0.52287874528	-0.52287874528	-0.52287874528	-0.52287874528	0	0	0	1	0	1	0	0	systemic_terminal_pk	0	1	1	elapsed_time	false	"{""assay_family"":""systemic_terminal_pk"",""binary_evidence_lane"":""not_binary"",""condition"":{""assay"":""radioimmunoassay"",""matrix"":""serum"",""protease"":""not_applicable"",""route"":""iv"",""species"":""human""},""endpoint_family"":""T1/2"",""normalized_unit"":""log10(h)"",""parameter_basis"":""elapsed_time"",""parameter_semantics"":""systemic_terminal_pk"",""target_kind"":""regression"",""target_transform"":""log10""}"	0	0	log10	1	1
mlv1.t1_2.regression.systemic_terminal_pk.93977e2909d900c2	T1/2	systemic_terminal_pk	log10(h)	false	10-29	10	10	-0.863279432844	-0.828525196813	-0.689508252688	0.441900267013	1.19807350965	1.30687941363	1.77383990823	2.07216639255	2.14674801363	0.829010868948	0.91656444063	0.864979146622	0.226776126951	0.1	0	2	8	1	systemic_terminal_pk	0	10	1	elapsed_time	false	"{""assay_family"":""systemic_terminal_pk"",""binary_evidence_lane"":""not_binary"",""condition"":{""assay"":""elisa"",""matrix"":""plasma"",""protease"":""not_applicable"",""route"":""iv"",""species"":""mouse""},""endpoint_family"":""T1/2"",""normalized_unit"":""log10(h)"",""parameter_basis"":""elapsed_time"",""parameter_semantics"":""systemic_terminal_pk"",""target_kind"":""regression"",""target_transform"":""log10""}"	0	0	log10	10	1
mlv1.t1_2.regression.systemic_terminal_pk.97f11ecb9c29f02c	T1/2	systemic_terminal_pk	log10(h)	false	1	1	1	-0.47712125472	-0.47712125472	-0.47712125472	-0.47712125472	-0.47712125472	-0.47712125472	-0.47712125472	-0.47712125472	-0.47712125472	-0.47712125472	0	0	0	1	0	1	0	0	systemic_terminal_pk	0	1	1	elapsed_time	false	"{""assay_family"":""systemic_terminal_pk"",""binary_evidence_lane"":""not_binary"",""condition"":{""assay"":""elisa"",""matrix"":""other_mice_subcutaneous_injection_6a73ba9e"",""protease"":""not_applicable"",""route"":""sc"",""species"":""mouse""},""endpoint_family"":""T1/2"",""normalized_unit"":""log10(h)"",""parameter_basis"":""elapsed_time"",""parameter_semantics"":""systemic_terminal_pk"",""target_kind"":""regression"",""target_transform"":""log10""}"	0	0	log10	1	1
mlv1.t1_2.regression.systemic_terminal_pk.98764252416fa98a	T1/2	systemic_terminal_pk	log10(h)	false	1	1	1	-0.488116639021	-0.488116639021	-0.488116639021	-0.488116639021	-0.488116639021	-0.488116639021	-0.488116639021	-0.488116639021	-0.488116639021	-0.488116639021	0	0	0	1	0	1	0	0	systemic_terminal_pk	0	1	1	elapsed_time	false	"{""assay_family"":""systemic_terminal_pk"",""binary_evidence_lane"":""not_binary"",""condition"":{""assay"":""radioactivity"",""matrix"":""other_bolus_injection_pig_kidney_e288aec2"",""protease"":""not_applicable"",""route"":""route_not_reported"",""species"":""pig""},""endpoint_family"":""T1/2"",""normalized_unit"":""log10(h)"",""parameter_basis"":""elapsed_time"",""parameter_semantics"":""systemic_terminal_pk"",""target_kind"":""regression"",""target_transform"":""log10""}"	0	0	log10	1	1
mlv1.t1_2.regression.systemic_terminal_pk.987bee2cd54147e6	T1/2	systemic_terminal_pk	log10(h)	false	1	1	1	0.954242509439	0.954242509439	0.954242509439	0.954242509439	0.954242509439	0.954242509439	0.954242509439	0.954242509439	0.954242509439	0.954242509439	0	0	0	1	0	0	1	0	systemic_terminal_pk	0	1	1	elapsed_time	false	"{""assay_family"":""systemic_terminal_pk"",""binary_evidence_lane"":""not_binary"",""condition"":{""assay"":""elisa"",""matrix"":""other_injected_subcutaneouly_into_f85f2ea9"",""protease"":""not_applicable"",""route"":""sc"",""species"":""cynomolgus_monkey""},""endpoint_family"":""T1/2"",""normalized_unit"":""log10(h)"",""parameter_basis"":""elapsed_time"",""parameter_semantics"":""systemic_terminal_pk"",""target_kind"":""regression"",""target_transform"":""log10""}"	0	0	log10	1	1
mlv1.t1_2.regression.systemic_terminal_pk.989037b36a432764	T1/2	systemic_terminal_pk	log10(h)	false	5-9	5	5	1.83884909074	1.84120021076	1.85060469085	1.89762709129	2.0170333393	2.05690485134	2.07472596711	2.07829019026	2.07918124605	1.97791912374	0.104654155426	0.15927776005	0.06214790675	0.2	0	0	5	0	systemic_terminal_pk	0	4	1	elapsed_time	false	"{""assay_family"":""systemic_terminal_pk"",""binary_evidence_lane"":""not_binary"",""condition"":{""assay"":""lc_ms"",""matrix"":""plasma"",""protease"":""not_applicable"",""route"":""iv"",""species"":""minipig""},""endpoint_family"":""T1/2"",""normalized_unit"":""log10(h)"",""parameter_basis"":""elapsed_time"",""parameter_semantics"":""systemic_terminal_pk"",""target_kind"":""regression"",""target_transform"":""log10""}"	0	1	log10	5	1
mlv1.t1_2.regression.systemic_terminal_pk.9911241e693346a2	T1/2	systemic_terminal_pk	log10(h)	false	2-4	2	2	-2.32330639038	-2.32221212468	-2.31783506186	-2.29594974777	-2.26859310516	-2.24123646256	-2.21935114847	-2.21497408565	-2.21387981995	-2.26859310516	0.077376269993	0.054713285215	0.054713285215	0.5	0	2	0	0	systemic_terminal_pk	0	2	1	elapsed_time	false	"{""assay_family"":""systemic_terminal_pk"",""binary_evidence_lane"":""not_binary"",""condition"":{""assay"":""hplc"",""matrix"":""plasma"",""protease"":""not_applicable"",""route"":""ip"",""species"":""rat""},""endpoint_family"":""T1/2"",""normalized_unit"":""log10(h)"",""parameter_basis"":""elapsed_time"",""parameter_semantics"":""systemic_terminal_pk"",""target_kind"":""regression"",""target_transform"":""log10""}"	0	0	log10	2	1
mlv1.t1_2.regression.systemic_terminal_pk.991eeb85f8f1ec3a	T1/2	systemic_terminal_pk	log10(h)	false	2-4	3	3	0.166331421767	0.185216587538	0.26075725062	0.638460566033	1.1105897103	1.11282260649	1.11460892344	1.11496618683	1.11505550268	0.797325544916	0.546461502223	0.474362040456	0.00446579238	0.333333333333	0	0	3	0	systemic_terminal_pk	0	2	1	elapsed_time	false	"{""assay_family"":""systemic_terminal_pk"",""binary_evidence_lane"":""not_binary"",""condition"":{""assay"":""lc_ms_ms"",""matrix"":""plasma"",""protease"":""not_applicable"",""route"":""iv"",""species"":""minipig""},""endpoint_family"":""T1/2"",""normalized_unit"":""log10(h)"",""parameter_basis"":""elapsed_time"",""parameter_semantics"":""systemic_terminal_pk"",""target_kind"":""regression"",""target_transform"":""log10""}"	0	1	log10	3	1
mlv1.t1_2.regression.systemic_terminal_pk.99605244ac914dc3	T1/2	systemic_terminal_pk	log10(h)	false	2-4	4	4	-0.144682794804	-0.115045327617	0.0035045411313	0.596253884872	0.878787967608	1.05503768152	1.39270454008	1.46023791179	1.47712125472	0.772503598783	0.674002472487	0.458783796647	0.316944238311	0.25	0	1	3	1	systemic_terminal_pk	0	1	1	elapsed_time	false	"{""assay_family"":""systemic_terminal_pk"",""binary_evidence_lane"":""not_binary"",""condition"":{""assay"":""lc_ms"",""matrix"":""plasma"",""protease"":""not_applicable"",""route"":""sc"",""species"":""mouse""},""endpoint_family"":""T1/2"",""normalized_unit"":""log10(h)"",""parameter_basis"":""elapsed_time"",""parameter_semantics"":""systemic_terminal_pk"",""target_kind"":""regression"",""target_transform"":""log10""}"	0	3	log10	4	1
mlv1.t1_2.regression.systemic_terminal_pk.9acf7721d93cf301	T1/2	systemic_terminal_pk	log10(h)	false	1	1	1	2.00860017176	2.00860017176	2.00860017176	2.00860017176	2.00860017176	2.00860017176	2.00860017176	2.00860017176	2.00860017176	2.00860017176	0	0	0	1	0	0	1	0	systemic_terminal_pk	0	1	1	elapsed_time	false	"{""assay_family"":""systemic_terminal_pk"",""binary_evidence_lane"":""not_binary"",""condition"":{""assay"":""other_liquid_scintillation_counter"",""matrix"":""plasma"",""protease"":""not_applicable"",""route"":""im"",""species"":""rat""},""endpoint_family"":""T1/2"",""normalized_unit"":""log10(h)"",""parameter_basis"":""elapsed_time"",""parameter_semantics"":""systemic_terminal_pk"",""target_kind"":""regression"",""target_transform"":""log10""}"	0	0	log10	1	1
mlv1.t1_2.regression.systemic_terminal_pk.9c4903abc46fd0f7	T1/2	systemic_terminal_pk	log10(h)	false	1	1	1	0.336459733849	0.336459733849	0.336459733849	0.336459733849	0.336459733849	0.336459733849	0.336459733849	0.336459733849	0.336459733849	0.336459733849	0	0	0	1	0	0	1	0	systemic_terminal_pk	0	1	1	elapsed_time	false	"{""assay_family"":""systemic_terminal_pk"",""binary_evidence_lane"":""not_binary"",""condition"":{""assay"":""mass_spectrometry"",""matrix"":""plasma"",""protease"":""not_applicable"",""route"":""ip"",""species"":""mouse""},""endpoint_family"":""T1/2"",""normalized_unit"":""log10(h)"",""parameter_basis"":""elapsed_time"",""parameter_semantics"":""systemic_terminal_pk"",""target_kind"":""regression"",""target_transform"":""log10""}"	0	0	log10	1	1
mlv1.t1_2.regression.systemic_terminal_pk.9dd184bf99a7c055	T1/2	systemic_terminal_pk	log10(h)	false	1	1	1	-2	-2	-2	-2	-2	-2	-2	-2	-2	-2	0	0	0	1	0	1	0	0	systemic_terminal_pk	0	1	1	elapsed_time	false	"{""assay_family"":""systemic_terminal_pk"",""binary_evidence_lane"":""not_binary"",""condition"":{""assay"":""hplc"",""matrix"":""other_male_wistar_rats_intravenou_9b019a74"",""protease"":""not_applicable"",""route"":""iv"",""species"":""rat""},""endpoint_family"":""T1/2"",""normalized_unit"":""log10(h)"",""parameter_basis"":""elapsed_time"",""parameter_semantics"":""systemic_terminal_pk"",""target_kind"":""regression"",""target_transform"":""log10""}"	0	0	log10	1	1
mlv1.t1_2.regression.systemic_terminal_pk.a0a8905bff8a9739	T1/2	systemic_terminal_pk	log10(h)	false	2-4	2	2	1.78958071216	1.79047529009	1.79405360181	1.81194516043	1.8343096087	1.85667405697	1.87456561559	1.87814392731	1.87903850524	1.8343096087	0.0632562121169	0.04472889654	0.04472889654	0.5	0	0	2	0	systemic_terminal_pk	0	2	1	elapsed_time	false	"{""assay_family"":""systemic_terminal_pk"",""binary_evidence_lane"":""not_binary"",""condition"":{""assay"":""radioimmunoassay"",""matrix"":""plasma"",""protease"":""not_applicable"",""route"":""sc"",""species"":""monkey_unspecified""},""endpoint_family"":""T1/2"",""normalized_unit"":""log10(h)"",""parameter_basis"":""elapsed_time"",""parameter_semantics"":""systemic_terminal_pk"",""target_kind"":""regression"",""target_transform"":""log10""}"	0	0	log10	2	1
mlv1.t1_2.regression.systemic_terminal_pk.a0e35ee58c4dc429	T1/2	systemic_terminal_pk	log10(h)	false	1	1	1	0.380211241712	0.380211241712	0.380211241712	0.380211241712	0.380211241712	0.380211241712	0.380211241712	0.380211241712	0.380211241712	0.380211241712	0	0	0	1	0	0	1	0	systemic_terminal_pk	0	1	1	elapsed_time	false	"{""assay_family"":""systemic_terminal_pk"",""binary_evidence_lane"":""not_binary"",""condition"":{""assay"":""radioimmunoassay"",""matrix"":""plasma"",""protease"":""not_applicable"",""route"":""sc"",""species"":""human""},""endpoint_family"":""T1/2"",""normalized_unit"":""log10(h)"",""parameter_basis"":""elapsed_time"",""parameter_semantics"":""systemic_terminal_pk"",""target_kind"":""regression"",""target_transform"":""log10""}"	0	0	log10	1	1
mlv1.t1_2.regression.systemic_terminal_pk.a17760ba11a3eda5	T1/2	systemic_terminal_pk	log10(h)	false	2-4	3	3	0.342422680822	0.345677226772	0.358695410572	0.423786329571	0.50514997832	0.530726239543	0.551187248522	0.555279450318	0.556302500767	0.467958386636	0.11168507158	0.106939909972	0.051152522447	0.333333333333	0	0	3	0	systemic_terminal_pk	0	3	1	elapsed_time	false	"{""assay_family"":""systemic_terminal_pk"",""binary_evidence_lane"":""not_binary"",""condition"":{""assay"":""other_lc_ms_ms"",""matrix"":""plasma"",""protease"":""not_applicable"",""route"":""sc"",""species"":""mouse""},""endpoint_family"":""T1/2"",""normalized_unit"":""log10(h)"",""parameter_basis"":""elapsed_time"",""parameter_semantics"":""systemic_terminal_pk"",""target_kind"":""regression"",""target_transform"":""log10""}"	0	0	log10	3	1
mlv1.t1_2.regression.systemic_terminal_pk.a34b2971095a0520	T1/2	systemic_terminal_pk	log10(h)	false	2-4	3	3	0.127104798365	0.132928728224	0.156224447661	0.272703044842	0.41830129132	0.478060193196	0.525867314698	0.535428738998	0.537819095073	0.361075061586	0.211252667219	0.205357148354	0.119517803753	0.333333333333	0	0	3	0	systemic_terminal_pk	0	3	1	elapsed_time	false	"{""assay_family"":""systemic_terminal_pk"",""binary_evidence_lane"":""not_binary"",""condition"":{""assay"":""elisa"",""matrix"":""blood"",""protease"":""not_applicable"",""route"":""ip"",""species"":""mouse""},""endpoint_family"":""T1/2"",""normalized_unit"":""log10(h)"",""parameter_basis"":""elapsed_time"",""parameter_semantics"":""systemic_terminal_pk"",""target_kind"":""regression"",""target_transform"":""log10""}"	0	0	log10	3	1
mlv1.t1_2.regression.systemic_terminal_pk.a48c682de8f87ba5	T1/2	systemic_terminal_pk	log10(h)	false	5-9	6	6	-0.736758565225	-0.714972136747	-0.627826422835	-0.135340537744	0.366397849145	0.560203933367	0.988754605324	1.0862226893	1.1105897103	0.238141023016	0.660840817297	0.69554447111	0.462139643031	0.166666666667	0	2	4	0	systemic_terminal_pk	0	6	1	elapsed_time	false	"{""assay_family"":""systemic_terminal_pk"",""binary_evidence_lane"":""not_binary"",""condition"":{""assay"":""lc_ms_ms"",""matrix"":""plasma"",""protease"":""not_applicable"",""route"":""sc"",""species"":""rat""},""endpoint_family"":""T1/2"",""normalized_unit"":""log10(h)"",""parameter_basis"":""elapsed_time"",""parameter_semantics"":""systemic_terminal_pk"",""target_kind"":""regression"",""target_transform"":""log10""}"	0	0	log10	6	1
mlv1.t1_2.regression.systemic_terminal_pk.a4c6ae742866b461	T1/2	systemic_terminal_pk	log10(h)	false	1	1	1	1.98677173427	1.98677173427	1.98677173427	1.98677173427	1.98677173427	1.98677173427	1.98677173427	1.98677173427	1.98677173427	1.98677173427	0	0	0	1	0	0	1	0	systemic_terminal_pk	0	0	1	elapsed_time	false	"{""assay_family"":""systemic_terminal_pk"",""binary_evidence_lane"":""not_binary"",""condition"":{""assay"":""lc_ms"",""matrix"":""plasma"",""protease"":""not_applicable"",""route"":""oral"",""species"":""dog""},""endpoint_family"":""T1/2"",""normalized_unit"":""log10(h)"",""parameter_basis"":""elapsed_time"",""parameter_semantics"":""systemic_terminal_pk"",""target_kind"":""regression"",""target_transform"":""log10""}"	0	1	log10	1	1
mlv1.t1_2.regression.systemic_terminal_pk.a58da0b3598da614	T1/2	systemic_terminal_pk	log10(h)	false	1	1	1	0.397940008672	0.397940008672	0.397940008672	0.397940008672	0.397940008672	0.397940008672	0.397940008672	0.397940008672	0.397940008672	0.397940008672	0	0	0	1	0	0	1	0	systemic_terminal_pk	0	1	1	elapsed_time	false	"{""assay_family"":""systemic_terminal_pk"",""binary_evidence_lane"":""not_binary"",""condition"":{""assay"":""lc_ms_ms"",""matrix"":""plasma"",""protease"":""not_applicable"",""route"":""route_not_reported"",""species"":""rat""},""endpoint_family"":""T1/2"",""normalized_unit"":""log10(h)"",""parameter_basis"":""elapsed_time"",""parameter_semantics"":""systemic_terminal_pk"",""target_kind"":""regression"",""target_transform"":""log10""}"	0	0	log10	1	1
mlv1.t1_2.regression.systemic_terminal_pk.a6fc84a50be67227	T1/2	systemic_terminal_pk	log10(h)	false	2-4	2	2	-1.28678955655	-1.28091136103	-1.25739857894	-1.1398346685	-0.992879780443	-0.845924892389	-0.728360981947	-0.704848199858	-0.698970004336	-0.992879780443	0.415651191485	0.293909776107	0.293909776107	0.5	0	2	0	0	systemic_terminal_pk	0	2	1	elapsed_time	false	"{""assay_family"":""systemic_terminal_pk"",""binary_evidence_lane"":""not_binary"",""condition"":{""assay"":""radioimmunoassay"",""matrix"":""plasma"",""protease"":""not_applicable"",""route"":""iv"",""species"":""human""},""endpoint_family"":""T1/2"",""normalized_unit"":""log10(h)"",""parameter_basis"":""elapsed_time"",""parameter_semantics"":""systemic_terminal_pk"",""target_kind"":""regression"",""target_transform"":""log10""}"	0	0	log10	2	1
mlv1.t1_2.regression.systemic_terminal_pk.a77d85bf0345024d	T1/2	systemic_terminal_pk	log10(h)	false	1	1	1	-2.25095113132	-2.25095113132	-2.25095113132	-2.25095113132	-2.25095113132	-2.25095113132	-2.25095113132	-2.25095113132	-2.25095113132	-2.25095113132	0	0	0	1	0	1	0	0	systemic_terminal_pk	0	1	1	elapsed_time	false	"{""assay_family"":""systemic_terminal_pk"",""binary_evidence_lane"":""not_binary"",""condition"":{""assay"":""radioimmunoassay"",""matrix"":""plasma"",""protease"":""not_applicable"",""route"":""ip"",""species"":""rat""},""endpoint_family"":""T1/2"",""normalized_unit"":""log10(h)"",""parameter_basis"":""elapsed_time"",""parameter_semantics"":""systemic_terminal_pk"",""target_kind"":""regression"",""target_transform"":""log10""}"	0	0	log10	1	1
mlv1.t1_2.regression.systemic_terminal_pk.a86484a193e8bc4c	T1/2	systemic_terminal_pk	log10(h)	false	1	1	1	-1.05634063517	-1.05634063517	-1.05634063517	-1.05634063517	-1.05634063517	-1.05634063517	-1.05634063517	-1.05634063517	-1.05634063517	-1.05634063517	0	0	0	1	0	1	0	0	systemic_terminal_pk	0	1	1	elapsed_time	false	"{""assay_family"":""systemic_terminal_pk"",""binary_evidence_lane"":""not_binary"",""condition"":{""assay"":""lc_ms_ms"",""matrix"":""plasma"",""protease"":""not_applicable"",""route"":""iv"",""species"":""dog""},""endpoint_family"":""T1/2"",""normalized_unit"":""log10(h)"",""parameter_basis"":""elapsed_time"",""parameter_semantics"":""systemic_terminal_pk"",""target_kind"":""regression"",""target_transform"":""log10""}"	0	0	log10	1	1
mlv1.t1_2.regression.systemic_terminal_pk.aa89642cfd52b1d7	T1/2	systemic_terminal_pk	log10(h)	false	1	1	1	1.1105897103	1.1105897103	1.1105897103	1.1105897103	1.1105897103	1.1105897103	1.1105897103	1.1105897103	1.1105897103	1.1105897103	0	0	0	1	0	0	1	0	systemic_terminal_pk	0	1	1	elapsed_time	false	"{""assay_family"":""systemic_terminal_pk"",""binary_evidence_lane"":""not_binary"",""condition"":{""assay"":""other_camp_assay"",""matrix"":""other_rats_rats"",""protease"":""not_applicable"",""route"":""iv"",""species"":""rat""},""endpoint_family"":""T1/2"",""normalized_unit"":""log10(h)"",""parameter_basis"":""elapsed_time"",""parameter_semantics"":""systemic_terminal_pk"",""target_kind"":""regression"",""target_transform"":""log10""}"	0	0	log10	1	1
mlv1.t1_2.regression.systemic_terminal_pk.ac3708c9cb797019	T1/2	systemic_terminal_pk	log10(h)	false	1	1	1	-0.267606240177	-0.267606240177	-0.267606240177	-0.267606240177	-0.267606240177	-0.267606240177	-0.267606240177	-0.267606240177	-0.267606240177	-0.267606240177	0	0	0	1	0	1	0	0	systemic_terminal_pk	0	1	1	elapsed_time	false	"{""assay_family"":""systemic_terminal_pk"",""binary_evidence_lane"":""not_binary"",""condition"":{""assay"":""elisa"",""matrix"":""plasma"",""protease"":""not_applicable"",""route"":""im"",""species"":""rat""},""endpoint_family"":""T1/2"",""normalized_unit"":""log10(h)"",""parameter_basis"":""elapsed_time"",""parameter_semantics"":""systemic_terminal_pk"",""target_kind"":""regression"",""target_transform"":""log10""}"	0	0	log10	1	1
mlv1.t1_2.regression.systemic_terminal_pk.ac5620daa310dd6f	T1/2	systemic_terminal_pk	log10(h)	false	1	1	1	0.818885414594	0.818885414594	0.818885414594	0.818885414594	0.818885414594	0.818885414594	0.818885414594	0.818885414594	0.818885414594	0.818885414594	0	0	0	1	0	0	1	0	systemic_terminal_pk	0	1	1	elapsed_time	false	"{""assay_family"":""systemic_terminal_pk"",""binary_evidence_lane"":""not_binary"",""condition"":{""assay"":""lc_ms_ms"",""matrix"":""plasma"",""protease"":""not_applicable"",""route"":""iv"",""species"":""monkey_unspecified""},""endpoint_family"":""T1/2"",""normalized_unit"":""log10(h)"",""parameter_basis"":""elapsed_time"",""parameter_semantics"":""systemic_terminal_pk"",""target_kind"":""regression"",""target_transform"":""log10""}"	0	0	log10	1	1
mlv1.t1_2.regression.systemic_terminal_pk.af8b4cd9e1862d1d	T1/2	systemic_terminal_pk	log10(h)	false	1	1	1	1.16435285578	1.16435285578	1.16435285578	1.16435285578	1.16435285578	1.16435285578	1.16435285578	1.16435285578	1.16435285578	1.16435285578	0	0	0	1	0	0	1	0	systemic_terminal_pk	0	1	1	elapsed_time	false	"{""assay_family"":""systemic_terminal_pk"",""binary_evidence_lane"":""not_binary"",""condition"":{""assay"":""other_liquid_scintillation_counter"",""matrix"":""plasma"",""protease"":""not_applicable"",""route"":""route_not_reported"",""species"":""rat""},""endpoint_family"":""T1/2"",""normalized_unit"":""log10(h)"",""parameter_basis"":""elapsed_time"",""parameter_semantics"":""systemic_terminal_pk"",""target_kind"":""regression"",""target_transform"":""log10""}"	0	0	log10	1	1
mlv1.t1_2.regression.systemic_terminal_pk.b17a53e519a53b71	T1/2	systemic_terminal_pk	log10(h)	false	1	1	1	-0.435728569561	-0.435728569561	-0.435728569561	-0.435728569561	-0.435728569561	-0.435728569561	-0.435728569561	-0.435728569561	-0.435728569561	-0.435728569561	0	0	0	1	0	1	0	0	systemic_terminal_pk	0	1	1	elapsed_time	false	"{""assay_family"":""systemic_terminal_pk"",""binary_evidence_lane"":""not_binary"",""condition"":{""assay"":""radioimmunoassay"",""matrix"":""other_intravenous_injection_of_pe_214c4bcb"",""protease"":""not_applicable"",""route"":""iv"",""species"":""rat""},""endpoint_family"":""T1/2"",""normalized_unit"":""log10(h)"",""parameter_basis"":""elapsed_time"",""parameter_semantics"":""systemic_terminal_pk"",""target_kind"":""regression"",""target_transform"":""log10""}"	0	0	log10	1	1
mlv1.t1_2.regression.systemic_terminal_pk.b2115c91555db6b4	T1/2	systemic_terminal_pk	log10(h)	false	1	1	1	-0.602059991328	-0.602059991328	-0.602059991328	-0.602059991328	-0.602059991328	-0.602059991328	-0.602059991328	-0.602059991328	-0.602059991328	-0.602059991328	0	0	0	1	0	1	0	0	systemic_terminal_pk	0	1	1	elapsed_time	false	"{""assay_family"":""systemic_terminal_pk"",""binary_evidence_lane"":""not_binary"",""condition"":{""assay"":""radioimmunoassay"",""matrix"":""other_intravenously_administred_t_6bd9a41c"",""protease"":""not_applicable"",""route"":""iv"",""species"":""pig""},""endpoint_family"":""T1/2"",""normalized_unit"":""log10(h)"",""parameter_basis"":""elapsed_time"",""parameter_semantics"":""systemic_terminal_pk"",""target_kind"":""regression"",""target_transform"":""log10""}"	0	0	log10	1	1
mlv1.t1_2.regression.systemic_terminal_pk.b2615181fd12b18b	T1/2	systemic_terminal_pk	log10(h)	false	2-4	2	2	0.342422680822	0.347863361265	0.36962608304	0.478439691909	0.614456702997	0.750473714085	0.859287322954	0.881050044729	0.886490725172	0.614456702997	0.384714203587	0.272034022175	0.272034022175	0.5	0	0	2	0	systemic_terminal_pk	0	2	1	elapsed_time	false	"{""assay_family"":""systemic_terminal_pk"",""binary_evidence_lane"":""not_binary"",""condition"":{""assay"":""other_in_vivo_imaging_system"",""matrix"":""other_mouse_body_mouse_body"",""protease"":""not_applicable"",""route"":""sc"",""species"":""mouse""},""endpoint_family"":""T1/2"",""normalized_unit"":""log10(h)"",""parameter_basis"":""elapsed_time"",""parameter_semantics"":""systemic_terminal_pk"",""target_kind"":""regression"",""target_transform"":""log10""}"	0	0	log10	2	1
mlv1.t1_2.regression.systemic_terminal_pk.b4142f647c1958e3	T1/2	systemic_terminal_pk	log10(h)	false	10-29	17	16	-0.52287874528	-0.426549146668	-0.0412307522179	0.707570176098	0.94448267215	1.2121876044	1.50064122561	1.53933085475	1.54900326203	0.860098630615	0.55682026749	0.504617428302	0.26770493225	0.117647058824	0	1	16	1	systemic_terminal_pk	0	17	1	elapsed_time	false	"{""assay_family"":""systemic_terminal_pk"",""binary_evidence_lane"":""not_binary"",""condition"":{""assay"":""hplc"",""matrix"":""plasma"",""protease"":""not_applicable"",""route"":""iv"",""species"":""cynomolgus_monkey""},""endpoint_family"":""T1/2"",""normalized_unit"":""log10(h)"",""parameter_basis"":""elapsed_time"",""parameter_semantics"":""systemic_terminal_pk"",""target_kind"":""regression"",""target_transform"":""log10""}"	0	0	log10	17	1
mlv1.t1_2.regression.systemic_terminal_pk.b4960c5dbf0957df	T1/2	systemic_terminal_pk	log10(h)	false	1	1	1	1.57978359662	1.57978359662	1.57978359662	1.57978359662	1.57978359662	1.57978359662	1.57978359662	1.57978359662	1.57978359662	1.57978359662	0	0	0	1	0	0	1	0	systemic_terminal_pk	0	1	1	elapsed_time	false	"{""assay_family"":""systemic_terminal_pk"",""binary_evidence_lane"":""not_binary"",""condition"":{""assay"":""radioimmunoassay"",""matrix"":""plasma"",""protease"":""not_applicable"",""route"":""sc"",""species"":""dog""},""endpoint_family"":""T1/2"",""normalized_unit"":""log10(h)"",""parameter_basis"":""elapsed_time"",""parameter_semantics"":""systemic_terminal_pk"",""target_kind"":""regression"",""target_transform"":""log10""}"	0	0	log10	1	1
mlv1.t1_2.regression.systemic_terminal_pk.b6c07b0bcca2535b	T1/2	systemic_terminal_pk	log10(h)	false	5-9	7	7	-0.602059991328	-0.597309116565	-0.578305617514	-0.502182402701	0.100370545118	0.665288724264	1.31107051808	1.38236809449	1.40019248859	0.174959383644	0.80546614966	1.16747112696	0.623249290398	0.142857142857	0	3	4	0	systemic_terminal_pk	0	7	1	elapsed_time	false	"{""assay_family"":""systemic_terminal_pk"",""binary_evidence_lane"":""not_binary"",""condition"":{""assay"":""hplc"",""matrix"":""plasma"",""protease"":""not_applicable"",""route"":""iv"",""species"":""rat""},""endpoint_family"":""T1/2"",""normalized_unit"":""log10(h)"",""parameter_basis"":""elapsed_time"",""parameter_semantics"":""systemic_terminal_pk"",""target_kind"":""regression"",""target_transform"":""log10""}"	0	0	log10	7	1
mlv1.t1_2.regression.systemic_terminal_pk.b72e7aed79bcd415	T1/2	systemic_terminal_pk	log10(h)	false	10-29	12	12	-0.9719712764	-0.971230604308	-0.968267915938	-0.677435435317	-0.110322024239	0.500532845408	0.951156031523	0.972410090536	0.977723605289	-0.0740755019808	0.756449310428	1.17796828073	0.672032313944	0.0833333333333	0	6	6	0	systemic_terminal_pk	0	11	1	elapsed_time	false	"{""assay_family"":""systemic_terminal_pk"",""binary_evidence_lane"":""not_binary"",""condition"":{""assay"":""lc_ms_ms"",""matrix"":""plasma"",""protease"":""not_applicable"",""route"":""iv"",""species"":""rat""},""endpoint_family"":""T1/2"",""normalized_unit"":""log10(h)"",""parameter_basis"":""elapsed_time"",""parameter_semantics"":""systemic_terminal_pk"",""target_kind"":""regression"",""target_transform"":""log10""}"	0	1	log10	12	1
mlv1.t1_2.regression.systemic_terminal_pk.b7ed3471e624589b	T1/2	systemic_terminal_pk	log10(h)	false	1	1	1	-0.0791812460476	-0.0791812460476	-0.0791812460476	-0.0791812460476	-0.0791812460476	-0.0791812460476	-0.0791812460476	-0.0791812460476	-0.0791812460476	-0.0791812460476	0	0	0	1	0	1	0	0	systemic_terminal_pk	0	1	1	elapsed_time	false	"{""assay_family"":""systemic_terminal_pk"",""binary_evidence_lane"":""not_binary"",""condition"":{""assay"":""elisa"",""matrix"":""other_kunming_mouse_lungs_dose_i_77ab6fc8"",""protease"":""not_applicable"",""route"":""iv"",""species"":""mouse""},""endpoint_family"":""T1/2"",""normalized_unit"":""log10(h)"",""parameter_basis"":""elapsed_time"",""parameter_semantics"":""systemic_terminal_pk"",""target_kind"":""regression"",""target_transform"":""log10""}"	0	0	log10	1	1
mlv1.t1_2.regression.systemic_terminal_pk.b82661fa5dcdd5af	T1/2	systemic_terminal_pk	log10(h)	false	1	1	1	0.301029995664	0.301029995664	0.301029995664	0.301029995664	0.301029995664	0.301029995664	0.301029995664	0.301029995664	0.301029995664	0.301029995664	0	0	0	1	0	0	1	0	systemic_terminal_pk	0	1	1	elapsed_time	false	"{""assay_family"":""systemic_terminal_pk"",""binary_evidence_lane"":""not_binary"",""condition"":{""assay"":""hplc"",""matrix"":""serum"",""protease"":""not_applicable"",""route"":""route_not_reported"",""species"":""human""},""endpoint_family"":""T1/2"",""normalized_unit"":""log10(h)"",""parameter_basis"":""elapsed_time"",""parameter_semantics"":""systemic_terminal_pk"",""target_kind"":""regression"",""target_transform"":""log10""}"	0	0	log10	1	1
mlv1.t1_2.regression.systemic_terminal_pk.b92158d9fd526b7d	T1/2	systemic_terminal_pk	log10(h)	false	1	1	1	0.52287874528	0.52287874528	0.52287874528	0.52287874528	0.52287874528	0.52287874528	0.52287874528	0.52287874528	0.52287874528	0.52287874528	0	0	0	1	0	0	1	0	systemic_terminal_pk	0	1	1	elapsed_time	false	"{""assay_family"":""systemic_terminal_pk"",""binary_evidence_lane"":""not_binary"",""condition"":{""assay"":""other_spectrofluorometer"",""matrix"":""plasma"",""protease"":""not_applicable"",""route"":""route_not_reported"",""species"":""rat""},""endpoint_family"":""T1/2"",""normalized_unit"":""log10(h)"",""parameter_basis"":""elapsed_time"",""parameter_semantics"":""systemic_terminal_pk"",""target_kind"":""regression"",""target_transform"":""log10""}"	0	0	log10	1	1
mlv1.t1_2.regression.systemic_terminal_pk.bda4daa4d282be54	T1/2	systemic_terminal_pk	log10(h)	false	2-4	2	2	0.227886704614	0.24224578879	0.299682125494	0.586863809016	0.945840913417	1.30481801782	1.59199970134	1.64943603804	1.66379512222	0.945840913417	1.01534057925	0.717954208803	0.717954208803	0.5	0	0	2	0	systemic_terminal_pk	0	2	1	elapsed_time	false	"{""assay_family"":""systemic_terminal_pk"",""binary_evidence_lane"":""not_binary"",""condition"":{""assay"":""elisa"",""matrix"":""plasma"",""protease"":""not_applicable"",""route"":""iv"",""species"":""rhesus_monkey""},""endpoint_family"":""T1/2"",""normalized_unit"":""log10(h)"",""parameter_basis"":""elapsed_time"",""parameter_semantics"":""systemic_terminal_pk"",""target_kind"":""regression"",""target_transform"":""log10""}"	0	0	log10	2	1
mlv1.t1_2.regression.systemic_terminal_pk.be34908dd12a467d	T1/2	systemic_terminal_pk	log10(h)	false	2-4	4	4	0	0.00124178055475	0.00620890277373	0.0310445138687	0.171211340411	0.348612920207	0.462811939108	0.485651742889	0.491361693834	0.208446093664	0.230918189688	0.317568406338	0.150514997832	0.25	1	0	3	0	systemic_terminal_pk	0	4	1	elapsed_time	false	"{""assay_family"":""systemic_terminal_pk"",""binary_evidence_lane"":""not_binary"",""condition"":{""assay"":""fluorescence"",""matrix"":""plasma"",""protease"":""not_applicable"",""route"":""iv"",""species"":""mouse""},""endpoint_family"":""T1/2"",""normalized_unit"":""log10(h)"",""parameter_basis"":""elapsed_time"",""parameter_semantics"":""systemic_terminal_pk"",""target_kind"":""regression"",""target_transform"":""log10""}"	0	0	log10	4	1
mlv1.t1_2.regression.systemic_terminal_pk.be68d2df85b217bb	T1/2	systemic_terminal_pk	log10(h)	false	10-29	11	11	-1.20215563018	-1.18985819177	-1.14066843812	0.222490556044	0.989004615699	1.07990386649	1.35949981894	1.5402685474	1.58546072951	0.52671906407	0.915716183559	0.857413310441	0.256610855876	0.0909090909091	0	2	9	2	systemic_terminal_pk	0	8	1	elapsed_time	false	"{""assay_family"":""systemic_terminal_pk"",""binary_evidence_lane"":""not_binary"",""condition"":{""assay"":""lc_ms"",""matrix"":""plasma"",""protease"":""not_applicable"",""route"":""iv"",""species"":""rat""},""endpoint_family"":""T1/2"",""normalized_unit"":""log10(h)"",""parameter_basis"":""elapsed_time"",""parameter_semantics"":""systemic_terminal_pk"",""target_kind"":""regression"",""target_transform"":""log10""}"	0	3	log10	11	1
mlv1.t1_2.regression.systemic_terminal_pk.bfadb866bf932c68	T1/2	systemic_terminal_pk	log10(h)	false	2-4	4	4	-0.632023214705	-0.604984136571	-0.496827824033	0.0439537386527	0.375361009137	0.632582897782	0.995319544052	1.06786687331	1.08600370562	0.301175627297	0.711882188973	0.588629159129	0.408362157924	0.25	0	1	3	0	systemic_terminal_pk	0	4	1	elapsed_time	false	"{""assay_family"":""systemic_terminal_pk"",""binary_evidence_lane"":""not_binary"",""condition"":{""assay"":""lc_ms_ms"",""matrix"":""plasma"",""protease"":""not_applicable"",""route"":""iv"",""species"":""mouse""},""endpoint_family"":""T1/2"",""normalized_unit"":""log10(h)"",""parameter_basis"":""elapsed_time"",""parameter_semantics"":""systemic_terminal_pk"",""target_kind"":""regression"",""target_transform"":""log10""}"	0	0	log10	4	1
mlv1.t1_2.regression.systemic_terminal_pk.c0581772b76164ea	T1/2	systemic_terminal_pk	log10(h)	false	1	1	1	0.662757831682	0.662757831682	0.662757831682	0.662757831682	0.662757831682	0.662757831682	0.662757831682	0.662757831682	0.662757831682	0.662757831682	0	0	0	1	0	0	1	0	systemic_terminal_pk	0	0	1	elapsed_time	false	"{""assay_family"":""systemic_terminal_pk"",""binary_evidence_lane"":""not_binary"",""condition"":{""assay"":""other_peptherdia_curated_appr_7011057c"",""matrix"":""other_terminal_half_life"",""protease"":""not_applicable"",""route"":""intrathecal"",""species"":""human""},""endpoint_family"":""T1/2"",""normalized_unit"":""log10(h)"",""parameter_basis"":""elapsed_time"",""parameter_semantics"":""systemic_terminal_pk"",""target_kind"":""regression"",""target_transform"":""log10""}"	0	1	log10	1	1
mlv1.t1_2.regression.systemic_terminal_pk.c07c623be369d34c	T1/2	systemic_terminal_pk	log10(h)	false	1	1	1	1.28555730901	1.28555730901	1.28555730901	1.28555730901	1.28555730901	1.28555730901	1.28555730901	1.28555730901	1.28555730901	1.28555730901	0	0	0	1	0	0	1	0	systemic_terminal_pk	0	1	1	elapsed_time	false	"{""assay_family"":""systemic_terminal_pk"",""binary_evidence_lane"":""not_binary"",""condition"":{""assay"":""other_eia"",""matrix"":""plasma"",""protease"":""not_applicable"",""route"":""sc"",""species"":""mouse""},""endpoint_family"":""T1/2"",""normalized_unit"":""log10(h)"",""parameter_basis"":""elapsed_time"",""parameter_semantics"":""systemic_terminal_pk"",""target_kind"":""regression"",""target_transform"":""log10""}"	0	0	log10	1	1
mlv1.t1_2.regression.systemic_terminal_pk.c31410a3363a6e11	T1/2	systemic_terminal_pk	log10(h)	false	1	1	1	-0.315753252485	-0.315753252485	-0.315753252485	-0.315753252485	-0.315753252485	-0.315753252485	-0.315753252485	-0.315753252485	-0.315753252485	-0.315753252485	0	0	0	1	0	1	0	0	systemic_terminal_pk	0	1	1	elapsed_time	false	"{""assay_family"":""systemic_terminal_pk"",""binary_evidence_lane"":""not_binary"",""condition"":{""assay"":""other_pet_ct_imaging"",""matrix"":""blood"",""protease"":""not_applicable"",""route"":""iv"",""species"":""nonhuman_primate""},""endpoint_family"":""T1/2"",""normalized_unit"":""log10(h)"",""parameter_basis"":""elapsed_time"",""parameter_semantics"":""systemic_terminal_pk"",""target_kind"":""regression"",""target_transform"":""log10""}"	0	0	log10	1	1
mlv1.t1_2.regression.systemic_terminal_pk.c3882ddc4ef1c9c0	T1/2	systemic_terminal_pk	log10(h)	false	1	1	1	0.959041392321	0.959041392321	0.959041392321	0.959041392321	0.959041392321	0.959041392321	0.959041392321	0.959041392321	0.959041392321	0.959041392321	0	0	0	1	0	0	1	0	systemic_terminal_pk	0	1	1	elapsed_time	false	"{""assay_family"":""systemic_terminal_pk"",""binary_evidence_lane"":""not_binary"",""condition"":{""assay"":""other_fluorometery"",""matrix"":""other_mouse_tissue_of_myocardial_aca9e60f"",""protease"":""not_applicable"",""route"":""route_not_reported"",""species"":""mouse""},""endpoint_family"":""T1/2"",""normalized_unit"":""log10(h)"",""parameter_basis"":""elapsed_time"",""parameter_semantics"":""systemic_terminal_pk"",""target_kind"":""regression"",""target_transform"":""log10""}"	0	0	log10	1	1
mlv1.t1_2.regression.systemic_terminal_pk.c3ab84e0ad88dddb	T1/2	systemic_terminal_pk	log10(h)	false	1	1	1	0.623249290398	0.623249290398	0.623249290398	0.623249290398	0.623249290398	0.623249290398	0.623249290398	0.623249290398	0.623249290398	0.623249290398	0	0	0	1	0	0	1	0	systemic_terminal_pk	0	1	1	elapsed_time	false	"{""assay_family"":""systemic_terminal_pk"",""binary_evidence_lane"":""not_binary"",""condition"":{""assay"":""lc_ms"",""matrix"":""serum"",""protease"":""not_applicable"",""route"":""route_not_reported"",""species"":""rat""},""endpoint_family"":""T1/2"",""normalized_unit"":""log10(h)"",""parameter_basis"":""elapsed_time"",""parameter_semantics"":""systemic_terminal_pk"",""target_kind"":""regression"",""target_transform"":""log10""}"	0	0	log10	1	1
mlv1.t1_2.regression.systemic_terminal_pk.c41c2e9f5f64b58d	T1/2	systemic_terminal_pk	log10(h)	false	1	1	1	1.34242268082	1.34242268082	1.34242268082	1.34242268082	1.34242268082	1.34242268082	1.34242268082	1.34242268082	1.34242268082	1.34242268082	0	0	0	1	0	0	1	0	systemic_terminal_pk	0	1	1	elapsed_time	false	"{""assay_family"":""systemic_terminal_pk"",""binary_evidence_lane"":""not_binary"",""condition"":{""assay"":""other_radiochromatography"",""matrix"":""plasma"",""protease"":""not_applicable"",""route"":""iv"",""species"":""mouse""},""endpoint_family"":""T1/2"",""normalized_unit"":""log10(h)"",""parameter_basis"":""elapsed_time"",""parameter_semantics"":""systemic_terminal_pk"",""target_kind"":""regression"",""target_transform"":""log10""}"	0	0	log10	1	1
mlv1.t1_2.regression.systemic_terminal_pk.c58dac8455d4aaa2	T1/2	systemic_terminal_pk	log10(h)	false	5-9	5	5	-1.33099321904	-1.32711681852	-1.31161121644	-1.23408320603	-1.20994952632	-1.16536739366	-0.614770482508	-0.504651100278	-0.47712125472	-1.08350291995	0.344352701073	0.06871581237	0.04458213266	0.2	0	5	0	1	systemic_terminal_pk	0	5	1	elapsed_time	false	"{""assay_family"":""systemic_terminal_pk"",""binary_evidence_lane"":""not_binary"",""condition"":{""assay"":""radioimmunoassay"",""matrix"":""serum"",""protease"":""not_applicable"",""route"":""route_not_reported"",""species"":""human""},""endpoint_family"":""T1/2"",""normalized_unit"":""log10(h)"",""parameter_basis"":""elapsed_time"",""parameter_semantics"":""systemic_terminal_pk"",""target_kind"":""regression"",""target_transform"":""log10""}"	0	0	log10	5	1
mlv1.t1_2.regression.systemic_terminal_pk.c5e991d589f5bfed	T1/2	systemic_terminal_pk	log10(h)	false	1	1	1	0.499687082618	0.499687082618	0.499687082618	0.499687082618	0.499687082618	0.499687082618	0.499687082618	0.499687082618	0.499687082618	0.499687082618	0	0	0	1	0	0	1	0	systemic_terminal_pk	0	1	1	elapsed_time	false	"{""assay_family"":""systemic_terminal_pk"",""binary_evidence_lane"":""not_binary"",""condition"":{""assay"":""mass_spectrometry"",""matrix"":""blood"",""protease"":""not_applicable"",""route"":""iv"",""species"":""species_not_reported""},""endpoint_family"":""T1/2"",""normalized_unit"":""log10(h)"",""parameter_basis"":""elapsed_time"",""parameter_semantics"":""systemic_terminal_pk"",""target_kind"":""regression"",""target_transform"":""log10""}"	0	0	log10	1	1
mlv1.t1_2.regression.systemic_terminal_pk.c86cae84ffe27c98	T1/2	systemic_terminal_pk	log10(h)	false	2-4	2	2	0.712649701627	0.721119877395	0.755000580465	0.924404095818	1.13615849001	1.3479128842	1.51731639955	1.55119710262	1.55966727839	1.13615849001	0.598931872313	0.423508788381	0.423508788382	0.5	0	0	2	0	systemic_terminal_pk	0	1	1	elapsed_time	false	"{""assay_family"":""systemic_terminal_pk"",""binary_evidence_lane"":""not_binary"",""condition"":{""assay"":""other_exendin_4_eia"",""matrix"":""plasma"",""protease"":""not_applicable"",""route"":""sc"",""species"":""mouse""},""endpoint_family"":""T1/2"",""normalized_unit"":""log10(h)"",""parameter_basis"":""elapsed_time"",""parameter_semantics"":""systemic_terminal_pk"",""target_kind"":""regression"",""target_transform"":""log10""}"	0	1	log10	2	1
mlv1.t1_2.regression.systemic_terminal_pk.c9cff6371c3328bf	T1/2	systemic_terminal_pk	log10(h)	false	1	1	1	0.0827853703165	0.0827853703165	0.0827853703165	0.0827853703165	0.0827853703165	0.0827853703165	0.0827853703165	0.0827853703165	0.0827853703165	0.0827853703165	0	0	0	1	0	0	1	0	systemic_terminal_pk	0	1	1	elapsed_time	false	"{""assay_family"":""systemic_terminal_pk"",""binary_evidence_lane"":""not_binary"",""condition"":{""assay"":""uplc_ms"",""matrix"":""plasma"",""protease"":""not_applicable"",""route"":""iv"",""species"":""rat""},""endpoint_family"":""T1/2"",""normalized_unit"":""log10(h)"",""parameter_basis"":""elapsed_time"",""parameter_semantics"":""systemic_terminal_pk"",""target_kind"":""regression"",""target_transform"":""log10""}"	0	0	log10	1	1
mlv1.t1_2.regression.systemic_terminal_pk.ca10ce6da3ccc390	T1/2	systemic_terminal_pk	log10(h)	false	2-4	3	3	0	0.00227886704614	0.0113943352307	0.0569716761535	0.113943352307	0.442397681975	0.705161145708	0.757713838455	0.770852011642	0.294931787983	0.416077896973	0.385426005821	0.113943352307	0.333333333333	1	0	2	0	systemic_terminal_pk	0	3	1	elapsed_time	false	"{""assay_family"":""systemic_terminal_pk"",""binary_evidence_lane"":""not_binary"",""condition"":{""assay"":""assay_not_reported"",""matrix"":""serum"",""protease"":""not_applicable"",""route"":""ip"",""species"":""mouse""},""endpoint_family"":""T1/2"",""normalized_unit"":""log10(h)"",""parameter_basis"":""elapsed_time"",""parameter_semantics"":""systemic_terminal_pk"",""target_kind"":""regression"",""target_transform"":""log10""}"	0	0	log10	3	1
mlv1.t1_2.regression.systemic_terminal_pk.ca9bc36fa774d2c0	T1/2	systemic_terminal_pk	log10(h)	false	1	1	1	0.300450549972	0.300450549972	0.300450549972	0.300450549972	0.300450549972	0.300450549972	0.300450549972	0.300450549972	0.300450549972	0.300450549972	0	0	0	1	0	0	1	0	systemic_terminal_pk	0	1	1	elapsed_time	false	"{""assay_family"":""systemic_terminal_pk"",""binary_evidence_lane"":""not_binary"",""condition"":{""assay"":""radioimmunoassay"",""matrix"":""other_intravenous_injection_to_ma_b33cb920"",""protease"":""not_applicable"",""route"":""iv"",""species"":""dog""},""endpoint_family"":""T1/2"",""normalized_unit"":""log10(h)"",""parameter_basis"":""elapsed_time"",""parameter_semantics"":""systemic_terminal_pk"",""target_kind"":""regression"",""target_transform"":""log10""}"	0	0	log10	1	1
mlv1.t1_2.regression.systemic_terminal_pk.cd81d4f01bfb705f	T1/2	systemic_terminal_pk	log10(h)	false	1	1	1	1.88874096068	1.88874096068	1.88874096068	1.88874096068	1.88874096068	1.88874096068	1.88874096068	1.88874096068	1.88874096068	1.88874096068	0	0	0	1	0	0	1	0	systemic_terminal_pk	0	1	1	elapsed_time	false	"{""assay_family"":""systemic_terminal_pk"",""binary_evidence_lane"":""not_binary"",""condition"":{""assay"":""radioimmunoassay"",""matrix"":""other_monkey_subcutaneous_injecti_2b57aa36"",""protease"":""not_applicable"",""route"":""sc"",""species"":""monkey_unspecified""},""endpoint_family"":""T1/2"",""normalized_unit"":""log10(h)"",""parameter_basis"":""elapsed_time"",""parameter_semantics"":""systemic_terminal_pk"",""target_kind"":""regression"",""target_transform"":""log10""}"	0	0	log10	1	1
mlv1.t1_2.regression.systemic_terminal_pk.cda7bbcb83c82795	T1/2	systemic_terminal_pk	log10(h)	false	1	1	1	-0.134698573897	-0.134698573897	-0.134698573897	-0.134698573897	-0.134698573897	-0.134698573897	-0.134698573897	-0.134698573897	-0.134698573897	-0.134698573897	0	0	0	1	0	1	0	0	systemic_terminal_pk	0	1	1	elapsed_time	false	"{""assay_family"":""systemic_terminal_pk"",""binary_evidence_lane"":""not_binary"",""condition"":{""assay"":""mass_spectrometry"",""matrix"":""plasma"",""protease"":""not_applicable"",""route"":""iv"",""species"":""rhesus_monkey""},""endpoint_family"":""T1/2"",""normalized_unit"":""log10(h)"",""parameter_basis"":""elapsed_time"",""parameter_semantics"":""systemic_terminal_pk"",""target_kind"":""regression"",""target_transform"":""log10""}"	0	0	log10	1	1
mlv1.t1_2.regression.systemic_terminal_pk.ce908cb4cbb8ae58	T1/2	systemic_terminal_pk	log10(h)	false	2-4	2	2	0.819543935542	0.82297115233	0.83668001948	0.905224355232	0.990904774921	1.07658519461	1.14512953036	1.15883839751	1.1622656143	0.990904774921	0.242340823109	0.171360839379	0.171360839379	0.5	0	0	2	0	systemic_terminal_pk	0	2	1	elapsed_time	false	"{""assay_family"":""systemic_terminal_pk"",""binary_evidence_lane"":""not_binary"",""condition"":{""assay"":""radioactivity"",""matrix"":""plasma"",""protease"":""not_applicable"",""route"":""sc"",""species"":""rat""},""endpoint_family"":""T1/2"",""normalized_unit"":""log10(h)"",""parameter_basis"":""elapsed_time"",""parameter_semantics"":""systemic_terminal_pk"",""target_kind"":""regression"",""target_transform"":""log10""}"	0	0	log10	2	1
mlv1.t1_2.regression.systemic_terminal_pk.cef290c530f88a4c	T1/2	systemic_terminal_pk	log10(h)	false	1	1	1	-1.77815125038	-1.77815125038	-1.77815125038	-1.77815125038	-1.77815125038	-1.77815125038	-1.77815125038	-1.77815125038	-1.77815125038	-1.77815125038	0	0	0	1	0	1	0	0	systemic_terminal_pk	0	1	1	elapsed_time	false	"{""assay_family"":""systemic_terminal_pk"",""binary_evidence_lane"":""not_binary"",""condition"":{""assay"":""radioimmunoassay"",""matrix"":""other_female_homozygous_brattlebo_f7ea806a"",""protease"":""not_applicable"",""route"":""route_not_reported"",""species"":""rat""},""endpoint_family"":""T1/2"",""normalized_unit"":""log10(h)"",""parameter_basis"":""elapsed_time"",""parameter_semantics"":""systemic_terminal_pk"",""target_kind"":""regression"",""target_transform"":""log10""}"	0	0	log10	1	1
mlv1.t1_2.regression.systemic_terminal_pk.cfb6f6140279343e	T1/2	systemic_terminal_pk	log10(h)	false	2-4	2	2	-1.54770232901	-1.52523560568	-1.43536871234	-0.986034245674	-0.424366162337	0.137301920999	0.586636387669	0.676503281003	0.698970004336	-0.424366162337	1.58863724201	1.12333616667	1.12333616667	0.5	0	1	1	0	systemic_terminal_pk	0	0	1	elapsed_time	false	"{""assay_family"":""systemic_terminal_pk"",""binary_evidence_lane"":""not_binary"",""condition"":{""assay"":""other_peptherdia_curated_appr_7011057c"",""matrix"":""other_terminal_half_life"",""protease"":""not_applicable"",""route"":""route_not_reported"",""species"":""human""},""endpoint_family"":""T1/2"",""normalized_unit"":""log10(h)"",""parameter_basis"":""elapsed_time"",""parameter_semantics"":""systemic_terminal_pk"",""target_kind"":""regression"",""target_transform"":""log10""}"	0	2	log10	2	1
mlv1.t1_2.regression.systemic_terminal_pk.cffedd6ca0206f92	T1/2	systemic_terminal_pk	log10(h)	false	2-4	4	4	-0.301029995664	-0.289842635575	-0.245093195218	-0.0213459934364	0.163577256205	0.560734692507	1.29384394228	1.44046579223	1.47712125472	0.375811442866	0.769826900871	0.582080685944	0.278151250383	0.25	0	1	3	1	systemic_terminal_pk	0	4	1	elapsed_time	false	"{""assay_family"":""systemic_terminal_pk"",""binary_evidence_lane"":""not_binary"",""condition"":{""assay"":""elisa"",""matrix"":""serum"",""protease"":""not_applicable"",""route"":""ip"",""species"":""mouse""},""endpoint_family"":""T1/2"",""normalized_unit"":""log10(h)"",""parameter_basis"":""elapsed_time"",""parameter_semantics"":""systemic_terminal_pk"",""target_kind"":""regression"",""target_transform"":""log10""}"	0	0	log10	4	1
mlv1.t1_2.regression.systemic_terminal_pk.d07f0d47f8216e56	T1/2	systemic_terminal_pk	log10(h)	false	1	1	1	-0.116338564846	-0.116338564846	-0.116338564846	-0.116338564846	-0.116338564846	-0.116338564846	-0.116338564846	-0.116338564846	-0.116338564846	-0.116338564846	0	0	0	1	0	1	0	0	systemic_terminal_pk	0	1	1	elapsed_time	false	"{""assay_family"":""systemic_terminal_pk"",""binary_evidence_lane"":""not_binary"",""condition"":{""assay"":""hplc"",""matrix"":""other_intraperitonial_injection_t_22b464a0"",""protease"":""not_applicable"",""route"":""route_not_reported"",""species"":""mouse""},""endpoint_family"":""T1/2"",""normalized_unit"":""log10(h)"",""parameter_basis"":""elapsed_time"",""parameter_semantics"":""systemic_terminal_pk"",""target_kind"":""regression"",""target_transform"":""log10""}"	0	0	log10	1	1
mlv1.t1_2.regression.systemic_terminal_pk.d0c40a86ad66d4b5	T1/2	systemic_terminal_pk	log10(h)	false	1	1	1	2.10890312767	2.10890312767	2.10890312767	2.10890312767	2.10890312767	2.10890312767	2.10890312767	2.10890312767	2.10890312767	2.10890312767	0	0	0	1	0	0	1	0	systemic_terminal_pk	0	1	1	elapsed_time	false	"{""assay_family"":""systemic_terminal_pk"",""binary_evidence_lane"":""not_binary"",""condition"":{""assay"":""elisa"",""matrix"":""plasma"",""protease"":""not_applicable"",""route"":""sc"",""species"":""dog""},""endpoint_family"":""T1/2"",""normalized_unit"":""log10(h)"",""parameter_basis"":""elapsed_time"",""parameter_semantics"":""systemic_terminal_pk"",""target_kind"":""regression"",""target_transform"":""log10""}"	0	0	log10	1	1
mlv1.t1_2.regression.systemic_terminal_pk.d21e2799baa31b3e	T1/2	systemic_terminal_pk	log10(h)	false	1	1	1	-1	-1	-1	-1	-1	-1	-1	-1	-1	-1	0	0	0	1	0	1	0	0	systemic_terminal_pk	0	0	1	elapsed_time	false	"{""assay_family"":""systemic_terminal_pk"",""binary_evidence_lane"":""not_binary"",""condition"":{""assay"":""assay_not_reported"",""matrix"":""other_intravenously_injected_to_r_b6d2e021"",""protease"":""not_applicable"",""route"":""iv"",""species"":""rat""},""endpoint_family"":""T1/2"",""normalized_unit"":""log10(h)"",""parameter_basis"":""elapsed_time"",""parameter_semantics"":""systemic_terminal_pk"",""target_kind"":""regression"",""target_transform"":""log10""}"	0	1	log10	1	1
mlv1.t1_2.regression.systemic_terminal_pk.d3c0f5cae80dc72a	T1/2	systemic_terminal_pk	log10(h)	false	1	1	1	1.43360984332	1.43360984332	1.43360984332	1.43360984332	1.43360984332	1.43360984332	1.43360984332	1.43360984332	1.43360984332	1.43360984332	0	0	0	1	0	0	1	0	systemic_terminal_pk	0	1	1	elapsed_time	false	"{""assay_family"":""systemic_terminal_pk"",""binary_evidence_lane"":""not_binary"",""condition"":{""assay"":""other_ivis_at_750_780_nm"",""matrix"":""plasma"",""protease"":""not_applicable"",""route"":""iv"",""species"":""mouse""},""endpoint_family"":""T1/2"",""normalized_unit"":""log10(h)"",""parameter_basis"":""elapsed_time"",""parameter_semantics"":""systemic_terminal_pk"",""target_kind"":""regression"",""target_transform"":""log10""}"	0	0	log10	1	1
mlv1.t1_2.regression.systemic_terminal_pk.d506c96e68f4957d	T1/2	systemic_terminal_pk	log10(h)	false	2-4	3	3	-0.161150909263	-0.13771341377	-0.0439634317977	0.424786478063	1.01072386539	1.61593859367	2.10011037629	2.19694473282	2.22115332195	1.02357542603	1.19120411117	1.19115211561	1.17187477465	0.333333333333	0	1	2	0	systemic_terminal_pk	0	3	1	elapsed_time	false	"{""assay_family"":""systemic_terminal_pk"",""binary_evidence_lane"":""not_binary"",""condition"":{""assay"":""elisa"",""matrix"":""plasma"",""protease"":""not_applicable"",""route"":""sc"",""species"":""mouse""},""endpoint_family"":""T1/2"",""normalized_unit"":""log10(h)"",""parameter_basis"":""elapsed_time"",""parameter_semantics"":""systemic_terminal_pk"",""target_kind"":""regression"",""target_transform"":""log10""}"	0	0	log10	3	1
mlv1.t1_2.regression.systemic_terminal_pk.d614b0e6250f479a	T1/2	systemic_terminal_pk	log10(h)	false	1	1	1	1.43136376416	1.43136376416	1.43136376416	1.43136376416	1.43136376416	1.43136376416	1.43136376416	1.43136376416	1.43136376416	1.43136376416	0	0	0	1	0	0	1	0	systemic_terminal_pk	0	1	1	elapsed_time	false	"{""assay_family"":""systemic_terminal_pk"",""binary_evidence_lane"":""not_binary"",""condition"":{""assay"":""elisa"",""matrix"":""serum"",""protease"":""not_applicable"",""route"":""iv"",""species"":""rabbit""},""endpoint_family"":""T1/2"",""normalized_unit"":""log10(h)"",""parameter_basis"":""elapsed_time"",""parameter_semantics"":""systemic_terminal_pk"",""target_kind"":""regression"",""target_transform"":""log10""}"	0	0	log10	1	1
mlv1.t1_2.regression.systemic_terminal_pk.d7391141b76993fb	T1/2	systemic_terminal_pk	log10(h)	false	2-4	4	4	-0.142667503569	-0.0935211483354	0.103064272599	1.08599137727	1.5277254813	1.56572966227	1.57970495163	1.5825000095	1.58319877397	1.12399555825	0.845255357679	0.479738285002	0.04382721821	0.25	0	1	3	1	systemic_terminal_pk	0	4	1	elapsed_time	false	"{""assay_family"":""systemic_terminal_pk"",""binary_evidence_lane"":""not_binary"",""condition"":{""assay"":""fluorescence"",""matrix"":""plasma"",""protease"":""not_applicable"",""route"":""sc"",""species"":""mouse""},""endpoint_family"":""T1/2"",""normalized_unit"":""log10(h)"",""parameter_basis"":""elapsed_time"",""parameter_semantics"":""systemic_terminal_pk"",""target_kind"":""regression"",""target_transform"":""log10""}"	0	0	log10	4	1
mlv1.t1_2.regression.systemic_terminal_pk.db6cfbeb08dcc573	T1/2	systemic_terminal_pk	log10(h)	false	5-9	7	7	0.146128035678	0.14993125441	0.165144129338	0.309724068937	0.661812685537	0.800257751412	0.91462388105	0.92234820506	0.924279286062	0.564597663997	0.314081368353	0.490533682475	0.251879562206	0.142857142857	0	0	7	0	systemic_terminal_pk	0	7	1	elapsed_time	false	"{""assay_family"":""systemic_terminal_pk"",""binary_evidence_lane"":""not_binary"",""condition"":{""assay"":""assay_not_reported"",""matrix"":""plasma"",""protease"":""not_applicable"",""route"":""sc"",""species"":""rat""},""endpoint_family"":""T1/2"",""normalized_unit"":""log10(h)"",""parameter_basis"":""elapsed_time"",""parameter_semantics"":""systemic_terminal_pk"",""target_kind"":""regression"",""target_transform"":""log10""}"	0	0	log10	7	1
mlv1.t1_2.regression.systemic_terminal_pk.dba0e5cedd143d8e	T1/2	systemic_terminal_pk	log10(h)	false	5-9	6	6	-0.778151250384	-0.752825998764	-0.651524992283	-0.215174036124	0.18377113676	0.46116588206	0.8757304425	0.982026225908	1.00860017176	0.133911038606	0.630800678466	0.676339918185	0.37438373635	0.166666666667	0	3	3	0	systemic_terminal_pk	0	5	1	elapsed_time	false	"{""assay_family"":""systemic_terminal_pk"",""binary_evidence_lane"":""not_binary"",""condition"":{""assay"":""elisa"",""matrix"":""plasma"",""protease"":""not_applicable"",""route"":""sc"",""species"":""rat""},""endpoint_family"":""T1/2"",""normalized_unit"":""log10(h)"",""parameter_basis"":""elapsed_time"",""parameter_semantics"":""systemic_terminal_pk"",""target_kind"":""regression"",""target_transform"":""log10""}"	0	1	log10	6	1
mlv1.t1_2.regression.systemic_terminal_pk.dbd95bd80f2a59ff	T1/2	systemic_terminal_pk	log10(h)	false	2-4	2	2	-0.50168944621	-0.500932239071	-0.497903410513	-0.482759267725	-0.463829089241	-0.444898910757	-0.429754767969	-0.426725939411	-0.425968732272	-0.463829089241	0.0535426303018	0.037860356969	0.037860356969	0.5	0	2	0	0	systemic_terminal_pk	0	2	1	elapsed_time	false	"{""assay_family"":""systemic_terminal_pk"",""binary_evidence_lane"":""not_binary"",""condition"":{""assay"":""assay_not_reported"",""matrix"":""plasma"",""protease"":""not_applicable"",""route"":""iv"",""species"":""mouse""},""endpoint_family"":""T1/2"",""normalized_unit"":""log10(h)"",""parameter_basis"":""elapsed_time"",""parameter_semantics"":""systemic_terminal_pk"",""target_kind"":""regression"",""target_transform"":""log10""}"	0	0	log10	2	1
mlv1.t1_2.regression.systemic_terminal_pk.dc766009e80c529d	T1/2	systemic_terminal_pk	log10(h)	false	1	1	1	0.52287874528	0.52287874528	0.52287874528	0.52287874528	0.52287874528	0.52287874528	0.52287874528	0.52287874528	0.52287874528	0.52287874528	0	0	0	1	0	0	1	0	systemic_terminal_pk	0	1	1	elapsed_time	false	"{""assay_family"":""systemic_terminal_pk"",""binary_evidence_lane"":""not_binary"",""condition"":{""assay"":""radioimmunoassay"",""matrix"":""blood"",""protease"":""not_applicable"",""route"":""route_not_reported"",""species"":""human""},""endpoint_family"":""T1/2"",""normalized_unit"":""log10(h)"",""parameter_basis"":""elapsed_time"",""parameter_semantics"":""systemic_terminal_pk"",""target_kind"":""regression"",""target_transform"":""log10""}"	0	0	log10	1	1
mlv1.t1_2.regression.systemic_terminal_pk.de46eadd3bc75321	T1/2	systemic_terminal_pk	log10(h)	false	2-4	3	3	-1.36317790241	-1.36193494427	-1.35696311173	-1.33210394903	-1.30102999566	-0.987688762544	-0.737015776051	-0.686881178753	-0.674347529428	-1.11285180917	0.381025055724	0.344415186491	0.06214790675	0.333333333333	0	3	0	0	systemic_terminal_pk	0	3	1	elapsed_time	false	"{""assay_family"":""systemic_terminal_pk"",""binary_evidence_lane"":""not_binary"",""condition"":{""assay"":""hplc"",""matrix"":""other_infused_in_pulmonary_artery_bb7433c0"",""protease"":""not_applicable"",""route"":""route_not_reported"",""species"":""species_not_reported""},""endpoint_family"":""T1/2"",""normalized_unit"":""log10(h)"",""parameter_basis"":""elapsed_time"",""parameter_semantics"":""systemic_terminal_pk"",""target_kind"":""regression"",""target_transform"":""log10""}"	0	0	log10	3	1
mlv1.t1_2.regression.systemic_terminal_pk.def5b15e5cc47cfe	T1/2	systemic_terminal_pk	log10(h)	false	1	1	1	0.462397997899	0.462397997899	0.462397997899	0.462397997899	0.462397997899	0.462397997899	0.462397997899	0.462397997899	0.462397997899	0.462397997899	0	0	0	1	0	0	1	0	systemic_terminal_pk	0	1	1	elapsed_time	false	"{""assay_family"":""systemic_terminal_pk"",""binary_evidence_lane"":""not_binary"",""condition"":{""assay"":""radioimmunoassay"",""matrix"":""serum"",""protease"":""not_applicable"",""route"":""iv"",""species"":""species_not_reported""},""endpoint_family"":""T1/2"",""normalized_unit"":""log10(h)"",""parameter_basis"":""elapsed_time"",""parameter_semantics"":""systemic_terminal_pk"",""target_kind"":""regression"",""target_transform"":""log10""}"	0	0	log10	1	1
mlv1.t1_2.regression.systemic_terminal_pk.e19632997e5ff9e8	T1/2	systemic_terminal_pk	log10(h)	false	1	1	1	1.12385164097	1.12385164097	1.12385164097	1.12385164097	1.12385164097	1.12385164097	1.12385164097	1.12385164097	1.12385164097	1.12385164097	0	0	0	1	0	0	1	0	systemic_terminal_pk	0	1	1	elapsed_time	false	"{""assay_family"":""systemic_terminal_pk"",""binary_evidence_lane"":""not_binary"",""condition"":{""assay"":""assay_not_reported"",""matrix"":""other_n_a_n_a"",""protease"":""not_applicable"",""route"":""sc"",""species"":""species_not_reported""},""endpoint_family"":""T1/2"",""normalized_unit"":""log10(h)"",""parameter_basis"":""elapsed_time"",""parameter_semantics"":""systemic_terminal_pk"",""target_kind"":""regression"",""target_transform"":""log10""}"	0	0	log10	1	1
mlv1.t1_2.regression.systemic_terminal_pk.e1eb1aaf249f8d54	T1/2	systemic_terminal_pk	log10(h)	false	1	1	1	-0.301029995664	-0.301029995664	-0.301029995664	-0.301029995664	-0.301029995664	-0.301029995664	-0.301029995664	-0.301029995664	-0.301029995664	-0.301029995664	0	0	0	1	0	1	0	0	systemic_terminal_pk	0	1	1	elapsed_time	false	"{""assay_family"":""systemic_terminal_pk"",""binary_evidence_lane"":""not_binary"",""condition"":{""assay"":""other_plasma_stability_assay"",""matrix"":""plasma"",""protease"":""not_applicable"",""route"":""route_not_reported"",""species"":""mouse""},""endpoint_family"":""T1/2"",""normalized_unit"":""log10(h)"",""parameter_basis"":""elapsed_time"",""parameter_semantics"":""systemic_terminal_pk"",""target_kind"":""regression"",""target_transform"":""log10""}"	0	0	log10	1	1
mlv1.t1_2.regression.systemic_terminal_pk.e28bd1cff785ee4f	T1/2	systemic_terminal_pk	log10(h)	false	1	1	1	-0.173925197299	-0.173925197299	-0.173925197299	-0.173925197299	-0.173925197299	-0.173925197299	-0.173925197299	-0.173925197299	-0.173925197299	-0.173925197299	0	0	0	1	0	1	0	0	systemic_terminal_pk	0	1	1	elapsed_time	false	"{""assay_family"":""systemic_terminal_pk"",""binary_evidence_lane"":""not_binary"",""condition"":{""assay"":""other_radioiodination_assay"",""matrix"":""blood"",""protease"":""not_applicable"",""route"":""route_not_reported"",""species"":""mouse""},""endpoint_family"":""T1/2"",""normalized_unit"":""log10(h)"",""parameter_basis"":""elapsed_time"",""parameter_semantics"":""systemic_terminal_pk"",""target_kind"":""regression"",""target_transform"":""log10""}"	0	0	log10	1	1
mlv1.t1_2.regression.systemic_terminal_pk.e63e9ef809e7c233	T1/2	systemic_terminal_pk	log10(h)	false	2-4	3	3	-0.36653154442	-0.357617288611	-0.321960265373	-0.143675149186	0.0791812460476	0.366196879911	0.595809387002	0.64173188842	0.653212513775	0.121954071801	0.511215827242	0.509872029098	0.445712790468	0.333333333333	0	1	2	0	systemic_terminal_pk	0	3	1	elapsed_time	false	"{""assay_family"":""systemic_terminal_pk"",""binary_evidence_lane"":""not_binary"",""condition"":{""assay"":""uplc_ms"",""matrix"":""plasma"",""protease"":""not_applicable"",""route"":""iv"",""species"":""mouse""},""endpoint_family"":""T1/2"",""normalized_unit"":""log10(h)"",""parameter_basis"":""elapsed_time"",""parameter_semantics"":""systemic_terminal_pk"",""target_kind"":""regression"",""target_transform"":""log10""}"	0	0	log10	3	1
mlv1.t1_2.regression.systemic_terminal_pk.e78ac1e93903d172	T1/2	systemic_terminal_pk	log10(h)	false	1	1	1	0.2749271931	0.2749271931	0.2749271931	0.2749271931	0.2749271931	0.2749271931	0.2749271931	0.2749271931	0.2749271931	0.2749271931	0	0	0	1	0	0	1	0	systemic_terminal_pk	0	1	1	elapsed_time	false	"{""assay_family"":""systemic_terminal_pk"",""binary_evidence_lane"":""not_binary"",""condition"":{""assay"":""assay_not_reported"",""matrix"":""other_patients_with_severe_renal_672594ef"",""protease"":""not_applicable"",""route"":""route_not_reported"",""species"":""species_not_reported""},""endpoint_family"":""T1/2"",""normalized_unit"":""log10(h)"",""parameter_basis"":""elapsed_time"",""parameter_semantics"":""systemic_terminal_pk"",""target_kind"":""regression"",""target_transform"":""log10""}"	0	0	log10	1	1
mlv1.t1_2.regression.systemic_terminal_pk.eaa5400b7a33c433	T1/2	systemic_terminal_pk	log10(h)	false	1	1	1	-1.57403126773	-1.57403126773	-1.57403126773	-1.57403126773	-1.57403126773	-1.57403126773	-1.57403126773	-1.57403126773	-1.57403126773	-1.57403126773	0	0	0	1	0	1	0	0	systemic_terminal_pk	0	1	1	elapsed_time	false	"{""assay_family"":""systemic_terminal_pk"",""binary_evidence_lane"":""not_binary"",""condition"":{""assay"":""other_kinetic_assay"",""matrix"":""plasma"",""protease"":""not_applicable"",""route"":""route_not_reported"",""species"":""human""},""endpoint_family"":""T1/2"",""normalized_unit"":""log10(h)"",""parameter_basis"":""elapsed_time"",""parameter_semantics"":""systemic_terminal_pk"",""target_kind"":""regression"",""target_transform"":""log10""}"	0	0	log10	1	1
mlv1.t1_2.regression.systemic_terminal_pk.eafb88ef62b5f66f	T1/2	systemic_terminal_pk	log10(h)	false	1	1	1	-1.24667233334	-1.24667233334	-1.24667233334	-1.24667233334	-1.24667233334	-1.24667233334	-1.24667233334	-1.24667233334	-1.24667233334	-1.24667233334	0	0	0	1	0	1	0	0	systemic_terminal_pk	0	1	1	elapsed_time	false	"{""assay_family"":""systemic_terminal_pk"",""binary_evidence_lane"":""not_binary"",""condition"":{""assay"":""other_western_blotting"",""matrix"":""plasma"",""protease"":""not_applicable"",""route"":""route_not_reported"",""species"":""mouse""},""endpoint_family"":""T1/2"",""normalized_unit"":""log10(h)"",""parameter_basis"":""elapsed_time"",""parameter_semantics"":""systemic_terminal_pk"",""target_kind"":""regression"",""target_transform"":""log10""}"	0	0	log10	1	1
mlv1.t1_2.regression.systemic_terminal_pk.ed41a07822e30c04	T1/2	systemic_terminal_pk	log10(h)	false	5-9	7	5	0.119475840907	0.122872765996	0.136460466352	0.176091259056	0.301029995664	0.384195706548	0.521056056274	0.539465646735	0.54406804435	0.297878258875	0.158558815472	0.208104447492	0.124938736608	0.285714285714	0	0	7	0	systemic_terminal_pk	0	3	1	elapsed_time	false	"{""assay_family"":""systemic_terminal_pk"",""binary_evidence_lane"":""not_binary"",""condition"":{""assay"":""mass_spectrometry"",""matrix"":""serum"",""protease"":""not_applicable"",""route"":""route_not_reported"",""species"":""mouse""},""endpoint_family"":""T1/2"",""normalized_unit"":""log10(h)"",""parameter_basis"":""elapsed_time"",""parameter_semantics"":""systemic_terminal_pk"",""target_kind"":""regression"",""target_transform"":""log10""}"	0	4	log10	7	1
mlv1.t1_2.regression.systemic_terminal_pk.edb48d272f432ed2	T1/2	systemic_terminal_pk	log10(h)	false	1	1	1	1.46834733041	1.46834733041	1.46834733041	1.46834733041	1.46834733041	1.46834733041	1.46834733041	1.46834733041	1.46834733041	1.46834733041	0	0	0	1	0	0	1	0	systemic_terminal_pk	0	1	1	elapsed_time	false	"{""assay_family"":""systemic_terminal_pk"",""binary_evidence_lane"":""not_binary"",""condition"":{""assay"":""other_flurorescence_assay"",""matrix"":""plasma"",""protease"":""not_applicable"",""route"":""iv"",""species"":""mouse""},""endpoint_family"":""T1/2"",""normalized_unit"":""log10(h)"",""parameter_basis"":""elapsed_time"",""parameter_semantics"":""systemic_terminal_pk"",""target_kind"":""regression"",""target_transform"":""log10""}"	0	0	log10	1	1
mlv1.t1_2.regression.systemic_terminal_pk.ef0c3ddb23e8acc1	T1/2	systemic_terminal_pk	log10(h)	false	1	1	1	-0.0879551703551	-0.0879551703551	-0.0879551703551	-0.0879551703551	-0.0879551703551	-0.0879551703551	-0.0879551703551	-0.0879551703551	-0.0879551703551	-0.0879551703551	0	0	0	1	0	1	0	0	systemic_terminal_pk	0	1	1	elapsed_time	false	"{""assay_family"":""systemic_terminal_pk"",""binary_evidence_lane"":""not_binary"",""condition"":{""assay"":""lc_ms"",""matrix"":""other_sprague_dawley_rats_brain_d_75c7c181"",""protease"":""not_applicable"",""route"":""iv"",""species"":""rat""},""endpoint_family"":""T1/2"",""normalized_unit"":""log10(h)"",""parameter_basis"":""elapsed_time"",""parameter_semantics"":""systemic_terminal_pk"",""target_kind"":""regression"",""target_transform"":""log10""}"	0	0	log10	1	1
mlv1.t1_2.regression.systemic_terminal_pk.ef35c285bbc2a985	T1/2	systemic_terminal_pk	log10(h)	false	1	1	1	-1.38021124171	-1.38021124171	-1.38021124171	-1.38021124171	-1.38021124171	-1.38021124171	-1.38021124171	-1.38021124171	-1.38021124171	-1.38021124171	0	0	0	1	0	1	0	0	systemic_terminal_pk	0	1	1	elapsed_time	false	"{""assay_family"":""systemic_terminal_pk"",""binary_evidence_lane"":""not_binary"",""condition"":{""assay"":""radioimmunoassay"",""matrix"":""other_intravenous_bolus_injection_7becd90f"",""protease"":""not_applicable"",""route"":""iv"",""species"":""human""},""endpoint_family"":""T1/2"",""normalized_unit"":""log10(h)"",""parameter_basis"":""elapsed_time"",""parameter_semantics"":""systemic_terminal_pk"",""target_kind"":""regression"",""target_transform"":""log10""}"	0	0	log10	1	1
mlv1.t1_2.regression.systemic_terminal_pk.ef787f55f520e01b	T1/2	systemic_terminal_pk	log10(h)	false	1	1	1	0.204119982656	0.204119982656	0.204119982656	0.204119982656	0.204119982656	0.204119982656	0.204119982656	0.204119982656	0.204119982656	0.204119982656	0	0	0	1	0	0	1	0	systemic_terminal_pk	0	1	1	elapsed_time	false	"{""assay_family"":""systemic_terminal_pk"",""binary_evidence_lane"":""not_binary"",""condition"":{""assay"":""hplc"",""matrix"":""blood"",""protease"":""not_applicable"",""route"":""route_not_reported"",""species"":""species_not_reported""},""endpoint_family"":""T1/2"",""normalized_unit"":""log10(h)"",""parameter_basis"":""elapsed_time"",""parameter_semantics"":""systemic_terminal_pk"",""target_kind"":""regression"",""target_transform"":""log10""}"	0	0	log10	1	1
mlv1.t1_2.regression.systemic_terminal_pk.f1e69576953d2563	T1/2	systemic_terminal_pk	log10(h)	false	2-4	4	4	-0.130768280269	-0.128217956578	-0.118016661813	-0.0670101879878	0.393375711073	0.836120515784	0.844788363173	0.846521932651	0.84695532502	0.375734616724	0.536933420628	0.903130703772	0.44635640779	0.25	0	2	2	0	systemic_terminal_pk	0	4	1	elapsed_time	false	"{""assay_family"":""systemic_terminal_pk"",""binary_evidence_lane"":""not_binary"",""condition"":{""assay"":""elisa"",""matrix"":""plasma"",""protease"":""not_applicable"",""route"":""ip"",""species"":""mouse""},""endpoint_family"":""T1/2"",""normalized_unit"":""log10(h)"",""parameter_basis"":""elapsed_time"",""parameter_semantics"":""systemic_terminal_pk"",""target_kind"":""regression"",""target_transform"":""log10""}"	0	0	log10	4	1
mlv1.t1_2.regression.systemic_terminal_pk.f219633f8445e45d	T1/2	systemic_terminal_pk	log10(h)	false	2-4	2	2	1.70842090013	1.70848836471	1.70875822302	1.71010751456	1.71179412899	1.71348074342	1.71483003496	1.71509989327	1.71516735785	1.71179412899	0.0047704660028	0.00337322886	0.00337322886	0.5	0	0	2	0	systemic_terminal_pk	0	2	1	elapsed_time	false	"{""assay_family"":""systemic_terminal_pk"",""binary_evidence_lane"":""not_binary"",""condition"":{""assay"":""other_bca_protein_assay"",""matrix"":""plasma"",""protease"":""not_applicable"",""route"":""sc"",""species"":""mouse""},""endpoint_family"":""T1/2"",""normalized_unit"":""log10(h)"",""parameter_basis"":""elapsed_time"",""parameter_semantics"":""systemic_terminal_pk"",""target_kind"":""regression"",""target_transform"":""log10""}"	0	0	log10	2	1
mlv1.t1_2.regression.systemic_terminal_pk.f400daeb5c5ed86d	T1/2	systemic_terminal_pk	log10(h)	false	1	1	1	0.431578177633	0.431578177633	0.431578177633	0.431578177633	0.431578177633	0.431578177633	0.431578177633	0.431578177633	0.431578177633	0.431578177633	0	0	0	1	0	0	1	0	systemic_terminal_pk	0	1	1	elapsed_time	false	"{""assay_family"":""systemic_terminal_pk"",""binary_evidence_lane"":""not_binary"",""condition"":{""assay"":""hplc"",""matrix"":""other_chorioallantoic_membrane_of_66545cc8"",""protease"":""not_applicable"",""route"":""route_not_reported"",""species"":""species_not_reported""},""endpoint_family"":""T1/2"",""normalized_unit"":""log10(h)"",""parameter_basis"":""elapsed_time"",""parameter_semantics"":""systemic_terminal_pk"",""target_kind"":""regression"",""target_transform"":""log10""}"	0	0	log10	1	1
mlv1.t1_2.regression.systemic_terminal_pk.f4e4b55b051607d8	T1/2	systemic_terminal_pk	log10(h)	false	1	1	1	0.361727836018	0.361727836018	0.361727836018	0.361727836018	0.361727836018	0.361727836018	0.361727836018	0.361727836018	0.361727836018	0.361727836018	0	0	0	1	0	0	1	0	systemic_terminal_pk	0	1	1	elapsed_time	false	"{""assay_family"":""systemic_terminal_pk"",""binary_evidence_lane"":""not_binary"",""condition"":{""assay"":""elisa"",""matrix"":""plasma"",""protease"":""not_applicable"",""route"":""iv"",""species"":""human""},""endpoint_family"":""T1/2"",""normalized_unit"":""log10(h)"",""parameter_basis"":""elapsed_time"",""parameter_semantics"":""systemic_terminal_pk"",""target_kind"":""regression"",""target_transform"":""log10""}"	0	0	log10	1	1
mlv1.t1_2.regression.systemic_terminal_pk.f5a386a03b424292	T1/2	systemic_terminal_pk	log10(h)	false	1	1	1	-1.77815125038	-1.77815125038	-1.77815125038	-1.77815125038	-1.77815125038	-1.77815125038	-1.77815125038	-1.77815125038	-1.77815125038	-1.77815125038	0	0	0	1	0	1	0	0	systemic_terminal_pk	0	1	1	elapsed_time	false	"{""assay_family"":""systemic_terminal_pk"",""binary_evidence_lane"":""not_binary"",""condition"":{""assay"":""other_aptt_based_assay"",""matrix"":""cellular_matrix"",""protease"":""not_applicable"",""route"":""route_not_reported"",""species"":""species_not_reported""},""endpoint_family"":""T1/2"",""normalized_unit"":""log10(h)"",""parameter_basis"":""elapsed_time"",""parameter_semantics"":""systemic_terminal_pk"",""target_kind"":""regression"",""target_transform"":""log10""}"	0	0	log10	1	1
mlv1.t1_2.regression.systemic_terminal_pk.f686f2b1cf5f9abb	T1/2	systemic_terminal_pk	log10(h)	false	1	1	1	-0.45593195565	-0.45593195565	-0.45593195565	-0.45593195565	-0.45593195565	-0.45593195565	-0.45593195565	-0.45593195565	-0.45593195565	-0.45593195565	0	0	0	1	0	1	0	0	systemic_terminal_pk	0	1	1	elapsed_time	false	"{""assay_family"":""systemic_terminal_pk"",""binary_evidence_lane"":""not_binary"",""condition"":{""assay"":""assay_not_reported"",""matrix"":""plasma"",""protease"":""not_applicable"",""route"":""route_not_reported"",""species"":""dog""},""endpoint_family"":""T1/2"",""normalized_unit"":""log10(h)"",""parameter_basis"":""elapsed_time"",""parameter_semantics"":""systemic_terminal_pk"",""target_kind"":""regression"",""target_transform"":""log10""}"	0	0	log10	1	1
mlv1.t1_2.regression.systemic_terminal_pk.f909fba8ae07f3c5	T1/2	systemic_terminal_pk	log10(h)	false	1	1	1	1.30102999566	1.30102999566	1.30102999566	1.30102999566	1.30102999566	1.30102999566	1.30102999566	1.30102999566	1.30102999566	1.30102999566	0	0	0	1	0	0	1	0	systemic_terminal_pk	0	1	1	elapsed_time	false	"{""assay_family"":""systemic_terminal_pk"",""binary_evidence_lane"":""not_binary"",""condition"":{""assay"":""other_camp_assay"",""matrix"":""other_rabbits_rabbits"",""protease"":""not_applicable"",""route"":""iv"",""species"":""rabbit""},""endpoint_family"":""T1/2"",""normalized_unit"":""log10(h)"",""parameter_basis"":""elapsed_time"",""parameter_semantics"":""systemic_terminal_pk"",""target_kind"":""regression"",""target_transform"":""log10""}"	0	0	log10	1	1
mlv1.t1_2.regression.systemic_terminal_pk.f9f5ca0095f7a889	T1/2	systemic_terminal_pk	log10(h)	false	1	1	1	0.176091259056	0.176091259056	0.176091259056	0.176091259056	0.176091259056	0.176091259056	0.176091259056	0.176091259056	0.176091259056	0.176091259056	0	0	0	1	0	0	1	0	systemic_terminal_pk	0	1	1	elapsed_time	false	"{""assay_family"":""systemic_terminal_pk"",""binary_evidence_lane"":""not_binary"",""condition"":{""assay"":""hplc"",""matrix"":""other_sprague_dawley_rats_dose_i_9922b3d9"",""protease"":""not_applicable"",""route"":""im"",""species"":""rat""},""endpoint_family"":""T1/2"",""normalized_unit"":""log10(h)"",""parameter_basis"":""elapsed_time"",""parameter_semantics"":""systemic_terminal_pk"",""target_kind"":""regression"",""target_transform"":""log10""}"	0	0	log10	1	1
mlv1.t1_2.regression.systemic_terminal_pk.fa5cf32de226b338	T1/2	systemic_terminal_pk	log10(h)	false	2-4	2	2	-0.778151250384	-0.764668201754	-0.710736007232	-0.441075034622	-0.10399881886	0.233077396903	0.502738369513	0.556670564035	0.570153612665	-0.10399881886	0.953395511769	0.674152431524	0.674152431524	0.5	0	1	1	0	systemic_terminal_pk	0	2	1	elapsed_time	false	"{""assay_family"":""systemic_terminal_pk"",""binary_evidence_lane"":""not_binary"",""condition"":{""assay"":""hplc"",""matrix"":""other_subcutaneously_injected_to_edb9bd3b"",""protease"":""not_applicable"",""route"":""sc"",""species"":""rat""},""endpoint_family"":""T1/2"",""normalized_unit"":""log10(h)"",""parameter_basis"":""elapsed_time"",""parameter_semantics"":""systemic_terminal_pk"",""target_kind"":""regression"",""target_transform"":""log10""}"	0	0	log10	2	1
mlv1.t1_2.regression.systemic_terminal_pk.fae2e31d61f03bd2	T1/2	systemic_terminal_pk	log10(h)	false	1	1	1	-0.154901959986	-0.154901959986	-0.154901959986	-0.154901959986	-0.154901959986	-0.154901959986	-0.154901959986	-0.154901959986	-0.154901959986	-0.154901959986	0	0	0	1	0	1	0	0	systemic_terminal_pk	0	1	1	elapsed_time	false	"{""assay_family"":""systemic_terminal_pk"",""binary_evidence_lane"":""not_binary"",""condition"":{""assay"":""elisa"",""matrix"":""other_subcutaneously_administion_b77d513c"",""protease"":""not_applicable"",""route"":""sc"",""species"":""rat""},""endpoint_family"":""T1/2"",""normalized_unit"":""log10(h)"",""parameter_basis"":""elapsed_time"",""parameter_semantics"":""systemic_terminal_pk"",""target_kind"":""regression"",""target_transform"":""log10""}"	0	0	log10	1	1
mlv1.t1_2.regression.systemic_terminal_pk.fb1bce3724b30fbe	T1/2	systemic_terminal_pk	log10(h)	false	1	1	1	-1.47712125472	-1.47712125472	-1.47712125472	-1.47712125472	-1.47712125472	-1.47712125472	-1.47712125472	-1.47712125472	-1.47712125472	-1.47712125472	0	0	0	1	0	1	0	0	systemic_terminal_pk	0	1	1	elapsed_time	false	"{""assay_family"":""systemic_terminal_pk"",""binary_evidence_lane"":""not_binary"",""condition"":{""assay"":""other_tca_precipitation"",""matrix"":""other_rat_duodenum_luminal_flushi_4a656494"",""protease"":""not_applicable"",""route"":""route_not_reported"",""species"":""rat""},""endpoint_family"":""T1/2"",""normalized_unit"":""log10(h)"",""parameter_basis"":""elapsed_time"",""parameter_semantics"":""systemic_terminal_pk"",""target_kind"":""regression"",""target_transform"":""log10""}"	0	0	log10	1	1
mlv1.t1_2.regression.systemic_terminal_pk.fb4fdfe0dc53831d	T1/2	systemic_terminal_pk	log10(h)	false	1	1	1	-0.36653154442	-0.36653154442	-0.36653154442	-0.36653154442	-0.36653154442	-0.36653154442	-0.36653154442	-0.36653154442	-0.36653154442	-0.36653154442	0	0	0	1	0	1	0	0	systemic_terminal_pk	0	1	1	elapsed_time	false	"{""assay_family"":""systemic_terminal_pk"",""binary_evidence_lane"":""not_binary"",""condition"":{""assay"":""uplc_ms"",""matrix"":""serum"",""protease"":""not_applicable"",""route"":""iv"",""species"":""rat""},""endpoint_family"":""T1/2"",""normalized_unit"":""log10(h)"",""parameter_basis"":""elapsed_time"",""parameter_semantics"":""systemic_terminal_pk"",""target_kind"":""regression"",""target_transform"":""log10""}"	0	0	log10	1	1
mlv1.t1_2.regression.systemic_terminal_pk.fb63472535b1bb79	T1/2	systemic_terminal_pk	log10(h)	false	1	1	1	1.97772360529	1.97772360529	1.97772360529	1.97772360529	1.97772360529	1.97772360529	1.97772360529	1.97772360529	1.97772360529	1.97772360529	0	0	0	1	0	0	1	0	systemic_terminal_pk	0	1	1	elapsed_time	false	"{""assay_family"":""systemic_terminal_pk"",""binary_evidence_lane"":""not_binary"",""condition"":{""assay"":""lc_ms_ms"",""matrix"":""plasma"",""protease"":""not_applicable"",""route"":""sc"",""species"":""monkey_unspecified""},""endpoint_family"":""T1/2"",""normalized_unit"":""log10(h)"",""parameter_basis"":""elapsed_time"",""parameter_semantics"":""systemic_terminal_pk"",""target_kind"":""regression"",""target_transform"":""log10""}"	0	0	log10	1	1
mlv1.t1_2.regression.systemic_terminal_pk.fb925936971d7201	T1/2	systemic_terminal_pk	log10(h)	false	1	1	1	1.77451696573	1.77451696573	1.77451696573	1.77451696573	1.77451696573	1.77451696573	1.77451696573	1.77451696573	1.77451696573	1.77451696573	0	0	0	1	0	0	1	0	systemic_terminal_pk	0	1	1	elapsed_time	false	"{""assay_family"":""systemic_terminal_pk"",""binary_evidence_lane"":""not_binary"",""condition"":{""assay"":""radioimmunoassay"",""matrix"":""plasma"",""protease"":""not_applicable"",""route"":""iv"",""species"":""monkey_unspecified""},""endpoint_family"":""T1/2"",""normalized_unit"":""log10(h)"",""parameter_basis"":""elapsed_time"",""parameter_semantics"":""systemic_terminal_pk"",""target_kind"":""regression"",""target_transform"":""log10""}"	0	0	log10	1	1
mlv1.t1_2.regression.systemic_terminal_pk.fc8d6b08f7babe5b	T1/2	systemic_terminal_pk	log10(h)	false	2-4	2	2	-1.30102999566	-1.2695687153	-1.14372359388	-0.514497986742	0.272034022175	1.05856603109	1.68779163823	1.81363675965	1.84509804001	0.272034022175	2.2246484685	1.57306401784	1.57306401784	0.5	0	1	1	0	systemic_terminal_pk	0	1	1	elapsed_time	false	"{""assay_family"":""systemic_terminal_pk"",""binary_evidence_lane"":""not_binary"",""condition"":{""assay"":""lc_ms"",""matrix"":""plasma"",""protease"":""not_applicable"",""route"":""iv"",""species"":""dog""},""endpoint_family"":""T1/2"",""normalized_unit"":""log10(h)"",""parameter_basis"":""elapsed_time"",""parameter_semantics"":""systemic_terminal_pk"",""target_kind"":""regression"",""target_transform"":""log10""}"	0	1	log10	2	1
mlv1.t1_2.regression.systemic_terminal_pk.fd9feb3993cbed92	T1/2	systemic_terminal_pk	log10(h)	false	1	1	1	0.54406804435	0.54406804435	0.54406804435	0.54406804435	0.54406804435	0.54406804435	0.54406804435	0.54406804435	0.54406804435	0.54406804435	0	0	0	1	0	0	1	0	systemic_terminal_pk	0	1	1	elapsed_time	false	"{""assay_family"":""systemic_terminal_pk"",""binary_evidence_lane"":""not_binary"",""condition"":{""assay"":""other_ids_isys_chemiluminescence_assay"",""matrix"":""serum"",""protease"":""not_applicable"",""route"":""route_not_reported"",""species"":""human""},""endpoint_family"":""T1/2"",""normalized_unit"":""log10(h)"",""parameter_basis"":""elapsed_time"",""parameter_semantics"":""systemic_terminal_pk"",""target_kind"":""regression"",""target_transform"":""log10""}"	0	0	log10	1	1
mlv1.t1_2.regression.systemic_terminal_pk.ff83da23d1b8393a	T1/2	systemic_terminal_pk	log10(h)	false	1	1	1	0.954242509439	0.954242509439	0.954242509439	0.954242509439	0.954242509439	0.954242509439	0.954242509439	0.954242509439	0.954242509439	0.954242509439	0	0	0	1	0	0	1	0	systemic_terminal_pk	0	1	1	elapsed_time	false	"{""assay_family"":""systemic_terminal_pk"",""binary_evidence_lane"":""not_binary"",""condition"":{""assay"":""elisa"",""matrix"":""plasma"",""protease"":""not_applicable"",""route"":""sc"",""species"":""monkey_unspecified""},""endpoint_family"":""T1/2"",""normalized_unit"":""log10(h)"",""parameter_basis"":""elapsed_time"",""parameter_semantics"":""systemic_terminal_pk"",""target_kind"":""regression"",""target_transform"":""log10""}"	0	0	log10	1	1
mlv1.vd.regression.apparent_volume.15c612ec6aa7aa38	Vd	apparent_volume	L	false	1	1	1	18.2	18.2	18.2	18.2	18.2	18.2	18.2	18.2	18.2	18.2	0	0	0	1	0	0	1	0	noncompartmental_analysis	0	1	1	apparent_over_f	false	"{""assay_family"":""noncompartmental_analysis"",""binary_evidence_lane"":""not_binary"",""condition"":{""analyte"":""parent_or_named_active_moiety"",""dose"":""10_mg"",""formulation"":""lyophilized"",""matrix"":""plasma"",""method"":""noncompartmental_analysis"",""route"":""subcutaneous"",""species"":""human"",""timepoint"":""single_dose"",""volume_subtype"":""vz""},""endpoint_family"":""Vd"",""normalized_unit"":""L"",""parameter_basis"":""apparent_over_f"",""parameter_semantics"":""apparent_volume"",""target_kind"":""regression"",""target_transform"":""identity""}"	0	0	identity	1	1
mlv1.vd.regression.apparent_volume.196db71025aaec52	Vd	apparent_volume	L/kg	false	1	1	1	1.83	1.83	1.83	1.83	1.83	1.83	1.83	1.83	1.83	1.83	0	0	0	1	0	0	1	0	noncompartmental_analysis	0	1	1	apparent_over_f	false	"{""assay_family"":""noncompartmental_analysis"",""binary_evidence_lane"":""not_binary"",""condition"":{""analyte"":""parent_or_named_active_moiety"",""dose"":""30_microgram_kg"",""formulation"":""unspecified"",""matrix"":""plasma"",""method"":""noncompartmental_analysis"",""route"":""subcutaneous"",""species"":""human"",""timepoint"":""day_1"",""volume_subtype"":""vz""},""endpoint_family"":""Vd"",""normalized_unit"":""L/kg"",""parameter_basis"":""apparent_over_f"",""parameter_semantics"":""apparent_volume"",""target_kind"":""regression"",""target_transform"":""identity""}"	0	0	identity	1	1
mlv1.vd.regression.apparent_volume.1bc873dad815aefc	Vd	apparent_volume	L/kg	false	1	1	1	12.333	12.333	12.333	12.333	12.333	12.333	12.333	12.333	12.333	12.333	0	0	0	1	0	0	1	0	noncompartmental_analysis	0	0	1	apparent_over_f	false	"{""assay_family"":""noncompartmental_analysis"",""binary_evidence_lane"":""not_binary"",""condition"":{""analyte"":""parent_or_named_active_moiety"",""dose"":""4_70_mg_kg"",""formulation"":""unspecified"",""matrix"":""plasma"",""method"":""noncompartmental_analysis"",""route"":""intraperitoneal"",""species"":""rat"",""timepoint"":""not_reported"",""volume_subtype"":""vz""},""endpoint_family"":""Vd"",""normalized_unit"":""L/kg"",""parameter_basis"":""apparent_over_f"",""parameter_semantics"":""apparent_volume"",""target_kind"":""regression"",""target_transform"":""identity""}"	1	0	identity	1	1
mlv1.vd.regression.apparent_volume.2072829c29b02cc1	Vd	apparent_volume	L/kg	false	1	1	1	12.738	12.738	12.738	12.738	12.738	12.738	12.738	12.738	12.738	12.738	0	0	0	1	0	0	1	0	noncompartmental_analysis	0	0	1	apparent_over_f	false	"{""assay_family"":""noncompartmental_analysis"",""binary_evidence_lane"":""not_binary"",""condition"":{""analyte"":""parent_or_named_active_moiety"",""dose"":""9_40_mg_kg"",""formulation"":""unspecified"",""matrix"":""plasma"",""method"":""noncompartmental_analysis"",""route"":""intraperitoneal"",""species"":""rat"",""timepoint"":""not_reported"",""volume_subtype"":""vz""},""endpoint_family"":""Vd"",""normalized_unit"":""L/kg"",""parameter_basis"":""apparent_over_f"",""parameter_semantics"":""apparent_volume"",""target_kind"":""regression"",""target_transform"":""identity""}"	1	0	identity	1	1
mlv1.vd.regression.apparent_volume.3412b5c30a456e68	Vd	apparent_volume	L/kg	false	1	1	1	3.02	3.02	3.02	3.02	3.02	3.02	3.02	3.02	3.02	3.02	0	0	0	1	0	0	1	0	noncompartmental_analysis	0	1	1	apparent_over_f	false	"{""assay_family"":""noncompartmental_analysis"",""binary_evidence_lane"":""not_binary"",""condition"":{""analyte"":""parent_or_named_active_moiety"",""dose"":""15_microgram_kg_once_daily"",""formulation"":""unspecified"",""matrix"":""plasma"",""method"":""noncompartmental_analysis"",""route"":""subcutaneous"",""species"":""human"",""timepoint"":""week_26"",""volume_subtype"":""vz""},""endpoint_family"":""Vd"",""normalized_unit"":""L/kg"",""parameter_basis"":""apparent_over_f"",""parameter_semantics"":""apparent_volume"",""target_kind"":""regression"",""target_transform"":""identity""}"	0	0	identity	1	1
mlv1.vd.regression.apparent_volume.361ae92beed69cef	Vd	apparent_volume	L/kg	false	1	1	1	2.56	2.56	2.56	2.56	2.56	2.56	2.56	2.56	2.56	2.56	0	0	0	1	0	0	1	0	noncompartmental_analysis	0	1	1	apparent_over_f	false	"{""assay_family"":""noncompartmental_analysis"",""binary_evidence_lane"":""not_binary"",""condition"":{""analyte"":""parent_or_named_active_moiety"",""dose"":""15_microgram_kg"",""formulation"":""unspecified"",""matrix"":""plasma"",""method"":""noncompartmental_analysis"",""route"":""subcutaneous"",""species"":""human"",""timepoint"":""day_1"",""volume_subtype"":""vz""},""endpoint_family"":""Vd"",""normalized_unit"":""L/kg"",""parameter_basis"":""apparent_over_f"",""parameter_semantics"":""apparent_volume"",""target_kind"":""regression"",""target_transform"":""identity""}"	0	0	identity	1	1
mlv1.vd.regression.apparent_volume.3989cbb22ff80362	Vd	apparent_volume	L/kg	false	1	1	1	2.88	2.88	2.88	2.88	2.88	2.88	2.88	2.88	2.88	2.88	0	0	0	1	0	0	1	0	noncompartmental_analysis	0	1	1	apparent_over_f	false	"{""assay_family"":""noncompartmental_analysis"",""binary_evidence_lane"":""not_binary"",""condition"":{""analyte"":""parent_or_named_active_moiety"",""dose"":""15_microgram_kg_once_daily"",""formulation"":""unspecified"",""matrix"":""plasma"",""method"":""noncompartmental_analysis"",""route"":""subcutaneous"",""species"":""human"",""timepoint"":""day_1"",""volume_subtype"":""vz""},""endpoint_family"":""Vd"",""normalized_unit"":""L/kg"",""parameter_basis"":""apparent_over_f"",""parameter_semantics"":""apparent_volume"",""target_kind"":""regression"",""target_transform"":""identity""}"	0	0	identity	1	1
mlv1.vd.regression.apparent_volume.3f33fd836afe4c51	Vd	apparent_volume	L	false	1	1	1	356.63	356.63	356.63	356.63	356.63	356.63	356.63	356.63	356.63	356.63	0	0	0	1	0	0	1	0	noncompartmental_analysis	0	1	1	apparent_over_f	false	"{""assay_family"":""noncompartmental_analysis"",""binary_evidence_lane"":""not_binary"",""condition"":{""analyte"":""parent_or_named_active_moiety"",""dose"":""0_1_mg_three_times_daily"",""formulation"":""unspecified"",""matrix"":""plasma"",""method"":""noncompartmental_analysis"",""route"":""subcutaneous"",""species"":""human"",""timepoint"":""d6"",""volume_subtype"":""vz""},""endpoint_family"":""Vd"",""normalized_unit"":""L"",""parameter_basis"":""apparent_over_f"",""parameter_semantics"":""apparent_volume"",""target_kind"":""regression"",""target_transform"":""identity""}"	0	0	identity	1	1
mlv1.vd.regression.apparent_volume.4b43106d3d3d700d	Vd	apparent_volume	L	false	1	1	1	47.3	47.3	47.3	47.3	47.3	47.3	47.3	47.3	47.3	47.3	0	0	0	1	0	0	1	0	noncompartmental_analysis	0	1	1	apparent_over_f	false	"{""assay_family"":""noncompartmental_analysis"",""binary_evidence_lane"":""not_binary"",""condition"":{""analyte"":""parent_or_named_active_moiety"",""dose"":""30_mg"",""formulation"":""lyophilized"",""matrix"":""plasma"",""method"":""noncompartmental_analysis"",""route"":""subcutaneous"",""species"":""human"",""timepoint"":""single_dose"",""volume_subtype"":""vz""},""endpoint_family"":""Vd"",""normalized_unit"":""L"",""parameter_basis"":""apparent_over_f"",""parameter_semantics"":""apparent_volume"",""target_kind"":""regression"",""target_transform"":""identity""}"	0	0	identity	1	1
mlv1.vd.regression.apparent_volume.4c2b94f18663773d	Vd	apparent_volume	L/kg	false	1	1	1	10.95	10.95	10.95	10.95	10.95	10.95	10.95	10.95	10.95	10.95	0	0	0	1	0	0	1	0	noncompartmental_analysis	0	0	1	apparent_over_f	false	"{""assay_family"":""noncompartmental_analysis"",""binary_evidence_lane"":""not_binary"",""condition"":{""analyte"":""parent_or_named_active_moiety"",""dose"":""2_35_mg_kg"",""formulation"":""unspecified"",""matrix"":""plasma"",""method"":""noncompartmental_analysis"",""route"":""intraperitoneal"",""species"":""rat"",""timepoint"":""not_reported"",""volume_subtype"":""vz""},""endpoint_family"":""Vd"",""normalized_unit"":""L/kg"",""parameter_basis"":""apparent_over_f"",""parameter_semantics"":""apparent_volume"",""target_kind"":""regression"",""target_transform"":""identity""}"	1	0	identity	1	1
mlv1.vd.regression.apparent_volume.676b63b5dc5589c4	Vd	apparent_volume	L	false	1	1	1	401.87	401.87	401.87	401.87	401.87	401.87	401.87	401.87	401.87	401.87	0	0	0	1	0	0	1	0	noncompartmental_analysis	0	1	1	apparent_over_f	false	"{""assay_family"":""noncompartmental_analysis"",""binary_evidence_lane"":""not_binary"",""condition"":{""analyte"":""parent_or_named_active_moiety"",""dose"":""0_2_mg_three_times_daily"",""formulation"":""unspecified"",""matrix"":""plasma"",""method"":""noncompartmental_analysis"",""route"":""subcutaneous"",""species"":""human"",""timepoint"":""d12"",""volume_subtype"":""vz""},""endpoint_family"":""Vd"",""normalized_unit"":""L"",""parameter_basis"":""apparent_over_f"",""parameter_semantics"":""apparent_volume"",""target_kind"":""regression"",""target_transform"":""identity""}"	0	0	identity	1	1
mlv1.vd.regression.apparent_volume.9629df411f449bdc	Vd	apparent_volume	L	false	1	1	1	104	104	104	104	104	104	104	104	104	104	0	0	0	1	0	0	1	0	noncompartmental_analysis	0	1	1	apparent_over_f	false	"{""assay_family"":""noncompartmental_analysis"",""binary_evidence_lane"":""not_binary"",""condition"":{""analyte"":""parent_or_named_active_moiety"",""dose"":""60_mg"",""formulation"":""lyophilized"",""matrix"":""plasma"",""method"":""noncompartmental_analysis"",""route"":""subcutaneous"",""species"":""human"",""timepoint"":""single_dose"",""volume_subtype"":""vz""},""endpoint_family"":""Vd"",""normalized_unit"":""L"",""parameter_basis"":""apparent_over_f"",""parameter_semantics"":""apparent_volume"",""target_kind"":""regression"",""target_transform"":""identity""}"	0	0	identity	1	1
mlv1.vd.regression.apparent_volume.a823bf4bf8b837f1	Vd	apparent_volume	L	false	1	1	1	352.11	352.11	352.11	352.11	352.11	352.11	352.11	352.11	352.11	352.11	0	0	0	1	0	0	1	0	noncompartmental_analysis	0	1	1	apparent_over_f	false	"{""assay_family"":""noncompartmental_analysis"",""binary_evidence_lane"":""not_binary"",""condition"":{""analyte"":""parent_or_named_active_moiety"",""dose"":""0_2_mg_three_times_daily"",""formulation"":""unspecified"",""matrix"":""plasma"",""method"":""noncompartmental_analysis"",""route"":""subcutaneous"",""species"":""human"",""timepoint"":""d16"",""volume_subtype"":""vz""},""endpoint_family"":""Vd"",""normalized_unit"":""L"",""parameter_basis"":""apparent_over_f"",""parameter_semantics"":""apparent_volume"",""target_kind"":""regression"",""target_transform"":""identity""}"	0	0	identity	1	1
mlv1.vd.regression.apparent_volume.c2a13a7441bdf45d	Vd	apparent_volume	L	false	1	1	1	79.2	79.2	79.2	79.2	79.2	79.2	79.2	79.2	79.2	79.2	0	0	0	1	0	0	1	0	noncompartmental_analysis	0	1	1	apparent_over_f	false	"{""assay_family"":""noncompartmental_analysis"",""binary_evidence_lane"":""not_binary"",""condition"":{""analyte"":""parent_or_named_active_moiety"",""dose"":""20_mg"",""formulation"":""aqueous"",""matrix"":""plasma"",""method"":""noncompartmental_analysis"",""route"":""subcutaneous"",""species"":""human"",""timepoint"":""single_dose"",""volume_subtype"":""vz""},""endpoint_family"":""Vd"",""normalized_unit"":""L"",""parameter_basis"":""apparent_over_f"",""parameter_semantics"":""apparent_volume"",""target_kind"":""regression"",""target_transform"":""identity""}"	0	0	identity	1	1
mlv1.vd.regression.apparent_volume.ccc29a4177e050e9	Vd	apparent_volume	L/kg	false	1	1	1	2.91	2.91	2.91	2.91	2.91	2.91	2.91	2.91	2.91	2.91	0	0	0	1	0	0	1	0	noncompartmental_analysis	0	1	1	apparent_over_f	false	"{""assay_family"":""noncompartmental_analysis"",""binary_evidence_lane"":""not_binary"",""condition"":{""analyte"":""parent_or_named_active_moiety"",""dose"":""15_microgram_kg_once_daily"",""formulation"":""unspecified"",""matrix"":""plasma"",""method"":""noncompartmental_analysis"",""route"":""subcutaneous"",""species"":""human"",""timepoint"":""week_52"",""volume_subtype"":""vz""},""endpoint_family"":""Vd"",""normalized_unit"":""L/kg"",""parameter_basis"":""apparent_over_f"",""parameter_semantics"":""apparent_volume"",""target_kind"":""regression"",""target_transform"":""identity""}"	0	0	identity	1	1
mlv1.vd.regression.apparent_volume.d154ade8c4d0142d	Vd	apparent_volume	L	false	1	1	1	297.46	297.46	297.46	297.46	297.46	297.46	297.46	297.46	297.46	297.46	0	0	0	1	0	0	1	0	noncompartmental_analysis	0	1	1	apparent_over_f	false	"{""assay_family"":""noncompartmental_analysis"",""binary_evidence_lane"":""not_binary"",""condition"":{""analyte"":""parent_or_named_active_moiety"",""dose"":""0_14_mg_three_times_daily"",""formulation"":""unspecified"",""matrix"":""plasma"",""method"":""noncompartmental_analysis"",""route"":""subcutaneous"",""species"":""human"",""timepoint"":""d7"",""volume_subtype"":""vz""},""endpoint_family"":""Vd"",""normalized_unit"":""L"",""parameter_basis"":""apparent_over_f"",""parameter_semantics"":""apparent_volume"",""target_kind"":""regression"",""target_transform"":""identity""}"	0	0	identity	1	1
mlv1.vd.regression.apparent_volume.d1f4e7c3f8e92dae	Vd	apparent_volume	L	false	1	1	1	40.5	40.5	40.5	40.5	40.5	40.5	40.5	40.5	40.5	40.5	0	0	0	1	0	0	1	0	noncompartmental_analysis	0	1	1	apparent_over_f	false	"{""assay_family"":""noncompartmental_analysis"",""binary_evidence_lane"":""not_binary"",""condition"":{""analyte"":""parent_or_named_active_moiety"",""dose"":""20_mg"",""formulation"":""lyophilized"",""matrix"":""plasma"",""method"":""noncompartmental_analysis"",""route"":""subcutaneous"",""species"":""human"",""timepoint"":""single_dose"",""volume_subtype"":""vz""},""endpoint_family"":""Vd"",""normalized_unit"":""L"",""parameter_basis"":""apparent_over_f"",""parameter_semantics"":""apparent_volume"",""target_kind"":""regression"",""target_transform"":""identity""}"	0	0	identity	1	1
mlv1.vd.regression.apparent_volume.e2e1dba3dfd57ec4	Vd	apparent_volume	L	false	1	1	1	292.55	292.55	292.55	292.55	292.55	292.55	292.55	292.55	292.55	292.55	0	0	0	1	0	0	1	0	noncompartmental_analysis	0	1	1	apparent_over_f	false	"{""assay_family"":""noncompartmental_analysis"",""binary_evidence_lane"":""not_binary"",""condition"":{""analyte"":""parent_or_named_active_moiety"",""dose"":""0_14_mg_three_times_daily"",""formulation"":""unspecified"",""matrix"":""plasma"",""method"":""noncompartmental_analysis"",""route"":""subcutaneous"",""species"":""human"",""timepoint"":""d11"",""volume_subtype"":""vz""},""endpoint_family"":""Vd"",""normalized_unit"":""L"",""parameter_basis"":""apparent_over_f"",""parameter_semantics"":""apparent_volume"",""target_kind"":""regression"",""target_transform"":""identity""}"	0	0	identity	1	1
mlv1.vd.regression.apparent_volume.f419e7a6eb7af827	Vd	apparent_volume	L	false	1	1	1	54.2	54.2	54.2	54.2	54.2	54.2	54.2	54.2	54.2	54.2	0	0	0	1	0	0	1	0	noncompartmental_analysis	0	1	1	apparent_over_f	false	"{""assay_family"":""noncompartmental_analysis"",""binary_evidence_lane"":""not_binary"",""condition"":{""analyte"":""parent_or_named_active_moiety"",""dose"":""45_mg"",""formulation"":""lyophilized"",""matrix"":""plasma"",""method"":""noncompartmental_analysis"",""route"":""subcutaneous"",""species"":""human"",""timepoint"":""single_dose"",""volume_subtype"":""vz""},""endpoint_family"":""Vd"",""normalized_unit"":""L"",""parameter_basis"":""apparent_over_f"",""parameter_semantics"":""apparent_volume"",""target_kind"":""regression"",""target_transform"":""identity""}"	0	0	identity	1	1
mlv1.vd.regression.compartment_volume.d4252657b8025adf	Vd	compartment_volume	L	false	1	1	1	5.87	5.87	5.87	5.87	5.87	5.87	5.87	5.87	5.87	5.87	0	0	0	1	0	0	1	0	population_pk	0	0	1	absolute	false	"{""assay_family"":""population_pk"",""binary_evidence_lane"":""not_binary"",""condition"":{""analyte"":""parent_or_named_active_moiety"",""dose"":""0_2_0_8_1_6_and_3_2_mg_kg"",""formulation"":""unspecified"",""matrix"":""plasma"",""method"":""population_pk"",""route"":""intravenous"",""species"":""human"",""timepoint"":""all_visits_pooled"",""volume_subtype"":""vc""},""endpoint_family"":""Vd"",""normalized_unit"":""L"",""parameter_basis"":""absolute"",""parameter_semantics"":""compartment_volume"",""target_kind"":""regression"",""target_transform"":""identity""}"	0	1	identity	1	1
mlv1.vd.regression.compartment_volume.f70b35330afeb196	Vd	compartment_volume	L	false	1	1	1	10.3	10.3	10.3	10.3	10.3	10.3	10.3	10.3	10.3	10.3	0	0	0	1	0	0	1	0	population_pk	0	0	1	absolute	false	"{""assay_family"":""population_pk"",""binary_evidence_lane"":""not_binary"",""condition"":{""analyte"":""parent_or_named_active_moiety"",""dose"":""0_2_0_8_1_6_and_3_2_mg_kg"",""formulation"":""unspecified"",""matrix"":""plasma"",""method"":""population_pk"",""route"":""intravenous"",""species"":""human"",""timepoint"":""all_visits_pooled"",""volume_subtype"":""vp""},""endpoint_family"":""Vd"",""normalized_unit"":""L"",""parameter_basis"":""absolute"",""parameter_semantics"":""compartment_volume"",""target_kind"":""regression"",""target_transform"":""identity""}"	0	1	identity	1	1
mlv1.vd.regression.volume_of_distribution.04059fb2a8dd2f96	Vd	volume_of_distribution	L/kg	false	1	1	1	3	3	3	3	3	3	3	3	3	3	0	0	0	1	0	0	1	0	source_reported_pk	0	0	1	absolute	false	"{""assay_family"":""source_reported_pk"",""binary_evidence_lane"":""not_binary"",""condition"":{""analyte"":""parent_or_named_active_moiety"",""dose"":""not_reported"",""formulation"":""unspecified"",""matrix"":""plasma"",""method"":""source_reported_pk"",""route"":""intravenous"",""species"":""rat"",""timepoint"":""not_reported"",""volume_subtype"":""vd_unspecified""},""endpoint_family"":""Vd"",""normalized_unit"":""L/kg"",""parameter_basis"":""absolute"",""parameter_semantics"":""volume_of_distribution"",""target_kind"":""regression"",""target_transform"":""identity""}"	0	1	identity	1	1
mlv1.vd.regression.volume_of_distribution.0839a1eab73944b8	Vd	volume_of_distribution	L/kg	false	1	1	1	0.23	0.23	0.23	0.23	0.23	0.23	0.23	0.23	0.23	0.23	0	0	0	1	0	0	1	0	noncompartmental_analysis	0	1	1	absolute	false	"{""assay_family"":""noncompartmental_analysis"",""binary_evidence_lane"":""not_binary"",""condition"":{""analyte"":""parent_or_named_active_moiety"",""dose"":""5_mg_kg"",""formulation"":""unspecified"",""matrix"":""plasma"",""method"":""noncompartmental_analysis"",""route"":""intravenous"",""species"":""dog"",""timepoint"":""single_dose"",""volume_subtype"":""vd_unspecified""},""endpoint_family"":""Vd"",""normalized_unit"":""L/kg"",""parameter_basis"":""absolute"",""parameter_semantics"":""volume_of_distribution"",""target_kind"":""regression"",""target_transform"":""identity""}"	0	0	identity	1	1
mlv1.vd.regression.volume_of_distribution.12934b3a4a194229	Vd	volume_of_distribution	L	false	1	1	1	437.6	437.6	437.6	437.6	437.6	437.6	437.6	437.6	437.6	437.6	0	0	0	1	0	0	1	0	noncompartmental_analysis	0	1	1	absolute	false	"{""assay_family"":""noncompartmental_analysis"",""binary_evidence_lane"":""not_binary"",""condition"":{""analyte"":""parent_or_named_active_moiety"",""dose"":""10_mg_kg"",""formulation"":""unspecified"",""matrix"":""plasma"",""method"":""noncompartmental_analysis"",""route"":""intravenous"",""species"":""human"",""timepoint"":""multiple_dose_study"",""volume_subtype"":""vz""},""endpoint_family"":""Vd"",""normalized_unit"":""L"",""parameter_basis"":""absolute"",""parameter_semantics"":""volume_of_distribution"",""target_kind"":""regression"",""target_transform"":""identity""}"	0	0	identity	1	1
mlv1.vd.regression.volume_of_distribution.22de727143618a31	Vd	volume_of_distribution	L/kg	false	1	1	1	0.2692	0.2692	0.2692	0.2692	0.2692	0.2692	0.2692	0.2692	0.2692	0.2692	0	0	0	1	0	0	1	0	noncompartmental_analysis	0	0	1	absolute	false	"{""assay_family"":""noncompartmental_analysis"",""binary_evidence_lane"":""not_binary"",""condition"":{""analyte"":""parent_or_named_active_moiety"",""dose"":""3_2_mg_kg"",""formulation"":""unspecified"",""matrix"":""plasma"",""method"":""noncompartmental_analysis"",""route"":""intravenous"",""species"":""human"",""timepoint"":""run_in"",""volume_subtype"":""vz""},""endpoint_family"":""Vd"",""normalized_unit"":""L/kg"",""parameter_basis"":""absolute"",""parameter_semantics"":""volume_of_distribution"",""target_kind"":""regression"",""target_transform"":""identity""}"	0	1	identity	1	1
mlv1.vd.regression.volume_of_distribution.25d381259f09a8a6	Vd	volume_of_distribution	L/kg	false	1	1	1	4.884	4.884	4.884	4.884	4.884	4.884	4.884	4.884	4.884	4.884	0	0	0	1	0	0	1	0	noncompartmental_analysis	0	0	1	absolute	false	"{""assay_family"":""noncompartmental_analysis"",""binary_evidence_lane"":""not_binary"",""condition"":{""analyte"":""parent_or_named_active_moiety"",""dose"":""4_70_mg_kg"",""formulation"":""unspecified"",""matrix"":""plasma"",""method"":""noncompartmental_analysis"",""route"":""intravenous"",""species"":""rat"",""timepoint"":""not_reported"",""volume_subtype"":""vz""},""endpoint_family"":""Vd"",""normalized_unit"":""L/kg"",""parameter_basis"":""absolute"",""parameter_semantics"":""volume_of_distribution"",""target_kind"":""regression"",""target_transform"":""identity""}"	1	0	identity	1	1
mlv1.vd.regression.volume_of_distribution.4c3997ef2922c3a2	Vd	volume_of_distribution	L/kg	false	1	1	1	1.1	1.1	1.1	1.1	1.1	1.1	1.1	1.1	1.1	1.1	0	0	0	1	0	0	1	0	source_reported_pk	0	0	1	absolute	false	"{""assay_family"":""source_reported_pk"",""binary_evidence_lane"":""not_binary"",""condition"":{""analyte"":""parent_or_named_active_moiety"",""dose"":""not_reported"",""formulation"":""unspecified"",""matrix"":""plasma"",""method"":""source_reported_pk"",""route"":""intravenous"",""species"":""mouse"",""timepoint"":""not_reported"",""volume_subtype"":""vd_unspecified""},""endpoint_family"":""Vd"",""normalized_unit"":""L/kg"",""parameter_basis"":""absolute"",""parameter_semantics"":""volume_of_distribution"",""target_kind"":""regression"",""target_transform"":""identity""}"	0	1	identity	1	1
mlv1.vd.regression.volume_of_distribution.53d759cd4d94fdb9	Vd	volume_of_distribution	L/kg	false	1	1	1	0.204	0.204	0.204	0.204	0.204	0.204	0.204	0.204	0.204	0.204	0	0	0	1	0	0	1	0	noncompartmental_analysis	0	1	1	absolute	false	"{""assay_family"":""noncompartmental_analysis"",""binary_evidence_lane"":""not_binary"",""condition"":{""analyte"":""parent_or_named_active_moiety"",""dose"":""5_mg_kg"",""formulation"":""unspecified"",""matrix"":""plasma"",""method"":""noncompartmental_analysis"",""route"":""intravenous"",""species"":""nonhuman_primate"",""timepoint"":""single_dose"",""volume_subtype"":""vd_unspecified""},""endpoint_family"":""Vd"",""normalized_unit"":""L/kg"",""parameter_basis"":""absolute"",""parameter_semantics"":""volume_of_distribution"",""target_kind"":""regression"",""target_transform"":""identity""}"	0	0	identity	1	1
mlv1.vd.regression.volume_of_distribution.5afbaacc189f1a80	Vd	volume_of_distribution	L/kg	false	1	1	1	1.007	1.007	1.007	1.007	1.007	1.007	1.007	1.007	1.007	1.007	0	0	0	1	0	0	1	0	noncompartmental_analysis	0	1	1	absolute	false	"{""assay_family"":""noncompartmental_analysis"",""binary_evidence_lane"":""not_binary"",""condition"":{""analyte"":""parent_or_named_active_moiety"",""dose"":""13_5_mg_kg"",""formulation"":""unspecified"",""matrix"":""plasma"",""method"":""noncompartmental_analysis"",""route"":""intravenous"",""species"":""mouse"",""timepoint"":""single_dose"",""volume_subtype"":""vd_unspecified""},""endpoint_family"":""Vd"",""normalized_unit"":""L/kg"",""parameter_basis"":""absolute"",""parameter_semantics"":""volume_of_distribution"",""target_kind"":""regression"",""target_transform"":""identity""}"	0	0	identity	1	1
mlv1.vd.regression.volume_of_distribution.701c015e6ee56654	Vd	volume_of_distribution	L/kg	false	1	1	1	6.9	6.9	6.9	6.9	6.9	6.9	6.9	6.9	6.9	6.9	0	0	0	1	0	0	1	0	source_reported_pk	0	0	1	absolute	false	"{""assay_family"":""source_reported_pk"",""binary_evidence_lane"":""not_binary"",""condition"":{""analyte"":""parent_or_named_active_moiety"",""dose"":""1_mg_kg"",""formulation"":""unspecified"",""matrix"":""plasma"",""method"":""source_reported_pk"",""route"":""intravenous"",""species"":""mouse"",""timepoint"":""not_reported"",""volume_subtype"":""vss""},""endpoint_family"":""Vd"",""normalized_unit"":""L/kg"",""parameter_basis"":""absolute"",""parameter_semantics"":""volume_of_distribution"",""target_kind"":""regression"",""target_transform"":""identity""}"	0	1	identity	1	1
mlv1.vd.regression.volume_of_distribution.81a212bfd8cd3afa	Vd	volume_of_distribution	L/kg	false	1	1	1	0.599	0.599	0.599	0.599	0.599	0.599	0.599	0.599	0.599	0.599	0	0	0	1	0	0	1	0	noncompartmental_analysis	0	1	1	absolute	false	"{""assay_family"":""noncompartmental_analysis"",""binary_evidence_lane"":""not_binary"",""condition"":{""analyte"":""parent_or_named_active_moiety"",""dose"":""4_5_mg_kg"",""formulation"":""unspecified"",""matrix"":""plasma"",""method"":""noncompartmental_analysis"",""route"":""intravenous"",""species"":""mouse"",""timepoint"":""single_dose"",""volume_subtype"":""vd_unspecified""},""endpoint_family"":""Vd"",""normalized_unit"":""L/kg"",""parameter_basis"":""absolute"",""parameter_semantics"":""volume_of_distribution"",""target_kind"":""regression"",""target_transform"":""identity""}"	0	0	identity	1	1
mlv1.vd.regression.volume_of_distribution.92ea1e37bd07123c	Vd	volume_of_distribution	L/kg	false	1	1	1	0.2626	0.2626	0.2626	0.2626	0.2626	0.2626	0.2626	0.2626	0.2626	0.2626	0	0	0	1	0	0	1	0	noncompartmental_analysis	0	0	1	absolute	false	"{""assay_family"":""noncompartmental_analysis"",""binary_evidence_lane"":""not_binary"",""condition"":{""analyte"":""parent_or_named_active_moiety"",""dose"":""3_2_mg_kg"",""formulation"":""unspecified"",""matrix"":""plasma"",""method"":""noncompartmental_analysis"",""route"":""intravenous"",""species"":""human"",""timepoint"":""cycle_1_day_1"",""volume_subtype"":""vz""},""endpoint_family"":""Vd"",""normalized_unit"":""L/kg"",""parameter_basis"":""absolute"",""parameter_semantics"":""volume_of_distribution"",""target_kind"":""regression"",""target_transform"":""identity""}"	0	1	identity	1	1
mlv1.vd.regression.volume_of_distribution.9a6f3977b88b8e56	Vd	volume_of_distribution	L/kg	false	1	1	1	0.162	0.162	0.162	0.162	0.162	0.162	0.162	0.162	0.162	0.162	0	0	0	1	0	0	1	0	noncompartmental_analysis	0	1	1	absolute	false	"{""assay_family"":""noncompartmental_analysis"",""binary_evidence_lane"":""not_binary"",""condition"":{""analyte"":""parent_or_named_active_moiety"",""dose"":""50_mg_kg"",""formulation"":""unspecified"",""matrix"":""plasma"",""method"":""noncompartmental_analysis"",""route"":""intravenous"",""species"":""nonhuman_primate"",""timepoint"":""single_dose"",""volume_subtype"":""vd_unspecified""},""endpoint_family"":""Vd"",""normalized_unit"":""L/kg"",""parameter_basis"":""absolute"",""parameter_semantics"":""volume_of_distribution"",""target_kind"":""regression"",""target_transform"":""identity""}"	0	0	identity	1	1
mlv1.vd.regression.volume_of_distribution.a3412a78dd884ade	Vd	volume_of_distribution	L	false	1	1	1	595.5	595.5	595.5	595.5	595.5	595.5	595.5	595.5	595.5	595.5	0	0	0	1	0	0	1	0	noncompartmental_analysis	0	1	1	absolute	false	"{""assay_family"":""noncompartmental_analysis"",""binary_evidence_lane"":""not_binary"",""condition"":{""analyte"":""parent_or_named_active_moiety"",""dose"":""5_mg_kg"",""formulation"":""unspecified"",""matrix"":""plasma"",""method"":""noncompartmental_analysis"",""route"":""intravenous"",""species"":""human"",""timepoint"":""multiple_dose_study"",""volume_subtype"":""vz""},""endpoint_family"":""Vd"",""normalized_unit"":""L"",""parameter_basis"":""absolute"",""parameter_semantics"":""volume_of_distribution"",""target_kind"":""regression"",""target_transform"":""identity""}"	0	0	identity	1	1
mlv1.vd.regression.volume_of_distribution.ac04ee8833a1281e	Vd	volume_of_distribution	L/kg	false	1	1	1	0.2209	0.2209	0.2209	0.2209	0.2209	0.2209	0.2209	0.2209	0.2209	0.2209	0	0	0	1	0	0	1	0	noncompartmental_analysis	0	0	1	absolute	false	"{""assay_family"":""noncompartmental_analysis"",""binary_evidence_lane"":""not_binary"",""condition"":{""analyte"":""parent_or_named_active_moiety"",""dose"":""3_2_mg_kg"",""formulation"":""unspecified"",""matrix"":""plasma"",""method"":""noncompartmental_analysis"",""route"":""intravenous"",""species"":""human"",""timepoint"":""cycle_6_day_1"",""volume_subtype"":""vz""},""endpoint_family"":""Vd"",""normalized_unit"":""L/kg"",""parameter_basis"":""absolute"",""parameter_semantics"":""volume_of_distribution"",""target_kind"":""regression"",""target_transform"":""identity""}"	0	1	identity	1	1
mlv1.vd.regression.volume_of_distribution.e942ce3e777cb996	Vd	volume_of_distribution	L/kg	false	1	1	1	2.6	2.6	2.6	2.6	2.6	2.6	2.6	2.6	2.6	2.6	0	0	0	1	0	0	1	0	source_reported_pk	0	0	1	absolute	false	"{""assay_family"":""source_reported_pk"",""binary_evidence_lane"":""not_binary"",""condition"":{""analyte"":""parent_or_named_active_moiety"",""dose"":""not_reported"",""formulation"":""unspecified"",""matrix"":""plasma"",""method"":""source_reported_pk"",""route"":""intravenous"",""species"":""dog"",""timepoint"":""not_reported"",""volume_subtype"":""vd_unspecified""},""endpoint_family"":""Vd"",""normalized_unit"":""L/kg"",""parameter_basis"":""absolute"",""parameter_semantics"":""volume_of_distribution"",""target_kind"":""regression"",""target_transform"":""identity""}"	0	1	identity	1	1
mlv1.vd.regression.volume_of_distribution.f253ccbefb02be83	Vd	volume_of_distribution	L/kg	false	1	1	1	1.8	1.8	1.8	1.8	1.8	1.8	1.8	1.8	1.8	1.8	0	0	0	1	0	0	1	0	source_reported_pk	0	0	1	absolute	false	"{""assay_family"":""source_reported_pk"",""binary_evidence_lane"":""not_binary"",""condition"":{""analyte"":""parent_or_named_active_moiety"",""dose"":""not_reported"",""formulation"":""unspecified"",""matrix"":""plasma"",""method"":""source_reported_pk"",""route"":""intravenous"",""species"":""pig"",""timepoint"":""not_reported"",""volume_subtype"":""vd_unspecified""},""endpoint_family"":""Vd"",""normalized_unit"":""L/kg"",""parameter_basis"":""absolute"",""parameter_semantics"":""volume_of_distribution"",""target_kind"":""regression"",""target_transform"":""identity""}"	0	1	identity	1	1
mlv1.vd.regression.volume_of_distribution.f4d3297d2e9433a1	Vd	volume_of_distribution	L/kg	false	1	1	1	0.449	0.449	0.449	0.449	0.449	0.449	0.449	0.449	0.449	0.449	0	0	0	1	0	0	1	0	noncompartmental_analysis	0	1	1	absolute	false	"{""assay_family"":""noncompartmental_analysis"",""binary_evidence_lane"":""not_binary"",""condition"":{""analyte"":""parent_or_named_active_moiety"",""dose"":""1_5_mg_kg"",""formulation"":""unspecified"",""matrix"":""plasma"",""method"":""noncompartmental_analysis"",""route"":""intravenous"",""species"":""mouse"",""timepoint"":""single_dose"",""volume_subtype"":""vd_unspecified""},""endpoint_family"":""Vd"",""normalized_unit"":""L/kg"",""parameter_basis"":""absolute"",""parameter_semantics"":""volume_of_distribution"",""target_kind"":""regression"",""target_transform"":""identity""}"	0	0	identity	1	1
